cell,n_acc,n_recent,mean_sev,share_night,share_rain,mean_vis,Junction,Crossing,Traffic_Signal,Stop,Give_Way,Railway,Roundabout,Bump,Traffic_Calming,Station,Amenity,nb_acc
89446c0200bffff,1,0.0,2.0,0.0,0.0,10.0,0.0,0.0,0.0,0.0,0.0,0.0,0.0,0.0,0.0,0.0,0.0,17
89446c0200fffff,1,1.0,2.0,0.0,0.0,10.0,0.0,0.0,0.0,0.0,0.0,0.0,0.0,0.0,0.0,0.0,0.0,8
89446c02017ffff,2,1.0,2.0,0.5,0.0,10.0,0.0,0.0,0.0,0.0,0.0,0.0,0.0,0.0,0.0,0.0,0.0,1
89446c0201bffff,1,1.0,2.0,1.0,0.0,10.0,0.0,0.0,0.0,0.0,0.0,0.0,0.0,0.0,0.0,0.0,0.0,14
89446c02023ffff,3,2.0,2.0,0.0,0.0,10.0,0.0,0.0,0.0,0.0,0.0,0.0,0.0,0.0,0.0,0.0,0.3333333333333333,7
89446c0202bffff,2,1.0,2.0,0.0,0.0,10.0,0.0,0.0,0.0,0.0,0.0,0.0,0.0,0.0,0.0,0.0,0.0,10
89446c02033ffff,4,3.0,2.0,0.5,0.25,7.75,0.0,0.0,0.0,0.0,0.0,0.0,0.0,0.0,0.0,0.0,0.0,6
89446c0203bffff,1,1.0,2.0,0.0,0.0,10.0,0.0,0.0,0.0,0.0,0.0,0.0,0.0,0.0,0.0,0.0,0.0,14
89446c02047ffff,2,2.0,2.0,0.0,0.0,6.0,0.0,0.0,0.0,0.0,0.0,0.0,0.0,0.0,0.0,0.0,0.0,14
89446c02057ffff,11,5.0,2.0,0.2727272727272727,0.0,9.454545454545455,0.0,0.0,0.0,0.0,0.0,0.0,0.0,0.0,0.0,0.0,0.0,5
89446c02073ffff,2,1.0,2.0,0.0,0.0,10.0,0.0,0.0,0.0,0.0,0.0,0.0,0.0,0.0,0.0,0.0,0.0,8
89446c02077ffff,4,3.0,2.0,0.0,0.0,10.0,0.0,0.0,0.0,0.0,0.0,0.0,0.0,0.0,0.0,0.0,0.0,6
89446c02087ffff,4,2.0,2.0,0.25,0.0,8.75,0.0,0.0,1.0,0.0,0.0,0.0,0.0,0.0,0.0,0.0,0.0,2
89446c02097ffff,1,0.0,2.0,0.0,0.0,10.0,0.0,0.0,0.0,0.0,0.0,0.0,0.0,0.0,0.0,0.0,0.0,9
89446c020a3ffff,1,0.0,2.0,1.0,0.0,10.0,0.0,0.0,0.0,0.0,0.0,0.0,0.0,0.0,0.0,0.0,0.0,3
89446c020afffff,2,1.0,2.0,0.0,0.5,2.25,0.0,0.0,0.0,0.0,0.0,0.0,0.0,0.0,0.0,0.0,0.0,5
89446c020bbffff,1,0.0,2.0,0.0,0.0,10.0,0.0,0.0,0.0,0.0,0.0,0.0,0.0,0.0,0.0,0.0,0.0,7
89446c020c7ffff,1,1.0,2.0,1.0,0.0,10.0,0.0,0.0,0.0,0.0,0.0,0.0,0.0,0.0,0.0,0.0,0.0,2
89446c020cbffff,3,2.0,2.0,0.3333333333333333,0.0,10.0,0.0,0.0,0.0,0.0,0.0,0.0,0.0,0.0,0.0,0.0,0.0,1
89446c020cfffff,1,0.0,2.0,0.0,0.0,7.0,0.0,0.0,0.0,0.0,0.0,0.0,0.0,0.0,0.0,0.0,0.0,16
89446c020d3ffff,12,5.0,2.0,0.08333333333333333,0.0,9.25,0.0,0.0,0.0,0.0,0.0,0.0,0.0,0.0,0.0,0.0,0.0,0
89446c02113ffff,2,2.0,2.0,0.5,0.0,10.0,0.0,0.0,0.0,0.0,0.0,0.0,0.0,0.0,0.0,0.0,0.0,4
89446c0211bffff,4,1.0,2.0,0.0,0.0,10.0,0.0,0.0,0.0,0.0,0.0,0.0,0.0,0.0,0.0,0.0,0.0,8
89446c02123ffff,7,5.0,2.0,0.2857142857142857,0.0,7.857142857142857,0.0,0.0,0.0,0.0,0.0,0.0,0.0,0.0,0.0,0.0,0.0,0
89446c02143ffff,1,0.0,2.0,0.0,0.0,10.0,0.0,0.0,0.0,0.0,0.0,0.0,0.0,0.0,0.0,0.0,0.0,9
89446c0214bffff,1,0.0,2.0,0.0,0.0,10.0,0.0,0.0,0.0,1.0,0.0,0.0,0.0,0.0,0.0,0.0,0.0,6
89446c0214fffff,2,1.0,2.0,0.0,0.0,10.0,0.0,0.0,0.0,0.0,0.0,0.0,0.0,0.0,0.0,0.0,0.0,2
89446c02157ffff,6,3.0,2.0,0.16666666666666666,0.0,10.0,0.0,0.0,0.6666666666666666,0.0,0.0,0.0,0.0,0.0,0.0,0.0,0.0,5
89446c02173ffff,1,1.0,2.0,0.0,0.0,10.0,0.0,0.0,0.0,0.0,0.0,0.0,0.0,0.0,0.0,0.0,0.0,0
89446c02183ffff,2,0.0,2.0,0.0,0.0,10.0,0.0,0.0,0.0,0.0,0.0,0.0,0.0,0.0,0.0,0.0,0.0,5
89446c02193ffff,4,3.0,2.0,0.0,0.0,10.0,0.0,0.0,0.0,0.0,0.0,0.0,0.0,0.0,0.0,0.0,0.0,28
89446c02197ffff,1,1.0,2.0,1.0,0.0,10.0,0.0,0.0,0.0,0.0,0.0,0.0,0.0,0.0,0.0,0.0,0.0,12
89446c021bbffff,1,1.0,2.0,0.0,1.0,2.0,0.0,0.0,0.0,0.0,0.0,0.0,0.0,0.0,0.0,0.0,0.0,0
89446c021cbffff,2,1.0,2.0,0.5,0.0,9.0,0.0,0.0,0.0,0.0,0.0,0.0,0.0,0.0,0.0,0.0,0.0,0
89446c02383ffff,1,1.0,2.0,0.0,0.0,10.0,0.0,0.0,0.0,0.0,0.0,0.0,0.0,0.0,0.0,0.0,0.0,7
89446c02387ffff,1,1.0,2.0,0.0,0.0,10.0,0.0,0.0,0.0,0.0,0.0,0.0,0.0,0.0,0.0,0.0,0.0,4
89446c02393ffff,2,2.0,2.0,0.0,0.0,6.0,0.0,0.0,0.0,0.0,0.0,0.0,0.0,0.0,0.0,0.0,0.0,7
89446c02397ffff,2,1.0,2.0,0.0,0.0,10.0,0.0,0.0,0.0,0.0,0.0,0.0,0.0,0.0,0.0,0.0,0.0,5
89446c0239bffff,2,0.0,2.0,0.5,0.0,10.0,0.0,0.0,0.0,0.0,0.0,0.0,0.0,0.0,0.0,0.0,0.5,3
89446c02407ffff,1,0.0,2.0,1.0,0.0,10.0,0.0,0.0,0.0,0.0,0.0,0.0,0.0,0.0,0.0,0.0,0.0,0
89446c0240bffff,4,1.0,2.0,0.25,0.0,9.5,0.0,0.0,0.0,0.0,0.0,0.0,0.0,0.0,0.0,0.0,0.0,59
89446c02413ffff,13,5.0,2.0,0.07692307692307693,0.07692307692307693,7.188461538461539,0.0,0.0,1.0,0.0,0.0,0.0,0.0,0.0,0.0,0.0,0.0,23
89446c0241bffff,3,0.0,2.0,0.3333333333333333,0.0,10.0,0.0,0.0,0.0,0.0,0.0,0.0,0.0,0.0,0.0,0.0,0.0,18
89446c02423ffff,3,2.0,2.0,0.0,0.0,10.0,0.0,0.0,0.0,0.0,0.0,0.0,0.0,0.0,0.0,0.0,0.0,28
89446c02427ffff,20,12.0,2.0,0.35,0.0,9.0,0.0,0.0,0.7,0.0,0.0,0.0,0.0,0.0,0.0,0.0,0.0,11
89446c0242bffff,4,2.0,2.0,0.0,0.25,8.0,0.0,0.0,0.0,0.0,0.0,0.0,0.0,0.0,0.0,0.0,0.0,16
89446c0242fffff,4,2.0,2.0,0.25,0.0,8.25,0.0,0.0,1.0,0.0,0.0,0.0,0.0,0.0,0.0,0.0,0.0,29
89446c02447ffff,1,0.0,2.0,0.0,0.0,10.0,0.0,0.0,0.0,0.0,0.0,0.0,0.0,0.0,0.0,0.0,0.0,67
89446c0244fffff,2,0.0,2.0,0.0,0.0,10.0,0.0,0.0,0.0,0.0,0.0,0.0,0.0,0.0,0.0,0.0,0.0,7
89446c02463ffff,12,6.0,2.0,0.0,0.0,7.416666666666667,0.0,0.0,0.0,0.0,0.0,0.0,0.0,0.0,0.0,0.0,0.0,70
89446c02473ffff,55,12.0,2.018181818181818,0.12727272727272726,0.01818181818181818,8.85909090909091,0.0,0.0,0.9090909090909091,0.0,0.0,0.0,0.0,0.0,0.0,0.0,0.01818181818181818,32
89446c02477ffff,9,5.0,2.0,0.1111111111111111,0.1111111111111111,9.11111111111111,0.0,0.0,0.0,0.0,0.0,0.0,0.0,0.0,0.0,0.0,0.0,71
89446c0247bffff,6,3.0,2.0,0.16666666666666666,0.0,7.041666666666667,0.0,0.0,0.0,0.0,0.0,0.0,0.0,0.0,0.0,0.0,0.0,70
89446c02483ffff,2,2.0,2.0,0.5,0.0,10.0,0.0,0.0,0.0,0.0,0.0,0.0,0.0,0.0,0.0,0.0,0.0,63
89446c0248bffff,19,8.0,2.0,0.2631578947368421,0.0,8.513157894736842,0.0,0.0,1.0,0.0,0.0,0.0,0.0,0.0,0.0,0.0,0.0,41
89446c0248fffff,1,0.0,2.0,0.0,0.0,10.0,0.0,0.0,0.0,0.0,0.0,0.0,0.0,0.0,0.0,0.0,0.0,35
89446c02493ffff,17,5.0,2.0,0.11764705882352941,0.058823529411764705,8.705882352941176,0.0,0.0,0.0,0.0,0.0,0.0,0.0,0.0,0.0,0.0,0.0,87
89446c02497ffff,10,3.0,2.0,0.2,0.0,7.76,0.0,0.0,0.0,0.0,0.0,0.0,0.0,0.0,0.0,0.0,0.0,35
89446c0249bffff,16,6.0,2.0,0.0,0.0625,8.6875,0.0,0.0,0.75,0.0,0.0,0.0,0.0,0.0,0.0,0.0,0.0,54
89446c024a7ffff,4,2.0,2.0,0.25,0.0,8.75,0.0,0.0,0.75,0.0,0.0,0.0,0.0,0.0,0.0,0.0,0.0,15
89446c024afffff,1,0.0,2.0,0.0,0.0,10.0,0.0,0.0,0.0,0.0,0.0,0.0,0.0,0.0,0.0,0.0,0.0,5
89446c024b7ffff,1,1.0,2.0,1.0,0.0,10.0,0.0,0.0,0.0,0.0,0.0,0.0,0.0,0.0,0.0,0.0,0.0,22
89446c024bbffff,1,0.0,2.0,0.0,0.0,10.0,0.0,0.0,0.0,0.0,0.0,0.0,0.0,0.0,0.0,0.0,0.0,1
89446c024cfffff,1,1.0,2.0,1.0,0.0,10.0,0.0,0.0,0.0,0.0,0.0,0.0,0.0,0.0,0.0,0.0,0.0,3
89446c024d3ffff,5,2.0,2.0,0.4,0.4,7.2,0.0,0.0,1.0,0.0,0.0,0.0,0.0,0.0,0.0,0.0,0.0,16
89446c024d7ffff,9,1.0,2.0,0.0,0.0,9.222222222222221,0.0,0.0,0.5555555555555556,0.0,0.0,0.0,0.0,0.0,0.0,0.0,0.0,47
89446c0250bffff,8,5.0,2.0,0.0,0.0,9.0,0.0,0.0,0.875,0.0,0.0,0.0,0.0,0.0,0.0,0.0,0.0,7
89446c0250fffff,1,1.0,2.0,0.0,0.0,10.0,0.0,0.0,0.0,0.0,0.0,0.0,0.0,0.0,0.0,0.0,0.0,10
89446c0251bffff,4,1.0,2.0,0.0,0.0,10.0,0.0,0.0,0.0,0.0,0.0,0.0,0.0,0.0,0.0,0.0,0.0,11
89446c02523ffff,4,1.0,2.0,0.0,0.25,9.25,0.0,0.0,0.0,0.0,0.0,0.0,0.0,0.0,0.0,0.0,0.0,27
89446c0252bffff,25,13.0,2.0,0.28,0.12,9.24,0.0,0.0,0.96,0.0,0.0,0.0,0.0,0.0,0.0,0.0,0.0,10
89446c02537ffff,2,1.0,2.0,0.5,0.0,10.0,0.0,0.0,0.0,0.0,0.0,0.0,0.0,0.0,0.0,0.0,0.0,4
89446c02553ffff,3,1.0,2.0,0.3333333333333333,0.0,10.0,0.0,0.0,0.0,0.0,0.0,0.0,0.0,0.0,0.0,0.0,0.0,23
89446c02557ffff,2,1.0,2.5,0.0,0.0,10.0,0.0,0.0,1.0,0.0,0.0,0.0,0.0,0.0,0.0,0.0,0.0,15
89446c0255bffff,1,0.0,2.0,0.0,0.0,10.0,0.0,0.0,1.0,0.0,0.0,0.0,0.0,0.0,0.0,0.0,0.0,28
89446c02577ffff,2,1.0,2.0,0.0,0.0,9.0,0.0,0.0,0.0,0.0,0.0,0.0,0.0,0.0,0.0,0.0,0.0,26
89446c02583ffff,4,1.0,2.0,0.0,0.0,8.25,0.0,0.0,0.75,0.0,0.0,0.0,0.0,0.0,0.0,0.0,0.0,7
89446c02587ffff,1,1.0,2.0,0.0,0.0,2.0,0.0,0.0,0.0,0.0,0.0,0.0,0.0,0.0,0.0,0.0,0.0,8
89446c0258fffff,2,2.0,2.0,0.0,0.0,8.5,0.0,0.0,0.0,0.0,0.0,0.0,0.0,0.0,0.0,0.0,0.0,6
89446c02593ffff,2,1.0,2.0,0.0,0.0,8.5,0.0,0.0,0.0,0.0,0.0,0.0,0.0,0.0,0.0,0.0,0.0,8
89446c02597ffff,1,0.0,2.0,0.0,0.0,10.0,0.0,0.0,0.0,0.0,0.0,0.0,0.0,0.0,0.0,0.0,0.0,9
89446c0259bffff,1,1.0,2.0,0.0,0.0,10.0,0.0,0.0,0.0,0.0,0.0,0.0,0.0,0.0,0.0,0.0,0.0,8
89446c025a7ffff,8,4.0,2.0,0.125,0.0,8.75,0.0,0.0,0.75,0.0,0.0,0.0,0.0,0.0,0.0,0.0,0.0,6
89446c025b7ffff,2,2.0,2.0,0.0,0.0,10.0,0.0,0.0,0.0,0.0,0.0,0.0,0.0,0.0,0.0,0.0,0.0,11
89446c025bbffff,1,0.0,2.0,0.0,0.0,10.0,0.0,0.0,0.0,0.0,0.0,0.0,0.0,0.0,0.0,0.0,0.0,3
89446c025c3ffff,1,0.0,2.0,1.0,0.0,10.0,0.0,0.0,0.0,0.0,0.0,0.0,0.0,0.0,0.0,0.0,0.0,2
89446c025c7ffff,1,1.0,2.0,0.0,0.0,3.0,0.0,0.0,0.0,0.0,0.0,0.0,0.0,0.0,0.0,0.0,0.0,5
89446c025dbffff,1,1.0,2.0,1.0,0.0,10.0,0.0,0.0,0.0,0.0,0.0,0.0,0.0,0.0,0.0,0.0,0.0,6
89446c02617ffff,6,2.0,2.0,0.3333333333333333,0.16666666666666666,8.166666666666666,0.0,0.0,1.0,0.0,0.0,0.0,0.0,0.0,0.0,0.0,0.0,0
89446c02c27ffff,1,1.0,2.0,0.0,0.0,10.0,0.0,0.0,0.0,0.0,0.0,0.0,0.0,0.0,0.0,0.0,0.0,1
89446c02c67ffff,4,0.0,2.0,0.25,0.0,8.25,0.0,0.0,0.0,0.0,0.0,0.0,0.0,0.0,0.0,0.0,0.0,1
89446c02c6fffff,1,0.0,2.0,0.0,0.0,10.0,0.0,0.0,0.0,0.0,0.0,0.0,0.0,0.0,0.0,0.0,0.0,4
89446c02d87ffff,1,0.0,2.0,0.0,0.0,10.0,0.0,0.0,0.0,0.0,0.0,0.0,0.0,0.0,0.0,0.0,0.0,0
89446c02d8bffff,27,6.0,3.5925925925925926,0.1111111111111111,0.07407407407407407,7.9111111111111105,0.0,0.0,0.0,0.0,0.0,0.0,0.0,0.0,0.0,0.0,0.0,181
89446c02d93ffff,15,1.0,2.1333333333333333,0.6666666666666666,0.06666666666666667,9.066666666666666,0.0,0.0,0.0,0.0,0.0,0.0,0.0,0.0,0.0,0.0,0.0,45
89446c02d9bffff,43,20.0,2.0697674418604652,0.3023255813953488,0.16279069767441862,8.901162790697674,0.0,0.0,0.0,0.0,0.0,0.0,0.0,0.0,0.0,0.0,0.0,43
89446c02dc7ffff,137,53.0,2.0291970802919708,0.23357664233576642,0.1386861313868613,9.198175182481753,0.043795620437956206,0.0,0.10218978102189781,0.0,0.0,0.0,0.0,0.0,0.0,0.0,0.0,31
89446c02dcbffff,1,1.0,2.0,1.0,0.0,9.0,0.0,0.0,0.0,0.0,0.0,0.0,0.0,0.0,0.0,0.0,0.0,4
89446c02dcfffff,3,2.0,2.0,0.0,0.6666666666666666,8.0,0.0,0.0,1.0,0.0,0.0,0.0,0.0,0.0,0.0,0.0,0.0,138
89446c02dd7ffff,1,0.0,2.0,0.0,1.0,6.0,0.0,0.0,0.0,0.0,0.0,0.0,0.0,0.0,0.0,0.0,0.0,207
89446c02eb7ffff,1,0.0,2.0,0.0,0.0,10.0,0.0,0.0,0.0,0.0,0.0,0.0,0.0,0.0,0.0,0.0,0.0,0
89446c04043ffff,1,1.0,2.0,0.0,0.0,10.0,0.0,1.0,0.0,0.0,0.0,1.0,0.0,0.0,0.0,0.0,0.0,0
89446c0406bffff,4,2.0,2.0,0.75,0.25,9.0,0.0,1.0,0.0,1.0,0.0,0.0,0.0,0.0,0.0,0.0,0.0,71
89446c0406fffff,5,3.0,2.0,0.6,0.4,6.4,0.0,0.0,0.0,0.0,0.0,0.0,0.0,0.0,0.0,0.0,0.0,71
89446c040dbffff,5,1.0,2.0,0.2,0.0,10.0,0.0,0.0,0.8,0.0,0.0,0.0,0.0,0.0,0.0,0.0,0.0,1
89446c04123ffff,130,53.0,2.8153846153846156,0.24615384615384617,0.16153846153846155,9.121153846153845,0.038461538461538464,0.0,0.6538461538461539,0.0,0.0,0.0,0.0,0.0,0.0,0.0,0.0,54
89446c04127ffff,35,13.0,2.657142857142857,0.2571428571428571,0.11428571428571428,9.1,0.0,0.0,0.0,0.0,0.0,0.0,0.0,0.0,0.0,0.0,0.0,154
89446c0412bffff,14,6.0,2.642857142857143,0.42857142857142855,0.07142857142857142,9.357142857142858,0.0,0.0,0.0,0.0,0.0,0.0,0.0,0.0,0.0,0.0,0.0,137
89446c0412fffff,4,1.0,2.0,0.5,0.0,10.0,0.0,0.0,0.0,0.0,0.0,0.0,0.0,0.0,0.0,0.0,0.0,187
89446c04137ffff,1,1.0,2.0,0.0,0.0,10.0,0.0,0.0,0.0,0.0,0.0,0.0,0.0,0.0,0.0,0.0,0.0,179
89446c04163ffff,15,3.0,2.6666666666666665,0.26666666666666666,0.3333333333333333,9.466666666666667,0.5333333333333333,0.0,0.0,0.0,0.0,0.0,0.0,0.0,0.0,0.0,0.0,25
89446c04167ffff,1,0.0,3.0,0.0,0.0,10.0,0.0,0.0,0.0,0.0,0.0,0.0,0.0,0.0,0.0,0.0,0.0,37
89446c0416bffff,19,9.0,2.789473684210526,0.2631578947368421,0.15789473684210525,9.947368421052632,0.0,0.0,0.0,0.0,0.05263157894736842,0.0,0.0,0.0,0.0,0.0,0.0,142
89446c0416fffff,4,1.0,2.0,0.25,0.0,10.0,0.0,0.0,0.0,0.0,0.0,0.0,0.0,0.0,0.0,0.0,0.0,40
89446c04177ffff,1,0.0,3.0,0.0,0.0,10.0,0.0,0.0,0.0,0.0,0.0,0.0,0.0,0.0,0.0,0.0,0.0,30
89446c041a7ffff,5,1.0,2.0,0.2,0.4,8.6,0.0,0.6,1.0,0.0,0.0,0.6,0.0,0.0,0.0,0.0,0.0,0
89446c041cfffff,1,1.0,2.0,1.0,0.0,10.0,0.0,0.0,0.0,0.0,0.0,0.0,0.0,0.0,0.0,0.0,0.0,0
89446c04203ffff,10,1.0,2.0,0.3,0.0,8.55,0.0,0.0,0.0,0.0,0.0,0.0,0.0,0.0,0.0,0.0,0.0,1
89446c0420fffff,1,0.0,2.0,0.0,0.0,10.0,0.0,0.0,0.0,0.0,0.0,0.0,0.0,0.0,0.0,0.0,0.0,12
89446c04227ffff,24,10.0,2.0,0.2916666666666667,0.08333333333333333,9.791666666666666,0.0,0.0,0.6666666666666666,0.0,0.0,0.0,0.0,0.0,0.0,0.0,0.0,131
89446c0422bffff,3,1.0,2.0,0.0,0.0,10.0,0.0,0.0,0.0,0.0,0.0,0.0,0.0,0.0,0.0,0.0,0.0,24
89446c0422fffff,6,6.0,2.0,0.3333333333333333,0.0,8.833333333333334,0.0,0.0,0.0,0.0,0.0,0.0,0.0,0.0,0.0,0.0,0.0,149
89446c04233ffff,2,0.0,2.0,0.0,0.0,9.0,0.0,0.0,0.0,0.0,0.0,0.0,0.0,0.0,0.0,0.0,0.0,4
89446c04237ffff,4,2.0,2.0,0.0,0.0,9.75,0.0,0.0,0.0,0.0,0.0,0.0,0.0,0.0,0.0,0.0,0.0,35
89446c04267ffff,10,3.0,2.0,0.2,0.1,9.3,0.0,0.0,1.0,0.0,0.0,0.0,0.0,0.0,0.0,0.0,0.0,55
89446c0426fffff,19,13.0,2.8421052631578947,0.2631578947368421,0.05263157894736842,9.68421052631579,0.0,0.0,0.0,0.0,0.0,0.0,0.0,0.0,0.0,0.0,0.0,89
89446c04277ffff,2,1.0,2.0,0.0,0.0,10.0,0.0,0.0,0.0,0.0,0.0,0.0,0.0,0.0,0.0,0.0,0.0,14
89446c042b7ffff,8,0.0,2.0,0.125,0.125,9.0,0.0,0.0,0.75,0.0,0.0,0.0,0.0,0.0,0.0,0.0,0.0,4
89446c04303ffff,16,7.0,2.0,0.1875,0.0,9.5625,0.0,0.5,0.0,0.125,0.0,0.0,0.0,0.0,0.0,0.0,0.0,195
89446c04307ffff,12,9.0,2.0,0.3333333333333333,0.0,9.916666666666666,0.0,0.0,0.0,0.0,0.0,0.0,0.0,0.0,0.0,0.0,0.0,74
89446c0430bffff,3,1.0,2.0,0.0,0.3333333333333333,10.0,0.0,0.0,0.0,0.0,0.0,0.0,0.0,0.0,0.0,0.0,0.0,198
89446c0430fffff,42,15.0,2.0,0.23809523809523808,0.11904761904761904,9.226190476190476,0.0,0.42857142857142855,0.7142857142857143,0.0,0.0,0.0,0.0,0.0,0.0,0.0,0.0,36
89446c04313ffff,32,25.0,2.09375,0.53125,0.34375,9.64516129032258,0.0,0.0,0.0,0.3125,0.0,0.0,0.0,0.0,0.0,0.0,0.0,126
89446c04317ffff,4,3.0,2.25,0.5,0.0,10.0,0.0,0.0,0.0,0.0,0.0,0.0,0.0,0.0,0.0,0.0,0.0,76
89446c0431bffff,102,37.0,2.6176470588235294,0.2549019607843137,0.18627450980392157,9.297029702970297,0.08823529411764706,0.17647058823529413,0.6568627450980392,0.0,0.058823529411764705,0.0,0.0,0.0,0.0,0.0,0.0,109
89446c04323ffff,2,1.0,2.0,0.0,0.0,10.0,0.0,0.0,0.0,0.0,0.0,0.0,0.0,0.0,0.0,0.0,0.0,5
89446c04327ffff,2,0.0,2.0,0.0,0.0,10.0,0.0,0.0,0.0,0.0,0.0,0.0,0.0,0.0,0.0,0.0,0.0,9
89446c0432fffff,2,1.0,2.0,0.5,0.0,10.0,0.0,0.0,0.0,0.0,0.0,0.0,0.0,0.0,0.0,0.0,0.0,46
89446c04333ffff,1,1.0,2.0,0.0,0.0,10.0,0.0,0.0,0.0,0.0,0.0,0.0,0.0,0.0,0.0,0.0,0.0,28
89446c04343ffff,8,3.0,2.0,0.125,0.0,9.625,0.0,0.0,0.0,0.0,0.0,0.0,0.0,0.0,0.0,0.0,0.0,152
89446c04347ffff,4,2.0,2.0,0.25,0.0,10.0,0.0,0.0,0.0,0.0,0.0,0.0,0.0,0.0,0.0,0.0,0.0,46
89446c0434bffff,1,0.0,2.0,0.0,0.0,10.0,0.0,0.0,0.0,0.0,0.0,0.0,0.0,0.0,0.0,0.0,0.0,125
89446c0434fffff,1,1.0,2.0,0.0,0.0,10.0,0.0,0.0,0.0,0.0,0.0,0.0,0.0,0.0,0.0,0.0,0.0,13
89446c04353ffff,22,16.0,2.772727272727273,0.18181818181818182,0.3181818181818182,8.227272727272727,0.0,0.0,0.0,0.0,0.0,0.0,0.0,0.0,0.0,0.0,0.0,188
89446c04357ffff,34,5.0,2.735294117647059,0.3235294117647059,0.29411764705882354,9.308823529411764,0.0,0.0,0.0,0.0,0.0,0.0,0.0,0.0,0.0,0.0,0.0,162
89446c0435bffff,90,33.0,2.6222222222222222,0.4111111111111111,0.18888888888888888,8.844318181818181,0.0,0.0,0.1111111111111111,0.0,0.0,0.0,0.0,0.0,0.0,0.0,0.0,87
89446c04377ffff,5,4.0,2.0,0.2,0.2,7.375,0.0,0.0,0.0,0.0,0.0,0.0,0.0,0.0,0.0,0.0,0.0,42
89446c04383ffff,2,1.0,2.0,0.0,0.0,10.0,0.0,0.0,0.0,0.0,0.0,0.0,0.0,0.0,0.0,0.0,0.0,10
89446c0438bffff,2,1.0,2.0,0.0,0.0,8.5,0.0,0.0,0.0,0.0,0.0,0.0,0.0,0.0,0.0,0.0,0.0,45
89446c0438fffff,1,1.0,2.0,1.0,0.0,10.0,0.0,0.0,0.0,0.0,0.0,0.0,0.0,0.0,0.0,0.0,0.0,44
89446c04393ffff,2,2.0,2.0,0.5,0.0,10.0,0.0,0.0,0.0,0.0,0.0,0.0,0.0,0.0,0.0,0.0,0.0,7
89446c0439bffff,5,2.0,2.0,0.4,0.0,9.4,0.0,0.0,0.0,0.0,0.0,0.0,0.0,0.0,0.0,0.0,0.0,15
89446c043a3ffff,7,4.0,2.2857142857142856,0.0,0.14285714285714285,10.0,0.0,0.0,0.0,0.0,0.0,0.0,0.0,0.0,0.0,0.0,0.0,140
89446c043a7ffff,3,0.0,2.0,0.6666666666666666,0.0,7.0,0.0,0.0,0.0,0.0,0.0,0.0,0.0,0.0,0.0,0.0,0.0,149
89446c043abffff,11,3.0,2.0,0.45454545454545453,0.0,9.636363636363637,0.0,0.0,0.0,0.0,0.0,0.0,0.0,0.0,0.0,0.0,0.0,31
89446c043afffff,3,2.0,2.0,1.0,0.0,9.333333333333334,0.0,0.0,0.0,0.0,0.0,0.0,0.0,0.0,0.0,0.0,0.0,22
89446c043b7ffff,119,44.0,2.899159663865546,0.31932773109243695,0.11764705882352941,9.403361344537815,0.4117647058823529,0.0,0.3949579831932773,0.0,0.18487394957983194,0.0,0.0,0.0,0.0,0.0,0.0,29
89446c043bbffff,4,4.0,2.0,0.75,0.25,7.75,0.0,0.0,0.0,0.0,0.0,0.0,0.0,0.0,0.0,0.0,0.0,23
89446c043c3ffff,61,28.0,2.0163934426229506,0.2459016393442623,0.04918032786885246,9.261666666666667,0.0,0.7377049180327869,0.4918032786885246,0.06557377049180328,0.0,0.03278688524590164,0.0,0.0,0.0,0.0,0.45901639344262296,95
89446c043c7ffff,1,1.0,2.0,0.0,0.0,10.0,0.0,0.0,0.0,0.0,0.0,0.0,0.0,0.0,0.0,0.0,0.0,224
89446c043cbffff,9,2.0,2.0,0.2222222222222222,0.0,10.0,0.0,0.0,0.8888888888888888,0.0,0.0,0.0,0.0,0.0,0.0,0.0,0.1111111111111111,134
89446c043cfffff,23,9.0,2.260869565217391,0.30434782608695654,0.08695652173913043,9.23913043478261,0.043478260869565216,0.5217391304347826,0.30434782608695654,0.21739130434782608,0.08695652173913043,0.0,0.0,0.0,0.0,0.0,0.0,229
89446c043d3ffff,58,16.0,2.0,0.3275862068965517,0.06896551724137931,9.137931034482758,0.0,0.8448275862068966,0.8103448275862069,0.0,0.0,0.0,0.0,0.0,0.0,0.0,0.0,74
89446c043d7ffff,4,3.0,2.0,0.25,0.0,9.5,0.0,0.0,0.0,0.0,0.0,0.0,0.0,0.0,0.0,0.0,0.0,132
89446c04527ffff,1,1.0,2.0,0.0,0.0,10.0,0.0,0.0,0.0,0.0,0.0,0.0,0.0,0.0,0.0,0.0,0.0,2
89446c04537ffff,1,1.0,2.0,1.0,0.0,10.0,0.0,0.0,0.0,0.0,0.0,0.0,0.0,0.0,0.0,0.0,1.0,3
89446c04587ffff,6,4.0,2.0,0.16666666666666666,0.16666666666666666,10.0,0.0,0.0,0.0,1.0,0.0,0.0,0.0,0.0,0.0,0.0,0.0,27
89446c04597ffff,16,2.0,2.0,0.3125,0.0,9.625,0.0,0.0,0.8125,0.1875,0.0,0.0,0.0,0.0,0.0,0.0,0.0625,19
89446c045a3ffff,2,2.0,2.0,0.0,0.0,10.0,0.0,0.0,0.0,0.0,0.0,0.0,0.0,0.0,0.0,0.0,0.0,15
89446c045afffff,2,1.0,2.0,1.0,0.0,9.0,0.0,0.5,0.0,0.5,0.0,0.5,0.0,0.0,0.0,0.0,0.0,3
89446c045b3ffff,5,2.0,2.0,0.6,0.0,10.0,0.0,0.0,0.0,0.6,0.0,0.0,0.0,0.0,0.0,0.0,0.0,21
89446c045b7ffff,3,1.0,2.0,0.3333333333333333,0.0,10.0,0.0,0.0,0.0,0.0,0.0,0.0,0.0,0.0,0.0,0.0,0.0,139
89446c045bbffff,5,4.0,2.0,0.6,0.0,10.0,0.0,0.0,0.0,1.0,0.0,0.0,0.0,0.0,0.0,0.0,0.0,13
89446c046a3ffff,1,0.0,2.0,0.0,1.0,3.0,0.0,0.0,0.0,0.0,0.0,0.0,0.0,0.0,0.0,0.0,0.0,11
89446c046afffff,1,0.0,2.0,0.0,0.0,10.0,0.0,0.0,0.0,0.0,0.0,0.0,0.0,0.0,0.0,0.0,0.0,6
89446c046b3ffff,10,4.0,2.0,0.4,0.2,9.7,0.0,0.0,0.0,0.0,0.5,0.0,0.0,0.0,0.0,0.0,0.0,1
89446c04807ffff,48,44.0,2.0,0.20833333333333334,0.020833333333333332,9.895833333333334,0.0,0.0,0.0,0.9791666666666666,0.0,0.0,0.0,0.0,0.0,0.0,0.0,112
89446c0481bffff,2,2.0,2.0,0.5,0.0,10.0,0.0,0.0,0.0,0.0,0.0,0.0,0.0,0.0,0.0,0.0,0.0,1
89446c0482bffff,1,1.0,2.0,0.0,0.0,10.0,0.0,0.0,0.0,0.0,0.0,0.0,0.0,0.0,0.0,0.0,0.0,116
89446c0482fffff,2,2.0,2.0,0.0,0.0,10.0,0.0,0.0,0.0,0.0,0.0,0.0,0.0,0.0,0.0,0.0,0.0,17
89446c04833ffff,1,0.0,2.0,0.0,0.0,10.0,0.0,1.0,0.0,0.0,0.0,1.0,0.0,0.0,0.0,0.0,0.0,166
89446c04837ffff,4,2.0,2.0,0.25,0.0,10.0,0.0,0.0,0.0,0.5,0.0,0.0,0.0,0.0,0.0,0.0,0.0,6
89446c0483bffff,90,62.0,2.0,0.18888888888888888,0.08888888888888889,9.308333333333334,0.0,0.0,0.43333333333333335,0.0,0.0,0.0,0.0,0.0,0.0,0.0,0.0,55
89446c0485bffff,2,1.0,2.0,0.5,0.0,10.0,0.0,0.0,0.0,0.0,0.0,0.0,0.0,0.0,0.0,0.0,0.0,1
89446c04867ffff,6,0.0,2.1666666666666665,0.16666666666666666,0.16666666666666666,10.0,0.0,0.0,0.0,0.0,0.0,0.0,0.0,0.0,0.0,0.0,0.0,19
89446c04877ffff,5,0.0,3.2,0.0,0.0,9.6,0.0,0.0,0.0,0.6,0.0,0.0,0.0,0.0,0.0,0.0,0.0,97
89446c04887ffff,8,3.0,2.0,0.0,0.25,7.75,0.0,0.0,0.0,1.0,0.0,0.0,0.0,0.0,0.0,0.0,0.0,248
89446c0488fffff,1,1.0,2.0,0.0,0.0,6.0,0.0,0.0,0.0,1.0,0.0,0.0,0.0,0.0,0.0,0.0,0.0,87
89446c04893ffff,16,5.0,2.0,0.3125,0.0,9.5625,0.0,0.0,0.0,0.0,0.0,0.0,0.0,0.0,0.0,0.0,0.0,147
89446c04897ffff,23,9.0,2.391304347826087,0.17391304347826086,0.2608695652173913,8.660869565217391,0.4782608695652174,0.0,0.0,0.0,0.0,0.0,0.0,0.0,0.0,0.0,0.0,262
89446c048abffff,21,11.0,2.0,0.14285714285714285,0.09523809523809523,9.285714285714286,0.0,0.0,0.0,0.8571428571428571,0.0,0.0,0.0,0.0,0.0,0.0,0.0,131
89446c048afffff,3,2.0,2.0,0.3333333333333333,0.0,6.75,0.0,0.0,0.0,0.0,0.0,0.0,0.0,0.0,0.0,0.0,0.0,28
89446c048b3ffff,11,4.0,2.0,0.2727272727272727,0.09090909090909091,9.363636363636363,0.0,0.0,0.0,0.0,0.0,0.0,0.0,0.0,0.0,0.0,0.0,231
89446c048bbffff,79,28.0,2.0126582278481013,0.24050632911392406,0.0759493670886076,9.186075949367089,0.0,0.0,0.4050632911392405,0.5189873417721519,0.0,0.0,0.0,0.0,0.0,0.0,0.0,41
89446c048c7ffff,1,1.0,2.0,1.0,0.0,10.0,0.0,0.0,0.0,1.0,0.0,0.0,0.0,0.0,0.0,0.0,0.0,6
89446c048d3ffff,9,2.0,2.0,0.1111111111111111,0.2222222222222222,9.444444444444445,0.0,0.0,0.0,0.7777777777777778,0.0,0.0,0.0,0.0,0.0,0.0,0.0,27
89446c048d7ffff,4,4.0,2.0,0.75,0.0,10.0,0.0,0.0,0.0,0.25,0.0,0.0,0.0,0.0,0.0,0.0,0.0,27
89446c048dbffff,6,4.0,2.0,0.3333333333333333,0.16666666666666666,9.333333333333334,0.0,0.0,0.0,0.0,0.0,0.0,0.0,0.0,0.0,0.0,0.0,17
89446c04903ffff,8,4.0,2.0,0.25,0.0,9.125,0.0,0.0,0.0,0.0,0.0,0.0,0.0,0.0,0.0,0.0,0.0,19
89446c04907ffff,5,1.0,2.0,0.2,0.2,8.2,0.0,0.0,0.0,0.0,0.0,0.0,0.0,0.0,0.0,0.0,0.0,21
89446c0490bffff,2,1.0,2.0,0.5,0.0,10.0,0.0,0.0,0.0,0.0,0.0,0.0,0.0,0.0,0.0,0.0,0.0,16
89446c0490fffff,1,1.0,2.0,1.0,0.0,10.0,0.0,0.0,0.0,0.0,0.0,0.0,0.0,0.0,0.0,0.0,0.0,24
89446c04913ffff,1,0.0,2.0,0.0,0.0,10.0,0.0,0.0,0.0,0.0,0.0,0.0,0.0,0.0,0.0,0.0,0.0,35
89446c04917ffff,8,2.0,2.0,0.375,0.0,7.875,0.0,0.0,0.0,0.0,0.0,0.0,0.0,0.0,0.0,0.0,0.375,26
89446c0491bffff,2,1.0,2.0,1.0,0.0,10.0,0.0,0.0,0.0,0.0,0.0,0.0,0.0,0.0,0.0,0.0,0.0,12
89446c04923ffff,16,7.0,1.9375,0.3125,0.0625,8.55,0.0,0.0,0.0,0.0,0.0,0.0,0.0,0.0,0.0,0.375,0.0,15
89446c0492bffff,1,1.0,2.0,1.0,0.0,8.0,0.0,0.0,0.0,0.0,0.0,0.0,0.0,0.0,0.0,0.0,0.0,35
89446c0492fffff,11,5.0,2.090909090909091,0.5454545454545454,0.0,9.909090909090908,0.0,0.0,0.0,0.0,0.0,0.0,0.0,0.0,0.0,0.0,0.0,69
89446c04933ffff,1,0.0,2.0,0.0,0.0,8.0,0.0,0.0,0.0,0.0,0.0,0.0,0.0,0.0,0.0,0.0,1.0,24
89446c0493bffff,2,1.0,2.0,0.0,0.0,10.0,0.0,0.0,0.0,0.0,0.0,0.0,0.0,0.0,0.0,0.0,0.0,28
89446c04943ffff,4,1.0,2.0,0.0,0.25,9.25,0.0,0.0,0.0,0.0,0.0,0.0,0.0,0.0,0.0,0.0,0.0,13
89446c04947ffff,1,0.0,2.0,0.0,0.0,10.0,0.0,0.0,0.0,0.0,0.0,0.0,0.0,0.0,0.0,0.0,0.0,13
89446c0494bffff,1,1.0,2.0,1.0,0.0,10.0,0.0,0.0,0.0,0.0,0.0,0.0,0.0,0.0,0.0,0.0,0.0,10
89446c0494fffff,3,1.0,2.0,0.3333333333333333,0.0,9.666666666666666,0.0,0.0,0.0,0.0,0.0,0.0,0.0,0.0,0.0,0.0,0.0,8
89446c04953ffff,5,2.0,2.0,0.2,0.0,9.8,0.0,0.0,0.0,0.0,0.0,0.0,0.0,0.0,0.0,0.0,0.0,7
89446c04957ffff,1,1.0,2.0,1.0,0.0,10.0,0.0,0.0,0.0,0.0,0.0,0.0,0.0,0.0,0.0,0.0,0.0,14
89446c0495bffff,2,2.0,2.0,0.5,0.0,10.0,0.0,0.0,0.0,0.0,0.0,0.0,0.0,0.0,0.0,0.0,0.0,13
89446c0496fffff,1,0.0,2.0,0.0,0.0,10.0,0.0,0.0,0.0,0.0,0.0,0.0,0.0,0.0,0.0,0.0,0.0,17
89446c04973ffff,3,0.0,2.0,0.0,0.0,8.333333333333334,0.0,0.0,0.0,0.0,0.0,0.0,0.0,0.0,0.0,0.0,0.0,8
89446c04977ffff,4,3.0,2.0,0.75,0.0,10.0,0.0,0.0,0.0,0.0,0.0,0.0,0.0,0.0,0.0,0.0,0.25,7
89446c04983ffff,6,4.0,2.0,0.3333333333333333,0.0,10.0,0.0,0.0,0.0,0.0,0.0,0.0,0.0,0.0,0.0,0.0,0.0,36
89446c0498bffff,6,1.0,2.0,0.3333333333333333,0.16666666666666666,9.833333333333334,0.0,0.0,0.0,0.0,0.0,0.0,0.0,0.0,0.0,0.0,0.0,29
89446c0498fffff,11,6.0,2.0,0.6363636363636364,0.0,9.9,0.0,0.0,0.0,0.0,0.0,0.0,0.0,0.0,0.0,0.0,0.0,21
89446c04993ffff,12,4.0,2.0,0.3333333333333333,0.0,9.208333333333334,0.0,0.0,0.0,0.9166666666666666,0.0,0.0,0.0,0.0,0.0,0.0,0.0,167
89446c0499bffff,7,2.0,2.0,0.42857142857142855,0.14285714285714285,8.285714285714286,0.0,0.0,0.0,0.0,0.0,0.0,0.0,0.0,0.0,0.0,0.0,38
89446c049a7ffff,2,2.0,2.0,0.5,0.5,7.0,0.0,0.0,0.0,0.0,0.0,0.0,0.0,0.0,0.0,0.0,0.0,4
89446c049abffff,1,0.0,2.0,1.0,0.0,10.0,0.0,0.0,0.0,0.0,0.0,0.0,0.0,0.0,0.0,0.0,0.0,14
89446c049b7ffff,2,1.0,2.0,0.0,0.0,10.0,0.0,0.0,0.0,0.0,0.0,0.0,0.0,0.0,0.0,0.0,0.0,4
89446c049c3ffff,1,0.0,2.0,0.0,0.0,10.0,0.0,0.0,0.0,0.0,0.0,0.0,0.0,0.0,0.0,0.0,1.0,6
89446c049d7ffff,4,1.0,2.0,0.5,0.0,9.25,0.0,0.0,0.0,0.0,0.0,0.0,0.0,0.0,0.0,0.0,0.0,14
89446c049dbffff,2,1.0,2.0,0.5,0.0,7.0,0.0,0.0,0.0,0.0,0.0,0.0,0.0,0.0,0.0,0.0,0.0,8
89446c04a23ffff,41,9.0,2.024390243902439,0.17073170731707318,0.0975609756097561,8.670731707317072,0.0,0.04878048780487805,0.8780487804878049,0.0,0.0,0.04878048780487805,0.0,0.0,0.0,0.0,0.0,6
89446c04a2bffff,2,0.0,2.0,0.0,0.0,6.25,0.0,0.0,0.0,0.0,0.0,0.0,0.0,0.0,0.0,0.0,0.0,42
89446c04a2fffff,1,1.0,2.0,0.0,0.0,10.0,0.0,0.0,0.0,0.0,0.0,0.0,0.0,0.0,0.0,0.0,0.0,43
89446c04a37ffff,3,1.0,2.3333333333333335,0.6666666666666666,0.3333333333333333,10.0,0.0,0.0,0.0,0.0,0.0,0.0,0.0,0.0,0.0,0.0,0.0,41
89446c04a83ffff,3,1.0,2.0,0.0,0.0,10.0,0.0,0.0,0.0,1.0,0.0,0.0,0.0,0.0,0.0,0.0,0.0,6
89446c04a93ffff,5,1.0,2.0,0.2,0.0,10.0,0.0,0.0,0.0,0.0,0.0,0.0,0.0,0.0,0.0,0.0,0.0,4
89446c04a97ffff,1,1.0,2.0,0.0,0.0,10.0,0.0,0.0,0.0,0.0,0.0,0.0,0.0,0.0,0.0,0.0,0.0,10
89446c04aabffff,2,2.0,2.0,0.0,0.0,10.0,0.0,0.0,0.0,1.0,0.0,0.0,0.0,0.0,0.0,0.0,0.0,3
89446c04abbffff,3,2.0,2.0,0.0,0.3333333333333333,8.333333333333334,0.0,0.0,0.0,1.0,0.0,0.0,0.0,0.0,0.0,0.0,0.0,2
89446c04b03ffff,1,0.0,2.0,0.0,0.0,10.0,0.0,0.0,0.0,0.0,0.0,0.0,0.0,0.0,0.0,0.0,0.0,2
89446c04b0fffff,2,2.0,2.0,0.5,0.0,7.0,0.0,0.0,0.0,0.0,0.0,0.0,0.0,0.0,0.0,0.0,0.0,6
89446c04b27ffff,15,6.0,2.0,0.3333333333333333,0.06666666666666667,8.066666666666666,0.0,0.0,0.0,0.0,0.0,0.0,0.0,0.0,0.0,0.0,0.0,19
89446c04b2fffff,1,1.0,2.0,0.0,0.0,10.0,0.0,0.0,0.0,0.0,0.0,0.0,0.0,0.0,0.0,0.0,0.0,35
89446c04b33ffff,26,11.0,2.0,0.15384615384615385,0.07692307692307693,8.06,0.0,0.0,0.6923076923076923,0.0,0.0,0.0,0.0,0.0,0.0,0.0,0.0,5
89446c04b3bffff,2,2.0,2.0,0.5,0.0,10.0,0.0,0.0,0.0,0.0,0.0,0.0,0.0,0.0,0.0,0.0,0.0,28
89446c04b57ffff,1,1.0,2.0,0.0,0.0,10.0,0.0,1.0,0.0,0.0,0.0,1.0,0.0,0.0,0.0,0.0,0.0,5
89446c04b63ffff,3,3.0,2.0,0.0,0.0,10.0,0.0,0.0,0.0,0.0,0.0,0.0,0.0,0.0,0.0,0.0,0.0,8
89446c04b67ffff,5,3.0,2.0,0.2,0.0,9.4,0.0,0.0,0.0,0.0,0.0,0.0,0.0,0.0,0.0,0.0,0.0,11
89446c04b73ffff,3,3.0,2.0,1.0,0.0,10.0,0.0,0.0,0.0,0.0,0.0,0.0,0.0,0.0,0.0,0.0,0.0,5
89446c04b93ffff,13,5.0,2.0,0.46153846153846156,0.0,8.183333333333334,0.0,0.0,1.0,0.0,0.0,0.0,0.0,0.0,0.0,0.0,0.0,10
89446c04b97ffff,1,0.0,2.0,0.0,0.0,10.0,0.0,0.0,0.0,0.0,0.0,0.0,0.0,0.0,0.0,0.0,0.0,18
89446c04ba7ffff,3,1.0,2.0,0.3333333333333333,0.0,10.0,0.0,0.0,0.0,0.0,0.0,0.0,0.0,0.0,0.0,0.0,0.0,19
89446c04bafffff,3,1.0,2.0,0.3333333333333333,0.0,9.333333333333334,0.0,0.0,0.0,0.0,0.0,0.0,0.0,0.0,0.0,0.0,0.0,30
89446c04bb7ffff,2,0.0,2.0,0.0,0.5,7.5,0.0,0.0,0.0,0.0,0.0,0.0,0.0,0.0,0.0,0.0,0.0,6
89446c04bbbffff,18,8.0,2.0555555555555554,0.3333333333333333,0.1111111111111111,8.852941176470589,0.0,0.0,0.0,0.0,0.0,0.0,0.0,0.0,0.0,0.0,0.0,0
89446c04bcfffff,5,5.0,2.0,0.2,0.2,4.45,0.0,0.0,0.0,0.0,0.0,0.0,0.0,0.0,0.0,0.0,0.0,1
89446c04bd3ffff,1,0.0,2.0,0.0,0.0,10.0,0.0,0.0,0.0,0.0,0.0,0.0,0.0,0.0,0.0,0.0,0.0,0
89446c04c03ffff,30,10.0,2.7333333333333334,0.26666666666666666,0.13333333333333333,9.666666666666666,0.6333333333333333,0.0,0.0,0.03333333333333333,0.0,0.0,0.0,0.0,0.0,0.0,0.0,127
89446c04c07ffff,2,1.0,2.5,0.5,0.0,10.0,0.0,0.0,0.0,0.0,0.0,0.0,0.0,0.0,0.0,0.0,0.0,110
89446c04c0bffff,4,0.0,2.0,0.0,0.25,7.5,0.0,0.0,0.0,1.0,0.0,0.0,0.0,0.0,0.0,0.0,0.0,53
89446c04c0fffff,21,8.0,2.4761904761904763,0.3333333333333333,0.19047619047619047,8.761904761904763,0.0,0.0,0.42857142857142855,0.0,0.0,0.0,0.0,0.0,0.0,0.0,0.0,97
89446c04c13ffff,98,12.0,2.826530612244898,0.30612244897959184,0.11224489795918367,9.505102040816327,0.0,0.0,0.0,0.0,0.0,0.0,0.0,0.0,0.0,0.0,0.0,152
89446c04c1bffff,2,2.0,3.0,0.0,0.5,10.0,0.0,0.0,0.0,0.0,0.0,0.0,0.0,0.0,0.0,0.0,0.0,244
89446c04c27ffff,4,3.0,2.0,0.5,0.0,9.0,0.0,0.0,0.0,0.0,0.0,0.0,0.0,0.0,0.0,0.0,0.0,106
89446c04c2bffff,18,13.0,2.8333333333333335,0.16666666666666666,0.1111111111111111,8.527777777777779,0.0,0.0,0.0,0.0,0.0,0.0,0.0,0.0,0.0,0.0,0.0,183
89446c04c2fffff,104,27.0,2.644230769230769,0.3173076923076923,0.10576923076923077,9.408653846153847,0.0673076923076923,0.0,0.6634615384615384,0.0,0.6057692307692307,0.0,0.0,0.0,0.0,0.0,0.0,61
89446c04c3bffff,59,15.0,2.5084745762711864,0.288135593220339,0.0847457627118644,9.76271186440678,0.01694915254237288,0.0,0.7796610169491526,0.0,0.0,0.0,0.0,0.0,0.0,0.0,0.0,43
89446c04c43ffff,2,0.0,2.5,0.5,0.0,10.0,0.0,0.0,0.0,0.0,0.0,0.0,0.0,0.0,0.0,0.0,0.0,15
89446c04c4bffff,10,6.0,2.1,0.4,0.1,10.0,0.2,0.0,0.0,0.2,0.0,0.0,0.0,0.0,0.0,0.0,0.0,9
89446c04c53ffff,2,0.0,3.5,0.0,0.5,10.0,1.0,0.0,0.0,0.0,0.0,0.0,0.0,0.0,0.0,0.0,0.0,62
89446c04c5bffff,3,3.0,2.0,1.0,0.0,10.0,0.0,0.0,0.0,0.0,0.0,0.0,0.0,0.0,0.0,0.0,0.0,57
89446c04c67ffff,2,2.0,2.0,0.5,0.0,9.5,0.0,0.0,0.0,0.0,0.0,0.0,0.0,0.0,0.0,0.0,0.0,53
89446c04c6fffff,17,6.0,2.0,0.35294117647058826,0.11764705882352941,9.176470588235293,0.0,0.5882352941176471,0.5882352941176471,0.0,0.0,0.0,0.0,0.0,0.0,0.0,0.0,15
89446c04c77ffff,2,0.0,2.0,0.0,0.0,8.5,0.0,0.0,0.0,1.0,0.0,0.0,0.0,0.0,0.0,0.0,0.0,100
89446c04c8bffff,8,4.0,2.875,0.375,0.125,10.0,0.0,0.0,0.0,0.0,0.0,0.0,0.0,0.0,0.0,0.0,0.0,313
89446c04c8fffff,8,3.0,2.5,0.25,0.125,9.375,0.375,0.0,0.0,0.0,0.0,0.0,0.0,0.0,0.0,0.0,0.0,139
89446c04c93ffff,11,2.0,2.0,0.09090909090909091,0.18181818181818182,10.0,0.0,0.09090909090909091,0.0,0.9090909090909091,0.0,0.09090909090909091,0.0,0.0,0.0,0.0,0.0,184
89446c04c97ffff,13,3.0,2.0,0.23076923076923078,0.07692307692307693,9.846153846153847,0.0,0.0,0.0,0.8461538461538461,0.0,0.0,0.0,0.0,0.0,0.0,0.0,11
89446c04c9bffff,102,28.0,2.5686274509803924,0.3333333333333333,0.058823529411764705,9.609803921568627,0.3235294117647059,0.0,0.10784313725490197,0.0,0.0,0.0,0.0,0.0,0.0,0.0,0.0,87
89446c04ca7ffff,1,1.0,2.0,1.0,0.0,10.0,0.0,1.0,0.0,0.0,0.0,1.0,0.0,0.0,0.0,0.0,0.0,4
89446c04cb3ffff,55,13.0,2.8181818181818183,0.2545454545454545,0.12727272727272726,9.4,0.43636363636363634,0.0,0.0,0.43636363636363634,0.0,0.0,0.0,0.0,0.0,0.0,0.0,37
89446c04cb7ffff,4,0.0,2.0,0.0,0.0,10.0,0.0,0.0,0.0,1.0,0.0,0.0,0.0,0.0,0.0,0.0,0.0,69
89446c04cbbffff,33,12.0,2.6666666666666665,0.30303030303030304,0.15151515151515152,9.090909090909092,0.45454545454545453,0.0,0.0,0.5757575757575758,0.0,0.0,0.0,0.0,0.0,0.0,0.0,63
89446c04cc3ffff,2,0.0,2.5,0.0,0.0,10.0,0.0,0.0,0.0,0.0,0.0,0.0,0.0,0.0,0.0,0.0,0.0,127
89446c04cc7ffff,104,63.0,2.9134615384615383,0.27884615384615385,0.17307692307692307,8.966346153846153,0.0,0.0,0.0,0.0,0.0,0.0,0.0,0.0,0.0,0.0,0.0,119
89446c04ccbffff,14,1.0,2.2142857142857144,0.07142857142857142,0.14285714285714285,10.0,0.6428571428571429,0.0,0.0,0.0,0.0,0.0,0.0,0.0,0.0,0.0,0.0,48
89446c04ccfffff,8,2.0,2.875,0.375,0.25,8.25,0.25,0.0,0.0,0.0,0.0,0.0,0.0,0.0,0.0,0.0,0.0,124
89446c04cd7ffff,1,0.0,3.0,0.0,0.0,10.0,0.0,0.0,0.0,0.0,0.0,0.0,0.0,0.0,0.0,0.0,0.0,216
89446c04d17ffff,2,0.0,2.0,0.5,0.0,7.0,0.0,0.0,0.0,0.0,0.0,0.0,0.0,0.0,0.0,0.0,0.0,4
89446c04d23ffff,45,7.0,2.7555555555555555,0.2222222222222222,0.06666666666666667,8.777777777777779,0.4666666666666667,0.0,0.0,0.0,0.0,0.022222222222222223,0.0,0.0,0.0,0.0,0.0,205
89446c04d27ffff,43,12.0,2.7674418604651163,0.27906976744186046,0.11627906976744186,9.279069767441861,0.0,0.0,0.0,0.09302325581395349,0.0,0.0,0.0,0.0,0.0,0.0,0.0,62
89446c04d2bffff,144,52.0,2.6319444444444446,0.1736111111111111,0.041666666666666664,9.221428571428572,0.10416666666666667,0.0,0.4652777777777778,0.1736111111111111,0.0,0.0,0.0,0.0,0.0,0.0,0.0,81
89446c04d33ffff,5,2.0,2.0,0.6,0.0,8.8,0.0,0.6,0.0,0.0,0.0,1.0,0.0,0.0,0.0,0.0,0.0,58
89446c04d3bffff,13,8.0,2.0,0.15384615384615385,0.07692307692307693,7.6692307692307695,0.0,0.0,0.0,0.46153846153846156,0.0,0.0,0.0,0.0,0.0,0.0,0.0,195
89446c04d43ffff,7,3.0,2.0,0.14285714285714285,0.0,9.571428571428571,0.0,0.0,0.0,0.0,0.0,0.0,0.0,0.0,0.0,0.0,0.0,150
89446c04d47ffff,2,2.0,2.0,0.0,0.0,10.0,0.0,0.0,0.0,0.0,0.0,0.0,0.0,0.0,0.0,0.0,0.0,31
89446c04d4bffff,134,39.0,2.343283582089552,0.17164179104477612,0.1044776119402985,9.438059701492538,0.0,0.1791044776119403,0.7910447761194029,0.0,0.12686567164179105,0.0,0.0,0.0,0.0,0.0,0.0,59
89446c04d4fffff,10,7.0,2.3,0.4,0.2,10.0,0.2,0.0,0.0,0.1,0.0,0.0,0.0,0.0,0.0,0.0,0.0,166
89446c04d53ffff,2,1.0,2.0,0.0,0.0,10.0,0.0,0.0,0.0,0.0,0.0,0.0,0.0,0.0,0.0,0.0,0.0,27
89446c04d57ffff,2,1.0,2.0,0.5,0.0,10.0,0.0,0.0,0.0,0.0,0.0,0.0,0.0,0.0,0.0,0.0,0.0,25
89446c04d63ffff,26,2.0,2.5,0.19230769230769232,0.07692307692307693,9.392307692307693,0.7307692307692307,0.0,0.0,0.11538461538461539,0.0,0.0,0.0,0.0,0.0,0.0,0.0,23
89446c04d67ffff,10,7.0,2.5,0.4,0.2,9.4,0.0,0.0,0.0,0.0,0.0,0.0,0.0,0.0,0.0,0.0,0.0,190
89446c04d77ffff,1,1.0,2.0,1.0,1.0,10.0,0.0,0.0,0.0,0.0,0.0,0.0,0.0,0.0,0.0,0.0,0.0,193
89446c04d7bffff,12,5.0,2.5833333333333335,0.08333333333333333,0.16666666666666666,8.916666666666666,0.0,0.0,0.0,0.0,0.0,0.0,0.0,0.0,0.0,0.0,0.0,38
89446c04d83ffff,2,0.0,2.0,0.0,0.0,5.1,0.0,0.0,0.0,0.0,0.0,0.0,0.0,0.0,0.0,0.0,0.0,21
89446c04d93ffff,2,0.0,2.0,0.0,0.0,10.0,0.0,0.0,0.0,1.0,0.0,0.0,0.0,0.0,0.0,0.0,0.0,34
89446c04d97ffff,19,7.0,2.0,0.21052631578947367,0.21052631578947367,8.052631578947368,0.0,0.0,0.3684210526315789,0.3157894736842105,0.0,0.0,0.0,0.0,0.0,0.0,0.0,18
89446c04da7ffff,1,0.0,2.0,0.0,0.0,10.0,0.0,0.0,0.0,1.0,0.0,0.0,0.0,0.0,0.0,0.0,0.0,1
89446c04dbbffff,4,2.0,2.0,0.25,0.0,7.55,0.0,0.0,0.0,0.0,0.0,0.0,0.0,0.0,0.0,0.0,0.0,2
89446c04dc3ffff,1,0.0,2.0,0.0,1.0,2.5,0.0,0.0,0.0,0.0,0.0,0.0,0.0,0.0,0.0,0.0,0.0,24
89446c04dcfffff,14,2.0,2.0,0.5,0.0,9.571428571428571,0.0,0.0,0.9285714285714286,0.0,0.0,0.0,0.0,0.0,0.0,0.0,0.0,5
89446c04dd7ffff,10,5.0,2.0,0.2,0.2,8.6,0.0,0.0,0.0,0.7,0.0,0.0,0.0,0.0,0.0,0.0,0.0,1
89446c04e17ffff,8,0.0,2.25,0.125,0.125,9.0,0.0,0.0,0.0,0.0,0.0,0.0,0.0,0.0,0.0,0.0,0.0,12
89446c04e23ffff,14,0.0,2.0,0.21428571428571427,0.14285714285714285,9.714285714285714,0.0,0.0,0.2857142857142857,0.0,0.2857142857142857,0.0,0.0,0.0,0.0,0.0,0.0,8
89446c04e37ffff,8,0.0,2.0,0.375,0.0,10.0,0.0,0.0,0.625,0.0,0.0,0.0,0.0,0.0,0.0,0.0,0.0,20
89446c04e53ffff,4,3.0,2.0,0.75,0.0,9.0,0.0,0.0,0.0,0.0,0.0,0.0,0.0,0.0,0.0,0.0,0.0,3
89446c04e63ffff,2,1.0,2.0,0.0,0.5,10.0,0.0,0.0,0.0,0.0,0.0,0.0,0.0,0.0,0.0,0.0,0.0,6
89446c04e77ffff,6,3.0,2.0,0.16666666666666666,0.0,9.5,0.0,0.0,0.0,0.0,0.0,0.0,0.0,0.0,0.0,0.0,0.0,2
89446c04e93ffff,1,0.0,2.0,0.0,0.0,10.0,0.0,0.0,0.0,0.0,0.0,0.0,0.0,0.0,0.0,0.0,0.0,25
89446c04e97ffff,4,3.0,2.0,0.5,0.5,8.5,0.0,0.0,0.0,0.0,0.0,0.0,0.0,0.0,0.0,0.0,0.0,18
89446c04e9bffff,2,2.0,2.0,1.0,0.0,10.0,0.0,0.0,0.0,0.0,0.0,0.0,0.0,0.0,0.0,0.0,0.0,8
89446c04eabffff,1,0.0,2.0,0.0,0.0,10.0,0.0,0.0,0.0,0.0,0.0,0.0,0.0,0.0,0.0,0.0,0.0,19
89446c04ebbffff,11,6.0,2.0,0.09090909090909091,0.09090909090909091,9.909090909090908,0.0,0.0,0.0,0.6363636363636364,0.0,0.0,0.0,0.0,0.0,0.0,0.0,9
89446c04ecbffff,1,0.0,2.0,1.0,0.0,10.0,0.0,0.0,0.0,0.0,0.0,0.0,0.0,0.0,0.0,0.0,0.0,6
89446c04ed3ffff,1,0.0,2.0,0.0,0.0,10.0,0.0,0.0,0.0,0.0,0.0,0.0,0.0,0.0,0.0,0.0,0.0,28
89446c04ed7ffff,2,1.0,2.0,0.0,0.5,10.0,0.0,0.0,0.0,0.0,0.0,0.0,0.0,0.0,0.0,0.0,0.0,7
89446c05047ffff,44,13.0,2.022727272727273,0.3181818181818182,0.11363636363636363,9.001136363636364,0.0,0.0,0.0,0.0,0.0,0.0,0.0,0.0,0.0,0.0,0.0,22
89446c05057ffff,16,16.0,2.4375,0.3125,0.0625,8.6875,0.0,0.0,0.0,0.0,0.0,0.0,0.0,0.0,0.0,0.0,0.0,47
89446c05063ffff,32,9.0,2.625,0.25,0.125,9.640625,0.0,0.0,0.0,0.0,0.0,0.0,0.0,0.0,0.0,0.0,0.0,10
89446c0506fffff,4,3.0,2.25,0.25,0.25,9.5,0.0,0.0,0.0,0.0,0.0,0.0,0.0,0.0,0.0,0.0,0.0,34
89446c05073ffff,3,2.0,2.0,0.0,0.0,10.0,0.0,0.0,0.0,0.0,0.0,0.0,0.0,0.0,0.0,0.0,0.0,79
89446c0507bffff,3,0.0,3.3333333333333335,0.3333333333333333,0.3333333333333333,7.5,0.0,0.0,0.0,0.0,0.0,0.0,0.0,0.0,0.0,0.0,0.0,79
89446c050c3ffff,2,1.0,2.0,0.5,0.0,10.0,0.0,0.0,0.0,0.0,0.0,0.0,0.0,0.0,0.0,0.0,0.0,5
89446c050cfffff,3,2.0,2.0,0.0,0.3333333333333333,7.333333333333333,0.0,0.0,0.0,0.0,0.0,0.0,0.0,0.0,0.0,0.0,0.0,18
89446c050d3ffff,2,0.0,2.0,0.0,0.0,10.0,0.0,0.0,0.0,0.0,0.0,0.0,0.0,0.0,0.0,0.0,0.0,27
89446c0510fffff,10,3.0,2.6,0.1,0.1,8.72,0.5,0.0,0.0,0.0,0.0,0.0,0.0,0.0,0.0,0.0,0.0,45
89446c05133ffff,43,13.0,2.86046511627907,0.2558139534883721,0.13953488372093023,8.416279069767441,0.023255813953488372,0.0,0.6511627906976745,0.0,0.0,0.0,0.0,0.0,0.0,0.0,0.0,16
89446c05137ffff,2,2.0,2.0,0.5,0.0,10.0,0.0,0.0,0.0,0.0,0.0,0.0,0.0,0.0,0.0,0.0,0.0,84
89446c0513bffff,3,2.0,2.3333333333333335,0.0,0.6666666666666666,9.0,0.0,0.0,0.0,0.0,0.0,0.0,0.0,0.0,0.0,0.0,0.0,53
89446c05147ffff,1,0.0,3.0,0.0,0.0,7.0,0.0,0.0,0.0,0.0,0.0,0.0,0.0,0.0,0.0,0.0,0.0,51
89446c0514fffff,9,6.0,2.3333333333333335,0.4444444444444444,0.2222222222222222,9.222222222222221,0.1111111111111111,0.0,0.0,0.0,0.0,0.0,0.0,0.0,0.0,0.0,0.0,10
89446c05173ffff,42,6.0,2.6904761904761907,0.2857142857142857,0.14285714285714285,9.547619047619047,0.0,0.0,0.0,0.0,0.0,0.0,0.0,0.0,0.0,0.0,0.0,11
89446c051a7ffff,6,3.0,2.3333333333333335,0.5,0.0,9.333333333333334,0.0,0.0,0.5,0.0,0.0,0.0,0.0,0.0,0.0,0.0,0.0,89
89446c051afffff,11,7.0,2.272727272727273,0.18181818181818182,0.2727272727272727,9.727272727272727,0.0,0.0,0.0,0.0,0.0,0.0,0.0,0.0,0.0,0.0,0.0,80
89446c05313ffff,3,1.0,2.6666666666666665,0.3333333333333333,0.0,10.0,0.6666666666666666,0.0,0.0,0.0,0.0,0.0,0.0,0.0,0.0,0.0,0.0,50
89446c0531bffff,1,1.0,2.0,0.0,0.0,2.0,0.0,0.0,0.0,0.0,0.0,0.0,0.0,0.0,0.0,0.0,0.0,3
89446c05337ffff,1,0.0,4.0,1.0,0.0,0.2,0.0,0.0,0.0,0.0,0.0,0.0,0.0,0.0,0.0,0.0,0.0,5
89446c05387ffff,1,1.0,3.0,0.0,0.0,10.0,0.0,0.0,1.0,0.0,0.0,0.0,0.0,0.0,0.0,0.0,0.0,159
89446c0538bffff,2,0.0,3.0,0.5,0.5,8.5,0.0,0.0,0.0,0.0,0.0,0.0,0.0,0.0,0.0,0.0,0.0,52
89446c0538fffff,47,17.0,2.765957446808511,0.2553191489361702,0.0851063829787234,8.841304347826087,0.0425531914893617,0.0,0.06382978723404255,0.0,0.0,0.0,0.0,0.0,0.0,0.0,0.0,109
89446c0539bffff,2,0.0,2.0,0.0,0.0,10.0,0.0,0.0,0.0,0.0,0.0,0.0,0.0,0.0,0.0,0.0,0.0,6
89446c053b3ffff,9,4.0,2.7777777777777777,0.5555555555555556,0.2222222222222222,8.577777777777778,0.3333333333333333,0.0,0.0,0.0,0.0,0.0,0.0,0.0,0.0,0.0,0.0,113
89446c053bbffff,103,60.0,2.7184466019417477,0.21359223300970873,0.0970873786407767,9.446601941747574,0.0,0.0,0.0,0.0,0.0,0.0,0.0,0.0,0.0,0.0,0.0,57
89446c0546bffff,9,2.0,2.2222222222222223,0.1111111111111111,0.1111111111111111,8.555555555555555,0.0,0.0,0.0,0.0,0.0,0.0,0.0,0.0,0.0,0.0,0.0,50
89446c056a7ffff,16,2.0,2.1875,0.3125,0.0625,9.8125,0.0,0.0,0.0,0.0,0.0,0.0,0.0,0.0,0.0,0.0,0.0,43
89446c056b7ffff,32,2.0,2.09375,0.09375,0.03125,9.59375,0.0,0.0,0.0,0.0,0.0,0.0,0.0,0.0,0.0,0.0,0.0,25
89446c05807ffff,1,1.0,2.0,1.0,0.0,10.0,0.0,0.0,1.0,0.0,0.0,0.0,0.0,0.0,0.0,0.0,0.0,1
89446c05847ffff,1,0.0,2.0,0.0,0.0,10.0,0.0,0.0,1.0,0.0,0.0,0.0,0.0,0.0,0.0,0.0,0.0,0
89446c058a3ffff,1,0.0,2.0,0.0,0.0,10.0,0.0,0.0,1.0,0.0,0.0,0.0,0.0,0.0,0.0,0.0,0.0,1
89446c058abffff,1,0.0,2.0,1.0,0.0,10.0,0.0,0.0,0.0,0.0,0.0,0.0,0.0,0.0,0.0,0.0,0.0,2
89446c058c3ffff,1,1.0,2.0,1.0,0.0,10.0,0.0,0.0,0.0,0.0,0.0,0.0,0.0,0.0,0.0,0.0,0.0,1
89446c058d3ffff,1,1.0,2.0,0.0,0.0,10.0,0.0,0.0,0.0,0.0,0.0,0.0,0.0,0.0,0.0,0.0,0.0,1
89446c05903ffff,10,3.0,2.0,0.1,0.0,9.5,0.0,0.0,0.0,0.0,0.0,0.0,0.0,0.0,0.0,0.0,0.0,24
89446c0590bffff,1,0.0,2.0,0.0,1.0,10.0,0.0,0.0,0.0,0.0,0.0,0.0,0.0,0.0,0.0,0.0,0.0,31
89446c05913ffff,4,1.0,2.0,0.25,0.0,9.5,0.0,0.0,0.0,0.0,0.0,0.0,0.0,0.0,0.0,0.0,0.0,32
89446c0591bffff,19,12.0,2.0,0.2631578947368421,0.05263157894736842,8.736842105263158,0.0,0.3684210526315789,0.42105263157894735,0.0,0.0,0.0,0.0,0.0,0.0,0.0,0.0,18
89446c05947ffff,1,0.0,2.0,0.0,0.0,7.0,0.0,0.0,0.0,0.0,0.0,0.0,0.0,0.0,0.0,0.0,0.0,3
89446c0594fffff,1,1.0,2.0,0.0,1.0,10.0,0.0,0.0,0.0,0.0,0.0,0.0,0.0,0.0,0.0,0.0,0.0,1
89446c05957ffff,1,0.0,2.0,1.0,0.0,10.0,0.0,0.0,0.0,0.0,0.0,0.0,0.0,0.0,0.0,0.0,0.0,21
89446c0598bffff,1,1.0,2.0,0.0,0.0,10.0,0.0,0.0,0.0,0.0,0.0,0.0,0.0,0.0,0.0,0.0,0.0,6
89446c05993ffff,9,6.0,2.0,0.2222222222222222,0.1111111111111111,8.555555555555555,0.0,0.0,0.0,0.0,0.0,0.0,0.0,0.0,0.0,0.0,0.0,6
89446c059c7ffff,2,2.0,2.0,0.0,0.0,10.0,0.0,0.0,0.0,0.0,0.0,0.0,0.0,0.0,0.0,0.0,0.0,24
89446c05a03ffff,1,0.0,2.0,0.0,0.0,10.0,1.0,0.0,0.0,0.0,0.0,0.0,0.0,0.0,0.0,0.0,0.0,9
89446c05a13ffff,9,6.0,2.111111111111111,0.1111111111111111,0.2222222222222222,9.555555555555555,0.0,0.0,0.6666666666666666,0.0,0.0,0.0,0.0,0.0,0.0,0.0,0.0,12
89446c05a2bffff,5,1.0,2.6,0.2,0.0,8.4,0.0,0.0,0.0,0.0,0.0,0.0,0.0,0.0,0.0,0.0,0.0,3
89446c05a2fffff,2,0.0,2.5,0.5,0.0,5.4,0.0,0.0,0.0,0.0,0.0,0.0,0.0,0.0,0.0,0.0,0.0,5
89446c05a3bffff,1,0.0,4.0,0.0,1.0,3.0,0.0,0.0,0.0,0.0,0.0,0.0,0.0,0.0,0.0,0.0,0.0,5
89446c05ac7ffff,11,5.0,2.1818181818181817,0.2727272727272727,0.09090909090909091,9.090909090909092,0.0,0.0,0.2727272727272727,0.0,0.0,0.0,0.0,0.0,0.0,0.0,0.0,17
89446c05ad7ffff,8,1.0,2.625,0.375,0.125,9.125,0.0,0.0,0.0,0.0,0.0,0.0,0.0,0.0,0.0,0.0,0.0,11
89446c05b0bffff,2,0.0,3.0,0.0,0.0,10.0,0.0,0.0,0.0,0.0,0.0,0.0,0.0,0.0,0.0,0.0,0.0,1
89446c05b17ffff,3,1.0,3.0,0.3333333333333333,0.0,9.333333333333334,0.0,0.0,0.0,0.0,0.0,0.0,0.0,0.0,0.0,0.0,0.0,0
89446c05b4fffff,18,4.0,2.3333333333333335,0.3333333333333333,0.16666666666666666,7.75,0.0,0.0,0.0,0.0,0.0,0.0,0.0,0.0,0.0,0.0,0.0,14
89446c05b73ffff,1,1.0,2.0,0.0,0.0,10.0,0.0,0.0,0.0,0.0,0.0,0.0,0.0,0.0,0.0,0.0,0.0,16
89446c05b7bffff,14,2.0,2.142857142857143,0.21428571428571427,0.07142857142857142,8.857142857142858,0.0,0.0,0.14285714285714285,0.0,0.0,0.0,0.0,0.0,0.0,0.0,0.0,19
89446c05c07ffff,4,2.0,2.0,0.5,0.25,9.0,0.0,0.0,0.0,0.0,0.0,0.0,0.0,0.0,0.0,0.0,0.0,9
89446c05c0bffff,3,1.0,2.0,0.3333333333333333,0.0,10.0,0.0,0.0,0.0,0.0,0.0,0.0,0.0,0.0,0.0,0.0,0.0,38
89446c05c0fffff,4,4.0,2.0,0.25,0.25,9.25,0.0,0.0,0.0,0.0,0.0,0.0,0.0,0.0,0.0,0.0,0.0,11
89446c05c13ffff,1,1.0,2.0,1.0,0.0,10.0,0.0,0.0,0.0,0.0,0.0,0.0,0.0,0.0,0.0,0.0,0.0,5
89446c05c1bffff,3,1.0,2.0,0.3333333333333333,0.3333333333333333,10.0,0.0,0.0,0.0,0.0,0.0,0.0,0.0,0.0,0.0,0.0,0.0,40
89446c05c2fffff,2,0.0,2.0,0.0,0.0,10.0,0.0,0.0,0.0,0.0,0.0,0.0,0.0,0.0,0.0,0.0,0.0,0
89446c05c3bffff,4,2.0,2.0,0.5,0.0,8.5,0.0,0.0,0.0,0.0,0.0,0.0,0.0,0.0,0.0,0.0,0.0,8
89446c05c43ffff,2,1.0,2.0,0.5,0.0,9.0,0.0,0.0,0.0,0.0,0.0,0.0,0.0,0.0,0.0,0.0,0.0,32
89446c05c47ffff,13,4.0,2.0,0.3076923076923077,0.07692307692307693,9.26923076923077,0.0,0.0,0.0,0.0,0.0,0.0,0.0,0.0,0.0,0.0,0.0,33
89446c05c4fffff,1,0.0,2.0,1.0,1.0,2.0,0.0,0.0,0.0,0.0,0.0,0.0,0.0,0.0,0.0,0.0,0.0,25
89446c05c57ffff,18,7.0,2.0555555555555554,0.3333333333333333,0.05555555555555555,9.777777777777779,0.0,0.0,0.0,0.0,0.0,0.0,0.0,0.0,0.0,0.0,0.0,38
89446c05c7bffff,9,5.0,2.0,0.2222222222222222,0.1111111111111111,8.944444444444445,0.0,0.0,0.0,0.0,0.0,0.0,0.0,0.0,0.0,0.0,0.0,15
89446c05c8fffff,1,1.0,2.0,1.0,0.0,10.0,0.0,0.0,0.0,0.0,0.0,0.0,0.0,0.0,0.0,0.0,0.0,2
89446c05c93ffff,6,5.0,2.5,0.5,0.3333333333333333,8.833333333333334,0.0,0.0,0.0,0.0,0.0,0.0,0.0,0.0,0.0,0.0,0.0,70
89446c05c97ffff,26,4.0,2.6538461538461537,0.19230769230769232,0.11538461538461539,9.884615384615385,0.11538461538461539,0.0,0.0,0.0,0.0,0.0,0.0,0.0,0.0,0.0,0.0,103
89446c05c9bffff,25,11.0,2.64,0.12,0.04,9.8,0.44,0.0,0.0,0.0,0.0,0.0,0.0,0.0,0.0,0.0,0.0,40
89446c05cabffff,1,1.0,2.0,0.0,0.0,10.0,0.0,0.0,0.0,0.0,0.0,0.0,0.0,0.0,0.0,0.0,0.0,7
89446c05cafffff,2,1.0,2.0,1.0,0.0,10.0,0.0,0.0,0.0,0.0,0.0,0.0,0.0,0.0,0.0,0.0,0.0,1
89446c05cbbffff,1,1.0,2.0,1.0,0.0,10.0,0.0,0.0,0.0,0.0,0.0,0.0,0.0,0.0,0.0,0.0,0.0,2
89446c05cc3ffff,10,5.0,2.0,0.3,0.1,9.7,0.0,0.0,0.0,0.0,0.0,0.0,0.0,0.0,0.0,0.0,0.0,102
89446c05cc7ffff,1,0.0,2.0,0.0,0.0,10.0,0.0,0.0,0.0,0.0,0.0,0.0,0.0,0.0,0.0,0.0,0.0,36
89446c05ccbffff,1,1.0,2.0,1.0,0.0,10.0,0.0,0.0,0.0,0.0,0.0,0.0,0.0,0.0,0.0,0.0,0.0,58
89446c05ccfffff,17,9.0,2.0,0.11764705882352941,0.0,9.367647058823529,0.0,0.0,0.7647058823529411,0.0,0.0,0.0,0.0,0.0,0.0,0.0,0.0,33
89446c05cd3ffff,49,17.0,2.5918367346938775,0.30612244897959184,0.14285714285714285,9.173469387755102,0.0,0.0,0.5918367346938775,0.0,0.0,0.0,0.0,0.0,0.0,0.0,0.0,69
89446c05cd7ffff,5,2.0,2.0,0.0,0.0,10.0,0.0,0.0,0.0,0.0,0.0,0.0,0.0,0.0,0.0,0.0,0.0,104
89446c05cdbffff,29,18.0,2.2758620689655173,0.3103448275862069,0.034482758620689655,9.241379310344827,0.0,0.0,0.4482758620689655,0.0,0.0,0.0,0.0,0.0,0.0,0.0,0.0,79
89446c05d0fffff,2,2.0,2.0,1.0,0.0,7.5,0.0,0.0,0.0,0.0,0.0,0.0,0.0,0.0,0.0,0.0,0.0,6
89446c05d17ffff,2,1.0,2.0,0.5,0.0,10.0,0.0,0.0,0.0,0.0,0.0,0.0,0.0,0.0,0.0,0.0,0.0,4
89446c05d23ffff,35,20.0,2.0285714285714285,0.22857142857142856,0.02857142857142857,9.8,0.0,0.7142857142857143,0.7142857142857143,0.0,0.05714285714285714,0.0,0.0,0.0,0.0,0.0,0.0,38
89446c05d2bffff,5,4.0,2.0,0.2,0.0,9.0,0.0,0.0,0.0,0.0,0.0,0.0,0.0,0.0,0.0,0.0,0.0,51
89446c05d2fffff,1,1.0,2.0,1.0,0.0,10.0,0.0,0.0,0.0,0.0,0.0,0.0,0.0,0.0,0.0,0.0,0.0,49
89446c05d33ffff,29,3.0,2.0,0.3448275862068966,0.06896551724137931,9.586206896551724,0.0,0.06896551724137931,0.1724137931034483,0.0,0.0,0.0,0.0,0.0,0.0,0.0,0.0,47
89446c05d37ffff,1,0.0,2.0,1.0,0.0,10.0,0.0,1.0,1.0,0.0,0.0,0.0,0.0,0.0,0.0,0.0,0.0,73
89446c05d3bffff,2,1.0,2.0,0.0,0.0,10.0,0.0,0.0,0.0,0.0,0.0,0.0,0.0,0.0,0.0,0.0,0.0,75
89446c05d77ffff,4,2.0,2.0,0.0,0.0,7.5625,0.0,0.0,0.0,1.0,0.0,0.0,0.0,0.0,0.0,0.0,0.0,9
89446c05d83ffff,1,0.0,2.0,0.0,0.0,10.0,0.0,0.0,0.0,0.0,0.0,0.0,0.0,0.0,0.0,0.0,0.0,46
89446c05d8fffff,4,1.0,2.0,0.0,0.0,9.75,0.0,0.0,0.0,0.0,0.0,0.0,0.0,0.0,0.0,0.0,0.0,3
89446c05d93ffff,42,17.0,2.0,0.3333333333333333,0.07142857142857142,9.601190476190476,0.0,0.0,0.6904761904761905,0.0,0.0,0.0,0.0,0.0,0.0,0.0,0.0,3
89446c05da3ffff,1,0.0,2.0,0.0,0.0,10.0,0.0,0.0,0.0,0.0,0.0,0.0,0.0,0.0,0.0,0.0,0.0,14
89446c05da7ffff,5,2.0,2.0,0.4,0.0,9.4,0.0,0.0,0.0,0.0,0.0,0.0,0.0,0.0,0.0,0.0,0.0,10
89446c05dafffff,9,5.0,2.0,0.4444444444444444,0.1111111111111111,8.88888888888889,0.0,0.0,0.0,0.0,0.0,0.0,0.0,0.0,0.0,0.0,0.0,36
89446c05dc7ffff,3,0.0,2.0,0.0,0.0,10.0,0.0,0.0,0.0,0.0,0.0,0.0,0.0,0.0,0.0,0.0,0.0,1
89446c05dcbffff,2,2.0,2.0,0.5,0.0,10.0,0.0,0.0,0.0,0.0,0.0,0.0,0.0,0.0,0.0,0.0,0.0,1
89446c05dcfffff,1,1.0,2.0,1.0,0.0,10.0,0.0,0.0,0.0,0.0,0.0,0.0,0.0,0.0,0.0,0.0,0.0,5
89446c05e43ffff,1,1.0,2.0,1.0,0.0,10.0,0.0,0.0,0.0,0.0,0.0,0.0,0.0,0.0,0.0,0.0,0.0,26
89446c05e47ffff,18,9.0,2.0555555555555554,0.3888888888888889,0.4444444444444444,8.777777777777779,0.0,0.0,0.4444444444444444,0.0,0.05555555555555555,0.0,0.0,0.0,0.0,0.0,0.0,11
89446c05e53ffff,2,1.0,2.5,0.5,0.0,6.5,0.0,0.0,0.0,0.0,0.0,0.0,0.0,0.0,0.0,0.0,0.0,12
89446c05e57ffff,6,2.0,2.3333333333333335,0.0,0.16666666666666666,8.833333333333334,0.0,0.0,0.16666666666666666,0.0,0.5,0.0,0.0,0.0,0.0,0.0,0.0,21
89446c05e63ffff,4,2.0,2.75,0.0,0.75,8.75,0.0,0.0,0.0,0.0,0.0,0.0,0.0,0.0,0.0,0.0,0.0,4
89446c05e7bffff,4,1.0,2.25,0.0,0.75,8.75,0.75,0.0,0.0,0.0,0.0,0.0,0.0,0.0,0.0,0.0,0.0,22
89446c05eb7ffff,1,1.0,2.0,0.0,0.0,10.0,0.0,0.0,0.0,0.0,0.0,0.0,0.0,0.0,0.0,0.0,0.0,10
89446c05ecbffff,5,2.0,2.6,0.2,0.2,9.8,0.8,0.0,0.0,0.0,0.0,0.0,0.0,0.0,0.0,0.0,0.0,3
89446c06007ffff,2,2.0,2.0,1.0,0.0,10.0,0.0,0.0,0.0,0.0,0.0,0.0,0.0,0.0,0.0,0.0,0.0,1
89446c06027ffff,2,2.0,3.0,0.0,0.5,10.0,0.0,0.0,0.0,0.0,0.0,0.0,0.0,0.0,0.0,0.0,0.0,44
89446c0602fffff,2,0.0,3.0,0.0,0.0,5.1,1.0,0.0,0.0,0.0,0.0,0.0,0.0,0.0,0.0,0.0,0.0,40
89446c0603bffff,1,1.0,2.0,1.0,0.0,10.0,0.0,0.0,0.0,0.0,0.0,0.0,0.0,0.0,0.0,0.0,0.0,2
89446c06043ffff,5,2.0,2.0,1.0,0.2,9.6,0.0,0.0,0.0,0.0,0.0,0.0,0.0,0.0,0.0,0.0,0.0,20
89446c06047ffff,2,1.0,2.0,0.0,0.0,10.0,0.0,0.0,0.0,0.0,0.0,0.0,0.0,0.0,0.0,0.0,0.0,10
89446c0604bffff,11,7.0,2.0,0.45454545454545453,0.0,9.636363636363637,0.0,0.0,0.0,0.0,0.0,0.0,0.0,0.0,0.0,0.0,0.0,41
89446c0604fffff,2,1.0,2.5,0.0,0.0,10.0,0.0,0.0,0.0,0.0,0.0,0.0,0.0,0.0,0.0,0.0,0.0,43
89446c06053ffff,1,1.0,2.0,0.0,0.0,10.0,0.0,0.0,0.0,0.0,0.0,0.0,0.0,0.0,0.0,0.0,0.0,20
89446c06057ffff,2,2.0,2.0,0.5,0.0,10.0,0.0,0.0,0.0,0.0,0.0,0.0,0.0,0.0,0.0,0.0,0.0,9
89446c0605bffff,2,2.0,2.0,0.0,0.5,10.0,0.0,0.5,0.0,0.0,0.0,0.0,0.0,0.0,0.0,0.0,0.0,39
89446c06067ffff,59,11.0,2.0677966101694913,0.2033898305084746,0.0847457627118644,9.296610169491526,0.0,0.01694915254237288,0.0,0.05084745762711865,0.0,0.01694915254237288,0.0,0.0,0.0,0.0,0.0,83
89446c0606bffff,40,1.0,2.0,0.3,0.15,9.0825,0.0,0.0,0.05,0.0,0.0,0.0,0.0,0.0,0.0,0.0,0.0,113
89446c0606fffff,57,22.0,2.280701754385965,0.22807017543859648,0.17543859649122806,9.089285714285714,0.21052631578947367,0.0,0.0,0.0,0.0,0.0,0.0,0.0,0.0,0.0,0.0,118
89446c0607bffff,1,0.0,2.0,1.0,0.0,10.0,0.0,0.0,0.0,0.0,0.0,0.0,0.0,0.0,0.0,0.0,0.0,52
89446c06083ffff,2,0.0,2.0,0.0,0.0,9.0,0.0,0.0,0.0,0.0,0.0,0.0,0.0,0.0,0.0,0.0,0.0,47
89446c06087ffff,5,3.0,2.0,0.2,0.0,10.0,0.0,1.0,0.0,0.0,0.0,1.0,0.0,0.0,0.0,0.0,0.0,17
89446c06093ffff,3,0.0,2.0,0.3333333333333333,0.0,10.0,0.0,0.0,0.0,0.0,0.0,0.0,0.0,0.0,0.0,0.0,0.0,64
89446c06097ffff,1,0.0,2.0,0.0,0.0,10.0,0.0,0.0,0.0,0.0,0.0,0.0,0.0,0.0,0.0,0.0,0.0,13
89446c0609bffff,38,6.0,2.0,0.13157894736842105,0.15789473684210525,9.210526315789474,0.0,0.8947368421052632,0.7631578947368421,0.18421052631578946,0.0,0.8947368421052632,0.0,0.0,0.0,0.0,0.0,55
89446c060a3ffff,34,9.0,2.0,0.08823529411764706,0.08823529411764706,9.794117647058824,0.0,1.0,0.9117647058823529,0.0,0.0,1.0,0.0,0.0,0.0,0.0,0.0,17
89446c060a7ffff,3,0.0,2.0,0.0,0.3333333333333333,8.0,0.0,0.0,0.0,0.0,0.0,0.0,0.0,0.0,0.0,0.0,0.0,53
89446c060b3ffff,7,2.0,2.0,0.2857142857142857,0.0,10.0,0.0,0.0,0.0,0.0,0.0,0.0,0.0,0.0,0.0,0.0,0.0,51
89446c060bbffff,7,5.0,2.0,0.42857142857142855,0.0,10.0,0.0,0.0,0.0,0.0,0.0,0.0,0.0,0.0,0.0,0.0,0.0,46
89446c060c3ffff,2,2.0,2.0,1.0,0.0,10.0,0.0,0.0,0.0,0.0,0.0,0.0,0.0,0.0,0.0,0.0,0.0,20
89446c060c7ffff,3,2.0,2.0,0.3333333333333333,0.0,10.0,0.0,0.0,0.0,0.0,0.0,0.0,0.0,0.0,0.0,0.0,0.0,7
89446c060cbffff,5,2.0,2.0,0.4,0.0,8.4,0.0,0.0,0.0,0.0,0.0,0.0,0.0,0.0,0.0,0.0,0.0,16
89446c060cfffff,1,0.0,2.0,1.0,0.0,10.0,0.0,0.0,0.0,0.0,0.0,0.0,0.0,0.0,0.0,0.0,0.0,13
89446c060d3ffff,4,1.0,2.0,0.25,0.25,9.25,0.0,0.0,0.0,0.0,0.0,0.0,0.0,0.0,0.0,0.0,0.0,66
89446c060d7ffff,4,1.0,2.0,0.0,0.25,9.0,0.0,0.0,0.0,0.0,0.0,0.0,0.0,0.0,0.0,0.0,0.0,86
89446c060dbffff,3,1.0,2.0,0.0,0.0,10.0,0.0,0.0,0.6666666666666666,0.0,0.0,0.0,0.0,0.0,0.0,0.0,0.0,25
89446c06103ffff,8,1.0,2.375,0.125,0.125,10.0,0.25,0.0,0.0,0.0,0.0,0.0,0.0,0.0,0.0,0.0,0.0,105
89446c06107ffff,59,15.0,2.0,0.15254237288135594,0.1016949152542373,9.008474576271187,0.0,0.23728813559322035,0.2542372881355932,0.0,0.0,0.0,0.0,0.0,0.0,0.0,0.0,103
89446c0610bffff,3,2.0,2.6666666666666665,0.6666666666666666,0.0,10.0,0.3333333333333333,0.0,0.0,0.0,0.0,0.0,0.0,0.0,0.0,0.0,0.0,178
89446c0610fffff,9,6.0,2.0,0.3333333333333333,0.1111111111111111,9.555555555555555,0.0,0.0,0.0,0.0,0.0,0.0,0.0,0.0,0.0,0.0,0.0,130
89446c06113ffff,7,2.0,2.0,0.2857142857142857,0.14285714285714285,9.285714285714286,0.0,0.0,0.0,0.8571428571428571,0.0,0.0,0.0,0.0,0.0,0.0,0.0,228
89446c06117ffff,25,4.0,2.0,0.24,0.04,9.56,0.0,0.24,0.24,0.08,0.0,0.04,0.0,0.0,0.0,0.0,0.0,96
89446c0611bffff,2,1.0,2.0,0.5,0.0,10.0,0.0,0.0,0.0,0.0,0.0,0.0,0.0,0.0,0.0,0.0,0.0,280
89446c06123ffff,3,0.0,2.0,0.0,0.0,10.0,0.0,0.0,0.0,1.0,0.0,0.0,0.0,0.0,0.0,0.0,0.0,71
89446c06127ffff,3,3.0,2.0,0.3333333333333333,0.0,10.0,0.0,0.0,0.0,0.6666666666666666,0.0,0.0,0.0,0.0,0.0,0.0,0.0,17
89446c0612bffff,1,1.0,2.0,0.0,0.0,10.0,0.0,0.0,0.0,1.0,0.0,1.0,0.0,0.0,0.0,0.0,0.0,75
89446c0612fffff,6,2.0,2.0,0.16666666666666666,0.16666666666666666,8.333333333333334,0.16666666666666666,0.3333333333333333,0.0,0.6666666666666666,0.3333333333333333,0.3333333333333333,0.0,0.0,0.0,0.0,0.16666666666666666,21
89446c06133ffff,3,1.0,2.0,0.3333333333333333,0.3333333333333333,10.0,0.0,0.0,0.6666666666666666,0.0,0.0,0.0,0.0,0.0,0.0,0.0,0.0,128
89446c06137ffff,7,4.0,2.0,0.14285714285714285,0.0,9.428571428571429,0.0,0.0,0.0,1.0,0.0,0.0,0.0,0.0,0.0,0.0,0.0,23
89446c0613bffff,51,18.0,2.0,0.3333333333333333,0.0196078431372549,9.470588235294118,0.0,0.5294117647058824,0.6470588235294118,0.0,0.0,0.0,0.0,0.0,0.0,0.0,0.0,82
89446c06143ffff,37,11.0,2.7837837837837838,0.2972972972972973,0.10810810810810811,9.454054054054055,0.0,0.0,0.0,0.0,0.0,0.0,0.0,0.0,0.0,0.0,0.0,251
89446c06147ffff,3,1.0,2.0,0.3333333333333333,0.0,10.0,0.0,0.0,0.0,0.0,0.0,0.0,0.0,0.0,0.0,0.0,0.0,244
89446c0614bffff,6,1.0,2.0,0.3333333333333333,0.0,10.0,0.0,0.0,0.3333333333333333,0.0,0.0,0.0,0.0,0.0,0.0,0.0,0.0,108
89446c0614fffff,46,13.0,2.630434782608696,0.2826086956521739,0.06521739130434782,9.521739130434783,0.8913043478260869,0.021739130434782608,0.0,0.0,0.0,0.021739130434782608,0.0,0.0,0.0,0.0,0.0,121
89446c06153ffff,19,12.0,2.473684210526316,0.21052631578947367,0.10526315789473684,8.952631578947368,0.21052631578947367,0.0,0.0,0.0,0.0,0.0,0.0,0.0,0.0,0.0,0.0,235
89446c06157ffff,154,45.0,2.6363636363636362,0.33116883116883117,0.11688311688311688,9.256168831168832,0.44805194805194803,0.0,0.0,0.0,0.0,0.0,0.0,0.0,0.0,0.0,0.0,83
89446c0615bffff,23,5.0,2.5652173913043477,0.6521739130434783,0.2608695652173913,9.521739130434783,0.043478260869565216,0.0,0.0,0.0,0.0,0.0,0.0,0.0,0.0,0.0,0.0,68
89446c06163ffff,1,0.0,2.0,0.0,0.0,10.0,0.0,0.0,0.0,0.0,0.0,0.0,0.0,0.0,0.0,0.0,0.0,49
89446c0616bffff,38,10.0,2.736842105263158,0.21052631578947367,0.05263157894736842,9.044736842105262,0.10526315789473684,0.3684210526315789,0.0,0.0,0.0,0.3684210526315789,0.0,0.0,0.0,0.0,0.0,165
89446c06173ffff,2,2.0,2.0,0.5,0.5,9.5,0.0,0.0,0.0,0.0,0.0,0.0,0.0,0.0,0.0,0.0,0.0,25
89446c06177ffff,7,0.0,2.0,0.0,0.0,8.6,0.0,0.14285714285714285,0.0,0.0,0.0,0.0,0.0,0.0,0.0,0.0,0.0,64
89446c0617bffff,2,1.0,3.0,0.5,0.0,9.0,0.0,0.0,0.0,0.0,0.0,0.0,0.0,0.0,0.0,0.0,0.0,163
89446c06183ffff,7,2.0,2.0,0.2857142857142857,0.14285714285714285,8.685714285714285,0.0,0.0,0.0,0.0,0.0,0.0,0.0,0.0,0.0,0.0,0.0,252
89446c06187ffff,3,0.0,2.0,0.6666666666666666,0.0,10.0,0.0,0.0,0.0,0.0,0.0,0.0,0.0,0.0,0.0,0.0,0.0,35
89446c0618bffff,98,28.0,2.6122448979591835,0.2653061224489796,0.05102040816326531,9.29030612244898,0.21428571428571427,0.15306122448979592,0.02040816326530612,0.15306122448979592,0.0,0.0,0.0,0.0,0.0,0.0,0.02040816326530612,231
89446c0618fffff,6,3.0,2.0,0.16666666666666666,0.3333333333333333,9.0,0.0,0.0,0.0,0.5,0.0,0.0,0.0,0.0,0.0,0.0,0.0,149
89446c06193ffff,32,6.0,2.46875,0.3125,0.03125,8.640625,0.6875,0.0,0.0,0.0,0.0,0.0,0.0,0.0,0.0,0.0,0.0,174
89446c06197ffff,8,1.0,2.0,0.375,0.0,8.4,0.0,0.0,0.0,0.0,0.0,0.0,0.0,0.0,0.0,0.0,0.0,92
89446c0619bffff,105,17.0,2.5047619047619047,0.3047619047619048,0.06666666666666667,9.448285714285715,0.0,0.0,0.14285714285714285,0.0,0.0,0.0,0.0,0.0,0.0,0.0,0.11428571428571428,181
89446c061a3ffff,7,3.0,2.0,0.42857142857142855,0.14285714285714285,9.142857142857142,0.0,0.0,0.0,0.0,0.0,0.0,0.0,0.0,0.0,0.0,0.0,38
89446c061a7ffff,7,4.0,2.0,0.2857142857142857,0.2857142857142857,8.857142857142858,0.0,0.0,0.0,0.0,0.0,0.0,0.0,0.0,0.0,0.0,0.0,53
89446c061abffff,7,4.0,2.0,0.42857142857142855,0.2857142857142857,7.857142857142857,0.0,0.0,0.0,0.0,0.0,0.0,0.0,0.0,0.0,0.0,0.0,104
89446c061afffff,1,0.0,2.0,0.0,0.0,10.0,0.0,0.0,0.0,0.0,0.0,0.0,0.0,0.0,0.0,0.0,0.0,44
89446c061b3ffff,3,1.0,2.0,1.0,0.0,6.666666666666667,0.0,0.0,0.0,0.0,0.0,0.0,0.0,0.0,0.0,0.0,0.0,60
89446c061b7ffff,11,4.0,2.0,0.36363636363636365,0.18181818181818182,9.272727272727273,0.0,0.0,0.0,0.0,0.0,0.0,0.0,0.0,0.0,0.0,0.0,58
89446c061bbffff,9,5.0,2.0,0.2222222222222222,0.0,8.666666666666666,0.0,0.0,0.0,0.0,0.0,0.0,0.0,0.0,0.0,0.0,0.0,51
89446c061c3ffff,2,1.0,2.0,0.0,0.0,9.0,0.0,0.0,0.0,0.0,0.0,0.0,0.0,0.0,0.0,0.0,0.0,142
89446c061c7ffff,89,19.0,2.6179775280898876,0.38202247191011235,0.0898876404494382,9.42134831460674,0.0,0.0,0.0,0.0,0.0,0.0,0.0,0.0,0.0,0.0,0.0,145
89446c061cfffff,19,8.0,2.3157894736842106,0.5263157894736842,0.10526315789473684,9.447368421052632,0.21052631578947367,0.0,0.0,0.0,0.0,0.0,0.0,0.0,0.0,0.0,0.0,266
89446c061d3ffff,14,5.0,2.0,0.14285714285714285,0.07142857142857142,9.428571428571429,0.0,0.9285714285714286,0.8571428571428571,0.0,0.0,0.9285714285714286,0.0,0.0,0.0,0.0,0.0,30
89446c061d7ffff,17,5.0,2.0,0.0,0.058823529411764705,9.294117647058824,0.0,0.0,0.0,0.0,0.0,0.0,0.0,0.0,0.0,0.0,0.0,311
89446c061dbffff,3,2.0,2.0,0.6666666666666666,0.0,10.0,0.0,0.0,0.0,0.0,0.0,0.0,0.0,0.0,0.0,0.0,0.0,19
89446c06207ffff,17,2.0,2.8823529411764706,0.47058823529411764,0.11764705882352941,9.764705882352942,0.7647058823529411,0.0,0.0,0.0,0.0,0.0,0.0,0.0,0.0,0.0,0.0,37
89446c0620fffff,36,20.0,2.111111111111111,0.4444444444444444,0.19444444444444445,9.416666666666666,0.0,0.0,0.0,0.0,0.0,0.0,0.0,0.0,0.0,0.0,0.0,21
89446c06277ffff,4,0.0,2.0,0.0,0.25,9.0,0.0,1.0,0.0,1.0,0.0,1.0,0.0,0.0,0.0,0.0,0.0,36
89446c06293ffff,2,2.0,2.0,0.0,0.0,10.0,0.0,0.0,0.0,0.0,0.0,0.0,0.0,0.0,0.0,0.0,0.0,29
89446c06297ffff,16,8.0,2.0,0.3125,0.0625,7.965625,0.0,0.0,0.0,0.0,0.0,0.0,0.0,0.0,0.0,0.0,0.0,16
89446c062a7ffff,41,9.0,2.268292682926829,0.3902439024390244,0.07317073170731707,8.859756097560975,0.36585365853658536,0.0,0.17073170731707318,0.0,0.0,0.0,0.0,0.0,0.0,0.0,0.0,55
89446c062abffff,1,1.0,2.0,1.0,0.0,10.0,0.0,0.0,0.0,0.0,0.0,0.0,0.0,0.0,0.0,0.0,0.0,18
89446c062afffff,1,1.0,2.0,1.0,0.0,10.0,0.0,0.0,0.0,0.0,0.0,0.0,0.0,0.0,0.0,0.0,0.0,42
89446c062b3ffff,16,6.0,2.0,0.625,0.1875,8.75,0.0,0.0,0.0,0.0,0.0,0.0,0.0,0.0,0.0,0.0,0.0,21
89446c062b7ffff,8,4.0,2.0,0.5,0.0,9.0,0.0,0.0,0.0,0.0,0.0,0.0,0.0,0.0,0.0,0.0,0.0,100
89446c06313ffff,1,0.0,2.0,0.0,0.0,10.0,0.0,0.0,0.0,0.0,0.0,0.0,0.0,0.0,0.0,0.0,0.0,9
89446c06317ffff,8,3.0,2.0,0.0,0.0,9.75,0.0,0.25,0.0,0.0,0.0,0.25,0.0,0.0,0.0,0.0,0.0,4
89446c06383ffff,1,1.0,2.0,0.0,0.0,10.0,0.0,0.0,0.0,0.0,0.0,0.0,0.0,0.0,0.0,0.0,0.0,29
89446c0638fffff,1,1.0,2.0,1.0,0.0,10.0,0.0,1.0,0.0,0.0,0.0,1.0,0.0,0.0,0.0,0.0,0.0,11
89446c06393ffff,13,2.0,2.1538461538461537,0.23076923076923078,0.15384615384615385,9.153846153846153,0.3076923076923077,0.0,0.0,0.0,0.0,0.0,0.0,0.0,0.0,0.0,0.0,77
89446c06397ffff,2,2.0,2.0,1.0,0.0,8.5,0.0,0.0,0.0,0.0,0.0,0.0,0.0,0.0,0.0,0.0,0.0,45
89446c0639bffff,13,3.0,2.0,0.15384615384615385,0.0,10.0,0.0,0.0,0.0,0.9230769230769231,0.0,0.0,0.0,0.0,0.0,0.0,0.0,130
89446c063a3ffff,9,5.0,2.0,0.1111111111111111,0.0,9.777777777777779,0.0,0.0,0.0,0.2222222222222222,0.0,0.0,0.0,0.0,0.0,0.0,0.0,80
89446c063a7ffff,3,0.0,2.0,0.0,0.0,10.0,0.0,0.3333333333333333,0.0,0.0,0.0,0.3333333333333333,0.0,0.0,0.0,0.0,0.0,208
89446c063abffff,1,0.0,2.0,0.0,1.0,10.0,0.0,0.0,0.0,0.0,0.0,0.0,0.0,0.0,0.0,0.0,0.0,20
89446c063afffff,2,0.0,2.0,0.5,0.5,7.5,0.0,0.0,0.0,0.0,0.0,0.0,0.0,0.0,0.0,0.0,0.0,13
89446c063b7ffff,73,14.0,2.7945205479452055,0.3287671232876712,0.0684931506849315,9.602739726027398,0.0,0.0136986301369863,0.0,0.0410958904109589,0.0136986301369863,0.0,0.0,0.0,0.0,0.0,0.0,98
89446c063bbffff,1,0.0,2.0,0.0,0.0,10.0,0.0,0.0,0.0,0.0,0.0,0.0,0.0,0.0,0.0,0.0,0.0,19
89446c063d3ffff,6,3.0,2.0,0.3333333333333333,0.16666666666666666,10.0,0.0,1.0,0.0,0.0,0.0,1.0,0.0,0.0,0.0,0.0,0.0,138
89446c06403ffff,2,0.0,2.0,0.5,0.5,5.75,0.0,0.0,0.0,0.0,0.0,0.0,0.0,0.0,0.0,0.0,0.0,89
89446c06407ffff,2,1.0,2.0,0.0,0.0,10.0,0.0,0.0,0.0,0.0,0.0,0.0,0.0,0.0,0.0,0.0,0.0,122
89446c0640bffff,2,1.0,2.0,0.5,0.0,9.5,0.0,0.0,0.0,0.0,0.0,0.0,0.0,0.0,0.0,0.0,0.0,32
89446c0640fffff,3,1.0,2.0,0.3333333333333333,0.0,8.0,0.0,0.0,0.0,0.0,0.0,0.0,0.0,0.0,0.0,0.0,0.0,22
89446c06413ffff,31,10.0,2.0,0.22580645161290322,0.06451612903225806,9.483870967741936,0.0,0.3870967741935484,0.3870967741935484,0.0,0.0,0.0,0.0,0.0,0.0,0.0,0.0,326
89446c06417ffff,35,9.0,2.3142857142857145,0.14285714285714285,0.08571428571428572,8.748571428571429,0.0,0.0,0.0,0.0,0.0,0.0,0.0,0.0,0.0,0.0,0.0,309
89446c0641bffff,16,4.0,2.0,0.25,0.0625,9.5,0.0,0.0,0.0,0.0,0.0,0.0,0.0,0.0,0.0,0.0,0.0,53
89446c06423ffff,4,1.0,2.0,0.5,0.0,10.0,0.0,0.0,0.0,0.0,0.0,0.0,0.0,0.0,0.0,0.0,0.0,49
89446c0642bffff,13,6.0,2.0,0.23076923076923078,0.15384615384615385,10.0,0.0,0.0,0.46153846153846156,0.23076923076923078,0.0,0.0,0.0,0.0,0.0,0.0,0.46153846153846156,32
89446c0642fffff,3,3.0,2.0,0.0,0.0,8.666666666666666,0.0,0.0,0.0,0.0,0.0,0.0,0.0,0.0,0.0,0.0,0.0,21
89446c06433ffff,17,6.0,2.0,0.35294117647058826,0.0,9.941176470588236,0.0,0.0,0.0,0.0,0.0,0.0,0.0,0.0,0.0,0.0,0.0,230
89446c06437ffff,2,2.0,2.0,0.0,0.0,10.0,0.0,0.0,0.0,0.0,0.0,0.0,0.0,0.0,0.0,0.0,0.0,218
89446c0643bffff,14,5.0,2.0,0.35714285714285715,0.0,10.0,0.0,0.0,0.0,0.0,0.0,0.0,0.0,0.0,0.0,0.0,0.0,40
89446c06443ffff,2,0.0,2.0,0.0,0.0,9.0,0.0,0.0,0.0,0.0,0.0,0.0,0.0,0.0,0.0,0.0,0.0,19
89446c0644bffff,1,1.0,2.0,0.0,0.0,10.0,0.0,0.0,0.0,0.0,0.0,0.0,0.0,0.0,0.0,0.0,0.0,9
89446c0644fffff,3,1.0,2.0,0.0,0.3333333333333333,7.0,0.0,0.0,0.0,0.0,0.0,0.0,0.0,0.0,0.0,0.0,0.0,10
89446c06453ffff,4,2.0,2.0,0.25,0.0,9.0,0.0,0.0,0.25,0.0,0.0,0.0,0.0,0.0,0.0,0.0,0.0,15
89446c06457ffff,10,1.0,2.0,0.0,0.0,9.3,0.0,0.0,0.0,0.0,0.0,0.0,0.0,0.0,0.0,0.0,0.0,26
89446c0645bffff,1,1.0,2.0,0.0,0.0,10.0,0.0,0.0,0.0,0.0,0.0,0.0,0.0,0.0,0.0,0.0,0.0,9
89446c06463ffff,1,0.0,2.0,1.0,0.0,10.0,0.0,0.0,0.0,0.0,0.0,0.0,0.0,0.0,0.0,0.0,0.0,64
89446c06467ffff,7,2.0,2.0,0.14285714285714285,0.0,10.0,0.0,0.0,0.0,0.5714285714285714,0.0,0.0,0.0,0.0,0.0,0.0,0.0,95
89446c0646bffff,12,1.0,2.0,0.0,0.3333333333333333,8.166666666666666,0.0,0.0,0.0,0.0,0.5,0.0,0.0,0.0,0.0,0.0,0.0,57
89446c0646fffff,39,17.0,2.0,0.15384615384615385,0.10256410256410256,9.23076923076923,0.0,0.5128205128205128,0.6666666666666666,0.0,0.05128205128205128,0.5128205128205128,0.0,0.0,0.0,0.0,0.0,66
89446c06473ffff,1,1.0,2.0,1.0,0.0,10.0,0.0,0.0,0.0,0.0,0.0,0.0,0.0,0.0,0.0,0.0,0.0,11
89446c06477ffff,1,1.0,2.0,0.0,0.0,10.0,0.0,0.0,0.0,0.0,0.0,0.0,0.0,0.0,0.0,0.0,0.0,39
89446c0647bffff,4,3.0,2.0,0.75,0.25,10.0,0.0,0.0,0.0,0.0,0.0,0.0,0.0,0.0,0.0,0.0,0.0,20
89446c06483ffff,15,1.0,2.0,0.2,0.13333333333333333,9.866666666666667,0.0,0.0,0.0,0.0,0.0,0.0,0.0,0.0,0.0,0.0,0.0,279
89446c0648bffff,48,34.0,2.25,0.4791666666666667,0.08333333333333333,9.479166666666666,0.08333333333333333,0.0,0.0,0.0,0.0,0.0,0.0,0.0,0.0,0.0,0.0,295
89446c0648fffff,219,64.0,2.6392694063926943,0.2648401826484018,0.0958904109589041,9.407762557077627,0.0,0.0,0.680365296803653,0.0,0.0,0.0,0.0,0.0,0.0,0.0,0.0,133
89446c06493ffff,10,1.0,2.0,0.2,0.2,10.0,0.0,0.0,0.0,0.0,0.0,0.0,0.0,0.0,0.0,0.0,0.0,20
89446c06497ffff,2,1.0,2.0,0.0,0.5,5.9,0.0,0.0,0.0,0.0,0.0,0.0,0.0,0.0,0.0,0.0,0.0,25
89446c064a3ffff,20,6.0,2.0,0.2,0.1,9.05,0.0,0.0,0.0,0.0,0.0,0.0,0.0,0.0,0.0,0.0,0.0,224
89446c064a7ffff,2,0.0,2.0,0.0,0.0,10.0,0.0,0.0,0.0,0.0,0.0,0.0,0.0,0.0,0.0,0.0,0.0,269
89446c064abffff,51,29.0,2.6862745098039214,0.39215686274509803,0.2549019607843137,9.063725490196079,0.0392156862745098,0.0,0.0,0.0,0.0,0.0,0.0,0.0,0.0,0.0,0.0,235
89446c064afffff,157,55.0,2.515923566878981,0.25477707006369427,0.14012738853503184,9.249681528662421,0.03184713375796178,0.0,0.7133757961783439,0.0,0.0,0.0,0.0,0.0,0.0,0.0,0.0,131
89446c064b7ffff,10,1.0,2.0,0.1,0.1,9.6,0.0,0.0,0.0,0.0,0.0,0.0,0.0,0.0,0.0,0.0,0.0,89
89446c064bbffff,4,2.0,2.0,0.0,0.0,10.0,0.0,0.0,0.0,0.0,0.0,0.0,0.0,0.0,0.0,0.0,0.0,325
89446c064c7ffff,6,1.0,2.0,0.3333333333333333,0.0,9.833333333333334,0.0,0.0,0.0,0.0,0.0,0.0,0.0,0.0,0.0,0.0,0.0,121
89446c064cfffff,2,1.0,2.0,0.0,0.5,7.5,0.0,0.0,0.0,0.0,0.0,0.0,0.0,0.0,0.0,0.0,0.0,36
89446c064d3ffff,2,1.0,2.0,0.0,0.0,10.0,0.0,0.0,0.0,0.0,0.0,0.0,0.0,0.0,0.0,0.0,0.0,70
89446c064d7ffff,24,13.0,2.4166666666666665,0.4166666666666667,0.041666666666666664,9.791666666666666,0.0,0.0,0.0,0.0,0.0,0.0,0.0,0.0,0.0,0.0,0.0,85
89446c06503ffff,63,20.0,2.4126984126984126,0.3492063492063492,0.1111111111111111,9.746031746031745,0.015873015873015872,0.0,0.0,0.0,0.0,0.0,0.0,0.0,0.0,0.0,0.031746031746031744,442
89446c06507ffff,17,9.0,2.3529411764705883,0.4117647058823529,0.058823529411764705,8.970588235294118,0.058823529411764705,0.0,0.0,0.0,0.0,0.0,0.0,0.0,0.0,0.0,0.0,216
89446c0650bffff,14,13.0,2.0,0.35714285714285715,0.42857142857142855,8.5,0.0,0.0,0.0,0.0,0.0,0.0,0.0,0.0,0.0,0.0,0.0,404
89446c0650fffff,22,11.0,2.0,0.45454545454545453,0.22727272727272727,8.857142857142858,0.0,0.0,0.0,0.0,0.0,0.0,0.0,0.0,0.0,0.0,0.0,121
89446c06513ffff,60,18.0,2.0,0.16666666666666666,0.1,9.075833333333332,0.0,0.0,0.0,0.0,0.0,0.0,0.0,0.0,0.0,0.0,0.0,440
89446c06517ffff,17,7.0,2.0,0.4117647058823529,0.17647058823529413,8.705882352941176,0.0,0.0,0.0,0.0,0.0,0.0,0.0,0.0,0.0,0.0,0.0,150
89446c0651bffff,312,86.0,2.6538461538461537,0.32371794871794873,0.07692307692307693,9.38926282051282,0.060897435897435896,0.16987179487179488,0.36538461538461536,0.05448717948717949,0.05128205128205128,0.0,0.0,0.0,0.0,0.0,0.0,228
89446c06523ffff,21,14.0,2.4761904761904763,0.5238095238095238,0.09523809523809523,9.071428571428571,0.23809523809523808,0.0,0.0,0.0,0.0,0.0,0.0,0.0,0.0,0.0,0.0,647
89446c06527ffff,494,170.0,2.9068825910931175,0.3016194331983806,0.10931174089068826,9.411943319838057,0.43724696356275305,0.0,0.0,0.0,0.0,0.0,0.0,0.0,0.0,0.0,0.0,185
89446c0652bffff,1,0.0,2.0,0.0,0.0,10.0,0.0,0.0,0.0,0.0,0.0,0.0,0.0,0.0,0.0,0.0,0.0,131
89446c0652fffff,29,9.0,2.2413793103448274,0.3448275862068966,0.10344827586206896,9.689655172413794,0.0,0.0,0.0,0.0,0.0,0.0,0.0,0.0,0.0,0.0,0.0,575
89446c06533ffff,106,18.0,2.707547169811321,0.3867924528301887,0.02830188679245283,9.665094339622641,0.7547169811320755,0.0,0.0,0.0,0.0,0.0,0.0,0.0,0.0,0.0,0.0,63
89446c06537ffff,9,6.0,2.5555555555555554,0.5555555555555556,0.0,10.0,0.0,0.0,0.0,0.0,0.0,0.0,0.0,0.0,0.0,0.0,0.0,717
89446c0653bffff,8,3.0,2.0,0.25,0.0,10.0,0.0,0.0,0.0,0.0,0.0,0.0,0.0,0.0,0.0,0.0,0.0,184
89446c06547ffff,4,0.0,2.0,0.25,0.0,6.875,0.0,0.0,0.0,0.0,0.0,0.0,0.0,0.0,0.0,0.0,0.0,22
89446c0654fffff,5,4.0,2.0,0.2,0.4,8.4,0.0,0.0,0.0,0.0,0.0,0.0,0.0,0.0,0.0,0.0,0.0,11
89446c06557ffff,1,1.0,2.0,1.0,0.0,7.0,0.0,0.0,0.0,0.0,0.0,0.0,0.0,0.0,0.0,0.0,0.0,377
89446c06563ffff,1,1.0,2.0,0.0,0.0,0.25,0.0,0.0,0.0,0.0,0.0,0.0,0.0,0.0,0.0,0.0,0.0,48
89446c06567ffff,24,9.0,2.0,0.375,0.08333333333333333,8.760416666666666,0.0,0.0,0.0,0.0,0.0,0.0,0.0,0.0,0.0,0.0,0.0,159
89446c0656bffff,2,1.0,2.0,0.5,0.0,10.0,0.0,0.0,0.0,0.0,0.0,0.0,0.0,0.0,0.0,0.0,0.0,21
89446c0656fffff,3,0.0,2.0,0.3333333333333333,0.0,10.0,0.0,0.0,0.0,0.0,0.0,0.0,0.0,0.0,0.0,0.0,0.0,163
89446c06573ffff,2,1.0,2.0,0.0,0.0,10.0,0.0,0.0,0.0,0.0,0.0,0.0,0.0,0.0,0.0,0.0,0.0,58
89446c06577ffff,17,3.0,2.0,0.23529411764705882,0.058823529411764705,9.647058823529411,0.0,0.0,0.0,0.0,0.0,0.0,0.0,0.0,0.0,0.0,0.0,58
89446c06583ffff,2,1.0,2.0,0.5,0.0,8.0,0.0,0.0,0.0,0.0,0.0,0.0,0.0,0.0,0.0,0.0,0.0,23
89446c06587ffff,5,0.0,2.0,0.0,0.0,10.0,0.0,0.0,0.0,0.0,0.0,0.0,0.0,0.0,0.0,0.0,0.0,74
89446c0658bffff,2,1.0,2.0,0.0,0.0,10.0,0.0,0.0,0.0,0.0,0.0,0.0,0.0,0.0,0.0,0.0,0.0,109
89446c0658fffff,3,2.0,2.0,0.0,0.0,10.0,0.0,0.0,0.0,0.0,0.0,0.0,0.0,0.0,0.0,0.0,0.0,93
89446c06593ffff,3,1.0,2.0,0.0,0.3333333333333333,8.666666666666666,0.0,0.0,0.0,0.0,0.0,0.0,0.0,0.0,0.0,0.0,0.0,58
89446c06597ffff,10,4.0,2.0,0.3,0.1,9.3,0.0,0.0,0.0,0.0,0.0,0.0,0.0,0.0,0.0,0.0,0.0,102
89446c065a3ffff,29,19.0,2.0,0.5862068965517241,0.034482758620689655,9.793103448275861,0.0,0.0,0.1724137931034483,0.0,0.0,0.0,0.0,0.0,0.0,0.0,0.0,56
89446c065a7ffff,2,0.0,2.0,0.0,0.0,10.0,0.0,0.0,0.0,0.0,0.0,0.0,0.0,0.0,0.0,0.0,0.0,79
89446c065afffff,8,5.0,2.0,0.5,0.0,9.125,0.0,0.0,0.0,0.0,0.0,0.0,0.0,0.0,0.0,0.0,0.0,176
89446c065b3ffff,34,13.0,2.0,0.2647058823529412,0.029411764705882353,9.852941176470589,0.0,0.0,0.6176470588235294,0.0,0.0,0.0,0.0,0.0,0.0,0.0,0.0,70
89446c065b7ffff,5,1.0,2.0,0.0,0.2,8.2,0.0,0.0,0.0,0.0,0.0,0.0,0.0,0.0,0.0,0.0,0.0,132
89446c065bbffff,7,3.0,2.0,0.42857142857142855,0.0,10.0,0.0,0.0,0.0,0.0,0.0,0.0,0.0,0.0,0.0,0.0,0.0,88
89446c065c3ffff,23,16.0,2.0,0.30434782608695654,0.043478260869565216,9.347826086956522,0.0,0.0,0.0,0.0,0.0,0.0,0.0,0.0,0.0,0.0,0.0,131
89446c065c7ffff,43,20.0,2.0,0.3488372093023256,0.06976744186046512,9.674418604651162,0.0,0.0,0.32558139534883723,0.0,0.0,0.0,0.0,0.0,0.0,0.0,0.0,445
89446c065cbffff,1,0.0,2.0,0.0,0.0,10.0,0.0,0.0,0.0,0.0,0.0,0.0,0.0,0.0,0.0,0.0,0.0,111
89446c065cfffff,47,11.0,2.425531914893617,0.2765957446808511,0.06382978723404255,9.58695652173913,0.0,0.0,0.0,0.0,0.0,0.0,0.0,0.0,0.0,0.0,0.0,380
89446c065d7ffff,1,1.0,2.0,1.0,0.0,6.0,0.0,0.0,0.0,0.0,0.0,0.0,0.0,0.0,0.0,0.0,0.0,82
89446c065dbffff,39,10.0,2.5384615384615383,0.2564102564102564,0.07692307692307693,9.569230769230769,0.0,0.0,0.0,0.0,0.0,0.0,0.0,0.0,0.0,0.0,0.0,185
89446c06603ffff,2,0.0,2.0,0.5,0.0,10.0,0.0,0.0,0.0,0.0,0.0,0.0,0.0,0.0,0.0,0.0,0.0,32
89446c06607ffff,12,4.0,2.0,0.16666666666666666,0.08333333333333333,9.25,0.0,0.8333333333333334,0.0,0.8333333333333334,0.0,0.0,0.0,0.0,0.0,0.0,0.0,17
89446c0660fffff,2,2.0,2.0,1.0,0.0,10.0,0.0,0.0,0.0,0.0,0.0,0.0,0.0,0.0,0.0,0.0,0.0,21
89446c06613ffff,5,4.0,2.0,0.2,0.6,8.0,0.0,0.0,0.0,0.0,0.0,0.0,0.0,0.0,0.0,0.0,0.0,47
89446c06617ffff,2,2.0,2.0,1.0,0.0,10.0,0.0,0.0,0.0,0.0,0.0,0.0,0.0,0.0,0.0,0.0,0.0,29
89446c0661bffff,11,4.0,2.0,0.18181818181818182,0.09090909090909091,9.818181818181818,0.0,0.0,0.0,0.0,0.0,0.0,0.0,0.0,0.0,0.0,0.0,36
89446c06623ffff,2,1.0,2.0,0.5,0.0,10.0,0.0,0.0,0.0,0.0,0.0,0.0,0.0,0.0,0.0,0.0,0.0,27
89446c06627ffff,5,2.0,2.0,0.4,0.2,9.8,0.0,0.0,0.0,0.0,0.0,0.0,0.0,0.0,0.0,0.0,0.0,15
89446c0662bffff,12,6.0,2.0,0.3333333333333333,0.16666666666666666,9.166666666666666,0.0,0.0,0.0,0.0,0.0,0.0,0.0,0.0,0.0,0.0,0.0,12
89446c0662fffff,1,0.0,2.0,0.0,1.0,7.0,0.0,0.0,0.0,0.0,0.0,0.0,0.0,0.0,0.0,0.0,0.0,39
89446c06633ffff,2,2.0,2.0,0.5,0.5,10.0,0.0,0.0,0.0,0.0,0.0,0.0,0.0,0.0,0.0,0.0,0.0,31
89446c06637ffff,4,2.0,2.0,0.25,0.25,10.0,0.0,0.0,0.0,0.0,0.0,0.0,0.0,0.0,0.0,0.0,0.0,21
89446c0663bffff,3,1.0,2.0,0.3333333333333333,0.0,10.0,0.0,0.0,0.0,0.0,0.0,0.0,0.0,0.0,0.0,0.0,0.0,34
89446c06657ffff,7,2.0,2.0,0.2857142857142857,0.0,8.035714285714286,0.0,0.0,0.7142857142857143,0.0,0.0,0.0,0.0,0.0,0.0,0.0,0.0,11
89446c0666fffff,1,1.0,2.0,1.0,0.0,10.0,0.0,0.0,1.0,0.0,0.0,0.0,0.0,0.0,0.0,0.0,0.0,0
89446c06677ffff,4,2.0,2.0,0.0,0.0,10.0,0.0,0.0,0.0,0.0,0.0,0.0,0.0,0.0,0.0,0.0,0.0,17
89446c06687ffff,1,1.0,2.0,0.0,0.0,10.0,0.0,0.0,0.0,0.0,0.0,0.0,0.0,0.0,0.0,0.0,0.0,7
89446c0668bffff,9,3.0,2.0,0.2222222222222222,0.0,8.11111111111111,0.0,0.0,0.8888888888888888,0.0,0.0,0.0,0.0,0.0,0.0,0.0,0.0,29
89446c0668fffff,1,0.0,2.0,0.0,0.0,10.0,0.0,0.0,0.0,0.0,0.0,0.0,0.0,0.0,0.0,0.0,0.0,20
89446c06693ffff,6,2.0,2.0,0.16666666666666666,0.0,9.5,0.0,0.0,0.5,0.0,0.0,0.0,0.0,0.0,0.0,0.0,0.0,3
89446c06697ffff,2,2.0,2.0,1.0,0.0,10.0,0.0,0.0,0.0,0.0,0.0,0.0,0.0,0.0,0.0,0.0,0.0,9
89446c0669bffff,1,1.0,2.0,1.0,0.0,0.25,0.0,0.0,0.0,0.0,0.0,0.0,0.0,0.0,0.0,0.0,0.0,15
89446c066a3ffff,2,2.0,2.0,0.5,0.0,10.0,0.0,0.0,0.0,0.0,0.0,0.0,0.0,0.0,0.0,0.0,0.0,22
89446c066a7ffff,6,4.0,2.0,0.5,0.0,9.5,0.0,0.0,0.0,0.0,0.0,0.0,0.0,0.0,0.0,0.0,0.0,28
89446c066abffff,6,3.0,2.0,0.16666666666666666,0.16666666666666666,9.166666666666666,0.0,0.8333333333333334,0.0,0.5,0.0,0.0,0.0,0.0,0.0,0.0,0.0,25
89446c066afffff,4,1.0,2.0,0.0,0.0,10.0,0.0,0.0,0.0,0.75,0.0,0.0,0.0,0.0,0.0,0.0,0.0,23
89446c066b7ffff,3,2.0,2.0,1.0,0.0,10.0,0.0,0.0,0.0,0.0,0.0,0.0,0.0,0.0,0.0,0.0,0.0,27
89446c066bbffff,3,1.0,2.0,0.3333333333333333,0.0,9.666666666666666,0.0,0.0,0.0,0.0,0.0,0.0,0.0,0.0,0.0,0.0,0.0,12
89446c066c7ffff,22,9.0,2.0454545454545454,0.22727272727272727,0.22727272727272727,9.227272727272727,0.0,0.0,0.5909090909090909,0.0,0.0,0.0,0.0,0.0,0.0,0.0,0.0,25
89446c06817ffff,1,0.0,2.0,0.0,0.0,9.0,0.0,0.0,0.0,0.0,0.0,0.0,0.0,0.0,0.0,0.0,0.0,29
89446c06823ffff,6,2.0,2.0,0.0,0.16666666666666666,8.2,0.0,0.0,0.5,0.0,0.0,0.0,0.0,0.0,0.0,0.0,0.0,32
89446c06827ffff,10,4.0,2.0,0.1,0.1,8.8,0.0,0.3,0.0,0.3,0.0,0.3,0.0,0.0,0.0,0.0,0.0,22
89446c0682bffff,17,1.0,2.0,0.35294117647058826,0.0,7.2266666666666675,0.0,0.0,0.0,0.47058823529411764,0.0,0.058823529411764705,0.0,0.0,0.0,0.0,0.0,15
89446c06833ffff,1,0.0,2.0,0.0,0.0,10.0,0.0,0.0,0.0,0.0,0.0,0.0,0.0,0.0,0.0,0.0,0.0,32
89446c0683bffff,4,2.0,2.0,0.25,0.0,10.0,0.0,0.0,0.0,0.5,0.0,0.0,0.0,0.0,0.0,0.0,0.0,24
89446c06843ffff,13,2.0,2.0,0.3076923076923077,0.07692307692307693,9.76923076923077,0.0,0.07692307692307693,0.9230769230769231,0.0,0.0,0.07692307692307693,0.0,0.0,0.0,0.0,0.0,8
89446c06847ffff,5,2.0,2.0,0.0,0.0,8.5,0.0,0.0,0.0,0.8,0.0,0.0,0.0,0.0,0.0,0.0,0.0,20
89446c0684fffff,2,2.0,2.0,0.0,0.0,10.0,0.0,0.0,0.0,1.0,0.0,0.0,0.0,0.0,0.0,0.0,0.0,22
89446c0685bffff,1,0.0,2.0,0.0,0.0,8.0,0.0,0.0,0.0,0.0,0.0,0.0,0.0,0.0,0.0,0.0,0.0,13
89446c06863ffff,2,0.0,2.0,0.5,0.0,10.0,0.0,0.0,0.0,1.0,0.0,0.0,0.0,0.0,0.0,0.0,0.0,18
89446c0686bffff,10,3.0,2.0,0.3,0.1,9.4,0.0,0.0,0.0,1.0,0.0,0.0,0.0,0.0,0.0,0.0,0.0,22
89446c0686fffff,3,0.0,2.0,0.3333333333333333,0.3333333333333333,9.0,0.0,0.0,0.0,1.0,0.0,0.0,0.0,0.0,0.0,0.0,0.0,26
89446c06873ffff,2,1.0,2.0,1.0,0.0,10.0,0.0,0.0,0.0,1.0,0.0,0.0,0.0,0.0,0.0,0.0,0.0,10
89446c0687bffff,3,2.0,2.0,0.3333333333333333,0.0,8.666666666666666,0.0,0.0,0.0,0.6666666666666666,0.0,0.0,0.0,0.0,0.0,0.0,0.0,22
89446c06883ffff,1,1.0,2.0,0.0,0.0,10.0,0.0,0.0,0.0,0.0,0.0,0.0,0.0,0.0,0.0,0.0,0.0,53
89446c06887ffff,20,7.0,2.0,0.05,0.0,9.45,0.0,0.0,0.3,0.0,0.0,0.0,0.0,0.0,0.0,0.0,0.0,121
89446c0688bffff,8,1.0,2.25,0.25,0.0,10.0,0.0,0.375,0.25,0.0,0.0,0.125,0.0,0.0,0.0,0.0,0.0,31
89446c0688fffff,5,0.0,2.0,0.0,0.0,8.040000000000001,0.0,0.0,0.0,0.0,0.0,0.0,0.0,0.0,0.0,0.0,0.0,46
89446c06893ffff,7,3.0,2.0,0.14285714285714285,0.0,8.285714285714286,0.0,0.0,0.0,0.0,0.0,0.0,0.0,0.0,0.0,0.0,0.0,67
89446c06897ffff,9,2.0,2.0,0.3333333333333333,0.0,8.244444444444445,0.0,0.0,0.0,0.3333333333333333,0.0,0.0,0.0,0.0,0.0,0.0,0.0,110
89446c0689bffff,4,3.0,2.0,0.5,0.25,10.0,0.0,0.25,0.0,0.0,0.0,0.25,0.0,0.0,0.0,0.0,0.0,57
89446c068a3ffff,19,6.0,2.0,0.15789473684210525,0.10526315789473684,9.631578947368421,0.0,0.0,0.10526315789473684,0.0,0.0,0.0,0.0,0.0,0.0,0.0,0.0,95
89446c068a7ffff,3,1.0,2.0,0.3333333333333333,0.0,10.0,0.0,0.0,0.0,0.0,0.0,0.0,0.0,0.0,0.0,0.0,0.0,34
89446c068abffff,8,1.0,2.0,0.25,0.0,9.625,0.0,0.0,0.0,0.0,0.0,0.0,0.0,0.0,0.0,0.0,0.0,51
89446c068afffff,14,6.0,2.0,0.21428571428571427,0.14285714285714285,9.071428571428571,0.0,0.0,0.0,0.0,0.0,0.0,0.0,0.0,0.0,0.0,0.0,31
89446c068b3ffff,53,13.0,2.0,0.22641509433962265,0.05660377358490566,9.050943396226415,0.0,0.0,0.6792452830188679,0.0,0.0,0.0,0.0,0.0,0.0,0.0,0.0,101
89446c068b7ffff,1,0.0,2.0,0.0,0.0,6.0,0.0,0.0,0.0,0.0,0.0,0.0,0.0,0.0,0.0,0.0,0.0,87
89446c068bbffff,16,6.0,2.0,0.3125,0.0625,9.066666666666666,0.0,0.0,0.3125,0.0,0.0,0.0,0.0,0.0,0.0,0.0,0.0,106
89446c068c3ffff,8,2.0,2.0,0.125,0.375,9.5,0.0,0.0,0.0,0.0,0.0,0.0,0.0,0.0,0.0,0.0,0.0,29
89446c068cfffff,3,3.0,2.0,0.3333333333333333,0.3333333333333333,5.666666666666667,0.0,0.0,0.0,0.0,0.0,0.0,0.0,0.0,0.0,0.0,0.0,8
89446c068d3ffff,3,2.0,2.0,0.3333333333333333,0.0,10.0,0.0,0.0,0.0,0.0,0.0,0.0,0.0,0.0,0.0,0.0,0.0,65
89446c068d7ffff,21,3.0,2.0,0.19047619047619047,0.09523809523809523,8.628571428571428,0.0,0.0,0.38095238095238093,0.0,0.0,0.0,0.0,0.0,0.0,0.0,0.0,35
89446c068dbffff,2,1.0,2.0,0.0,0.0,10.0,0.0,0.0,0.0,0.0,0.0,0.0,0.0,0.0,0.0,0.0,0.0,19
89446c06913ffff,1,1.0,2.0,0.0,0.0,10.0,0.0,0.0,0.0,0.0,0.0,0.0,0.0,0.0,0.0,0.0,0.0,41
89446c06917ffff,28,5.0,2.0,0.10714285714285714,0.03571428571428571,9.571428571428571,0.0,0.0,1.0,0.0,0.0,0.0,0.0,0.0,0.0,0.0,0.0,11
89446c0691bffff,3,1.0,2.0,0.0,0.0,7.266666666666667,0.0,0.0,0.0,0.6666666666666666,0.0,0.0,0.0,0.0,0.0,0.0,0.0,16
89446c06923ffff,7,5.0,2.0,0.2857142857142857,0.14285714285714285,9.714285714285714,0.0,0.0,0.0,1.0,0.0,0.0,0.0,0.0,0.0,0.0,0.0,183
89446c06927ffff,50,12.0,2.54,0.22,0.04,8.626530612244897,0.06,0.0,0.0,0.04,0.0,0.0,0.0,0.0,0.0,0.0,0.0,148
89446c0692bffff,94,16.0,2.627659574468085,0.22340425531914893,0.06382978723404255,8.81098901098901,0.0,0.0,0.7127659574468085,0.010638297872340425,0.0,0.0,0.0,0.0,0.0,0.0,0.0,144
89446c0692fffff,12,10.0,2.5833333333333335,0.3333333333333333,0.16666666666666666,9.0,0.0,0.0,0.08333333333333333,0.0,0.0,0.0,0.0,0.0,0.0,0.0,0.0,233
89446c06933ffff,5,1.0,2.0,0.4,0.0,10.0,0.0,0.8,0.0,0.6,0.0,0.0,0.0,0.0,0.0,0.0,0.0,37
89446c06937ffff,5,2.0,2.0,0.4,0.0,9.2,0.0,0.2,0.0,0.8,0.0,0.0,0.0,0.0,0.0,0.0,0.0,177
89446c0693bffff,17,9.0,2.0,0.29411764705882354,0.0,9.470588235294118,0.0,0.0,0.0,0.8823529411764706,0.0,0.0,0.0,0.0,0.0,0.0,0.0,107
89446c06947ffff,3,0.0,2.0,0.3333333333333333,0.0,9.333333333333334,0.0,0.0,0.6666666666666666,0.0,0.0,0.0,0.0,0.0,0.0,0.0,0.0,15
89446c0694fffff,2,1.0,2.0,0.0,0.0,10.0,0.0,0.0,0.0,0.0,0.0,0.0,0.0,0.0,0.0,0.0,0.0,15
89446c06953ffff,6,3.0,2.0,0.16666666666666666,0.16666666666666666,9.333333333333334,0.0,0.0,0.0,0.5,0.0,0.0,0.0,0.0,0.0,0.0,0.0,29
89446c06957ffff,7,3.0,2.0,0.14285714285714285,0.0,8.214285714285714,0.0,0.7142857142857143,0.0,0.0,0.0,0.7142857142857143,0.0,0.0,0.0,0.0,0.0,14
89446c0695bffff,7,1.0,1.8571428571428572,0.0,0.0,9.5,0.0,1.0,0.0,0.8571428571428571,0.0,1.0,0.0,0.0,0.0,0.0,0.0,21
89446c06963ffff,15,5.0,2.0,0.26666666666666666,0.0,8.733333333333333,0.0,0.4,0.5333333333333333,0.0,0.0,0.0,0.0,0.0,0.0,0.0,0.0,120
89446c06967ffff,38,8.0,2.5526315789473686,0.34210526315789475,0.05263157894736842,9.171052631578947,0.15789473684210525,0.02631578947368421,0.0,0.0,0.0,0.02631578947368421,0.0,0.0,0.0,0.0,0.0,272
89446c0696bffff,3,0.0,2.0,0.0,0.0,9.333333333333334,0.0,0.6666666666666666,0.0,0.0,0.0,0.0,0.0,0.0,0.0,0.0,0.0,144
89446c0696fffff,72,24.0,2.5555555555555554,0.2361111111111111,0.06944444444444445,9.163380281690142,0.0,0.0,0.3472222222222222,0.09722222222222222,0.0,0.0,0.0,0.0,0.0,0.0,0.0,97
89446c06973ffff,4,4.0,2.0,0.5,0.0,9.5,0.0,0.0,0.0,0.0,0.0,0.0,0.0,0.0,0.0,0.0,0.0,21
89446c06977ffff,1,1.0,2.0,1.0,1.0,4.0,0.0,0.0,0.0,0.0,0.0,0.0,0.0,0.0,0.0,0.0,0.0,168
89446c0697bffff,2,1.0,2.0,0.5,0.0,7.5,0.0,0.0,0.0,0.0,0.0,0.0,0.0,0.0,0.0,0.0,0.0,35
89446c06987ffff,5,4.0,2.0,0.6,0.0,9.2,0.0,0.0,0.4,0.0,0.0,0.0,0.0,0.0,0.0,0.0,0.0,6
89446c0698bffff,2,0.0,2.0,0.0,0.0,9.5,0.0,0.0,0.0,0.0,0.0,0.0,0.0,0.0,0.0,0.0,0.0,9
89446c0698fffff,2,0.0,2.0,0.0,0.0,10.0,0.0,0.0,0.0,0.0,0.0,0.0,0.0,0.0,0.0,0.0,0.0,40
89446c069a3ffff,1,1.0,2.0,0.0,0.0,5.0,0.0,0.0,0.0,0.0,0.0,0.0,0.0,0.0,0.0,0.0,0.0,26
89446c069a7ffff,14,5.0,2.0,0.21428571428571427,0.07142857142857142,8.857142857142858,0.0,0.8571428571428571,0.5,0.0,0.0,0.35714285714285715,0.0,0.0,0.0,0.0,0.0,16
89446c069abffff,4,1.0,2.0,0.5,0.0,10.0,0.0,0.0,0.0,0.0,0.0,0.0,0.0,0.0,0.0,0.0,0.0,42
89446c069afffff,4,3.0,2.0,0.0,0.0,8.5,0.0,0.0,0.0,0.0,0.0,0.0,0.0,0.0,0.0,0.0,0.0,35
89446c069bbffff,4,0.0,2.0,0.0,0.0,7.0,0.0,0.0,0.0,0.0,0.0,0.0,0.0,0.0,0.0,0.0,0.0,40
89446c069c7ffff,6,3.0,2.0,0.16666666666666666,0.0,8.583333333333334,0.0,0.0,0.0,0.8333333333333334,0.0,0.0,0.0,0.0,0.0,0.0,0.0,8
89446c069cbffff,3,2.0,2.0,0.0,0.0,9.333333333333334,0.0,0.6666666666666666,0.0,1.0,0.0,0.6666666666666666,0.0,0.0,0.0,0.0,0.0,18
89446c069cfffff,2,2.0,2.0,0.5,0.0,8.5,0.0,0.0,0.0,0.0,0.0,0.0,0.0,0.0,0.0,0.0,0.0,25
89446c06a07ffff,1,0.0,2.0,0.0,0.0,2.0,0.0,0.0,0.0,1.0,0.0,0.0,0.0,0.0,0.0,0.0,0.0,26
89446c06a0bffff,7,4.0,2.5714285714285716,0.14285714285714285,0.14285714285714285,10.0,0.0,0.0,0.0,0.0,0.0,0.0,0.0,0.0,0.0,0.0,0.0,38
89446c06a0fffff,21,3.0,2.5238095238095237,0.14285714285714285,0.14285714285714285,9.523809523809524,0.7619047619047619,0.0,0.0,0.0,0.0,0.0,0.0,0.0,0.0,0.0,0.0,15
89446c06a1bffff,17,10.0,2.8823529411764706,0.23529411764705882,0.0,8.941176470588236,0.0,0.0,0.0,0.0,0.0,0.0,0.0,0.0,0.0,0.0,0.0,18
89446c06a23ffff,1,1.0,2.0,0.0,0.0,10.0,0.0,0.0,0.0,0.0,0.0,0.0,0.0,0.0,0.0,0.0,0.0,7
89446c06a27ffff,2,1.0,2.0,0.0,0.0,10.0,0.0,0.0,0.0,0.0,0.0,0.0,0.0,0.0,0.0,0.0,0.0,7
89446c06a2bffff,2,1.0,2.0,0.0,0.5,5.5,0.0,0.0,0.0,0.0,0.0,0.0,0.0,0.0,0.0,0.0,0.0,86
89446c06a37ffff,1,0.0,2.0,0.0,0.0,10.0,0.0,0.0,0.0,0.0,0.0,0.0,0.0,0.0,0.0,0.0,0.0,10
89446c06a3bffff,2,1.0,2.0,0.5,0.0,10.0,0.0,0.0,0.0,1.0,0.0,0.0,0.0,0.0,0.0,0.0,0.0,30
89446c06a43ffff,2,0.0,2.0,0.0,0.0,10.0,0.0,0.0,0.0,0.0,0.0,0.0,0.0,0.0,0.0,0.0,0.0,3
89446c06a4fffff,2,0.0,2.0,0.0,0.0,10.0,0.0,0.0,0.0,0.0,0.0,0.0,0.0,0.0,0.0,0.0,0.0,2
89446c06a53ffff,1,1.0,2.0,0.0,0.0,10.0,0.0,0.0,0.0,0.0,0.0,0.0,0.0,0.0,0.0,0.0,0.0,3
89446c06a67ffff,67,43.0,2.791044776119403,0.22388059701492538,0.05970149253731343,9.328358208955224,0.29850746268656714,0.0,0.0,0.0,0.0,0.0,0.0,0.0,0.0,0.0,0.0,120
89446c06a77ffff,5,1.0,2.2,0.2,0.0,10.0,0.0,0.0,0.0,0.6,0.0,0.0,0.0,0.0,0.0,0.0,0.0,92
89446c06aa7ffff,1,0.0,2.0,0.0,0.0,0.5,0.0,0.0,0.0,1.0,0.0,0.0,0.0,0.0,0.0,0.0,0.0,25
89446c06aabffff,3,3.0,2.0,0.0,0.3333333333333333,9.0,0.0,0.0,0.0,0.0,0.0,0.0,0.0,0.0,0.0,0.0,0.0,3
89446c06aafffff,2,2.0,2.0,0.5,0.0,10.0,0.0,0.0,0.0,0.0,0.0,0.0,0.0,0.0,0.0,0.0,0.0,5
89446c06ab7ffff,1,1.0,2.0,0.0,0.0,10.0,0.0,0.0,0.0,1.0,0.0,0.0,0.0,0.0,0.0,0.0,0.0,16
89446c06ac7ffff,11,7.0,2.272727272727273,0.36363636363636365,0.36363636363636365,8.181818181818182,0.0,0.0,0.0,0.0,0.0,0.0,0.0,0.0,0.0,0.0,0.0,59
89446c06ad3ffff,53,1.0,2.9622641509433962,0.24528301886792453,0.03773584905660377,9.716981132075471,0.0,0.0,0.0,0.0,0.0,0.0,0.0,0.0,0.0,0.0,0.0,103
89446c06ad7ffff,42,20.0,2.5476190476190474,0.30952380952380953,0.14285714285714285,8.916666666666666,0.0,0.0,0.0,0.0,0.0,0.0,0.0,0.0,0.0,0.0,0.0,85
89446c06b03ffff,5,2.0,2.0,0.4,0.0,10.0,0.0,0.6,0.0,0.6,0.0,0.6,0.0,0.0,0.0,0.0,0.0,78
89446c06b07ffff,46,22.0,2.0,0.2391304347826087,0.06521739130434782,9.102272727272727,0.0,0.0,0.6086956521739131,0.34782608695652173,0.0,0.0,0.0,0.0,0.0,0.0,0.0,136
89446c06b0bffff,21,11.0,2.0,0.23809523809523808,0.047619047619047616,9.80952380952381,0.0,0.0,0.6666666666666666,0.0,0.0,0.0,0.0,0.0,0.0,0.0,0.0,82
89446c06b0fffff,1,1.0,2.0,0.0,0.0,8.0,0.0,0.0,0.0,0.0,0.0,0.0,0.0,0.0,0.0,0.0,0.0,273
89446c06b17ffff,10,2.0,2.0,0.3,0.0,10.0,0.0,0.0,0.1,0.0,0.0,0.0,0.0,0.0,0.0,0.0,0.0,72
89446c06b23ffff,14,6.0,2.0,0.21428571428571427,0.07142857142857142,8.5,0.0,0.0,0.0,0.0,0.0,0.0,0.0,0.0,0.0,0.0,0.0,138
89446c06b27ffff,5,2.0,2.0,0.6,0.0,9.6,0.0,0.0,0.0,0.0,0.0,0.0,0.0,0.0,0.0,0.0,0.0,48
89446c06b2bffff,4,1.0,2.0,0.0,0.0,10.0,0.0,0.0,0.0,1.0,0.0,0.0,0.0,0.0,0.0,0.0,0.0,155
89446c06b2fffff,9,3.0,2.0,0.0,0.2222222222222222,9.555555555555555,0.0,0.0,0.0,0.5555555555555556,0.0,0.0,0.0,0.0,0.0,0.0,0.0,46
89446c06b33ffff,18,11.0,2.388888888888889,0.1111111111111111,0.05555555555555555,9.722222222222221,0.0,0.0,0.0,0.16666666666666666,0.0,0.0,0.0,0.0,0.0,0.0,0.0,195
89446c06b37ffff,8,4.0,2.0,0.375,0.125,9.0,0.0,0.0,0.0,0.0,0.0,0.0,0.0,0.0,0.0,0.0,0.125,81
89446c06b3bffff,94,32.0,2.393617021276596,0.18085106382978725,0.11702127659574468,8.666111111111112,0.0,0.0,0.43617021276595747,0.13829787234042554,0.0,0.0,0.0,0.0,0.0,0.0,0.0,119
89446c06b43ffff,4,0.0,2.0,0.25,0.0,9.0,0.0,0.0,0.75,0.25,0.0,0.0,0.0,0.0,0.0,0.0,0.0,5
89446c06b47ffff,2,2.0,2.0,0.0,0.0,10.0,0.0,0.0,0.0,0.0,0.0,0.0,0.0,0.0,0.0,0.0,0.0,112
89446c06b57ffff,3,1.0,2.0,0.0,0.3333333333333333,10.0,0.0,0.0,0.0,0.0,0.0,0.0,0.0,0.0,0.0,0.0,0.0,27
89446c06b63ffff,16,7.0,2.0,0.0625,0.125,9.125,0.0,0.0,0.0,0.5625,0.0,0.0,0.0,0.0,0.0,0.0,0.0,120
89446c06b73ffff,71,13.0,2.7183098591549295,0.28169014084507044,0.11267605633802817,9.01549295774648,0.0,0.0,0.14084507042253522,0.0,0.0,0.0,0.0,0.0,0.0,0.0,0.0,89
89446c06b77ffff,36,8.0,2.638888888888889,0.25,0.1111111111111111,8.944444444444445,0.4166666666666667,0.0,0.0,0.0,0.0,0.0,0.0,0.0,0.0,0.0,0.0,186
89446c06b7bffff,13,3.0,2.5384615384615383,0.3076923076923077,0.07692307692307693,9.076923076923077,0.23076923076923078,0.0,0.0,0.0,0.0,0.0,0.0,0.0,0.0,0.0,0.0,93
89446c06b87ffff,4,2.0,2.0,0.25,0.0,9.0,0.0,0.0,0.0,0.0,0.0,0.0,0.0,0.0,0.0,0.0,0.0,20
89446c06b8fffff,9,4.0,2.0,0.2222222222222222,0.0,9.11111111111111,0.0,0.1111111111111111,0.0,0.1111111111111111,0.0,0.0,0.0,0.0,0.0,0.0,0.0,18
89446c06b93ffff,5,1.0,2.0,0.2,0.2,8.0,0.0,0.0,0.0,0.0,0.0,0.0,0.0,0.0,0.0,0.0,0.0,22
89446c06b97ffff,5,0.0,2.0,0.6,0.0,7.840000000000001,0.0,0.0,0.0,0.0,0.0,0.0,0.0,0.0,0.0,0.0,0.0,16
89446c06ba3ffff,4,1.0,2.0,0.0,0.0,7.55,0.0,0.0,0.0,0.0,0.0,0.0,0.0,0.0,0.0,0.0,0.0,81
89446c06ba7ffff,34,13.0,2.323529411764706,0.23529411764705882,0.11764705882352941,9.0,0.0,0.17647058823529413,0.3235294117647059,0.14705882352941177,0.0,0.0,0.0,0.0,0.0,0.0,0.0,66
89446c06babffff,8,2.0,2.0,0.125,0.125,8.714285714285714,0.0,0.0,0.0,0.75,0.0,0.0,0.0,0.0,0.0,0.0,0.0,107
89446c06bafffff,25,12.0,2.28,0.28,0.16,8.3125,0.2,0.0,0.0,0.08,0.0,0.0,0.0,0.0,0.0,0.0,0.0,85
89446c06bb3ffff,2,1.0,2.0,0.0,0.0,10.0,0.0,0.0,0.0,0.0,0.0,0.0,0.0,0.0,0.0,0.0,0.0,22
89446c06bb7ffff,8,5.0,2.0,0.375,0.0,8.40625,0.0,0.0,0.0,0.875,0.0,0.0,0.0,0.0,0.0,0.0,0.0,47
89446c06bbbffff,4,1.0,2.0,0.25,0.25,6.875,0.0,0.0,0.0,0.0,0.0,0.0,0.0,0.0,0.0,0.0,0.0,37
89446c06bc3ffff,8,3.0,2.0,0.5,0.125,8.6,0.0,0.0,0.0,0.25,0.0,0.0,0.0,0.0,0.0,0.0,0.0,20
89446c06bc7ffff,1,0.0,2.0,1.0,0.0,10.0,0.0,0.0,0.0,1.0,0.0,0.0,0.0,0.0,0.0,0.0,0.0,10
89446c06bcbffff,5,2.0,2.0,0.4,0.0,10.0,0.0,0.0,0.0,0.4,0.0,0.0,0.0,0.0,0.0,0.0,0.0,11
89446c06bd3ffff,12,5.0,2.0,0.16666666666666666,0.25,8.833333333333334,0.0,0.0,0.08333333333333333,0.8333333333333334,0.0,0.0,0.0,0.0,0.0,0.0,0.0,24
89446c06bd7ffff,2,1.0,2.0,0.5,0.0,10.0,0.0,0.0,0.0,1.0,0.0,0.0,0.0,0.0,0.0,0.0,0.0,24
89446c06c03ffff,4,1.0,2.0,0.25,0.0,10.0,0.0,0.25,0.25,0.75,0.0,0.0,0.0,0.0,0.0,0.0,0.25,20
89446c06c07ffff,2,2.0,2.0,0.0,0.5,10.0,0.0,0.5,0.0,0.5,0.0,0.0,0.0,0.0,0.0,0.0,0.0,25
89446c06c0fffff,10,4.0,2.0,0.4,0.1,9.4,0.0,0.0,0.0,0.0,0.0,0.0,0.0,0.0,0.0,0.0,0.0,35
89446c06c13ffff,5,3.0,2.0,0.4,0.0,9.2,0.0,1.0,1.0,0.0,0.0,0.0,0.0,0.0,0.0,0.0,0.0,23
89446c06c17ffff,3,3.0,2.0,0.0,0.0,10.0,0.0,0.6666666666666666,0.0,1.0,0.0,0.0,0.0,0.0,0.0,0.0,0.0,14
89446c06c23ffff,13,3.0,2.0,0.3076923076923077,0.0,9.23076923076923,0.0,0.15384615384615385,0.0,0.8461538461538461,0.0,0.0,0.0,0.0,0.0,0.0,0.0,82
89446c06c27ffff,30,9.0,2.0,0.16666666666666666,0.0,9.466666666666667,0.0,0.6666666666666666,0.8333333333333334,0.0,0.0,0.7333333333333333,0.0,0.0,0.0,0.0,0.0,149
89446c06c2bffff,28,10.0,2.0,0.21428571428571427,0.10714285714285714,8.623214285714285,0.0,0.10714285714285714,0.10714285714285714,0.6785714285714286,0.0,0.10714285714285714,0.0,0.0,0.0,0.0,0.10714285714285714,63
89446c06c2fffff,17,6.0,2.0,0.058823529411764705,0.11764705882352941,9.375,0.0,0.35294117647058826,0.0,0.8235294117647058,0.0,0.47058823529411764,0.0,0.0,0.0,0.35294117647058826,0.0,115
89446c06c3bffff,7,4.0,2.0,0.42857142857142855,0.0,8.714285714285714,0.0,0.0,0.0,0.42857142857142855,0.0,0.0,0.0,0.0,0.0,0.0,0.0,64
89446c06c43ffff,2,2.0,2.0,0.5,0.0,10.0,0.0,0.0,0.0,0.0,0.0,0.0,0.0,0.0,0.0,0.0,0.0,13
89446c06c47ffff,2,2.0,2.0,0.0,0.0,10.0,0.0,0.0,0.0,0.0,0.0,0.0,0.0,0.0,0.0,0.0,0.0,33
89446c06c4bffff,2,1.0,2.0,0.5,0.0,10.0,0.0,0.0,0.0,0.0,0.0,0.0,0.0,0.0,0.0,0.0,0.0,50
89446c06c4fffff,7,2.0,2.0,0.14285714285714285,0.0,10.0,0.0,0.0,0.42857142857142855,0.14285714285714285,0.0,0.0,0.0,0.0,0.0,0.0,0.0,35
89446c06c57ffff,1,1.0,2.0,0.0,0.0,10.0,0.0,0.0,0.0,0.0,0.0,0.0,0.0,0.0,0.0,0.0,0.0,6
89446c06c5bffff,1,1.0,2.0,1.0,0.0,10.0,0.0,0.0,0.0,0.0,0.0,0.0,0.0,0.0,0.0,0.0,0.0,18
89446c06c63ffff,16,5.0,2.0,0.125,0.0,9.333333333333334,0.0,0.0,0.75,0.125,0.0,0.0,0.0,0.0,0.0,0.0,0.0,69
89446c06c67ffff,8,2.0,2.0,0.375,0.125,8.625,0.0,0.0,0.0,0.0,0.0,0.0,0.0,0.0,0.0,0.0,0.0,78
89446c06c6bffff,15,7.0,2.0,0.3333333333333333,0.0,9.266666666666667,0.0,0.0,0.0,0.0,0.0,0.0,0.0,0.0,0.0,0.0,0.2,59
89446c06c6fffff,12,2.0,2.0,0.4166666666666667,0.0,9.0,0.0,0.0,0.5833333333333334,0.0,0.0,0.0,0.0,0.0,0.0,0.0,0.0,67
89446c06c73ffff,11,4.0,2.0,0.09090909090909091,0.0,8.318181818181818,0.0,0.0,0.0,0.0,0.0,0.0,0.0,0.0,0.0,0.0,0.0,51
89446c06c77ffff,11,3.0,2.0,0.2727272727272727,0.0,9.909090909090908,0.0,0.0,0.0,0.5454545454545454,0.0,0.0,0.0,0.0,0.0,0.0,0.0,80
89446c06c7bffff,12,6.0,2.0,0.5,0.25,8.333333333333334,0.0,0.0,0.0,0.0,0.0,0.0,0.0,0.0,0.0,0.0,0.0,60
89446c06c83ffff,5,1.0,2.0,0.0,0.0,9.25,0.0,0.0,0.0,1.0,0.0,0.0,0.0,0.0,0.0,0.0,0.0,21
89446c06c87ffff,2,2.0,2.0,0.0,0.0,10.0,0.0,1.0,0.0,1.0,0.0,0.0,0.0,0.0,1.0,0.0,0.0,12
89446c06c8bffff,6,2.0,2.0,0.3333333333333333,0.16666666666666666,8.333333333333334,0.0,0.0,0.0,1.0,0.0,0.0,0.0,0.0,0.0,0.0,0.0,54
89446c06c8fffff,2,1.0,2.0,0.0,0.0,10.0,0.0,0.0,0.0,1.0,0.0,0.0,0.0,0.0,0.0,0.0,0.0,21
89446c06c9bffff,11,7.0,2.0,0.45454545454545453,0.0,8.909090909090908,0.0,0.0,0.0,0.8181818181818182,0.0,0.0,0.0,0.0,0.0,0.0,0.0,68
89446c06ca7ffff,12,3.0,2.0,0.16666666666666666,0.08333333333333333,8.85,0.0,0.0,0.08333333333333333,0.0,0.0,0.0,0.0,0.0,0.0,0.0,0.0,55
89446c06cabffff,1,1.0,2.0,0.0,0.0,10.0,0.0,0.0,0.0,1.0,0.0,0.0,0.0,0.0,0.0,0.0,0.0,5
89446c06cb3ffff,4,2.0,2.0,0.25,0.25,8.5,0.0,0.75,0.0,1.0,0.0,0.0,0.0,0.0,0.0,0.0,0.0,21
89446c06cb7ffff,16,2.0,2.0,0.125,0.0625,9.1125,0.0,1.0,0.75,0.25,0.0,0.0,0.0,0.0,0.0,0.0,0.0,23
89446c06cc3ffff,20,2.0,2.0,0.1,0.0,8.584999999999999,0.0,0.35,0.65,0.05,0.0,0.35,0.0,0.0,0.0,0.0,0.0,60
89446c06cc7ffff,8,1.0,2.0,0.25,0.0,8.857142857142858,0.0,0.0,0.0,0.75,0.0,0.0,0.0,0.0,0.0,0.0,0.0,56
89446c06ccfffff,2,1.0,2.0,0.0,0.5,9.5,0.0,0.0,0.0,0.0,0.0,0.0,0.0,0.0,0.0,0.0,0.0,29
89446c06cd3ffff,14,6.0,2.0,0.14285714285714285,0.14285714285714285,9.214285714285714,0.0,0.6428571428571429,0.6428571428571429,0.7142857142857143,0.0,0.6428571428571429,0.0,0.0,0.0,0.0,0.0,92
89446c06cd7ffff,23,7.0,2.0434782608695654,0.21739130434782608,0.17391304347826086,8.339130434782609,0.0,0.0,0.6956521739130435,0.21739130434782608,0.0,0.0,0.0,0.0,0.0,0.0,0.08695652173913043,81
89446c06cdbffff,13,8.0,2.0,0.15384615384615385,0.0,9.615384615384615,0.0,0.38461538461538464,0.07692307692307693,0.6153846153846154,0.0,0.07692307692307693,0.0,0.0,0.0,0.0,0.0,49
89446c06d03ffff,8,4.0,2.0,0.125,0.0,10.0,0.0,0.375,0.0,0.375,0.0,0.375,0.0,0.0,0.0,0.0,0.0,26
89446c06d07ffff,2,1.0,2.0,0.0,0.0,10.0,0.0,0.0,0.0,0.0,0.0,0.0,0.0,0.0,0.0,0.0,0.0,56
89446c06d0bffff,3,0.0,2.0,0.0,0.0,8.333333333333334,0.0,0.0,0.0,0.0,0.0,0.0,0.0,0.0,0.0,0.0,0.0,26
89446c06d0fffff,8,3.0,2.0,0.125,0.0,9.625,0.0,0.0,0.0,0.0,0.0,0.0,0.0,0.0,0.0,0.0,0.0,27
89446c06d17ffff,11,5.0,2.0,0.36363636363636365,0.0,7.909090909090909,0.0,0.6363636363636364,0.6363636363636364,0.0,0.0,0.6363636363636364,0.0,0.0,0.0,0.6363636363636364,0.0,22
89446c06d1bffff,2,0.0,2.0,0.0,0.0,10.0,0.0,0.0,0.0,0.5,0.0,0.0,0.0,0.0,0.0,0.0,0.0,28
89446c06d23ffff,1,0.0,2.0,1.0,0.0,10.0,0.0,0.0,0.0,0.0,0.0,0.0,0.0,0.0,0.0,0.0,0.0,92
89446c06d27ffff,26,5.0,2.0,0.07692307692307693,0.07692307692307693,9.153846153846153,0.0,0.8846153846153846,0.8846153846153846,0.07692307692307693,0.0,0.0,0.0,0.0,0.0,0.0,0.0,56
89446c06d2bffff,11,2.0,2.0,0.2727272727272727,0.0,9.727272727272727,0.0,0.09090909090909091,0.0,0.9090909090909091,0.0,0.0,0.0,0.0,0.0,0.0,0.0,31
89446c06d2fffff,18,4.0,2.0,0.1111111111111111,0.1111111111111111,8.088235294117647,0.0,0.0,0.0,0.5555555555555556,0.0,0.0,0.0,0.0,0.0,0.0,0.3888888888888889,40
89446c06d33ffff,11,3.0,2.0,0.2727272727272727,0.09090909090909091,8.727272727272727,0.0,0.0,0.09090909090909091,0.0,0.0,0.0,0.0,0.0,0.0,0.0,0.0,40
89446c06d37ffff,17,5.0,2.0,0.17647058823529413,0.058823529411764705,9.058823529411764,0.0,0.6470588235294118,0.6470588235294118,0.0,0.0,0.0,0.0,0.0,0.0,0.0,0.0,62
89446c06d3bffff,9,4.0,2.0,0.2222222222222222,0.0,9.222222222222221,0.0,0.0,0.0,0.0,0.0,0.0,0.0,0.0,0.0,0.0,0.0,36
89446c06d43ffff,12,1.0,2.0,0.08333333333333333,0.0,7.325,0.0,0.0,0.75,0.0,0.0,0.0,0.0,0.0,0.0,0.0,0.0,121
89446c06d47ffff,4,0.0,2.0,0.0,0.0,7.3,0.0,0.0,0.0,0.0,0.0,0.0,0.0,0.0,0.0,0.0,0.0,31
89446c06d4bffff,37,18.0,2.0,0.24324324324324326,0.02702702702702703,9.571428571428571,0.0,0.0,0.2972972972972973,0.0,0.0,0.0,0.0,0.0,0.0,0.0,0.0,130
89446c06d4fffff,8,1.0,2.0,0.125,0.0,9.5,0.0,0.0,0.0,0.0,0.0,0.0,0.0,0.0,0.0,0.0,0.0,111
89446c06d53ffff,42,6.0,2.0,0.09523809523809523,0.023809523809523808,8.857142857142858,0.0,0.7857142857142857,0.7380952380952381,0.0,0.0,0.8095238095238095,0.0,0.0,0.0,0.11904761904761904,0.0,136
89446c06d57ffff,2,0.0,2.0,0.5,0.0,10.0,0.0,0.5,0.0,0.0,0.0,0.5,0.0,0.0,0.0,0.0,0.0,78
89446c06d5bffff,28,9.0,2.0,0.39285714285714285,0.07142857142857142,9.428571428571429,0.0,0.0,0.39285714285714285,0.0,0.0,0.0,0.0,0.0,0.0,0.0,0.2857142857142857,147
89446c06d63ffff,10,3.0,2.0,0.2,0.0,7.861111111111111,0.0,0.0,0.0,0.9,0.0,0.0,0.0,0.0,0.0,0.0,0.0,11
89446c06d6fffff,2,2.0,2.0,1.0,0.0,8.0,0.0,0.5,0.0,0.0,0.0,0.5,0.0,0.0,0.0,0.0,0.0,10
89446c06d73ffff,2,1.0,2.0,0.0,0.0,9.5,0.0,0.0,0.0,0.0,0.0,0.0,0.0,0.0,0.0,0.0,0.0,32
89446c06d77ffff,3,1.0,2.0,0.3333333333333333,0.0,10.0,0.0,0.0,0.0,0.0,0.0,0.0,0.0,0.0,0.0,0.0,0.0,40
89446c06d7bffff,4,3.0,2.0,0.5,0.0,10.0,0.0,0.25,0.0,0.0,0.0,0.25,0.0,0.0,0.0,0.0,0.0,25
89446c06d83ffff,10,5.0,2.0,0.1,0.1,8.8,0.0,0.3,0.0,0.3,0.0,0.0,0.0,0.0,0.0,0.0,0.0,26
89446c06d87ffff,9,5.0,2.0,0.3333333333333333,0.0,9.333333333333334,0.0,0.7777777777777778,0.0,0.8888888888888888,0.0,0.0,0.0,0.0,0.0,0.0,0.0,44
89446c06d8bffff,6,1.0,2.0,0.0,0.0,9.0,0.0,0.16666666666666666,0.0,0.16666666666666666,0.0,0.0,0.0,0.0,0.0,0.0,0.0,14
89446c06d8fffff,1,1.0,2.0,0.0,0.0,10.0,0.0,0.0,0.0,1.0,0.0,0.0,0.0,0.0,0.0,0.0,0.0,38
89446c06d97ffff,7,3.0,2.142857142857143,0.2857142857142857,0.0,10.0,0.0,0.2857142857142857,0.0,0.0,0.0,0.0,0.0,0.0,0.0,0.0,0.0,68
89446c06d9bffff,3,1.0,2.0,0.3333333333333333,0.0,10.0,0.0,0.6666666666666666,0.0,0.0,0.0,0.6666666666666666,0.0,0.0,0.0,0.0,0.0,27
89446c06da3ffff,6,1.0,2.0,0.5,0.16666666666666666,9.0,0.0,0.16666666666666666,0.0,0.5,0.0,0.16666666666666666,0.0,0.0,0.0,0.0,0.0,47
89446c06da7ffff,15,3.0,2.0,0.4,0.0,9.4,0.0,0.7333333333333333,0.7333333333333333,0.0,0.0,0.7333333333333333,0.0,0.0,0.0,0.13333333333333333,0.0,47
89446c06dabffff,9,1.0,2.0,0.0,0.1111111111111111,8.555555555555555,0.0,0.5555555555555556,0.5555555555555556,0.0,0.0,0.5555555555555556,0.0,0.0,0.0,0.0,0.0,34
89446c06dafffff,2,1.0,2.0,0.5,0.0,10.0,0.0,0.0,0.0,0.5,0.0,0.0,0.0,0.0,0.0,0.0,0.0,71
89446c06db3ffff,10,3.0,2.0,0.1,0.0,9.2,0.0,0.0,0.7,0.1,0.0,0.0,0.0,0.0,0.0,0.0,0.0,62
89446c06db7ffff,9,2.0,2.0,0.3333333333333333,0.0,8.8,0.0,0.6666666666666666,0.3333333333333333,0.4444444444444444,0.0,0.0,0.0,0.0,0.0,0.0,0.0,77
89446c06dbbffff,2,2.0,2.0,0.5,0.0,10.0,0.0,0.0,0.0,1.0,0.0,0.0,0.0,0.0,0.0,0.0,0.0,46
89446c06dc3ffff,4,2.0,2.0,0.0,0.0,8.75,0.0,0.0,0.0,0.5,0.0,0.0,0.0,0.0,0.0,0.0,0.0,102
89446c06dcbffff,49,15.0,2.0,0.2857142857142857,0.02040816326530612,9.177777777777777,0.0,0.3469387755102041,0.6938775510204082,0.16326530612244897,0.0,0.0,0.0,0.0,0.0,0.0,0.0,124
89446c06dcfffff,15,4.0,2.0,0.0,0.13333333333333333,8.433333333333334,0.0,0.8,0.0,0.9333333333333333,0.0,0.8,0.0,0.0,0.0,0.0,0.0,99
89446c06dd3ffff,5,2.0,2.0,0.2,0.0,10.0,0.0,0.0,0.0,0.0,0.0,0.0,0.0,0.0,0.0,0.0,0.0,53
89446c06ddbffff,33,11.0,2.0,0.3939393939393939,0.15151515151515152,8.55625,0.0,0.0,0.48484848484848486,0.0,0.0,0.0,0.0,0.0,0.0,0.0,0.0,70
89446c06e2bffff,5,2.0,2.0,0.4,0.0,8.05,0.0,0.6,1.0,1.0,0.0,0.6,0.0,0.0,0.0,0.0,0.0,5
89446c06e43ffff,2,1.0,2.0,0.0,0.0,10.0,0.0,0.0,0.0,0.0,0.0,0.0,0.0,0.0,0.0,0.0,0.0,154
89446c06e47ffff,92,14.0,2.739130434782609,0.2608695652173913,0.06521739130434782,9.384782608695652,0.11956521739130435,0.0,0.010869565217391304,0.0,0.0,0.0,0.0,0.0,0.0,0.0,0.0,180
89446c06e4bffff,1,1.0,2.0,0.0,1.0,10.0,0.0,0.0,0.0,0.0,0.0,0.0,0.0,0.0,0.0,0.0,0.0,45
89446c06e4fffff,4,2.0,2.0,0.25,0.0,7.25,0.0,0.0,0.0,0.0,0.0,0.0,0.0,0.0,0.0,0.0,0.0,191
89446c06e57ffff,45,9.0,2.8,0.3111111111111111,0.08888888888888889,9.462222222222222,0.0,0.0,0.0,0.0,0.0,0.0,0.0,0.0,0.0,0.0,0.0,129
89446c06e5bffff,12,3.0,2.0,0.16666666666666666,0.16666666666666666,7.870833333333334,0.0,0.0,0.0,0.5,0.0,0.5,0.0,0.0,0.0,0.0,0.0,19
89446c06e63ffff,3,2.0,2.0,0.6666666666666666,0.3333333333333333,8.666666666666666,0.0,0.0,0.0,0.0,0.0,0.0,0.0,0.0,0.0,0.0,0.0,195
89446c06e67ffff,4,2.0,2.0,0.5,0.0,10.0,0.0,0.0,0.0,0.0,0.0,0.0,0.0,0.0,0.0,0.0,0.0,30
89446c06e6bffff,40,11.0,2.575,0.25,0.075,9.525,0.625,0.0,0.0,0.0,0.0,0.0,0.0,0.0,0.0,0.0,0.0,168
89446c06e6fffff,21,10.0,2.8095238095238093,0.14285714285714285,0.14285714285714285,9.476190476190476,0.0,0.0,0.0,0.0,0.0,0.0,0.0,0.0,0.0,0.0,0.0,142
89446c06e73ffff,41,13.0,2.3658536585365852,0.17073170731707318,0.07317073170731707,9.25609756097561,0.07317073170731707,0.0,0.14634146341463414,0.0,0.0,0.0,0.0,0.0,0.0,0.0,0.0,184
89446c06e77ffff,1,0.0,2.0,0.0,0.0,10.0,0.0,0.0,0.0,1.0,0.0,0.0,0.0,0.0,0.0,0.0,0.0,53
89446c06e7bffff,88,46.0,2.7386363636363638,0.25,0.10227272727272728,8.82840909090909,0.22727272727272727,0.0,0.0,0.0,0.0,0.0,0.0,0.0,0.0,0.0,0.0,183
89446c06e87ffff,27,9.0,2.0,0.18518518518518517,0.07407407407407407,9.37037037037037,0.0,0.0,0.3333333333333333,0.0,0.0,0.0,0.0,0.0,0.0,0.0,0.0,16
89446c06e93ffff,8,2.0,2.0,0.125,0.125,8.6875,0.0,0.0,0.0,0.875,0.0,0.0,0.0,0.0,0.0,0.0,0.0,12
89446c06e97ffff,5,3.0,2.0,0.6,0.6,8.2,0.0,0.0,0.0,0.8,0.0,0.0,0.0,0.0,0.0,0.0,0.0,44
89446c06ea3ffff,2,1.0,2.0,0.5,0.0,10.0,0.0,0.0,0.0,0.0,0.0,0.0,0.0,0.0,0.0,0.0,0.0,26
89446c06ea7ffff,7,2.0,2.0,0.42857142857142855,0.0,9.714285714285714,0.0,0.0,0.0,0.0,0.0,0.0,0.0,0.0,0.0,0.0,0.0,32
89446c06eafffff,1,0.0,2.0,0.0,0.0,10.0,0.0,0.0,0.0,0.0,0.0,0.0,0.0,0.0,0.0,0.0,0.0,11
89446c06eb3ffff,8,2.0,2.0,0.25,0.125,9.25,0.0,0.0,0.0,0.375,0.0,0.0,0.0,0.0,0.0,0.0,0.0,48
89446c06eb7ffff,9,3.0,2.0,0.2222222222222222,0.0,9.555555555555555,0.0,0.0,0.0,0.0,0.0,0.0,0.0,0.0,0.0,0.0,0.0,51
89446c06ebbffff,1,1.0,2.0,0.0,0.0,7.0,0.0,0.0,0.0,0.0,0.0,0.0,0.0,0.0,0.0,0.0,0.0,37
89446c06ec3ffff,57,16.0,2.7719298245614037,0.2982456140350877,0.12280701754385964,9.477192982456142,0.0,0.0,0.0,0.0,0.0,0.12280701754385964,0.0,0.0,0.0,0.0,0.0,121
89446c06ecfffff,35,16.0,2.7714285714285714,0.4857142857142857,0.14285714285714285,9.128571428571428,0.3142857142857143,0.0,0.0,0.0,0.0,0.0,0.0,0.0,0.0,0.0,0.0,102
89446c06ed3ffff,86,19.0,2.813953488372093,0.2558139534883721,0.22093023255813954,9.488372093023257,0.0,0.011627906976744186,0.0,0.0,0.0,0.011627906976744186,0.0,0.0,0.0,0.0,0.0,98
89446c10a23ffff,7,3.0,2.0,0.0,0.0,9.142857142857142,0.0,1.0,1.0,0.0,0.0,0.0,0.0,0.0,0.0,0.0,0.0,71
89446c10a27ffff,1,1.0,2.0,1.0,0.0,10.0,0.0,0.0,0.0,0.0,0.0,0.0,0.0,0.0,0.0,0.0,0.0,31
89446c10a2bffff,47,13.0,2.021276595744681,0.23404255319148937,0.0425531914893617,8.76595744680851,0.0,0.0,0.8297872340425532,0.0,0.0,0.0,0.0,0.0,0.0,0.0,0.0,36
89446c10a2fffff,12,6.0,2.0,0.3333333333333333,0.16666666666666666,8.208333333333334,0.0,0.0,0.5,0.0,0.0,0.0,0.0,0.0,0.0,0.0,0.0,82
89446c10a37ffff,11,4.0,2.0,0.09090909090909091,0.0,8.727272727272727,0.0,0.0,0.45454545454545453,0.0,0.0,0.0,0.0,0.0,0.0,0.0,0.0,15
89446c10a43ffff,1,0.0,2.0,0.0,1.0,8.0,0.0,0.0,0.0,0.0,0.0,0.0,0.0,0.0,0.0,0.0,0.0,0
89446c10a6fffff,7,0.0,2.0,0.0,0.14285714285714285,7.571428571428571,0.0,0.0,0.0,0.0,0.0,0.0,0.0,0.0,0.0,0.0,0.0,30
89446c10aafffff,7,2.0,2.0,0.0,0.0,8.0,0.0,0.0,0.8571428571428571,0.0,0.0,0.0,0.0,0.0,0.0,0.0,0.0,11
89446c10b07ffff,44,19.0,2.0,0.22727272727272727,0.0,8.784090909090908,0.0,0.11363636363636363,0.9318181818181818,0.0,0.0,0.11363636363636363,0.0,0.0,0.0,0.0,0.0,4
89446c10b0bffff,1,0.0,2.0,0.0,0.0,10.0,0.0,0.0,0.0,0.0,0.0,0.0,0.0,0.0,0.0,0.0,0.0,15
89446c10b0fffff,4,2.0,2.0,0.25,0.0,8.75,0.0,0.0,0.0,0.0,0.0,0.0,0.0,0.0,0.0,0.0,0.0,49
89446c10b27ffff,9,1.0,2.0,0.1111111111111111,0.0,9.444444444444445,0.0,1.0,1.0,0.0,0.0,1.0,0.0,0.0,0.0,0.0,0.0,2
89446c10b2fffff,1,1.0,2.0,0.0,0.0,10.0,0.0,0.0,0.0,0.0,0.0,0.0,0.0,0.0,0.0,0.0,0.0,13
89446c10b43ffff,5,5.0,2.0,0.0,0.0,10.0,0.0,0.2,0.0,0.0,0.0,0.0,0.0,0.0,0.0,0.0,0.0,14
89446c10b47ffff,2,2.0,2.0,0.5,0.0,10.0,0.0,0.0,0.0,0.0,0.0,0.0,0.0,0.0,0.0,0.0,0.0,21
89446c10b4bffff,4,1.0,2.0,0.25,0.0,9.25,0.0,0.0,0.5,0.0,0.0,0.0,0.0,0.0,0.0,0.0,0.0,17
89446c10b4fffff,2,0.0,2.0,0.0,0.0,10.0,0.0,0.0,0.0,0.0,0.0,0.0,0.0,0.0,0.0,0.0,0.0,16
89446c10b53ffff,1,0.0,2.0,1.0,0.0,10.0,0.0,0.0,0.0,0.0,0.0,0.0,0.0,0.0,0.0,0.0,0.0,12
89446c10b57ffff,5,5.0,2.0,0.4,0.0,10.0,0.0,0.0,0.0,0.0,0.0,0.0,0.0,0.0,0.0,0.0,0.0,10
89446c10b63ffff,4,2.0,2.0,0.25,0.0,10.0,0.0,0.0,0.0,0.0,0.0,0.0,0.0,0.0,0.0,0.0,0.0,22
89446c10b67ffff,1,1.0,2.0,0.0,0.0,6.0,0.0,0.0,0.0,0.0,0.0,0.0,0.0,0.0,0.0,0.0,0.0,8
89446c10b6bffff,12,2.0,2.0,0.16666666666666666,0.08333333333333333,9.583333333333334,0.0,0.0,0.0,0.0,0.0,0.0,0.0,0.0,0.0,0.0,0.0,14
89446c10b6fffff,1,1.0,2.0,1.0,0.0,2.0,0.0,0.0,0.0,0.0,0.0,0.0,0.0,0.0,0.0,0.0,0.0,18
89446c10b73ffff,4,3.0,2.0,0.0,0.0,10.0,0.0,0.0,0.0,0.0,0.0,0.0,0.0,0.0,0.0,0.0,0.0,15
89446c10b7bffff,4,2.0,2.0,0.25,0.0,8.5,0.0,0.0,0.0,0.0,0.0,0.0,0.0,0.0,0.0,0.0,0.0,25
89446c10bcfffff,1,0.0,2.0,0.0,0.0,10.0,0.0,0.0,0.0,0.0,0.0,0.0,0.0,0.0,0.0,0.0,0.0,6
89446c11903ffff,3,1.0,2.0,0.0,0.0,9.0,0.0,0.0,0.0,0.0,0.0,0.0,0.0,0.0,0.0,0.0,0.0,5
89446c11913ffff,4,2.0,2.0,0.25,0.0,8.75,0.0,0.75,0.75,0.0,0.0,0.0,0.0,0.0,0.0,0.0,0.0,19
89446c1191bffff,1,1.0,2.0,0.0,0.0,10.0,0.0,1.0,1.0,0.0,0.0,0.0,0.0,0.0,0.0,0.0,0.0,8
89446c11987ffff,5,3.0,2.0,0.4,0.0,10.0,0.0,0.0,0.8,0.0,0.0,0.0,0.0,0.0,0.0,0.0,0.0,14
89446c1198fffff,14,8.0,1.9285714285714286,0.35714285714285715,0.0,9.642857142857142,0.0,0.0,0.0,0.0,0.0,0.0,0.0,0.0,0.0,0.0,0.0,9
89446c119c7ffff,1,0.0,2.0,0.0,0.0,7.0,0.0,0.0,0.0,1.0,0.0,0.0,0.0,0.0,0.0,0.0,0.0,5
89446c11b17ffff,1,0.0,2.0,0.0,0.0,7.0,0.0,0.0,0.0,0.0,0.0,0.0,0.0,0.0,0.0,0.0,0.0,11
89446c11b87ffff,4,1.0,2.5,0.5,0.0,6.029999999999999,0.0,0.0,0.0,0.5,0.0,0.0,0.0,0.0,0.0,0.0,0.0,11
89446c11ba3ffff,3,1.0,2.0,0.3333333333333333,0.3333333333333333,7.666666666666667,0.0,0.0,1.0,0.0,0.0,0.0,0.0,0.0,0.0,0.0,0.0,13
89446c11bafffff,2,2.0,2.0,0.5,0.0,10.0,0.0,0.0,0.0,0.0,0.0,0.0,0.0,0.0,0.0,0.0,0.0,3
89446c11bbbffff,11,1.0,2.3636363636363638,0.36363636363636365,0.0,10.0,0.0,0.0,1.0,0.0,0.0,0.0,0.0,0.0,0.0,0.0,0.0,8
89446c14013ffff,1,0.0,2.0,0.0,0.0,6.0,0.0,0.0,0.0,0.0,0.0,0.0,0.0,0.0,0.0,0.0,0.0,0
89446c1402fffff,3,0.0,2.0,0.0,0.3333333333333333,7.5,0.0,0.0,0.0,0.0,0.0,0.0,0.0,0.0,0.0,0.0,0.0,18
89446c14047ffff,3,1.0,2.0,0.0,0.0,8.666666666666666,0.0,0.0,0.0,0.0,0.0,0.0,0.0,0.0,0.0,0.0,0.0,0
89446c1405bffff,1,0.0,2.0,0.0,0.0,10.0,0.0,0.0,0.0,0.0,0.0,0.0,0.0,0.0,0.0,0.0,0.0,1
89446c14063ffff,2,1.0,2.0,0.0,0.0,10.0,0.0,0.0,0.0,0.0,0.0,0.0,0.0,0.0,0.0,0.0,0.0,4
89446c14067ffff,2,2.0,2.0,0.0,0.0,10.0,0.0,0.0,0.0,0.0,0.0,0.0,0.0,0.0,0.0,0.0,0.0,103
89446c1406fffff,2,2.0,2.0,0.5,0.0,10.0,0.0,0.0,1.0,0.0,0.0,0.0,0.0,0.0,0.0,0.0,0.0,97
89446c14107ffff,1,0.0,2.0,1.0,0.0,10.0,0.0,0.0,0.0,0.0,0.0,0.0,0.0,0.0,0.0,0.0,0.0,8
89446c1410bffff,10,5.0,2.0,0.3,0.2,8.7,0.0,0.0,0.0,0.0,0.0,0.0,0.0,0.0,0.0,0.0,0.0,79
89446c1410fffff,2,1.0,2.0,0.5,0.0,10.0,0.0,0.0,0.0,0.0,0.0,0.0,0.0,0.0,0.0,0.0,0.0,24
89446c14113ffff,35,17.0,2.2,0.08571428571428572,0.08571428571428572,9.8,0.0,0.0,0.0,0.0,0.0,0.0,0.0,0.0,0.0,0.0,0.0,74
89446c1411bffff,74,45.0,2.027027027027027,0.10810810810810811,0.10810810810810811,9.266891891891891,0.013513513513513514,0.7432432432432432,0.7432432432432432,0.0,0.08108108108108109,0.0,0.0,0.0,0.0,0.0,0.0,169
89446c14123ffff,4,2.0,2.0,0.25,0.0,8.75,0.0,0.0,0.0,0.0,0.0,0.0,0.0,0.0,0.0,0.0,0.0,11
89446c1412bffff,4,2.0,2.25,0.25,0.0,10.0,0.0,0.0,0.0,0.0,0.0,0.0,0.0,0.0,0.0,0.0,0.0,19
89446c1412fffff,1,0.0,2.0,0.0,0.0,10.0,0.0,0.0,0.0,0.0,0.0,0.0,0.0,0.0,0.0,0.0,0.0,11
89446c14133ffff,2,2.0,2.0,0.0,0.0,10.0,0.0,0.0,0.0,0.0,0.0,0.0,0.0,0.0,0.0,0.0,0.0,9
89446c1413bffff,4,2.0,2.0,0.0,0.0,10.0,0.0,0.0,0.0,0.0,0.0,0.0,0.0,0.0,0.0,0.0,0.0,20
89446c14147ffff,1,1.0,2.0,0.0,0.0,10.0,0.0,0.0,0.0,0.0,0.0,0.0,0.0,0.0,0.0,0.0,0.0,14
89446c1414bffff,2,2.0,2.0,0.0,0.0,10.0,0.0,0.0,0.0,0.0,0.0,0.0,0.0,0.0,0.0,0.0,0.0,6
89446c1414fffff,2,0.0,2.0,0.0,0.0,8.5,0.0,0.0,0.0,0.0,0.0,0.0,0.0,0.0,0.0,0.0,0.0,9
89446c14153ffff,11,4.0,2.0,0.18181818181818182,0.0,9.727272727272727,0.0,0.0,0.0,0.0,0.0,0.0,0.0,0.0,0.0,0.0,0.0,126
89446c1415bffff,2,1.0,2.0,0.0,0.0,10.0,0.0,0.0,0.0,0.0,0.0,0.0,0.0,0.0,0.0,0.0,0.0,17
89446c14163ffff,13,4.0,2.0,0.15384615384615385,0.0,9.416666666666666,0.0,0.0,1.0,0.0,0.0,0.0,0.0,0.0,0.0,0.0,0.0,17
89446c14167ffff,2,0.0,1.5,0.0,0.0,10.0,0.0,0.0,0.0,0.0,0.0,0.0,0.0,0.0,0.0,0.0,0.0,30
89446c1416bffff,1,1.0,2.0,0.0,0.0,10.0,0.0,0.0,0.0,0.0,0.0,0.0,0.0,0.0,0.0,0.0,0.0,29
89446c1416fffff,5,1.0,2.0,0.2,0.2,9.8,0.0,0.0,0.0,0.0,0.0,0.0,0.0,0.0,0.0,0.0,0.0,21
89446c14173ffff,2,2.0,2.0,0.0,0.0,10.0,0.0,0.0,0.0,0.0,0.0,0.0,0.0,0.0,0.0,0.0,0.0,33
89446c14177ffff,7,6.0,2.0,0.2857142857142857,0.0,8.142857142857142,0.0,0.0,0.0,0.0,0.0,0.0,0.0,0.0,0.0,0.0,0.0,27
89446c141a7ffff,1,1.0,2.0,0.0,0.0,10.0,0.0,0.0,0.0,0.0,0.0,0.0,0.0,0.0,0.0,0.0,0.0,19
89446c141b3ffff,8,5.0,2.0,0.5,0.125,9.25,0.375,0.0,0.0,0.0,0.0,0.0,0.0,0.0,0.0,0.0,0.0,172
89446c141b7ffff,5,2.0,2.0,0.4,0.2,10.0,0.0,0.0,0.0,0.0,0.0,0.0,0.0,0.0,0.0,0.0,0.0,224
89446c141bbffff,1,0.0,2.0,0.0,0.0,10.0,0.0,0.0,0.0,0.0,0.0,0.0,0.0,0.0,0.0,0.0,0.0,8
89446c141c3ffff,2,2.0,2.0,0.0,0.0,10.0,0.0,0.0,0.0,0.0,0.0,0.0,0.0,0.0,0.0,0.0,0.0,124
89446c141cfffff,124,13.0,2.0403225806451615,0.20161290322580644,0.04838709677419355,9.402439024390244,0.0,0.23387096774193547,0.27419354838709675,0.0,0.1532258064516129,0.0,0.0,0.0,0.0,0.0,0.0,87
89446c14203ffff,6,2.0,2.0,0.3333333333333333,0.0,9.5,0.0,0.0,0.6666666666666666,0.0,0.0,0.0,0.0,0.0,0.0,0.0,0.0,42
89446c14207ffff,18,4.0,2.0,0.2777777777777778,0.05555555555555555,8.61111111111111,0.0,0.0,0.3333333333333333,0.0,0.0,0.0,0.0,0.0,0.0,0.0,0.0,167
89446c1420bffff,3,2.0,2.0,0.0,0.0,10.0,0.0,0.0,0.0,0.0,0.0,0.0,0.0,0.0,0.0,0.0,0.0,38
89446c1420fffff,4,3.0,2.0,0.25,0.0,9.5,0.0,0.0,0.0,0.0,0.0,0.0,0.0,0.0,0.0,0.0,0.0,196
89446c14213ffff,9,4.0,2.0,0.0,0.0,9.666666666666666,0.0,0.0,0.0,0.6666666666666666,0.0,0.0,0.0,0.0,0.0,0.0,0.0,51
89446c14217ffff,3,0.0,2.0,0.3333333333333333,0.0,10.0,0.0,0.0,0.0,0.0,0.0,0.0,0.0,0.0,0.0,0.0,0.0,36
89446c1421bffff,5,3.0,2.0,0.4,0.2,9.4,0.0,0.0,0.0,0.4,0.0,0.0,0.0,0.0,0.0,0.0,0.0,61
89446c14227ffff,2,1.0,2.0,0.5,0.0,10.0,0.0,0.0,0.0,0.0,0.0,0.0,0.0,0.0,0.0,0.0,0.0,7
89446c1422bffff,10,3.0,2.0,0.1,0.0,9.3,0.0,0.0,0.0,0.0,0.0,0.0,0.0,0.0,0.0,0.0,0.0,156
89446c14237ffff,2,1.0,2.0,1.0,0.0,8.0,0.0,0.0,0.0,0.0,0.0,0.0,0.0,0.0,0.0,0.0,0.0,5
89446c1423bffff,152,40.0,2.013157894736842,0.21052631578947367,0.046052631578947366,9.070723684210526,0.0,0.0,0.875,0.0,0.0,0.0,0.0,0.0,0.0,0.0,0.013157894736842105,32
89446c1424bffff,3,1.0,2.0,0.0,0.0,10.0,0.0,0.0,0.0,0.0,0.0,0.0,0.0,0.0,0.0,0.0,0.0,59
89446c1424fffff,54,17.0,2.0185185185185186,0.16666666666666666,0.05555555555555555,8.971153846153847,0.0,0.0,0.8518518518518519,0.0,0.0,0.0,0.0,0.0,0.0,0.0,0.0,26
89446c14253ffff,2,1.0,2.0,0.5,0.0,10.0,0.0,0.0,0.0,0.0,0.0,0.0,0.0,0.0,0.0,0.0,0.0,12
89446c14257ffff,6,3.0,2.0,0.5,0.0,10.0,0.0,0.0,0.0,0.0,0.0,0.0,0.0,0.0,0.0,0.0,0.0,15
89446c1425bffff,1,1.0,2.0,0.0,0.0,10.0,0.0,0.0,0.0,0.0,0.0,0.0,0.0,0.0,0.0,0.0,0.0,5
89446c14263ffff,2,2.0,2.0,0.5,0.0,6.5,0.0,0.0,0.0,0.0,0.0,0.0,0.0,0.0,0.0,0.0,0.0,50
89446c14267ffff,1,0.0,2.0,1.0,0.0,10.0,0.0,0.0,0.0,0.0,0.0,0.0,0.0,0.0,0.0,0.0,0.0,23
89446c1426bffff,9,6.0,2.0,0.3333333333333333,0.0,8.777777777777779,0.0,0.0,0.0,0.0,0.0,0.0,0.0,0.0,0.0,0.0,0.0,27
89446c1426fffff,5,5.0,2.0,0.2,0.0,9.4,0.0,0.0,0.0,0.0,0.0,0.0,0.0,0.0,0.0,0.0,0.0,15
89446c14273ffff,17,9.0,2.4705882352941178,0.29411764705882354,0.0,10.0,0.11764705882352941,0.0,0.0,0.0,0.0,0.0,0.0,0.0,0.0,0.0,0.0,27
89446c1427bffff,18,2.0,2.2222222222222223,0.2222222222222222,0.1111111111111111,9.666666666666666,0.0,0.0,0.05555555555555555,0.0,0.0,0.0,0.0,0.0,0.0,0.0,0.0,83
89446c14283ffff,1,0.0,2.0,0.0,0.0,7.0,0.0,0.0,0.0,0.0,0.0,0.0,0.0,0.0,0.0,0.0,0.0,8
89446c14287ffff,2,0.0,2.0,0.0,0.0,9.0,0.0,0.0,0.0,0.0,0.0,0.0,0.0,0.0,0.0,0.0,0.0,2
89446c1428bffff,4,2.0,2.0,0.25,0.25,7.5625,0.0,0.0,0.0,0.0,0.0,0.0,0.0,0.0,0.0,0.0,0.0,44
89446c1428fffff,1,0.0,2.0,0.0,0.0,7.0,0.0,0.0,0.0,0.0,0.0,0.0,0.0,0.0,0.0,0.0,0.0,19
89446c1429bffff,1,0.0,2.0,0.0,0.0,10.0,0.0,0.0,0.0,0.0,0.0,0.0,0.0,0.0,0.0,0.0,0.0,6
89446c142abffff,2,1.0,2.0,0.0,0.0,10.0,0.0,0.0,0.0,0.5,0.0,0.0,0.0,0.0,0.0,0.0,0.0,23
89446c142afffff,2,2.0,2.0,0.5,0.0,10.0,0.0,0.0,0.0,0.0,0.0,0.0,0.0,0.0,0.0,0.0,0.0,5
89446c142c7ffff,32,8.0,2.0,0.125,0.03125,9.612903225806452,0.0,0.0,0.84375,0.0,0.0,0.0,0.0,0.0,0.0,0.0,0.0,23
89446c142cfffff,5,3.0,2.0,0.2,0.0,10.0,0.0,0.0,0.0,0.0,0.0,0.0,0.0,0.0,0.0,0.0,0.0,45
89446c14303ffff,5,4.0,2.0,0.4,0.0,10.0,0.0,0.0,0.0,0.8,0.0,0.0,0.0,0.0,0.0,0.0,0.0,47
89446c14307ffff,4,0.0,2.0,0.25,0.0,9.25,0.0,0.0,0.0,0.0,0.0,0.0,0.0,0.0,0.0,0.0,0.0,41
89446c1430bffff,5,2.0,2.0,0.0,0.0,9.4,0.0,0.0,0.0,0.0,0.0,0.0,0.0,0.0,0.0,0.0,0.0,22
89446c1430fffff,1,1.0,2.0,0.0,0.0,10.0,0.0,0.0,0.0,0.0,0.0,0.0,0.0,0.0,0.0,0.0,0.0,23
89446c14313ffff,4,3.0,2.0,0.5,0.0,9.0,0.0,0.0,0.0,0.0,0.0,0.0,0.0,0.0,0.0,0.0,0.0,54
89446c14317ffff,31,6.0,2.064516129032258,0.2903225806451613,0.06451612903225806,9.733333333333333,0.0,0.0,0.8709677419354839,0.0,0.0,0.0,0.0,0.0,0.0,0.0,0.0,29
89446c1431bffff,2,1.0,2.0,0.0,0.0,10.0,0.0,0.0,0.0,0.0,0.0,0.0,0.0,0.0,0.0,0.0,0.0,25
89446c14323ffff,1,0.0,2.0,1.0,0.0,10.0,0.0,0.0,0.0,0.0,0.0,0.0,0.0,0.0,0.0,0.0,0.0,10
89446c1432bffff,6,3.0,2.0,0.5,0.0,9.833333333333334,0.0,0.0,0.0,0.0,0.0,0.0,0.0,0.0,0.0,0.0,0.0,19
89446c1432fffff,2,1.0,2.0,1.0,0.0,8.5,0.0,0.0,0.0,0.0,0.0,0.0,0.0,0.0,0.0,0.0,0.0,21
89446c14333ffff,1,1.0,2.0,0.0,1.0,10.0,0.0,0.0,0.0,0.0,0.0,0.0,0.0,0.0,0.0,0.0,0.0,9
89446c1433bffff,1,1.0,2.0,1.0,0.0,10.0,0.0,0.0,0.0,0.0,0.0,0.0,0.0,0.0,0.0,0.0,0.0,19
89446c14343ffff,10,0.0,2.0,0.2,0.1,9.4,0.0,0.0,0.6,0.0,0.0,0.0,0.0,0.0,0.0,0.0,0.0,19
89446c14347ffff,3,1.0,2.0,0.3333333333333333,0.0,9.666666666666666,0.0,0.0,0.0,0.0,0.0,0.0,0.0,0.0,0.0,0.0,0.0,28
89446c1434fffff,2,1.0,2.0,0.5,0.0,10.0,0.0,0.0,0.0,0.0,0.0,0.0,0.0,0.0,0.0,0.0,0.0,23
89446c14353ffff,3,2.0,2.0,0.6666666666666666,0.0,10.0,0.0,0.0,0.0,0.0,0.0,0.0,0.0,0.0,0.0,0.0,0.0,24
89446c14357ffff,9,3.0,2.0,0.1111111111111111,0.0,9.666666666666666,0.0,0.0,0.4444444444444444,0.0,0.0,0.0,0.0,0.0,0.0,0.0,0.0,24
89446c1435bffff,2,0.0,2.0,0.0,0.0,10.0,0.0,0.0,0.0,0.0,0.0,0.0,0.0,0.0,0.0,0.0,0.0,24
89446c1436bffff,1,0.0,2.0,0.0,0.0,10.0,0.0,0.0,0.0,0.0,0.0,0.0,0.0,0.0,0.0,0.0,0.0,27
89446c1436fffff,17,9.0,2.0,0.11764705882352941,0.058823529411764705,8.911764705882353,0.0,0.0,0.0,0.0,0.0,0.0,0.0,0.0,0.0,0.0,0.0,14
89446c14373ffff,2,1.0,2.0,0.5,0.0,10.0,0.0,0.0,0.0,0.0,0.0,0.0,0.0,0.0,0.0,0.0,0.0,15
89446c14377ffff,6,1.0,2.0,0.5,0.0,10.0,0.0,0.0,0.0,0.0,0.0,0.0,0.0,0.0,0.0,0.0,0.0,10
89446c14383ffff,6,4.0,2.0,0.6666666666666666,0.16666666666666666,9.5,0.0,0.0,0.0,0.0,0.0,0.0,0.0,0.0,0.0,0.0,0.0,116
89446c14387ffff,1,1.0,2.0,0.0,0.0,10.0,0.0,0.0,0.0,0.0,0.0,0.0,0.0,0.0,0.0,0.0,0.0,23
89446c1438bffff,3,1.0,2.0,0.0,0.0,9.333333333333334,0.0,0.0,0.0,0.0,0.0,0.0,0.0,0.0,0.0,0.0,0.0,109
89446c1438fffff,12,5.0,2.0,0.16666666666666666,0.0,8.958333333333334,0.0,0.0,0.0,0.0,0.0,0.0,0.0,0.0,0.0,0.0,0.0,47
89446c14393ffff,15,5.0,2.0,0.26666666666666666,0.06666666666666667,9.733333333333333,0.4666666666666667,0.0,0.0,0.0,0.0,0.0,0.0,0.0,0.0,0.0,0.0,96
89446c14397ffff,1,0.0,2.0,0.0,0.0,10.0,0.0,0.0,0.0,0.0,0.0,0.0,0.0,0.0,0.0,0.0,0.0,29
89446c1439bffff,84,18.0,2.011904761904762,0.23809523809523808,0.011904761904761904,9.348809523809523,0.0,0.0,0.38095238095238093,0.0,0.23809523809523808,0.0,0.0,0.0,0.0,0.0,0.0,30
89446c143a3ffff,7,1.0,2.0,0.42857142857142855,0.14285714285714285,9.714285714285714,0.0,0.0,0.0,0.8571428571428571,0.0,0.0,0.0,0.0,0.0,0.0,0.0,15
89446c143a7ffff,4,2.0,2.0,0.0,0.0,9.5,0.0,0.0,0.0,0.0,0.0,0.0,0.0,0.0,0.0,0.0,0.0,18
89446c143abffff,2,0.0,2.0,0.5,0.0,10.0,0.0,0.0,0.0,0.5,0.0,0.0,0.0,0.0,0.0,0.0,0.0,46
89446c143afffff,1,0.0,2.0,1.0,0.0,10.0,0.0,0.0,0.0,0.0,0.0,0.0,0.0,0.0,0.0,0.0,0.0,16
89446c143b7ffff,6,2.0,2.0,0.16666666666666666,0.0,9.666666666666666,0.0,0.0,0.0,1.0,0.0,0.0,0.0,0.0,0.0,0.0,0.0,14
89446c143bbffff,2,1.0,2.0,1.0,0.0,10.0,0.0,0.0,0.0,0.0,0.0,0.0,0.0,0.0,0.0,0.0,0.0,53
89446c143c7ffff,1,1.0,2.0,1.0,0.0,10.0,0.0,0.0,0.0,0.0,0.0,0.0,0.0,0.0,0.0,0.0,0.0,12
89446c143cfffff,1,1.0,2.0,1.0,0.0,10.0,0.0,0.0,0.0,0.0,0.0,0.0,0.0,0.0,0.0,0.0,0.0,15
89446c143d3ffff,7,1.0,2.5714285714285716,0.2857142857142857,0.14285714285714285,8.571428571428571,0.7142857142857143,0.0,0.0,0.0,0.0,0.0,0.0,0.0,0.0,0.0,0.0,5
89446c143d7ffff,2,0.0,2.0,0.0,0.5,5.5,0.0,0.0,0.0,0.0,0.0,0.0,0.0,0.0,0.0,0.0,0.0,97
89446c143dbffff,1,1.0,3.0,1.0,0.0,10.0,0.0,0.0,0.0,0.0,0.0,0.0,0.0,0.0,0.0,0.0,0.0,11
89446c1460fffff,1,0.0,2.0,0.0,0.0,10.0,0.0,0.0,0.0,0.0,0.0,0.0,0.0,0.0,0.0,0.0,0.0,0
89446c1462fffff,1,1.0,2.0,1.0,0.0,5.0,0.0,0.0,0.0,0.0,0.0,0.0,0.0,0.0,0.0,0.0,0.0,1
89446c14667ffff,1,0.0,2.0,0.0,0.0,10.0,0.0,0.0,0.0,0.0,0.0,0.0,0.0,0.0,0.0,0.0,0.0,1
89446c14803ffff,11,7.0,2.0,0.18181818181818182,0.18181818181818182,8.527272727272727,0.0,0.0,0.0,0.0,0.0,0.0,0.0,0.0,0.0,0.0,0.0,17
89446c14807ffff,1,1.0,2.0,0.0,0.0,10.0,0.0,1.0,0.0,0.0,0.0,1.0,0.0,0.0,0.0,0.0,0.0,40
89446c1480fffff,2,0.0,2.0,0.0,0.5,6.0,0.0,0.0,0.0,0.0,0.0,0.0,0.0,0.0,0.0,0.0,0.0,36
89446c14813ffff,12,1.0,2.0,0.25,0.16666666666666666,9.666666666666666,0.0,0.0,0.9166666666666666,0.0,0.0,0.0,0.0,0.0,0.0,0.0,0.0,13
89446c14817ffff,2,0.0,2.0,0.0,0.0,10.0,0.0,0.0,0.0,0.0,0.0,0.0,0.0,0.0,0.0,0.0,0.0,29
89446c14827ffff,3,1.0,2.0,0.3333333333333333,0.0,10.0,0.0,0.0,0.0,0.0,0.0,0.0,0.0,0.0,0.0,0.0,0.0,13
89446c1482bffff,13,7.0,2.0,0.38461538461538464,0.3076923076923077,8.307692307692308,0.0,0.0,0.0,0.0,0.0,0.0,0.0,0.0,0.0,0.0,0.0,35
89446c1482fffff,10,2.0,2.0,0.1,0.2,9.0,0.0,0.0,0.0,0.0,0.0,0.0,0.0,0.0,0.0,0.0,0.0,18
89446c1483bffff,23,7.0,1.9565217391304348,0.21739130434782608,0.08695652173913043,9.521739130434783,0.0,0.0,0.0,0.0,0.0,0.0,0.0,0.0,0.0,0.0,0.0,17
89446c14877ffff,1,0.0,2.0,0.0,0.0,10.0,0.0,0.0,0.0,0.0,0.0,0.0,0.0,0.0,0.0,0.0,0.0,38
89446c148abffff,2,2.0,2.0,0.0,0.0,10.0,0.0,0.0,0.0,0.0,0.0,0.0,0.0,0.0,0.0,0.0,0.0,7
89446c148afffff,1,0.0,2.0,0.0,0.0,10.0,0.0,0.0,0.0,0.0,0.0,0.0,0.0,0.0,0.0,0.0,0.0,2
89446c148bbffff,3,1.0,2.0,0.0,0.0,10.0,0.0,0.0,0.0,0.0,0.0,0.0,0.0,0.0,0.0,0.0,0.0,4
89446c148d7ffff,10,5.0,2.0,0.5,0.1,9.9,0.0,0.0,0.0,0.0,0.0,0.0,0.0,0.0,0.0,0.0,0.0,2
89446c14907ffff,3,1.0,2.0,0.3333333333333333,0.0,10.0,0.0,0.0,0.0,0.0,0.0,0.0,0.0,0.0,0.0,0.0,0.0,15
89446c1490bffff,1,0.0,2.0,0.0,0.0,10.0,0.0,0.0,0.0,1.0,0.0,0.0,0.0,0.0,0.0,0.0,0.0,7
89446c1490fffff,2,0.0,2.0,0.0,0.0,10.0,0.0,0.0,0.0,0.0,0.0,0.0,0.0,0.0,0.0,0.0,0.0,13
89446c14913ffff,2,1.0,2.0,0.5,0.0,10.0,0.0,0.0,0.0,0.0,0.0,0.0,0.0,0.0,0.0,0.0,0.0,9
89446c14917ffff,1,1.0,2.0,0.0,0.0,10.0,0.0,0.0,0.0,0.0,0.0,0.0,0.0,0.0,0.0,0.0,0.0,11
89446c1491bffff,1,1.0,2.0,0.0,0.0,10.0,0.0,0.0,0.0,0.0,0.0,0.0,0.0,0.0,0.0,0.0,0.0,6
89446c14923ffff,8,7.0,2.0,0.5,0.0,8.75,0.0,0.0,0.0,0.0,0.0,0.0,0.0,0.0,0.0,0.0,0.125,92
89446c14927ffff,29,6.0,2.0,0.20689655172413793,0.06896551724137931,8.862068965517242,0.0,0.20689655172413793,0.7586206896551724,0.10344827586206896,0.0,0.20689655172413793,0.0,0.0,0.0,0.0,0.0,70
89446c1492bffff,5,1.0,2.0,0.4,0.0,10.0,0.0,0.0,0.0,0.0,0.0,0.0,0.0,0.0,0.0,0.0,0.0,61
89446c1492fffff,27,9.0,2.0,0.18518518518518517,0.0,9.444444444444445,0.0,0.0,0.5185185185185185,0.3333333333333333,0.0,0.0,0.0,0.0,0.0,0.0,0.5185185185185185,60
89446c14933ffff,4,2.0,2.0,0.25,0.25,9.75,0.0,0.0,0.0,0.0,0.0,0.0,0.0,0.0,0.0,0.0,0.0,40
89446c14937ffff,21,6.0,2.0,0.23809523809523808,0.0,9.904761904761905,0.0,0.0,0.0,0.7619047619047619,0.0,0.0,0.0,0.0,0.0,0.0,0.0,54
89446c1493bffff,6,1.0,2.0,0.0,0.16666666666666666,9.0,0.0,0.0,0.0,0.0,0.0,0.0,0.0,0.0,0.0,0.0,0.0,22
89446c14947ffff,1,1.0,2.0,1.0,0.0,8.0,0.0,0.0,0.0,1.0,0.0,0.0,0.0,0.0,0.0,0.0,1.0,4
89446c14953ffff,3,1.0,2.0,0.3333333333333333,0.0,7.666666666666667,0.0,0.0,0.0,0.0,0.0,0.0,0.0,0.0,0.0,0.0,0.0,3
89446c14963ffff,3,0.0,2.0,0.0,0.0,10.0,0.0,0.0,0.0,0.0,0.0,0.0,0.0,0.0,0.0,0.0,0.0,8
89446c14967ffff,5,4.0,2.0,0.4,0.4,8.4,0.0,0.0,0.0,0.0,0.0,0.0,0.0,0.0,0.0,0.0,0.0,34
89446c14973ffff,3,0.0,2.0,0.0,0.0,10.0,0.0,0.0,0.0,0.6666666666666666,0.0,0.0,0.0,0.0,0.0,0.0,0.0,7
89446c14983ffff,8,3.0,2.0,0.5,0.0,10.0,0.0,0.0,0.0,0.875,0.0,0.0,0.0,0.0,0.0,0.0,0.0,49
89446c1498fffff,4,2.0,2.0,0.25,0.0,8.5,0.0,0.0,0.0,0.0,0.0,0.0,0.0,0.0,0.0,0.0,0.0,11
89446c14993ffff,32,8.0,2.0,0.28125,0.09375,8.765625,0.0,0.0625,1.0,0.0,0.0,0.0625,0.0,0.0,0.0,0.0,0.0,38
89446c14997ffff,1,0.0,2.0,0.0,0.0,10.0,0.0,0.0,0.0,0.0,0.0,0.0,0.0,0.0,0.0,0.0,0.0,48
89446c1499bffff,12,4.0,2.0,0.16666666666666666,0.08333333333333333,9.916666666666666,0.0,0.08333333333333333,0.0,0.0,0.0,0.08333333333333333,0.0,0.0,0.0,0.0,0.0,57
89446c149abffff,2,1.0,2.0,0.0,0.0,10.0,0.0,0.0,0.0,0.0,0.0,0.0,0.0,0.0,0.0,0.0,0.0,8
89446c149c3ffff,1,0.0,2.0,0.0,0.0,10.0,0.0,0.0,0.0,0.0,0.0,0.0,0.0,0.0,0.0,0.0,0.0,9
89446c149c7ffff,3,0.0,2.0,0.3333333333333333,0.0,10.0,0.0,0.0,0.0,0.0,0.0,0.0,0.0,0.0,0.0,0.0,0.0,10
89446c149d7ffff,6,2.0,2.0,0.16666666666666666,0.0,10.0,0.0,0.0,0.0,0.0,0.0,0.0,0.0,0.0,0.0,0.0,0.0,17
89446c14a03ffff,1,0.0,2.0,1.0,0.0,10.0,0.0,0.0,0.0,0.0,0.0,0.0,0.0,0.0,0.0,0.0,0.0,52
89446c14a07ffff,17,9.0,2.0,0.058823529411764705,0.0,9.764705882352942,0.0,0.0,0.0,0.0,0.0,0.0,0.0,0.0,0.0,0.0,0.0,74
89446c14a0bffff,29,8.0,2.0,0.3103448275862069,0.13793103448275862,9.413793103448276,0.0,0.0,0.6551724137931034,0.0,0.0,0.0,0.0,0.0,0.0,0.0,0.034482758620689655,4
89446c14a0fffff,2,0.0,2.0,1.0,0.0,10.0,0.0,0.0,0.0,0.0,0.0,0.0,0.0,0.0,0.0,0.0,0.0,115
89446c14a13ffff,1,0.0,2.0,0.0,0.0,10.0,0.0,0.0,0.0,0.0,0.0,0.0,0.0,0.0,0.0,0.0,0.0,29
89446c14a17ffff,3,3.0,2.0,0.3333333333333333,0.0,6.833333333333333,0.0,0.0,0.0,0.0,0.0,0.0,0.0,0.0,0.0,0.0,0.0,21
89446c14a23ffff,36,7.0,2.0,0.1388888888888889,0.1111111111111111,9.527777777777779,0.0,0.0,0.8055555555555556,0.0,0.0,0.0,0.0,0.0,0.0,0.0,0.0,77
89446c14a27ffff,2,1.0,2.0,0.0,0.0,10.0,0.0,0.0,0.0,0.0,0.0,0.0,0.0,0.0,0.0,0.0,0.0,89
89446c14a33ffff,2,2.0,2.0,1.0,0.0,10.0,0.0,0.0,0.0,0.0,0.0,0.0,0.0,0.0,0.0,0.0,0.0,126
89446c14a37ffff,7,2.0,1.8571428571428572,0.0,0.0,10.0,0.0,0.0,0.0,0.0,0.0,0.0,0.0,0.0,0.0,0.0,0.0,82
89446c14a3bffff,66,14.0,2.015151515151515,0.15151515151515152,0.10606060606060606,8.920454545454545,0.0,0.0,1.0,0.0,0.0,0.0,0.0,0.0,0.0,0.0,0.0,59
89446c14a47ffff,1,0.0,2.0,1.0,0.0,10.0,0.0,0.0,0.0,0.0,0.0,0.0,0.0,0.0,0.0,0.0,0.0,192
89446c14a4bffff,53,25.0,2.6037735849056602,0.3584905660377358,0.03773584905660377,9.556603773584905,0.32075471698113206,0.0,0.0,0.0,0.0,0.0,0.0,0.0,0.0,0.0,0.0,167
89446c14a4fffff,140,45.0,2.4785714285714286,0.37142857142857144,0.07142857142857142,9.678571428571429,0.0,0.0,0.4142857142857143,0.0,0.0,0.0,0.0,0.0,0.0,0.0,0.0,91
89446c14a53ffff,2,1.0,2.0,0.0,0.0,10.0,0.0,0.0,0.0,0.0,0.0,0.0,0.0,0.0,0.0,0.0,0.0,23
89446c14a5bffff,9,7.0,2.0,0.3333333333333333,0.1111111111111111,8.944444444444445,0.0,0.0,0.0,0.0,0.0,0.0,0.0,0.0,0.0,0.0,0.0,84
89446c14a63ffff,2,1.0,2.0,0.0,0.0,9.5,0.0,0.0,0.0,0.0,0.0,0.0,0.0,0.0,0.0,0.0,0.0,74
89446c14a67ffff,3,1.0,2.0,0.0,0.0,10.0,0.0,0.0,0.0,0.0,0.0,0.0,0.0,0.0,0.0,0.0,0.0,43
89446c14a6bffff,17,14.0,2.1176470588235294,0.5294117647058824,0.058823529411764705,9.823529411764707,0.0,0.0,0.0,0.0,0.0,0.0,0.0,0.0,0.0,0.0,0.0,60
89446c14a6fffff,29,20.0,2.1379310344827585,0.3793103448275862,0.20689655172413793,9.10344827586207,0.0,0.0,0.0,0.0,0.0,0.0,0.0,0.0,0.0,0.0,0.0,48
89446c14a77ffff,2,1.0,2.0,0.5,0.0,10.0,0.0,0.0,0.0,0.0,0.0,0.0,0.0,0.0,0.0,0.0,0.0,73
89446c14a7bffff,23,10.0,2.608695652173913,0.43478260869565216,0.21739130434782608,8.978260869565217,0.043478260869565216,0.0,0.0,0.0,0.0,0.0,0.0,0.0,0.0,0.0,0.0,164
89446c14a83ffff,8,1.0,2.0,0.25,0.125,10.0,0.0,0.0,0.0,0.0,0.0,0.0,0.0,0.0,0.0,0.0,0.0,33
89446c14a8bffff,23,7.0,2.0,0.2608695652173913,0.043478260869565216,8.369565217391305,0.0,0.0,0.0,0.0,0.0,0.0,0.0,0.0,0.0,0.0,0.0,16
89446c14a8fffff,2,0.0,2.0,0.0,0.5,7.0,0.0,0.0,0.0,0.0,0.0,0.0,0.0,0.0,0.0,0.0,0.0,35
89446c14a93ffff,3,0.0,2.0,0.0,0.3333333333333333,10.0,0.0,0.0,0.0,0.0,0.0,0.0,0.0,0.0,0.0,0.0,0.0,14
89446c14a9bffff,5,4.0,2.0,0.2,0.2,7.2,0.0,0.0,0.0,1.0,0.0,0.0,0.0,0.0,0.0,0.0,0.0,35
89446c14ac3ffff,6,2.0,2.0,0.6666666666666666,0.0,10.0,0.0,0.0,0.0,0.0,0.0,0.0,0.0,0.0,0.0,0.0,0.0,13
89446c14acbffff,8,6.0,2.0,0.0,0.5,7.1875,0.0,0.0,0.0,0.0,0.0,0.0,0.0,0.0,0.0,0.0,0.0,22
89446c14ad3ffff,1,1.0,2.0,1.0,0.0,10.0,0.0,0.0,0.0,0.0,0.0,0.0,0.0,0.0,0.0,0.0,0.0,16
89446c14adbffff,4,2.0,2.0,0.5,0.5,8.0,0.0,0.0,0.0,0.0,0.0,0.0,0.0,0.0,0.0,0.0,0.0,28
89446c14b03ffff,4,2.0,2.0,0.0,0.25,9.0,0.0,0.0,0.0,0.0,0.0,0.0,0.0,0.0,0.0,0.0,0.0,15
89446c14b07ffff,3,3.0,2.0,0.6666666666666666,0.0,10.0,0.0,0.0,0.0,0.0,0.0,0.0,0.0,0.0,0.0,0.0,0.3333333333333333,52
89446c14b0bffff,2,0.0,2.0,0.5,0.5,10.0,0.0,0.0,0.0,0.0,0.0,0.0,0.0,0.0,0.0,0.0,0.0,33
89446c14b0fffff,1,1.0,2.0,0.0,0.0,10.0,0.0,0.0,0.0,0.0,0.0,0.0,0.0,0.0,0.0,0.0,0.0,32
89446c14b13ffff,7,3.0,2.0,0.14285714285714285,0.0,10.0,0.0,0.0,0.0,0.2857142857142857,0.5714285714285714,0.0,0.0,0.0,0.0,0.0,0.0,24
89446c14b17ffff,2,1.0,2.0,0.5,0.0,10.0,0.0,0.0,0.0,0.0,0.0,0.0,0.0,0.0,0.0,0.0,0.0,59
89446c14b23ffff,114,25.0,2.0,0.2807017543859649,0.13157894736842105,9.56140350877193,0.0,0.0,0.7368421052631579,0.0,0.6666666666666666,0.0,0.0,0.0,0.0,0.0,0.0,62
89446c14b27ffff,1,1.0,2.0,1.0,0.0,10.0,0.0,0.0,0.0,0.0,0.0,0.0,0.0,0.0,0.0,0.0,0.0,194
89446c14b2bffff,17,6.0,2.0,0.11764705882352941,0.058823529411764705,9.176470588235293,0.0,0.0,0.0,0.0,0.0,0.0,0.0,0.0,0.0,0.0,0.0,167
89446c14b2fffff,28,7.0,2.0,0.35714285714285715,0.07142857142857142,9.135714285714286,0.0,0.39285714285714285,0.5,0.21428571428571427,0.0,0.0,0.0,0.0,0.0,0.0,0.0,191
89446c14b33ffff,14,2.0,2.0,0.0,0.07142857142857142,9.571428571428571,0.0,0.0,0.0,0.0,0.0,0.0,0.0,0.0,0.0,0.0,0.0,148
89446c14b3bffff,2,2.0,2.0,0.5,0.0,10.0,0.0,0.0,0.0,0.0,0.0,0.0,0.0,0.0,0.0,0.0,0.0,168
89446c14b43ffff,2,1.0,2.0,0.5,0.0,10.0,0.0,0.0,0.0,0.0,0.0,0.0,0.0,0.0,0.0,0.0,0.0,31
89446c14b47ffff,25,10.0,2.0,0.28,0.12,9.0,0.0,0.0,0.84,0.0,0.0,0.0,0.0,0.0,0.0,0.0,0.0,31
89446c14b4fffff,1,1.0,2.0,1.0,0.0,10.0,0.0,0.0,0.0,0.0,0.0,0.0,0.0,0.0,0.0,0.0,0.0,60
89446c14b53ffff,4,1.0,2.0,0.5,0.0,10.0,0.0,0.0,0.0,0.0,0.0,0.0,0.0,0.0,0.0,0.0,0.0,61
89446c14b57ffff,1,0.0,2.0,0.0,0.0,10.0,0.0,0.0,0.0,0.0,0.0,0.0,0.0,0.0,0.0,0.0,0.0,47
89446c14b63ffff,78,18.0,2.0,0.21794871794871795,0.11538461538461539,9.16025641025641,0.0,0.0,0.8846153846153846,0.08974358974358974,0.0,0.0,0.0,0.0,0.0,0.0,0.01282051282051282,102
89446c14b67ffff,1,0.0,2.0,0.0,0.0,10.0,0.0,0.0,0.0,0.0,0.0,0.0,0.0,0.0,0.0,0.0,0.0,131
89446c14b6bffff,43,38.0,2.0,0.2558139534883721,0.023255813953488372,9.930232558139535,0.0,0.0,0.0,0.0,0.0,0.0,0.0,0.0,0.0,0.0,0.0,127
89446c14b6fffff,14,3.0,2.0,0.14285714285714285,0.07142857142857142,9.928571428571429,0.0,0.0,0.7142857142857143,0.0,0.0,0.0,0.0,0.0,0.0,0.0,0.0,123
89446c14b73ffff,2,1.0,2.0,0.5,0.0,10.0,0.0,0.0,0.0,0.0,0.0,0.0,0.0,0.0,0.0,0.0,0.0,148
89446c14b77ffff,19,2.0,2.0,0.10526315789473684,0.21052631578947367,8.433333333333334,0.0,0.0,0.8947368421052632,0.0,0.0,0.0,0.0,0.0,0.0,0.0,0.0,101
89446c14b7bffff,23,21.0,2.0,0.043478260869565216,0.0,10.0,0.0,0.0,0.0,0.0,0.0,0.0,0.0,0.0,0.0,0.0,0.0,159
89446c14b83ffff,58,11.0,2.0,0.2413793103448276,0.13793103448275862,8.753448275862068,0.0,0.0,0.9137931034482759,0.0,0.0,0.0,0.0,0.0,0.0,0.0,0.0,18
89446c14b8bffff,5,1.0,2.0,0.0,0.2,10.0,0.0,0.0,0.0,0.0,0.0,0.0,0.0,0.0,0.0,0.0,0.0,80
89446c14b8fffff,11,2.0,2.0,0.18181818181818182,0.2727272727272727,9.636363636363637,0.0,0.18181818181818182,0.0,0.5454545454545454,0.0,0.0,0.0,0.0,0.0,0.0,0.0,77
89446c14b93ffff,1,1.0,2.0,0.0,0.0,3.0,0.0,0.0,0.0,0.0,0.0,0.0,0.0,0.0,0.0,0.0,0.0,82
89446c14b97ffff,1,0.0,2.0,1.0,0.0,10.0,0.0,0.0,0.0,0.0,0.0,0.0,0.0,0.0,0.0,0.0,0.0,69
89446c14ba3ffff,1,0.0,2.0,0.0,0.0,8.0,0.0,0.0,0.0,0.0,0.0,0.0,0.0,0.0,0.0,0.0,0.0,35
89446c14ba7ffff,1,1.0,2.0,0.0,0.0,10.0,0.0,0.0,0.0,0.0,0.0,0.0,0.0,0.0,0.0,0.0,0.0,1
89446c14babffff,29,9.0,2.0,0.13793103448275862,0.20689655172413793,9.155172413793103,0.0,0.0,0.7241379310344828,0.0,0.0,0.0,0.0,0.0,0.0,0.0,0.0,25
89446c14bbbffff,5,2.0,2.0,0.2,0.4,9.2,0.0,0.0,1.0,0.0,0.0,0.0,0.0,0.0,0.0,0.0,0.0,43
89446c14bc3ffff,28,8.0,2.0357142857142856,0.42857142857142855,0.07142857142857142,9.607142857142858,0.0,0.14285714285714285,0.42857142857142855,0.0,0.0,0.0,0.0,0.0,0.0,0.0,0.0,60
89446c14bc7ffff,2,0.0,2.0,0.5,0.0,10.0,0.0,0.0,0.0,0.0,0.0,0.0,0.0,0.0,0.0,0.0,0.0,56
89446c14bcbffff,42,10.0,2.0,0.2619047619047619,0.047619047619047616,9.761904761904763,0.0,0.5714285714285714,0.6666666666666666,0.0,0.0,0.0,0.0,0.0,0.0,0.0,0.0,55
89446c14bcfffff,14,5.0,2.0,0.42857142857142855,0.07142857142857142,9.857142857142858,0.0,0.0,0.6428571428571429,0.0,0.0,0.0,0.0,0.0,0.0,0.0,0.0,77
89446c14bd7ffff,2,1.0,2.0,0.0,0.0,9.0,0.0,0.0,0.0,0.0,0.0,0.0,0.0,0.0,0.0,0.0,0.0,35
89446c14c07ffff,13,5.0,2.0,0.3076923076923077,0.0,7.961538461538462,0.0,0.0,0.0,0.0,0.0,0.0,0.0,0.0,0.0,0.0,0.0,0
89446c14c43ffff,2,1.0,2.0,0.5,0.0,10.0,0.0,0.0,0.0,0.0,0.0,0.0,0.0,0.0,0.0,0.0,0.0,49
89446c14c47ffff,33,11.0,2.0606060606060606,0.24242424242424243,0.12121212121212122,8.953125,0.0,0.0,0.45454545454545453,0.0,0.0,0.0,0.0,0.0,0.0,0.0,0.0,88
89446c14c4bffff,1,0.0,2.0,0.0,0.0,10.0,0.0,0.0,0.0,0.0,0.0,0.0,0.0,0.0,0.0,0.0,0.0,5
89446c14c53ffff,2,2.0,2.0,0.5,0.0,10.0,0.0,0.0,0.0,0.0,0.0,0.0,0.0,0.0,0.0,0.0,0.0,20
89446c14c57ffff,12,5.0,2.0,0.3333333333333333,0.0,9.75,0.0,0.0,0.0,0.0,0.0,0.0,0.0,0.0,0.0,0.0,0.0,39
89446c14c5bffff,1,0.0,2.0,0.0,1.0,6.0,0.0,0.0,0.0,0.0,0.0,0.0,0.0,0.0,0.0,0.0,0.0,7
89446c14c63ffff,47,23.0,2.0,0.3829787234042553,0.06382978723404255,9.425531914893616,0.0,0.0,0.723404255319149,0.0,0.0,0.0,0.0,0.0,0.0,0.0,0.0,78
89446c14c67ffff,2,1.0,2.0,0.0,0.5,8.5,0.0,0.0,0.0,0.0,0.0,0.0,0.0,0.0,0.0,0.0,0.0,49
89446c14c6fffff,2,0.0,2.0,0.0,0.0,10.0,0.0,0.0,0.0,0.0,0.0,0.0,0.0,0.0,0.0,0.0,0.0,59
89446c14c7bffff,74,72.0,2.0,0.32432432432432434,0.0,9.75,0.0,0.0,0.04054054054054054,0.0,0.0,0.0,0.0,0.0,0.0,0.0,0.0,92
89446c14ca7ffff,39,11.0,2.0256410256410255,0.20512820512820512,0.10256410256410256,8.828717948717948,0.0,0.9743589743589743,0.0,0.0,0.0,0.9743589743589743,0.0,0.0,0.0,0.0,0.0,0
89446c14cb3ffff,8,0.0,2.0,0.25,0.125,10.0,0.0,0.0,0.0,0.0,0.0,0.0,0.0,0.0,0.0,0.0,0.0,5
89446c14cc3ffff,30,8.0,2.066666666666667,0.36666666666666664,0.2,9.0,0.0,0.0,0.7333333333333333,0.0,0.0,0.0,0.0,0.0,0.0,0.0,0.0,16
89446c14ccbffff,3,2.0,2.0,0.6666666666666666,0.3333333333333333,9.333333333333334,0.0,0.0,0.0,0.0,0.0,0.0,0.0,0.0,0.0,0.0,0.0,34
89446c14ccfffff,2,0.0,2.0,0.5,0.0,9.0,0.0,0.0,0.0,0.0,0.0,0.0,0.0,0.0,0.0,0.0,0.0,47
89446c14cd3ffff,11,6.0,2.0,0.36363636363636365,0.0,10.0,0.0,0.0,0.18181818181818182,0.0,0.0,0.0,0.0,0.0,0.0,0.0,0.0,34
89446c14d07ffff,2,2.0,2.0,0.0,0.0,9.5,0.0,0.0,0.0,0.0,0.0,0.0,0.0,0.0,0.0,0.0,0.0,3
89446c14d0bffff,4,1.0,2.0,0.25,0.0,6.875,0.0,0.0,0.0,0.0,0.0,0.0,0.0,0.0,0.0,0.0,0.0,0
89446c14d13ffff,2,1.0,2.0,0.5,0.0,10.0,0.0,0.0,0.0,0.0,0.0,0.0,0.0,0.0,0.0,0.0,0.0,0
89446c14d27ffff,2,1.0,2.0,0.0,0.5,10.0,0.0,0.0,0.0,0.0,0.0,0.0,0.0,0.0,0.0,0.0,0.0,14
89446c14d2fffff,7,2.0,2.0,0.0,0.0,9.0,0.0,0.0,0.0,0.0,0.0,0.0,0.0,0.0,0.0,0.0,0.0,36
89446c14d33ffff,3,2.0,2.0,0.3333333333333333,0.0,9.333333333333334,0.0,0.0,0.0,0.0,0.0,0.0,0.0,0.0,0.0,0.0,0.0,2
89446c14d4fffff,1,0.0,2.0,0.0,0.0,10.0,0.0,0.0,0.0,0.0,0.0,0.0,0.0,0.0,0.0,0.0,0.0,0
89446c14d67ffff,10,4.0,2.0,0.2,0.1,9.0,0.0,0.0,0.0,0.0,0.0,0.0,0.0,0.0,0.0,0.0,0.0,52
89446c14d6bffff,5,3.0,2.0,0.4,0.0,8.6,0.0,0.0,0.0,0.0,0.0,0.0,0.0,0.0,0.0,0.0,0.0,1
89446c14d6fffff,1,1.0,2.0,0.0,0.0,6.0,0.0,0.0,0.0,0.0,0.0,0.0,0.0,0.0,0.0,0.0,0.0,33
89446c14d77ffff,7,2.0,2.0,0.2857142857142857,0.0,9.571428571428571,0.0,0.0,0.0,0.0,0.0,0.0,0.0,0.0,0.0,0.0,0.0,10
89446c14d83ffff,3,0.0,2.0,0.3333333333333333,0.0,10.0,0.0,0.0,0.0,0.0,0.0,0.0,0.0,0.0,0.0,0.0,0.0,7
89446c14d93ffff,7,0.0,2.0,0.14285714285714285,0.14285714285714285,9.285714285714286,0.0,0.0,0.0,0.0,0.0,0.0,0.0,0.0,0.0,0.0,0.0,3
89446c14da3ffff,3,1.0,2.0,0.6666666666666666,0.0,6.733333333333333,0.0,0.0,0.0,0.0,0.0,0.0,0.0,0.0,0.0,0.0,0.0,4
89446c14db3ffff,4,3.0,2.0,0.5,0.0,7.515,0.0,0.0,0.0,0.0,0.0,0.0,0.0,0.0,0.0,0.0,0.0,29
89446c14dc3ffff,22,3.0,2.0,0.3181818181818182,0.09090909090909091,9.131818181818183,0.0,0.0,0.7727272727272727,0.0,0.0,0.0,0.0,0.0,0.0,0.0,0.0,16
89446c14dcfffff,8,3.0,2.0,0.5,0.125,9.125,0.0,0.0,0.0,0.0,0.0,0.0,0.0,0.0,0.0,0.0,0.0,22
89446c14dd7ffff,8,2.0,2.0,0.125,0.0,10.0,0.0,0.0,0.0,0.0,0.0,0.0,0.0,0.0,0.0,0.0,0.0,27
89446c14e03ffff,44,15.0,2.022727272727273,0.29545454545454547,0.18181818181818182,9.204545454545455,0.0,0.0,0.7045454545454546,0.0,0.0,0.0,0.0,0.0,0.0,0.0,0.022727272727272728,34
89446c14e07ffff,3,1.0,2.0,0.3333333333333333,0.0,10.0,0.0,0.0,0.0,0.0,0.0,0.0,0.0,0.0,0.0,0.0,0.0,68
89446c14e0bffff,6,2.0,2.0,0.16666666666666666,0.0,10.0,0.0,0.0,0.0,1.0,0.0,0.0,0.0,0.0,0.0,0.0,0.0,56
89446c14e0fffff,12,4.0,2.0,0.25,0.25,9.916666666666666,0.0,0.0,0.0,0.25,0.0,0.0,0.0,0.0,0.0,0.0,0.0,57
89446c14e13ffff,2,1.0,2.0,0.5,0.0,10.0,0.0,0.0,0.0,0.0,0.0,0.0,0.0,0.0,0.0,0.0,0.0,62
89446c14e17ffff,11,2.0,2.0,0.36363636363636365,0.0,9.090909090909092,0.0,0.0,0.0,0.9090909090909091,0.0,0.0,0.0,0.0,0.0,0.0,0.0,53
89446c14e23ffff,3,1.0,2.0,0.6666666666666666,0.3333333333333333,6.666666666666667,0.0,0.0,0.0,0.0,0.0,0.0,0.0,0.0,0.0,0.0,0.0,8
89446c14e33ffff,1,1.0,2.0,1.0,0.0,2.0,0.0,0.0,0.0,0.0,0.0,0.0,0.0,0.0,0.0,0.0,0.0,16
89446c14e37ffff,7,1.0,2.0,0.42857142857142855,0.0,9.857142857142858,0.0,0.0,0.0,0.0,0.0,0.0,0.0,0.0,0.0,0.0,0.0,7
89446c14e43ffff,17,8.0,2.0,0.0,0.17647058823529413,8.558823529411764,0.0,0.0,0.0,0.9411764705882353,0.0,0.0,0.0,0.0,0.0,0.0,0.0,4
89446c14e4fffff,4,2.0,2.0,0.25,0.25,7.625,0.0,0.0,0.0,0.0,0.0,0.0,0.0,0.0,0.0,0.0,0.0,19
89446c14e67ffff,1,0.0,2.0,1.0,0.0,10.0,0.0,0.0,0.0,0.0,0.0,0.0,0.0,0.0,0.0,0.0,0.0,12
89446c14e77ffff,4,4.0,2.0,0.75,0.0,7.625,0.0,0.0,0.0,0.0,0.0,0.0,0.0,0.0,0.0,0.0,0.0,13
89446c14e83ffff,4,2.0,2.0,0.25,0.25,8.125,0.0,0.0,0.0,0.0,0.0,0.0,0.0,0.0,0.0,0.0,0.0,8
89446c14e87ffff,1,0.0,2.0,0.0,0.0,10.0,0.0,0.0,0.0,0.0,0.0,0.0,0.0,0.0,0.0,0.0,0.0,10
89446c14e8bffff,2,1.0,2.5,0.5,0.0,10.0,0.0,0.0,0.0,0.0,0.0,0.0,0.0,0.0,0.0,0.0,0.0,15
89446c14e8fffff,3,2.0,2.0,0.3333333333333333,0.0,6.75,0.0,0.0,0.0,0.0,0.0,0.0,0.0,0.0,0.0,0.0,0.0,21
89446c14e93ffff,1,1.0,2.0,0.0,0.0,8.0,0.0,0.0,0.0,0.0,0.0,0.0,0.0,0.0,0.0,0.0,0.0,12
89446c14e97ffff,1,0.0,2.0,1.0,0.0,10.0,0.0,0.0,0.0,0.0,0.0,0.0,0.0,0.0,0.0,0.0,0.0,9
89446c14ea3ffff,10,2.0,2.0,0.4,0.0,9.18,0.0,0.0,0.0,1.0,0.0,0.0,0.0,0.0,0.0,0.0,0.0,16
89446c14eafffff,3,3.0,2.0,0.3333333333333333,0.0,10.0,0.0,0.0,0.0,0.0,0.0,0.0,0.0,0.0,0.0,0.0,0.0,18
89446c14eb7ffff,12,11.0,2.0,0.08333333333333333,0.0,9.016666666666667,0.0,0.0,0.0,0.0,0.0,0.0,0.0,0.0,0.0,0.0,0.0,84
89446c14ebbffff,1,0.0,2.0,0.0,0.0,10.0,0.0,0.0,0.0,0.0,0.0,0.0,0.0,0.0,0.0,0.0,0.0,25
89446c14ec7ffff,2,1.0,2.0,0.0,0.0,10.0,0.0,0.0,0.0,0.0,0.0,0.0,0.0,0.0,0.0,0.0,0.0,8
89446c14ed3ffff,1,0.0,2.0,0.0,0.0,10.0,0.0,0.0,0.0,0.0,0.0,0.0,0.0,0.0,0.0,0.0,0.0,16
89446c14ed7ffff,4,4.0,2.0,0.5,0.5,9.5,0.0,0.0,0.0,0.0,0.0,0.0,0.0,0.0,0.0,0.0,0.0,10
89446c14edbffff,2,1.0,2.0,1.0,0.0,10.0,0.0,0.0,0.0,0.0,0.0,0.0,0.0,0.0,0.0,0.0,0.0,6
89446c15003ffff,1,0.0,2.0,0.0,0.0,10.0,0.0,0.0,0.0,0.0,0.0,0.0,0.0,0.0,0.0,0.0,0.0,14
89446c1500fffff,1,1.0,2.0,1.0,0.0,10.0,0.0,0.0,0.0,0.0,0.0,0.0,0.0,0.0,0.0,0.0,0.0,1
89446c15017ffff,13,9.0,2.1538461538461537,0.23076923076923078,0.15384615384615385,9.384615384615385,0.0,0.0,0.3076923076923077,0.0,0.0,0.0,0.0,0.0,0.0,0.0,0.0,104
89446c15033ffff,1,1.0,2.0,0.0,0.0,10.0,0.0,0.0,0.0,0.0,0.0,0.0,0.0,0.0,0.0,0.0,0.0,50
89446c1504bffff,1,0.0,2.0,0.0,0.0,10.0,0.0,0.0,0.0,0.0,0.0,0.0,0.0,0.0,0.0,0.0,0.0,1
89446c1504fffff,1,0.0,2.0,0.0,0.0,10.0,0.0,1.0,1.0,0.0,0.0,1.0,0.0,0.0,0.0,0.0,0.0,5
89446c15067ffff,10,4.0,2.0,0.3,0.0,9.8,0.0,0.0,0.8,0.0,0.0,0.0,0.0,0.0,0.0,0.0,0.0,5
89446c1506fffff,4,0.0,2.5,0.25,0.0,10.0,0.0,0.75,0.75,0.0,0.0,0.75,0.0,0.0,0.0,0.0,0.0,12
89446c1507bffff,2,2.0,2.0,1.0,0.0,10.0,0.0,0.0,0.0,0.0,0.0,0.0,0.0,0.0,0.0,0.0,0.0,3
89446c15087ffff,5,2.0,2.0,0.0,0.0,9.8,0.0,0.0,0.0,0.0,0.0,0.0,0.0,0.0,0.0,0.0,0.0,75
89446c1508fffff,62,26.0,2.3870967741935485,0.20967741935483872,0.0967741935483871,9.080645161290322,0.0,0.0,0.8870967741935484,0.0,0.0,0.0,0.0,0.0,0.0,0.0,0.0,28
89446c15097ffff,1,0.0,2.0,0.0,0.0,10.0,0.0,0.0,0.0,0.0,0.0,0.0,0.0,0.0,0.0,0.0,0.0,15
89446c150a7ffff,6,4.0,2.0,0.0,0.0,9.666666666666666,0.0,0.0,0.0,0.0,0.0,0.0,0.0,0.0,0.0,0.0,0.5,58
89446c150abffff,31,5.0,2.774193548387097,0.3225806451612903,0.06451612903225806,9.666666666666666,0.0,0.0,0.0,0.0,0.0,0.0,0.0,0.0,0.0,0.0,0.0,43
89446c150afffff,19,14.0,2.0,0.15789473684210525,0.05263157894736842,9.473684210526315,0.0,0.0,0.0,0.0,0.0,0.0,0.0,0.0,0.0,0.0,0.0,60
89446c150b3ffff,2,2.0,2.0,0.0,0.0,10.0,0.0,0.0,0.0,0.0,0.0,0.0,0.0,0.0,0.0,0.0,0.0,23
89446c150b7ffff,6,4.0,2.0,0.16666666666666666,0.0,8.5,0.0,0.0,0.0,0.0,0.0,0.0,0.0,0.0,0.0,0.0,0.0,17
89446c150bbffff,10,7.0,2.1,0.4,0.2,8.9,0.0,0.0,0.0,0.0,0.0,0.0,0.0,0.0,0.0,0.0,0.0,113
89446c15103ffff,7,1.0,2.4285714285714284,0.42857142857142855,0.0,10.0,0.5714285714285714,0.0,0.0,0.0,0.0,0.0,0.0,0.0,0.0,0.0,0.0,129
89446c15107ffff,101,33.0,2.594059405940594,0.31683168316831684,0.1188118811881188,9.287128712871286,0.009900990099009901,0.0,0.1188118811881188,0.0,0.0,0.0,0.0,0.0,0.0,0.0,0.0,68
89446c1510fffff,9,1.0,2.111111111111111,0.2222222222222222,0.0,10.0,0.0,0.0,0.0,0.0,0.0,0.0,0.0,0.0,0.0,0.0,0.0,123
89446c15113ffff,13,0.0,2.769230769230769,0.3076923076923077,0.3076923076923077,9.23076923076923,0.0,0.0,0.0,0.0,0.0,0.0,0.0,0.0,0.0,0.0,0.0,122
89446c15117ffff,6,0.0,3.0,0.16666666666666666,0.16666666666666666,10.0,0.0,0.0,0.0,0.0,0.0,0.0,0.0,0.0,0.0,0.0,0.0,168
89446c15127ffff,2,1.0,2.0,0.5,0.5,5.25,0.0,0.0,0.0,0.0,0.0,0.0,0.0,0.0,0.0,0.0,0.0,37
89446c1512bffff,1,1.0,2.0,0.0,0.0,5.0,0.0,0.0,0.0,0.0,0.0,0.0,0.0,0.0,0.0,0.0,0.0,9
89446c15133ffff,6,1.0,2.3333333333333335,0.16666666666666666,0.16666666666666666,9.833333333333334,0.0,0.0,0.0,0.0,0.0,0.0,0.0,0.0,0.0,0.0,0.0,175
89446c15137ffff,22,19.0,2.090909090909091,0.6818181818181818,0.13636363636363635,9.318181818181818,0.0,0.0,0.0,0.0,0.0,0.0,0.0,0.0,0.0,0.0,0.0,34
89446c1513bffff,6,3.0,2.5,0.5,0.0,8.416666666666666,0.5,0.0,0.0,0.0,0.0,0.0,0.0,0.0,0.0,0.0,0.0,120
89446c15143ffff,3,1.0,2.0,0.0,0.0,10.0,0.0,0.0,0.0,0.0,0.0,0.0,0.0,0.0,0.0,0.0,0.0,3
89446c15147ffff,1,0.0,2.0,0.0,0.0,10.0,0.0,0.0,0.0,0.0,0.0,0.0,0.0,0.0,0.0,0.0,0.0,11
89446c1514bffff,1,0.0,2.0,0.0,0.0,10.0,0.0,0.0,0.0,0.0,0.0,0.0,0.0,0.0,0.0,0.0,0.0,15
89446c15157ffff,1,1.0,2.0,1.0,0.0,10.0,0.0,0.0,0.0,0.0,0.0,0.0,0.0,0.0,0.0,0.0,0.0,4
89446c15163ffff,22,5.0,2.090909090909091,0.2727272727272727,0.18181818181818182,8.795454545454545,0.0,0.0,0.0,0.0,0.0,0.0,0.0,0.0,0.0,0.0,0.0,61
89446c1516bffff,23,14.0,2.0434782608695654,0.4782608695652174,0.0,9.008695652173913,0.0,0.0,0.0,0.0,0.0,0.0,0.0,0.0,0.0,0.0,0.0,156
89446c1516fffff,28,17.0,2.0357142857142856,0.25,0.03571428571428571,9.678571428571429,0.0,0.0,0.0,0.0,0.0,0.0,0.0,0.0,0.0,0.0,0.0,133
89446c15173ffff,6,5.0,2.0,0.16666666666666666,0.0,10.0,0.0,0.0,0.0,0.0,0.0,0.0,0.0,0.0,0.0,0.0,0.0,36
89446c15177ffff,3,0.0,2.0,0.3333333333333333,0.0,10.0,0.0,0.0,0.0,0.0,0.0,0.0,0.0,0.0,0.0,0.0,0.0,44
89446c1517bffff,1,1.0,2.0,1.0,0.0,10.0,0.0,0.0,0.0,0.0,0.0,0.0,0.0,0.0,0.0,0.0,0.0,52
89446c1519bffff,2,1.0,2.0,0.5,0.0,10.0,0.0,0.0,0.0,0.0,0.0,0.0,0.0,0.0,0.0,0.0,0.0,10
89446c151a3ffff,3,1.0,2.0,0.6666666666666666,0.0,10.0,0.3333333333333333,0.0,0.0,0.0,0.0,0.0,0.0,0.0,0.0,0.0,0.0,65
89446c151a7ffff,1,0.0,2.0,0.0,0.0,10.0,0.0,0.0,0.0,0.0,0.0,0.0,0.0,0.0,0.0,0.0,0.0,25
89446c151abffff,34,22.0,2.411764705882353,0.2647058823529412,0.08823529411764706,9.147058823529411,0.0,0.0,0.08823529411764706,0.0,0.0,0.0,0.0,0.0,0.0,0.0,0.0,141
89446c151afffff,12,3.0,2.0,0.08333333333333333,0.0,9.583333333333334,0.0,0.0,0.0,0.0,0.0,0.0,0.0,0.0,0.0,0.0,0.0,66
89446c151b3ffff,4,1.0,2.25,0.0,0.0,10.0,0.0,0.0,0.0,0.0,0.0,0.0,0.0,0.0,0.0,0.0,0.0,74
89446c151b7ffff,1,0.0,2.0,0.0,0.0,10.0,0.0,0.0,0.0,0.0,0.0,0.0,0.0,0.0,0.0,0.0,0.0,89
89446c151bbffff,13,5.0,2.3076923076923075,0.3076923076923077,0.07692307692307693,9.0,0.15384615384615385,0.0,0.0,0.0,0.0,0.0,0.0,0.0,0.0,0.0,0.0,47
89446c151c3ffff,39,14.0,2.641025641025641,0.4358974358974359,0.1282051282051282,9.461538461538462,0.02564102564102564,0.0,0.0,0.0,0.0,0.0,0.0,0.0,0.0,0.0,0.0,147
89446c151c7ffff,109,47.0,2.8073394495412844,0.22935779816513763,0.12844036697247707,9.387037037037036,0.1926605504587156,0.0,0.027522935779816515,0.0,0.0,0.0,0.0,0.0,0.0,0.0,0.0,61
89446c151d3ffff,7,6.0,2.0,0.7142857142857143,0.14285714285714285,9.0,0.0,0.0,0.0,0.0,0.0,0.0,0.0,0.0,0.0,0.0,0.0,81
89446c151d7ffff,9,3.0,2.0,0.4444444444444444,0.0,10.0,0.0,0.0,0.0,0.0,0.0,0.0,0.0,0.0,0.0,0.0,0.0,158
89446c151dbffff,22,3.0,2.8636363636363638,0.45454545454545453,0.09090909090909091,9.25,0.0,0.0,0.0,0.0,0.0,0.0,0.0,0.0,0.0,0.0,0.0,71
89446c15243ffff,5,3.0,2.0,0.6,0.0,9.0,0.0,0.0,0.0,1.0,0.0,0.0,0.0,0.0,0.0,0.0,0.0,6
89446c1525bffff,6,2.0,2.0,0.16666666666666666,0.0,8.333333333333334,0.0,0.0,0.0,0.0,0.0,0.0,0.0,0.0,0.0,0.0,0.0,6
89446c152b7ffff,2,2.0,2.0,0.5,0.0,10.0,0.0,0.0,0.0,0.0,0.0,0.0,0.0,0.0,0.0,0.0,0.0,3
89446c152d3ffff,1,1.0,2.0,0.0,0.0,10.0,0.0,0.0,0.0,0.0,0.0,0.0,0.0,0.0,0.0,0.0,0.0,11
89446c15323ffff,17,1.0,2.176470588235294,0.17647058823529413,0.058823529411764705,9.875,0.0,0.0,0.0,0.0,0.0,0.0,0.0,0.0,0.0,0.0,0.0,7
89446c1532bffff,2,0.0,2.0,0.5,0.0,10.0,0.0,0.0,0.0,0.0,0.0,0.0,0.0,0.0,0.0,0.0,0.0,32
89446c15337ffff,5,2.0,2.0,0.2,0.0,10.0,0.0,0.0,0.0,0.0,0.0,0.0,0.0,0.0,0.0,0.0,0.0,26
89446c1539bffff,1,0.0,2.0,1.0,1.0,3.0,0.0,0.0,0.0,0.0,0.0,0.0,0.0,0.0,0.0,0.0,0.0,15
89446c153a3ffff,1,1.0,2.0,0.0,0.0,10.0,0.0,0.0,0.0,0.0,0.0,0.0,0.0,0.0,0.0,0.0,0.0,30
89446c153a7ffff,18,5.0,2.0555555555555554,0.1111111111111111,0.1111111111111111,9.61111111111111,0.0,0.9444444444444444,0.9444444444444444,0.0,0.8333333333333334,0.0,0.0,0.0,0.0,0.0,0.0,120
89446c153b3ffff,12,4.0,2.0833333333333335,0.16666666666666666,0.16666666666666666,9.041666666666666,0.0,0.0,0.9166666666666666,0.0,0.0,0.0,0.0,0.0,0.0,0.0,0.0,2
89446c153cfffff,1,1.0,2.0,1.0,0.0,10.0,0.0,0.0,0.0,0.0,0.0,0.0,0.0,0.0,0.0,0.0,0.0,0
89446c153d7ffff,1,0.0,2.0,1.0,0.0,10.0,0.0,0.0,0.0,0.0,0.0,0.0,0.0,0.0,0.0,0.0,0.0,5
89446c15507ffff,5,2.0,2.0,0.0,0.2,9.0,0.0,0.0,0.0,0.0,0.0,0.0,0.0,0.0,0.0,0.0,0.0,15
89446c1550fffff,2,0.0,2.0,0.0,0.0,10.0,0.0,0.0,0.0,0.0,0.0,0.0,0.0,0.0,0.0,0.0,0.0,8
89446c15513ffff,5,1.0,2.0,0.0,0.0,8.8,0.0,0.0,0.0,0.0,0.0,0.0,0.0,0.0,0.0,0.0,0.0,2
89446c15523ffff,1,0.0,2.0,0.0,0.0,10.0,0.0,0.0,0.0,1.0,0.0,0.0,0.0,0.0,0.0,0.0,0.0,1
89446c1553bffff,1,1.0,2.0,0.0,0.0,10.0,0.0,0.0,0.0,0.0,0.0,0.0,0.0,0.0,0.0,0.0,0.0,8
89446c1554fffff,2,2.0,2.0,0.0,0.0,8.0,0.0,0.0,0.0,0.0,0.0,0.0,0.0,0.0,0.0,0.0,0.0,11
89446c15553ffff,1,1.0,2.0,1.0,0.0,10.0,0.0,0.0,0.0,0.0,0.0,0.0,0.0,0.0,0.0,0.0,0.0,12
89446c1555bffff,10,6.0,2.0,0.4,0.0,7.425,0.0,0.0,0.0,0.0,0.0,0.0,0.0,0.0,0.0,0.0,0.0,2
89446c15563ffff,3,3.0,2.0,0.0,0.0,9.0,0.0,0.0,0.0,0.0,0.0,0.0,0.0,0.0,0.0,0.0,0.0,10
89446c1556bffff,4,4.0,2.0,0.5,0.0,9.5,0.0,0.0,0.0,0.0,0.0,0.0,0.0,0.0,0.0,0.0,0.0,26
89446c1556fffff,1,1.0,2.0,0.0,0.0,7.0,0.0,0.0,0.0,0.0,0.0,0.0,0.0,0.0,0.0,0.0,0.0,25
89446c15573ffff,2,1.0,2.0,0.0,0.0,10.0,0.0,0.0,0.0,0.0,0.0,0.0,0.0,0.0,0.0,0.0,0.0,8
89446c1557bffff,3,1.0,2.0,0.3333333333333333,0.0,6.333333333333333,0.0,0.0,0.0,0.0,0.0,0.0,0.0,0.0,0.0,0.0,0.3333333333333333,17
89446c1558bffff,1,0.0,2.0,0.0,0.0,10.0,0.0,0.0,0.0,0.0,0.0,0.0,0.0,0.0,0.0,0.0,0.0,6
89446c155abffff,12,4.0,2.0,0.08333333333333333,0.08333333333333333,8.916666666666666,0.0,0.0,0.0,0.0,0.0,0.0,0.0,0.0,0.0,0.0,0.0,7
89446c155afffff,2,0.0,2.0,0.0,0.0,10.0,0.0,0.0,1.0,0.0,0.0,0.0,0.0,0.0,0.0,0.0,0.0,12
89446c155c3ffff,18,4.0,2.0,0.16666666666666666,0.05555555555555555,7.545,0.0,0.0,0.0,0.0,0.0,0.0,0.0,0.0,0.0,0.0,0.0,3
89446c155c7ffff,1,1.0,2.0,0.0,0.0,7.0,0.0,0.0,0.0,0.0,0.0,0.0,0.0,0.0,0.0,0.0,0.0,24
89446c155cbffff,2,2.0,2.0,0.0,0.0,10.0,0.0,0.0,0.0,0.0,0.0,0.0,0.0,0.0,0.0,0.0,0.0,19
89446c1562fffff,1,0.0,2.0,0.0,0.0,8.0,0.0,1.0,0.0,0.0,0.0,1.0,0.0,0.0,0.0,0.0,0.0,0
89446c15657ffff,1,0.0,2.0,0.0,0.0,10.0,0.0,0.0,0.0,0.0,0.0,0.0,0.0,0.0,0.0,0.0,0.0,0
89446c1565bffff,1,1.0,2.0,0.0,0.0,10.0,0.0,0.0,0.0,0.0,0.0,0.0,0.0,0.0,0.0,0.0,0.0,11
89446c15663ffff,11,5.0,2.0,0.09090909090909091,0.0,9.181818181818182,0.0,0.0,0.0,0.0,0.0,0.0,0.0,0.0,0.0,0.0,0.0,9
89446c1566bffff,3,2.0,2.0,0.0,0.0,6.333333333333333,0.0,0.0,0.0,0.0,0.0,0.0,0.0,0.0,0.0,0.0,0.0,22
89446c15673ffff,3,2.0,2.0,0.0,0.0,10.0,0.0,0.0,0.0,0.0,0.0,0.0,0.0,0.0,0.0,0.0,0.0,14
89446c15677ffff,3,3.0,2.0,0.0,0.0,10.0,0.0,0.0,0.0,0.0,0.0,0.0,0.0,0.0,0.0,0.0,0.0,14
89446c15803ffff,11,4.0,2.0,0.18181818181818182,0.09090909090909091,8.727272727272727,0.0,0.09090909090909091,0.0,0.0,0.0,0.09090909090909091,0.0,0.0,0.0,0.0,0.0,8
89446c15807ffff,2,1.0,2.0,0.0,0.0,7.0,0.0,0.0,0.0,0.0,0.0,0.0,0.0,0.0,0.0,0.0,0.0,86
89446c1580fffff,3,3.0,2.0,0.6666666666666666,0.0,10.0,0.0,0.0,0.0,0.0,0.0,0.0,0.0,0.0,0.0,0.0,0.0,78
89446c15817ffff,2,0.0,2.0,0.0,0.0,10.0,0.0,0.0,0.0,0.0,0.0,0.0,0.0,0.0,0.0,0.0,0.0,20
89446c1581bffff,1,1.0,2.0,0.0,0.0,10.0,0.0,0.0,0.0,0.0,0.0,0.0,0.0,0.0,0.0,0.0,0.0,39
89446c15823ffff,1,1.0,2.0,1.0,0.0,10.0,0.0,0.0,0.0,0.0,0.0,0.0,0.0,0.0,0.0,0.0,0.0,77
89446c15827ffff,7,2.0,2.0,0.0,0.0,9.714285714285714,0.0,0.0,0.0,0.0,0.0,0.0,0.0,0.0,0.0,0.0,0.0,4
89446c15833ffff,13,6.0,2.0,0.15384615384615385,0.07692307692307693,9.0,0.0,0.0,0.0,0.0,0.0,0.0,0.0,0.0,0.0,0.0,0.0,79
89446c15837ffff,2,2.0,2.0,0.0,0.5,10.0,0.0,0.0,0.0,0.0,0.0,0.0,0.0,0.0,0.0,0.0,0.0,41
89446c1583bffff,55,19.0,2.0,0.16363636363636364,0.05454545454545454,8.972727272727273,0.0,0.4909090909090909,0.7454545454545455,0.21818181818181817,0.0,0.4909090909090909,0.0,0.0,0.0,0.0,0.0,26
89446c15847ffff,1,1.0,2.0,1.0,0.0,10.0,0.0,0.0,0.0,0.0,0.0,0.0,0.0,0.0,0.0,0.0,0.0,10
89446c1584fffff,2,1.0,2.0,0.5,0.0,10.0,0.0,0.0,0.0,0.0,0.0,0.0,0.0,0.0,0.0,0.0,0.0,6
89446c15853ffff,15,6.0,2.0,0.13333333333333333,0.06666666666666667,8.533333333333333,0.0,0.0,0.9333333333333333,0.0,0.0,0.0,0.0,0.0,0.0,0.0,0.0,38
89446c15863ffff,5,2.0,2.0,0.6,0.0,9.8,0.0,0.0,0.0,1.0,0.0,0.0,0.0,0.0,0.0,0.0,0.0,18
89446c1586bffff,3,1.0,2.0,0.6666666666666666,0.0,10.0,0.0,0.0,0.6666666666666666,0.0,0.0,0.0,0.0,0.0,0.0,0.0,0.0,10
89446c15873ffff,3,3.0,2.0,0.3333333333333333,0.0,9.666666666666666,0.0,0.0,0.0,0.0,0.0,0.0,0.0,0.0,0.0,0.0,0.0,21
89446c15877ffff,7,2.0,2.0,0.2857142857142857,0.14285714285714285,8.571428571428571,0.0,0.0,0.0,0.7142857142857143,0.0,0.0,0.0,0.0,0.0,0.0,0.0,66
89446c1587bffff,5,5.0,2.0,0.2,0.2,9.2,0.0,0.0,0.0,0.0,0.0,0.0,0.0,0.0,0.0,0.0,0.0,14
89446c15883ffff,3,2.0,2.0,1.0,0.0,10.0,0.0,0.0,0.0,0.0,0.0,0.0,0.0,0.0,0.0,0.0,0.0,9
89446c15887ffff,5,2.0,2.0,0.2,0.2,7.040000000000001,0.0,0.0,0.0,0.0,0.0,0.0,0.0,0.0,0.0,0.0,0.0,20
89446c1588fffff,2,1.0,2.0,0.0,0.0,10.0,0.0,0.0,0.0,0.0,0.0,0.0,0.0,0.0,0.0,0.0,0.0,13
89446c1589bffff,2,2.0,2.0,0.5,0.0,10.0,0.0,0.0,0.0,0.0,0.0,0.0,0.0,0.0,0.0,0.0,0.0,22
89446c158a3ffff,4,1.0,2.0,0.25,0.0,10.0,0.0,0.0,0.0,0.0,0.0,0.0,0.0,0.0,0.0,0.0,0.0,33
89446c158a7ffff,7,5.0,2.142857142857143,0.2857142857142857,0.14285714285714285,9.714285714285714,0.0,0.0,0.0,0.0,0.0,0.0,0.0,0.0,0.0,0.0,0.0,37
89446c158abffff,2,0.0,2.0,0.5,0.5,10.0,0.0,0.0,0.0,0.0,0.0,0.0,0.0,0.0,0.0,0.0,0.0,41
89446c158afffff,17,4.0,2.0,0.35294117647058826,0.11764705882352941,9.0,0.0,0.0,0.8235294117647058,0.0,0.0,0.0,0.0,0.0,0.0,0.0,0.0,30
89446c158b3ffff,3,1.0,2.0,0.6666666666666666,0.0,10.0,0.0,0.0,0.0,0.0,0.0,0.0,0.0,0.0,0.0,0.0,0.0,28
89446c158b7ffff,1,1.0,2.0,1.0,1.0,9.0,0.0,0.0,0.0,0.0,0.0,0.0,0.0,0.0,0.0,0.0,0.0,30
89446c158bbffff,3,1.0,2.0,0.3333333333333333,0.0,10.0,0.0,0.0,0.0,0.0,0.0,0.0,0.0,0.0,0.0,0.0,0.0,18
89446c158c3ffff,2,2.0,2.0,1.0,0.0,7.0,0.0,0.0,0.0,0.0,0.0,0.0,0.0,0.0,0.0,0.0,0.0,46
89446c158cbffff,10,10.0,2.0,0.2,0.0,10.0,0.0,0.0,0.4,0.0,0.0,0.0,0.0,0.0,0.0,0.0,0.0,45
89446c158cfffff,28,10.0,2.0,0.14285714285714285,0.07142857142857142,9.142857142857142,0.0,0.35714285714285715,0.8928571428571429,0.0,0.0,0.35714285714285715,0.0,0.0,0.0,0.0,0.0,28
89446c158d3ffff,1,1.0,2.0,1.0,0.0,10.0,0.0,0.0,0.0,0.0,0.0,0.0,0.0,0.0,0.0,0.0,0.0,14
89446c158d7ffff,7,1.0,2.0,0.14285714285714285,0.0,9.571428571428571,0.0,0.0,0.0,0.0,0.0,0.0,0.0,0.0,0.0,0.0,0.0,7
89446c15983ffff,3,1.0,2.0,0.6666666666666666,0.0,10.0,0.0,0.0,0.0,0.0,0.0,0.0,0.0,0.0,0.0,0.0,0.0,14
89446c15987ffff,1,1.0,2.0,1.0,0.0,9.0,0.0,0.0,0.0,0.0,0.0,0.0,0.0,0.0,0.0,0.0,0.0,73
89446c1598bffff,1,0.0,2.0,0.0,0.0,10.0,0.0,0.0,0.0,0.0,0.0,0.0,0.0,0.0,0.0,0.0,0.0,12
89446c15993ffff,1,0.0,2.0,0.0,0.0,10.0,0.0,0.0,0.0,0.0,0.0,0.0,0.0,0.0,0.0,0.0,0.0,77
89446c15997ffff,7,6.0,2.0,0.2857142857142857,0.0,10.0,0.0,0.0,0.0,0.0,0.0,0.0,0.0,0.0,0.0,0.0,0.0,83
89446c1599bffff,4,2.0,2.0,0.0,0.0,7.8,0.0,0.0,0.0,0.0,0.0,0.0,0.0,0.0,0.0,0.0,0.0,27
89446c159a3ffff,2,2.0,2.0,0.0,0.0,10.0,0.0,0.0,0.0,0.0,0.0,0.0,0.0,0.0,0.0,0.0,0.0,14
89446c159b3ffff,10,3.0,2.0,0.2,0.1,10.0,0.0,0.0,0.0,0.0,0.0,0.0,0.0,0.0,0.0,0.0,0.0,200
89446c159b7ffff,4,3.0,2.0,0.75,0.0,10.0,0.5,0.0,0.0,0.0,0.0,0.0,0.0,0.0,0.0,0.0,0.0,192
89446c159c3ffff,5,2.0,2.0,0.4,0.2,9.0,0.0,0.0,0.0,0.0,0.0,0.0,0.0,0.0,0.0,0.0,0.0,13
89446c159cbffff,1,1.0,2.0,1.0,0.0,10.0,0.0,0.0,0.0,0.0,0.0,0.0,0.0,0.0,0.0,0.0,0.0,16
89446c159d3ffff,5,4.0,2.0,0.2,0.0,8.4,0.0,0.0,0.8,0.0,0.0,0.0,0.0,0.0,0.0,0.0,0.0,41
89446c159d7ffff,5,2.0,2.0,0.4,0.0,10.0,0.0,0.0,0.0,0.0,0.0,0.0,0.0,0.0,0.0,0.0,0.0,29
89446c159dbffff,2,0.0,2.0,0.0,0.0,10.0,0.0,0.0,0.0,0.0,0.0,0.0,0.0,0.0,0.0,0.0,0.0,37
89446c15c03ffff,7,5.0,2.0,0.42857142857142855,0.0,6.714285714285714,0.0,0.0,0.0,0.0,0.0,0.0,0.0,0.0,0.0,0.0,0.0,23
89446c15c07ffff,1,0.0,3.0,0.0,0.0,10.0,0.0,0.0,0.0,0.0,0.0,0.0,0.0,0.0,0.0,0.0,0.0,34
89446c15c0bffff,6,1.0,2.0,0.3333333333333333,0.0,9.333333333333334,0.0,0.0,0.0,0.0,0.0,0.0,0.0,0.0,0.0,0.0,0.0,49
89446c15c0fffff,5,4.0,2.0,0.0,0.0,9.8,0.0,0.0,0.0,0.2,0.0,0.0,0.0,0.0,0.0,0.0,0.0,20
89446c15c17ffff,3,2.0,2.3333333333333335,1.0,0.3333333333333333,7.666666666666667,0.0,0.0,0.0,0.0,0.0,0.0,0.0,0.0,0.0,0.0,0.0,45
89446c15c1bffff,8,8.0,2.0,0.75,0.125,10.0,0.0,0.0,0.0,0.0,0.0,0.0,0.0,0.0,0.0,0.0,0.0,106
89446c15c23ffff,101,27.0,2.514851485148515,0.27722772277227725,0.1485148514851485,9.233168316831684,0.09900990099009901,0.07920792079207921,0.2376237623762376,0.0,0.5643564356435643,0.0,0.0,0.0,0.0,0.0,0.0,67
89446c15c27ffff,28,19.0,2.357142857142857,0.39285714285714285,0.03571428571428571,9.571428571428571,0.14285714285714285,0.0,0.10714285714285714,0.0,0.0,0.0,0.0,0.0,0.0,0.0,0.0,210
89446c15c2bffff,7,4.0,2.0,0.2857142857142857,0.14285714285714285,10.0,0.0,0.0,0.0,0.2857142857142857,0.0,0.0,0.0,0.0,0.0,0.0,0.0,117
89446c15c2fffff,1,1.0,2.0,0.0,0.0,10.0,0.0,0.0,0.0,0.0,0.0,0.0,0.0,0.0,0.0,0.0,0.0,136
89446c15c33ffff,2,0.0,2.5,0.5,0.0,10.0,0.5,0.0,0.0,0.0,0.0,0.0,0.0,0.0,0.0,0.0,0.0,148
89446c15c37ffff,28,13.0,2.0357142857142856,0.25,0.0,9.535714285714286,0.0,0.14285714285714285,0.7142857142857143,0.0,0.2857142857142857,0.0,0.0,0.0,0.0,0.0,0.2857142857142857,195
89446c15c3bffff,1,0.0,3.0,0.0,0.0,10.0,0.0,0.0,0.0,0.0,0.0,0.0,0.0,0.0,0.0,0.0,0.0,120
89446c15c43ffff,1,1.0,2.0,1.0,0.0,10.0,0.0,0.0,0.0,0.0,0.0,0.0,0.0,0.0,0.0,0.0,0.0,33
89446c15c47ffff,1,1.0,2.0,1.0,0.0,10.0,0.0,0.0,0.0,0.0,0.0,0.0,0.0,0.0,0.0,0.0,0.0,38
89446c15c4bffff,2,2.0,2.0,1.0,0.0,10.0,0.0,0.0,0.0,0.0,0.0,0.0,0.0,0.0,0.0,0.0,0.0,9
89446c15c4fffff,2,0.0,2.0,0.0,0.0,10.0,0.0,0.0,0.0,0.0,0.0,0.0,0.0,0.0,0.0,0.0,0.0,10
89446c15c53ffff,1,1.0,2.0,0.0,1.0,2.0,0.0,0.0,0.0,0.0,0.0,0.0,0.0,0.0,0.0,0.0,0.0,101
89446c15c57ffff,27,7.0,2.0,0.2222222222222222,0.18518518518518517,9.37037037037037,0.0,0.037037037037037035,0.7037037037037037,0.0,0.037037037037037035,0.0,0.0,0.0,0.0,0.0,0.0,74
89446c15c63ffff,4,2.0,2.0,0.25,0.0,8.25,0.0,0.0,0.0,0.0,0.0,0.0,0.0,0.0,0.0,0.0,0.0,21
89446c15c67ffff,10,7.0,2.0,0.3,0.0,7.45,0.0,0.0,1.0,0.0,0.0,0.0,0.0,0.0,0.0,0.0,0.0,19
89446c15c6bffff,3,1.0,2.0,0.0,0.0,8.666666666666666,0.0,0.0,0.0,0.0,0.0,0.0,0.0,0.0,0.0,0.0,0.0,10
89446c15c6fffff,2,1.0,2.0,0.0,0.0,7.0,0.0,0.0,0.0,0.0,0.0,0.0,0.0,0.0,0.0,0.0,0.0,27
89446c15c73ffff,1,1.0,2.0,1.0,0.0,10.0,0.0,0.0,0.0,0.0,0.0,0.0,0.0,0.0,0.0,0.0,0.0,21
89446c15c77ffff,4,2.0,2.0,0.25,0.0,10.0,0.0,0.0,0.0,0.5,0.0,0.0,0.0,0.0,0.0,0.0,0.0,28
89446c15c7bffff,1,1.0,2.0,0.0,0.0,10.0,0.0,0.0,0.0,0.0,0.0,0.0,0.0,0.0,0.0,0.0,0.0,13
89446c15c83ffff,27,7.0,2.0,0.3333333333333333,0.1111111111111111,8.62962962962963,0.0,0.0,0.8518518518518519,0.0,0.0,0.0,0.0,0.0,0.0,0.0,0.0,79
89446c15c87ffff,2,2.0,2.0,0.0,0.0,8.5,0.0,0.0,0.0,0.0,0.0,0.0,0.0,0.0,0.0,0.0,0.0,63
89446c15c8bffff,49,10.0,2.0,0.20408163265306123,0.08163265306122448,8.923469387755102,0.0,0.0,0.9387755102040817,0.0,0.0,0.0,0.0,0.0,0.0,0.0,0.0,52
89446c15c8fffff,13,2.0,2.0,0.3076923076923077,0.23076923076923078,8.538461538461538,0.0,0.0,0.0,0.0,0.0,0.0,0.0,0.0,0.0,0.0,0.0,89
89446c15c93ffff,3,1.0,2.0,0.0,0.0,10.0,0.0,0.0,0.0,0.0,0.0,0.0,0.0,0.0,0.0,0.0,0.0,50
89446c15c97ffff,9,5.0,2.0,0.1111111111111111,0.0,10.0,0.0,0.0,0.1111111111111111,0.0,0.0,0.0,0.0,0.0,0.0,0.0,0.0,34
89446c15c9bffff,3,2.0,2.0,0.6666666666666666,0.0,8.666666666666666,0.0,0.0,0.0,0.0,0.0,0.0,0.0,0.0,0.0,0.0,0.0,85
89446c15ca3ffff,3,1.0,2.0,0.6666666666666666,0.0,9.333333333333334,0.0,0.0,0.0,0.0,0.0,0.0,0.0,0.0,0.0,0.0,0.0,39
89446c15ca7ffff,4,3.0,2.0,0.5,0.0,7.75,0.0,0.0,0.0,0.0,0.0,0.0,0.0,0.0,0.0,0.0,0.0,12
89446c15cabffff,16,5.0,2.0,0.1875,0.0625,10.0,0.0,0.0,0.0,0.0,0.0,0.0,0.0,0.0,0.0,0.0,0.0,18
89446c15cafffff,1,1.0,2.0,0.0,0.0,10.0,0.0,0.0,0.0,0.0,0.0,0.0,0.0,0.0,0.0,0.0,0.0,54
89446c15cb3ffff,6,3.0,2.0,0.3333333333333333,0.16666666666666666,8.166666666666666,0.0,0.0,0.0,0.0,0.0,0.0,0.0,0.0,0.0,0.0,0.0,19
89446c15cb7ffff,4,1.0,2.0,0.25,0.25,9.75,0.0,0.0,0.0,0.0,0.0,0.0,0.0,0.0,0.0,0.0,0.0,16
89446c15cbbffff,8,3.0,2.125,0.25,0.0,8.5,0.0,0.0,0.0,0.0,0.0,0.0,0.0,0.0,0.0,0.0,0.0,43
89446c15cc7ffff,9,3.0,2.0,0.3333333333333333,0.0,9.666666666666666,0.0,0.1111111111111111,0.2222222222222222,0.0,0.2222222222222222,0.0,0.0,0.0,0.0,0.0,0.0,114
89446c15ccbffff,14,4.0,2.5,0.21428571428571427,0.0,10.0,0.0,0.0,0.0,0.0,0.0,0.0,0.0,0.0,0.0,0.0,0.0,82
89446c15ccfffff,57,14.0,2.6315789473684212,0.3157894736842105,0.0,9.780701754385966,0.0,0.0,0.0,0.0,0.0,0.0,0.0,0.0,0.0,0.0,0.0,59
89446c15d03ffff,8,3.0,2.0,0.5,0.0,10.0,0.0,0.0,0.0,0.0,0.0,0.0,0.0,0.0,0.0,0.0,0.0,76
89446c15d07ffff,33,11.0,2.0,0.24242424242424243,0.030303030303030304,9.63030303030303,0.0,0.0,0.0,0.0,0.0,0.0,0.0,0.0,0.0,0.0,0.0,165
89446c15d0bffff,10,9.0,2.2,0.3,0.1,9.4,0.0,0.0,0.0,0.0,0.0,0.0,0.0,0.0,0.0,0.0,0.0,34
89446c15d0fffff,15,2.0,2.4,0.3333333333333333,0.06666666666666667,9.533333333333333,0.0,0.0,0.0,0.0,0.0,0.0,0.0,0.0,0.0,0.0,0.0,231
89446c15d13ffff,2,2.0,2.0,0.5,0.5,8.0,0.0,0.0,0.0,0.0,0.0,0.0,0.0,0.0,0.0,0.0,0.0,54
89446c15d17ffff,15,7.0,2.0,0.0,0.2,8.666666666666666,0.0,0.0,0.0,0.0,0.0,0.0,0.0,0.0,0.0,0.0,0.0,71
89446c15d1bffff,1,1.0,2.0,0.0,0.0,10.0,0.0,0.0,0.0,0.0,0.0,0.0,0.0,0.0,0.0,0.0,0.0,27
89446c15d23ffff,6,1.0,2.0,0.3333333333333333,0.16666666666666666,8.5,0.0,0.0,0.0,0.0,0.0,0.0,0.0,0.0,0.0,0.0,0.0,192
89446c15d27ffff,6,2.0,2.0,0.16666666666666666,0.0,9.166666666666666,0.0,0.0,0.0,0.0,0.0,0.0,0.0,0.0,0.0,0.0,0.0,45
89446c15d2bffff,44,19.0,2.3181818181818183,0.4090909090909091,0.13636363636363635,9.340909090909092,0.4318181818181818,0.0,0.0,0.0,0.0,0.0,0.0,0.0,0.0,0.0,0.0,204
89446c15d2fffff,16,12.0,2.125,0.0625,0.0625,9.75,0.0,0.0,0.0,0.0,0.0,0.0,0.0,0.0,0.0,0.0,0.0,73
89446c15d33ffff,5,2.0,2.0,0.0,0.0,9.8,0.0,0.0,0.0,0.0,0.0,0.0,0.0,0.0,0.0,0.0,0.0,168
89446c15d37ffff,4,0.0,2.0,0.0,0.0,10.0,0.0,0.0,0.0,0.0,0.0,0.0,0.0,0.0,0.0,0.0,0.0,32
89446c15d3bffff,117,18.0,2.452991452991453,0.2564102564102564,0.02564102564102564,9.463675213675213,0.0,0.0,0.0,0.0,0.0,0.0,0.0,0.0,0.0,0.0,0.0,164
89446c15d43ffff,2,2.0,2.0,1.0,0.0,9.5,0.0,0.0,0.0,0.0,0.0,0.0,0.0,0.0,0.0,0.0,0.5,41
89446c15d47ffff,2,1.0,2.0,0.0,0.0,10.0,0.0,0.0,0.0,0.0,0.0,0.0,0.0,0.0,0.0,0.0,0.0,28
89446c15d4bffff,9,3.0,2.0,0.1111111111111111,0.0,9.333333333333334,0.0,0.0,0.0,0.0,0.0,0.0,0.0,0.0,0.0,0.0,0.0,16
89446c15d4fffff,6,3.0,2.1666666666666665,0.3333333333333333,0.0,10.0,0.0,0.0,0.0,0.0,0.0,0.0,0.0,0.0,0.0,0.0,0.0,19
89446c15d53ffff,18,13.0,2.0,0.5,0.05555555555555555,9.555555555555555,0.0,0.0,0.0,0.0,0.0,0.0,0.0,0.0,0.0,0.0,0.0,98
89446c15d57ffff,6,3.0,2.3333333333333335,0.3333333333333333,0.0,10.0,0.0,0.0,0.0,0.0,0.0,0.0,0.0,0.0,0.0,0.0,0.0,33
89446c15d63ffff,33,7.0,2.0,0.2727272727272727,0.09090909090909091,9.44848484848485,0.0,0.0,0.0,0.0,0.0,0.0,0.0,0.0,0.0,0.0,0.0,90
89446c15d67ffff,3,2.0,2.0,0.3333333333333333,0.3333333333333333,8.333333333333334,0.0,0.0,0.0,0.0,0.0,0.0,0.0,0.0,0.0,0.0,0.0,157
89446c15d6bffff,8,1.0,2.0,0.125,0.0,9.75,0.0,0.0,0.75,0.0,0.0,0.0,0.0,0.0,0.0,0.0,0.0,62
89446c15d6fffff,14,2.0,2.0,0.0,0.07142857142857142,9.285714285714286,0.0,0.0,0.0,0.0,0.0,0.0,0.0,0.0,0.0,0.0,0.0,58
89446c15d73ffff,2,1.0,2.0,0.0,0.0,10.0,0.0,0.0,0.0,0.0,0.0,0.0,0.0,0.0,0.0,0.0,0.0,123
89446c15d77ffff,61,37.0,2.459016393442623,0.29508196721311475,0.16393442622950818,9.032786885245901,0.0,0.0,0.0,0.0,0.0,0.0,0.0,0.0,0.0,0.0,0.0,214
89446c15d7bffff,2,1.0,2.0,0.5,0.5,9.5,0.0,0.0,0.0,0.0,0.0,0.0,0.0,0.0,0.0,0.0,0.0,52
89446c15d83ffff,54,10.0,2.0,0.25925925925925924,0.018518518518518517,9.88888888888889,0.0,0.0,0.8518518518518519,0.05555555555555555,0.0,0.0,0.0,0.0,0.0,0.0,0.0,43
89446c15d8bffff,6,5.0,2.0,0.3333333333333333,0.16666666666666666,9.166666666666666,0.0,0.0,0.0,0.0,0.0,0.0,0.0,0.0,0.0,0.0,0.0,91
89446c15d8fffff,23,7.0,2.0434782608695654,0.08695652173913043,0.13043478260869565,9.08695652173913,0.0,0.0,0.0,0.0,0.0,0.0,0.0,0.0,0.0,0.0,0.0,77
89446c15d93ffff,9,2.0,2.0,0.2222222222222222,0.1111111111111111,8.444444444444445,0.0,0.0,0.0,0.0,0.0,0.0,0.0,0.0,0.0,0.0,0.0,67
89446c15d97ffff,5,5.0,2.0,0.2,0.0,9.6,0.0,0.0,0.0,0.4,0.0,0.0,0.0,0.0,0.0,0.0,0.0,65
89446c15da3ffff,1,1.0,2.0,1.0,0.0,10.0,0.0,0.0,0.0,0.0,0.0,0.0,0.0,0.0,0.0,0.0,0.0,16
89446c15da7ffff,6,2.0,2.0,0.3333333333333333,0.0,10.0,0.0,0.0,0.0,0.0,0.0,0.0,0.0,0.0,0.0,0.0,0.0,11
89446c15dabffff,5,2.0,2.0,0.2,0.2,10.0,0.0,0.0,0.0,0.0,0.0,0.0,0.0,0.0,0.0,0.0,0.2,57
89446c15dafffff,3,2.0,2.0,0.6666666666666666,0.0,9.666666666666666,0.0,0.0,0.0,0.0,0.0,0.0,0.0,0.0,0.0,0.0,0.0,25
89446c15db7ffff,2,2.0,2.0,0.5,0.0,10.0,0.0,0.0,0.0,0.0,0.0,0.0,0.0,0.0,0.0,0.0,0.0,11
89446c15dc3ffff,40,8.0,2.0,0.225,0.05,9.58125,0.0,0.0,0.875,0.025,0.0,0.0,0.0,0.0,0.0,0.0,0.0,77
89446c15dc7ffff,1,1.0,2.0,0.0,0.0,10.0,0.0,0.0,0.0,0.0,0.0,0.0,0.0,0.0,0.0,0.0,0.0,60
89446c15dcbffff,62,16.0,2.0,0.1774193548387097,0.06451612903225806,9.091935483870968,0.0,0.0,0.9032258064516129,0.0,0.0,0.0,0.0,0.0,0.0,0.0,0.0,115
89446c15dd3ffff,2,1.0,2.0,1.0,0.0,5.5,0.0,0.0,0.0,0.0,0.0,0.0,0.0,0.0,0.0,0.0,0.0,74
89446c15dd7ffff,11,0.0,2.0,0.18181818181818182,0.09090909090909091,9.227272727272727,0.0,0.0,0.0,1.0,0.0,0.0,0.0,0.0,0.0,0.0,0.0,66
89446c15ddbffff,1,0.0,2.0,0.0,0.0,10.0,0.0,0.0,0.0,0.0,0.0,0.0,0.0,0.0,0.0,0.0,0.0,137
89446c15e13ffff,10,2.0,2.0,0.1,0.1,9.6,0.0,0.0,0.0,0.0,0.0,0.0,0.0,0.0,0.0,0.0,0.0,56
89446c15e17ffff,6,2.0,2.0,0.16666666666666666,0.16666666666666666,8.033333333333333,0.0,0.0,0.0,0.0,0.0,0.0,0.0,0.0,0.0,0.0,0.0,14
89446c15e1bffff,9,3.0,2.0,0.3333333333333333,0.2222222222222222,8.555555555555555,0.0,0.0,0.6666666666666666,0.0,0.0,0.0,0.0,0.0,0.0,0.0,0.0,11
89446c15e43ffff,8,3.0,2.0,0.375,0.125,8.78125,0.0,0.0,0.75,0.0,0.0,0.0,0.0,0.0,0.0,0.0,0.0,1
89446c15e57ffff,1,0.0,2.0,0.0,0.0,10.0,0.0,0.0,0.0,0.0,0.0,0.0,0.0,0.0,0.0,0.0,0.0,17
89446c15e73ffff,3,0.0,2.0,0.0,0.0,10.0,0.0,0.0,0.0,0.0,0.0,0.0,0.0,0.0,0.0,0.0,0.0,0
89446c15e83ffff,3,0.0,2.0,0.0,0.0,8.666666666666666,0.0,0.0,0.0,0.0,0.0,0.0,0.0,0.0,0.0,0.0,0.0,45
89446c15e87ffff,3,0.0,2.0,0.6666666666666666,0.0,9.666666666666666,0.0,0.0,0.0,0.0,0.0,0.0,0.0,0.0,0.0,0.0,0.0,11
89446c15e8bffff,38,11.0,2.0526315789473686,0.15789473684210525,0.05263157894736842,9.657894736842104,0.0,0.07894736842105263,0.0,0.0,0.0,0.07894736842105263,0.0,0.0,0.0,0.0,0.0,17
89446c15e8fffff,3,0.0,2.0,0.0,0.0,10.0,0.0,0.0,0.0,0.0,0.0,0.0,0.0,0.0,0.0,0.0,0.0,60
89446c15e9bffff,1,1.0,2.0,1.0,0.0,10.0,0.0,0.0,0.0,0.0,0.0,0.0,0.0,0.0,0.0,0.0,0.0,69
89446c15ea3ffff,4,4.0,2.0,0.75,0.25,10.0,0.0,0.0,0.0,0.0,0.0,0.0,0.0,0.0,0.0,0.0,0.0,13
89446c15eabffff,1,1.0,2.0,1.0,0.0,10.0,0.0,0.0,0.0,0.0,0.0,0.0,0.0,0.0,0.0,0.0,0.0,17
89446c15eafffff,7,5.0,2.0,0.14285714285714285,0.0,8.428571428571429,0.0,0.0,0.0,0.0,0.0,0.0,0.0,0.0,0.0,0.0,0.0,5
89446c15eb3ffff,3,3.0,2.0,0.0,0.0,10.0,0.0,0.0,0.0,0.0,0.0,0.0,0.0,0.0,0.0,0.0,0.0,13
89446c15eb7ffff,2,1.0,2.0,0.0,0.0,8.5,0.0,0.0,0.0,0.0,0.0,0.0,0.0,0.0,0.0,0.0,0.0,13
89446c15ec3ffff,1,1.0,2.0,0.0,0.0,10.0,0.0,0.0,0.0,0.0,0.0,0.0,0.0,0.0,0.0,0.0,0.0,96
89446c15ed3ffff,87,20.0,2.057471264367816,0.26436781609195403,0.10344827586206896,8.977906976744187,0.0,0.06896551724137931,0.011494252873563218,0.0,0.011494252873563218,0.0,0.0,0.0,0.0,0.0,0.0,79
89446c15edbffff,9,5.0,2.111111111111111,0.3333333333333333,0.2222222222222222,9.555555555555555,0.1111111111111111,0.0,0.0,0.0,0.0,0.0,0.0,0.0,0.0,0.0,0.0,111
89446c16903ffff,4,1.0,2.0,0.25,0.0,5.8125,0.0,0.0,0.0,0.0,0.0,0.0,0.0,0.0,0.0,0.0,0.0,46
89446c16913ffff,19,7.0,2.1052631578947367,0.2631578947368421,0.15789473684210525,9.263157894736842,0.0,0.0,0.0,0.0,0.0,0.0,0.0,0.0,0.0,0.0,0.0,31
89446c16917ffff,25,9.0,2.24,0.08,0.24,9.04,0.8,0.0,0.0,0.0,0.0,0.0,0.0,0.0,0.0,0.0,0.0,34
89446c1691bffff,2,1.0,2.0,0.5,0.0,10.0,0.0,0.0,0.0,0.0,0.0,0.0,0.0,0.0,0.0,0.0,0.0,38
89446c16937ffff,2,1.0,2.0,0.5,0.0,10.0,0.0,0.0,0.0,0.0,0.0,0.0,0.0,0.0,0.0,0.0,0.0,9
89446c1693bffff,4,1.0,2.0,0.5,0.0,9.5,0.0,0.0,0.0,0.0,0.0,0.0,0.0,0.0,0.0,0.0,0.0,9
89446c16953ffff,30,3.0,2.2,0.26666666666666666,0.1,9.273333333333333,0.0,0.0,0.0,0.0,0.0,0.0,0.0,0.0,0.0,0.0,0.0,52
89446c16957ffff,15,1.0,2.1333333333333333,0.4,0.06666666666666667,9.8,0.0,0.0,0.0,0.0,0.0,0.0,0.0,0.0,0.0,0.0,0.0,32
89446c1695bffff,37,3.0,2.189189189189189,0.2702702702702703,0.10810810810810811,9.554054054054054,0.0,0.0,0.0,0.0,0.0,0.0,0.0,0.0,0.0,0.0,0.0,40
89446c16967ffff,2,0.0,2.0,0.0,0.5,10.0,0.0,0.0,0.0,0.0,0.0,0.0,0.0,0.0,0.0,0.0,0.0,9
89446c16977ffff,9,2.0,2.111111111111111,0.2222222222222222,0.1111111111111111,8.444444444444445,0.0,0.0,0.0,0.0,0.0,0.0,0.0,0.0,0.0,0.0,0.0,6
89446c1697bffff,1,0.0,2.0,0.0,0.0,10.0,0.0,0.0,0.0,0.0,0.0,0.0,0.0,0.0,0.0,0.0,0.0,0
89446c16997ffff,1,0.0,2.0,0.0,0.0,8.0,0.0,0.0,0.0,0.0,0.0,0.0,0.0,0.0,0.0,0.0,0.0,6
89446c169a7ffff,3,2.0,2.0,0.0,0.0,9.333333333333334,0.0,0.0,0.0,0.0,0.0,0.0,0.0,0.0,0.0,0.0,0.0,12
89446c169afffff,1,0.0,2.0,0.0,0.0,10.0,0.0,0.0,0.0,0.0,0.0,0.0,0.0,0.0,0.0,0.0,0.0,13
89446c169b3ffff,163,32.0,2.0245398773006134,0.2147239263803681,0.11042944785276074,8.507911392405063,0.0,0.0,0.06748466257668712,0.0,0.0,0.0,0.0,0.0,0.0,0.0,0.0,17
89446c169b7ffff,2,0.0,2.0,0.0,0.0,10.0,0.0,0.0,0.0,0.0,0.0,0.0,0.0,0.0,0.0,0.0,0.0,170
89446c169bbffff,11,8.0,2.0,0.5454545454545454,0.18181818181818182,9.181818181818182,0.0,0.0,0.0,0.0,0.0,0.0,0.0,0.0,0.0,0.0,0.0,188
89446c16a27ffff,1,0.0,2.0,0.0,0.0,8.0,0.0,0.0,0.0,0.0,0.0,0.0,0.0,0.0,0.0,0.0,0.0,16
89446c16a2fffff,11,3.0,2.0,0.18181818181818182,0.18181818181818182,9.454545454545455,0.0,0.0,0.0,0.0,0.0,0.0,0.0,0.0,0.0,0.0,0.0,1
89446c16a33ffff,7,1.0,2.142857142857143,0.42857142857142855,0.0,9.571428571428571,0.14285714285714285,0.0,0.0,0.0,0.0,0.0,0.0,0.0,0.0,0.0,0.0,86
89446c16a37ffff,1,1.0,2.0,0.0,0.0,10.0,0.0,0.0,0.0,0.0,0.0,0.0,0.0,0.0,0.0,0.0,0.0,10
89446c16a3bffff,84,18.0,2.0238095238095237,0.20238095238095238,0.03571428571428571,9.532738095238095,0.0,0.0,0.0,0.0,0.0,0.0,0.0,0.0,0.0,0.0,0.0,13
89446c16a4fffff,166,24.0,2.0120481927710845,0.21686746987951808,0.06626506024096386,9.704819277108435,0.0,0.0,0.2289156626506024,0.0,0.2289156626506024,0.0,0.0,0.0,0.0,0.0,0.0,59
89446c16a6bffff,3,1.0,2.0,0.3333333333333333,0.0,10.0,0.0,0.0,0.0,0.0,0.0,0.0,0.0,0.0,0.0,0.0,0.0,63
89446c16a73ffff,2,0.0,2.5,0.0,0.0,10.0,0.0,0.0,0.0,0.0,0.0,0.0,0.0,0.0,0.0,0.0,0.0,52
89446c16a77ffff,6,0.0,2.0,0.0,0.0,10.0,0.0,0.0,0.0,0.0,0.0,0.0,0.0,0.0,0.0,0.0,0.0,86
89446c16a7bffff,46,21.0,2.0,0.10869565217391304,0.15217391304347827,9.217391304347826,0.0,0.0,0.7608695652173914,0.0,0.7608695652173914,0.0,0.0,0.0,0.0,0.0,0.0,176
89446c16aafffff,1,1.0,2.0,0.0,0.0,10.0,0.0,0.0,0.0,0.0,0.0,0.0,0.0,0.0,0.0,0.0,0.0,9
89446c16b07ffff,3,0.0,2.0,0.0,0.0,10.0,0.0,0.0,0.0,0.0,0.0,0.0,0.0,0.0,0.0,0.0,0.0,4
89446c16b13ffff,5,1.0,2.0,0.4,0.0,9.4,0.0,0.0,0.0,0.0,0.0,0.0,0.0,0.0,0.0,0.0,0.0,0
89446c16b27ffff,1,0.0,2.0,0.0,0.0,10.0,0.0,0.0,0.0,0.0,0.0,0.0,0.0,0.0,0.0,0.0,0.0,4
89446c16b3bffff,4,3.0,2.0,0.25,0.25,8.5,0.0,0.0,0.0,0.0,0.0,0.0,0.0,0.0,0.0,0.0,0.0,3
89446c16b47ffff,1,1.0,2.0,0.0,0.0,10.0,0.0,0.0,0.0,0.0,0.0,0.0,0.0,0.0,0.0,0.0,0.0,1
89446c16b4bffff,5,1.0,2.0,0.6,0.0,7.8,0.0,0.0,0.0,0.0,0.0,0.0,0.0,0.0,0.0,0.0,0.0,8
89446c16b53ffff,4,1.0,2.0,0.25,0.25,10.0,0.0,0.0,0.0,0.0,0.0,0.0,0.0,0.0,0.0,0.0,0.0,2
89446c16b6fffff,5,4.0,2.0,0.2,0.0,10.0,0.0,0.0,0.0,0.0,0.0,0.0,0.0,0.0,0.0,0.0,0.0,8
89446c16b73ffff,1,1.0,2.0,0.0,0.0,10.0,0.0,0.0,0.0,0.0,0.0,0.0,0.0,0.0,0.0,0.0,0.0,1
89446c16b93ffff,5,1.0,2.0,0.4,0.0,10.0,0.0,0.0,0.0,0.0,0.0,0.0,0.0,0.0,0.0,0.0,0.0,138
89446c16b97ffff,10,1.0,2.0,0.1,0.0,9.4,0.0,0.0,0.0,0.0,0.0,0.0,0.0,0.0,0.0,0.0,0.0,42
89446c16b9bffff,128,19.0,2.078125,0.2890625,0.078125,9.5625,0.0,0.0,0.0,0.0,0.0,0.0,0.0,0.0,0.0,0.0,0.0,25
89446c16ba7ffff,1,1.0,2.0,0.0,0.0,10.0,0.0,0.0,0.0,0.0,0.0,0.0,0.0,0.0,0.0,0.0,0.0,0
89446c16bc3ffff,2,0.0,2.0,0.0,0.0,10.0,0.0,0.0,0.0,0.0,0.0,0.0,0.0,0.0,0.0,0.0,0.0,30
89446c16bcfffff,1,1.0,2.0,1.0,1.0,10.0,0.0,0.0,0.0,0.0,0.0,0.0,0.0,0.0,0.0,0.0,0.0,6
89446c16bd3ffff,8,2.0,2.125,0.375,0.0,8.625,0.0,0.0,0.0,0.0,0.0,0.0,0.0,0.0,0.0,0.0,0.0,23
89446c16bd7ffff,20,2.0,2.1,0.35,0.15,9.8,0.0,0.0,0.0,0.0,0.0,0.0,0.0,0.0,0.0,0.0,0.0,138
89446c16bdbffff,1,0.0,2.0,0.0,0.0,10.0,0.0,0.0,0.0,0.0,0.0,0.0,0.0,0.0,0.0,0.0,0.0,12
89446c16d2fffff,1,0.0,2.0,0.0,0.0,10.0,0.0,0.0,0.0,0.0,0.0,0.0,0.0,0.0,0.0,0.0,0.0,4
89446c20483ffff,4,0.0,2.0,0.0,0.0,9.75,0.0,0.0,0.0,0.0,0.0,0.0,0.0,0.0,0.0,0.0,0.0,26
89446c20487ffff,3,0.0,2.0,0.3333333333333333,0.0,10.0,0.0,0.0,0.0,0.0,0.0,0.0,0.0,0.0,0.0,0.0,0.0,4
89446c2048bffff,22,14.0,2.0,0.3181818181818182,0.09090909090909091,9.5,0.0,0.0,0.0,0.0,0.0,0.0,0.0,0.0,0.0,0.0,0.0,14
89446c20493ffff,1,0.0,2.0,0.0,0.0,10.0,0.0,0.0,0.0,0.0,0.0,0.0,0.0,0.0,0.0,0.0,0.0,13
89446c204c3ffff,9,2.0,2.0,0.1111111111111111,0.0,9.222222222222221,0.0,0.0,0.0,0.0,0.0,0.1111111111111111,0.0,0.0,0.0,0.1111111111111111,0.6666666666666666,17
89446c204c7ffff,5,1.0,2.0,0.6,0.0,10.0,0.0,0.0,0.0,0.0,0.0,0.0,0.0,0.0,0.0,0.0,0.2,36
89446c204cbffff,3,1.0,2.0,0.3333333333333333,0.0,10.0,0.0,0.0,0.0,0.0,0.0,0.0,0.0,0.0,0.0,0.0,0.6666666666666666,11
89446c204d3ffff,4,1.0,2.0,0.25,0.25,5.625,0.0,0.0,0.0,0.0,0.0,0.0,0.0,0.0,0.0,0.0,0.0,28
89446c204d7ffff,5,0.0,2.0,0.4,0.2,8.6,0.0,0.0,0.0,0.0,0.0,0.0,0.0,0.0,0.0,0.0,0.2,52
89446c20593ffff,5,0.0,2.0,0.4,0.0,9.0,0.0,1.0,1.0,0.0,0.0,0.0,0.0,0.0,0.0,0.0,0.0,0
89446c205a7ffff,1,0.0,2.0,0.0,0.0,9.0,0.0,1.0,1.0,0.0,0.0,0.0,0.0,0.0,0.0,0.0,0.0,0
89446c20c9bffff,1,1.0,2.0,0.0,0.0,10.0,0.0,0.0,0.0,0.0,0.0,0.0,0.0,0.0,0.0,0.0,0.0,0
89446c22003ffff,2,1.0,2.0,0.0,0.0,10.0,0.0,0.0,0.0,0.5,0.0,0.0,0.0,0.0,0.0,0.0,0.0,14
89446c22007ffff,7,4.0,2.0,0.0,0.0,5.428571428571429,0.0,0.0,0.0,0.8571428571428571,0.0,0.0,0.0,0.0,0.0,0.0,0.0,9
89446c22013ffff,1,0.0,2.0,0.0,1.0,10.0,0.0,0.0,0.0,0.0,0.0,0.0,0.0,0.0,0.0,0.0,0.0,12
89446c22017ffff,6,1.0,2.1666666666666665,0.0,0.0,8.416666666666666,0.0,0.0,0.0,0.8333333333333334,0.0,0.0,0.0,0.0,0.0,0.0,0.0,18
89446c22033ffff,1,0.0,2.0,1.0,0.0,10.0,0.0,0.0,0.0,1.0,0.0,0.0,0.0,0.0,0.0,0.0,0.0,22
89446c22037ffff,4,0.0,2.5,0.5,0.25,8.5,0.75,0.0,0.0,0.0,0.0,0.0,0.0,0.0,0.0,0.0,0.0,12
89446c22047ffff,25,10.0,2.0,0.24,0.24,7.652,0.0,0.0,0.96,0.0,0.0,0.0,0.0,0.0,0.0,0.0,0.0,1
89446c22053ffff,4,1.0,2.0,0.5,0.0,9.0,0.0,0.0,0.0,0.0,0.0,0.0,0.0,0.0,0.0,0.0,0.0,9
89446c2207bffff,1,0.0,2.0,0.0,1.0,2.0,0.0,0.0,0.0,0.0,0.0,0.0,0.0,0.0,0.0,0.0,0.0,25
89446c22083ffff,10,0.0,2.0,0.3,0.2,9.1,0.0,0.0,0.0,0.9,0.0,0.0,0.0,0.0,0.0,0.0,0.0,29
89446c22087ffff,13,1.0,2.076923076923077,0.15384615384615385,0.07692307692307693,7.730769230769231,0.0,0.0,0.0,0.0,0.0,0.0,0.0,0.0,0.0,0.0,0.0,19
89446c2208fffff,4,0.0,2.0,0.0,0.0,8.5,0.25,0.0,0.0,0.25,0.0,0.0,0.0,0.0,0.0,0.0,0.0,34
89446c22093ffff,2,1.0,2.0,0.0,0.0,5.125,0.0,0.0,0.0,0.5,0.0,0.0,0.0,0.0,0.0,0.0,0.0,20
89446c2209bffff,10,5.0,2.0,0.3,0.0,9.025,0.0,0.0,0.0,0.9,0.2,0.0,0.0,0.0,0.0,0.0,0.0,12
89446c220a3ffff,7,4.0,2.0,0.2857142857142857,0.0,9.142857142857142,0.0,0.0,0.0,0.0,0.0,0.0,0.0,0.0,0.0,0.0,0.0,16
89446c220afffff,11,0.0,2.090909090909091,0.09090909090909091,0.18181818181818182,9.454545454545455,0.0,0.0,0.9090909090909091,0.0,0.0,0.0,0.0,0.0,0.0,0.0,0.0,12
89446c220b3ffff,1,0.0,2.0,0.0,0.0,10.0,0.0,0.0,0.0,0.0,0.0,0.0,0.0,0.0,0.0,0.0,0.0,24
89446c220bbffff,4,0.0,2.0,0.75,0.0,10.0,0.0,0.0,0.0,0.0,0.0,0.0,0.0,0.0,0.0,0.0,0.0,31
89446c220cfffff,1,0.0,3.0,1.0,0.0,10.0,0.0,0.0,0.0,0.0,0.0,0.0,0.0,0.0,0.0,0.0,0.0,4
89446c220d3ffff,1,1.0,2.0,0.0,0.0,10.0,0.0,0.0,0.0,0.0,0.0,0.0,0.0,0.0,0.0,0.0,0.0,3
89446c22103ffff,1,0.0,2.0,0.0,1.0,2.0,0.0,0.0,0.0,0.0,0.0,0.0,0.0,0.0,0.0,0.0,0.0,1
89446c2210fffff,1,0.0,2.0,1.0,0.0,10.0,0.0,0.0,0.0,0.0,0.0,0.0,0.0,0.0,0.0,0.0,0.0,4
89446c2213bffff,3,3.0,2.0,1.0,1.0,3.6666666666666665,0.0,0.0,0.0,0.0,0.0,0.0,0.0,0.0,0.0,0.0,0.0,1
89446c22193ffff,3,2.0,2.0,0.3333333333333333,0.0,10.0,0.0,0.0,1.0,0.0,0.0,0.0,0.0,0.0,0.0,0.0,0.0,3
89446c221b3ffff,1,0.0,2.0,0.0,0.0,10.0,0.0,0.0,0.0,0.0,0.0,0.0,0.0,0.0,0.0,0.0,0.0,0
89446c221c7ffff,4,3.0,2.0,0.0,0.25,5.5,0.0,0.0,0.0,0.0,0.0,0.0,0.0,0.0,0.0,0.0,0.0,1
89446c221d3ffff,1,0.0,2.0,0.0,1.0,7.0,0.0,1.0,1.0,0.0,0.0,1.0,0.0,0.0,0.0,0.0,0.0,1
89446c221d7ffff,1,1.0,2.0,0.0,0.0,10.0,0.0,0.0,0.0,0.0,0.0,0.0,0.0,0.0,0.0,0.0,0.0,5
89446c22247ffff,1,1.0,2.0,1.0,0.0,10.0,0.0,0.0,0.0,0.0,0.0,0.0,0.0,0.0,0.0,0.0,0.0,5
89446c2224fffff,2,0.0,2.0,0.0,0.0,10.0,0.0,0.0,0.0,1.0,0.0,0.0,0.0,0.0,0.0,0.0,0.0,1
89446c22253ffff,2,0.0,2.0,0.0,0.0,10.0,0.0,0.0,0.0,0.0,0.0,0.0,0.0,0.0,0.0,0.0,0.0,19
89446c22257ffff,2,0.0,2.0,0.5,0.0,10.0,0.0,0.0,0.0,0.0,0.0,0.0,0.0,0.0,0.0,0.0,0.0,3
89446c22263ffff,1,0.0,2.0,0.0,0.0,10.0,0.0,0.0,0.0,0.0,0.0,0.0,0.0,0.0,0.0,0.0,0.0,22
89446c22267ffff,9,0.0,2.0,0.2222222222222222,0.0,9.222222222222221,0.0,0.0,0.0,0.0,0.0,0.0,0.0,0.0,0.0,0.0,0.0,14
89446c2226fffff,12,2.0,2.0,0.3333333333333333,0.16666666666666666,9.333333333333334,0.0,0.0,0.0,0.0,0.0,0.0,0.0,0.0,0.0,0.0,0.0,19
89446c22273ffff,1,0.0,2.0,0.0,0.0,10.0,0.0,0.0,0.0,0.0,0.0,0.0,0.0,0.0,0.0,0.0,0.0,2
89446c222cbffff,2,0.0,2.0,1.0,0.0,10.0,0.0,0.0,0.0,1.0,1.0,0.0,0.0,0.0,0.0,1.0,0.0,18
89446c2231bffff,3,2.0,2.0,0.0,0.0,7.333333333333333,0.0,0.0,0.0,0.0,0.0,0.0,0.0,0.0,0.0,0.0,0.0,0
89446c2233bffff,1,1.0,2.0,0.0,0.0,10.0,0.0,0.0,0.0,0.0,0.0,0.0,0.0,0.0,0.0,0.0,0.0,0
89446c22403ffff,28,8.0,2.392857142857143,0.17857142857142858,0.10714285714285714,8.517857142857142,0.25,0.0,0.0,0.0,0.0,0.0,0.0,0.0,0.0,0.0,0.0,94
89446c22417ffff,82,20.0,2.0609756097560976,0.2804878048780488,0.10975609756097561,8.62439024390244,0.0,0.0,0.3902439024390244,0.0,0.0,0.0,0.0,0.0,0.0,0.0,0.0,260
89446c2241bffff,12,5.0,2.1666666666666665,0.08333333333333333,0.25,8.416666666666666,0.0,0.0,0.0,0.0,0.0,0.0,0.0,0.0,0.0,0.0,0.0,35
89446c22427ffff,2,2.0,2.0,0.0,1.0,7.0,0.0,0.0,0.0,1.0,0.0,0.0,0.0,0.0,0.0,0.0,0.0,53
89446c22433ffff,5,2.0,2.2,0.6,0.4,7.24,0.0,0.0,0.0,0.0,0.0,0.0,0.0,0.0,0.0,0.0,0.0,146
89446c22437ffff,3,2.0,2.0,0.3333333333333333,0.0,10.0,0.0,0.0,0.0,0.0,0.0,0.0,0.0,0.0,0.0,0.0,0.0,21
89446c22443ffff,8,6.0,2.0,0.0,0.125,7.875,0.0,0.0,0.0,0.0,0.0,0.0,0.0,0.0,0.0,0.0,0.0,18
89446c2244fffff,2,1.0,2.0,0.5,0.0,10.0,0.0,0.0,0.0,0.0,0.0,0.0,0.0,0.0,0.0,0.0,0.0,8
89446c22457ffff,6,0.0,2.1666666666666665,0.3333333333333333,0.0,7.833333333333333,0.0,0.0,0.0,0.0,0.0,0.0,0.0,0.0,0.0,0.0,0.0,20
89446c2245bffff,10,3.0,2.1,0.2,0.0,8.6,0.0,0.0,0.0,0.0,0.0,0.0,0.0,0.0,0.0,0.0,0.0,27
89446c22483ffff,37,12.0,2.054054054054054,0.21621621621621623,0.10810810810810811,9.21891891891892,0.10810810810810811,0.0,0.2702702702702703,0.0,0.0,0.0,0.0,0.0,0.0,0.0,0.0,20
89446c2248bffff,2,0.0,2.0,0.0,0.5,6.5,0.0,0.0,0.0,0.0,0.0,0.0,0.0,0.0,0.0,0.0,0.0,45
89446c2248fffff,3,1.0,2.3333333333333335,0.3333333333333333,0.3333333333333333,8.333333333333334,0.0,0.0,0.0,0.0,0.0,0.0,0.0,0.0,0.0,0.0,0.0,217
89446c22493ffff,1,1.0,2.0,1.0,0.0,10.0,0.0,0.0,0.0,0.0,0.0,0.0,0.0,0.0,0.0,0.0,0.0,52
89446c22497ffff,10,6.0,2.1,0.0,0.0,9.7,0.0,0.0,0.0,0.1,0.0,0.0,0.0,0.0,0.0,0.0,0.0,44
89446c2249bffff,4,1.0,2.0,0.25,0.25,8.0,0.0,0.0,0.0,0.25,0.0,0.0,0.0,0.0,0.0,0.0,0.0,41
89446c224a3ffff,59,28.0,2.135593220338983,0.1864406779661017,0.0847457627118644,9.203389830508474,0.0,0.0,0.0,0.0,0.0,0.0,0.0,0.0,0.0,0.0,0.0,256
89446c224a7ffff,1,1.0,2.0,1.0,0.0,10.0,0.0,0.0,0.0,0.0,0.0,0.0,0.0,0.0,0.0,0.0,0.0,93
89446c224abffff,133,8.0,2.037593984962406,0.18045112781954886,0.05263157894736842,9.091729323308272,0.0,0.0,0.9323308270676691,0.0,0.0,0.0,0.0,0.0,0.0,0.0,0.0,252
89446c224afffff,10,2.0,2.0,0.1,0.0,10.0,0.0,0.0,0.0,1.0,0.0,0.0,0.0,0.0,0.0,0.0,0.0,203
89446c224b7ffff,16,9.0,2.0625,0.3125,0.125,9.0625,0.0,0.0,0.0,0.0,0.0,0.0,0.0,0.0,0.0,0.0,0.0,82
89446c224bbffff,96,31.0,2.0625,0.28125,0.0625,8.578125,0.0,0.0,0.7708333333333334,0.0,0.0,0.0,0.0,0.0,0.0,0.0,0.0,277
89446c224c7ffff,1,0.0,2.0,1.0,0.0,10.0,0.0,0.0,1.0,0.0,0.0,0.0,0.0,0.0,0.0,0.0,0.0,14
89446c22507ffff,2,1.0,2.0,1.0,0.0,10.0,0.0,0.0,0.0,0.0,0.0,0.0,0.0,0.0,0.0,0.0,0.0,9
89446c2250bffff,1,0.0,2.0,1.0,0.0,10.0,0.0,0.0,0.0,0.0,0.0,0.0,0.0,0.0,0.0,0.0,0.0,19
89446c22517ffff,8,5.0,2.0,0.25,0.125,9.25,0.0,0.0,0.0,0.0,0.0,0.0,0.0,0.0,0.0,0.0,0.0,82
89446c2251bffff,19,9.0,2.0,0.3157894736842105,0.05263157894736842,7.815789473684211,0.0,0.0,0.0,0.5263157894736842,0.0,0.0,0.0,0.0,0.0,0.0,0.0,54
89446c2252fffff,3,1.0,2.0,0.0,0.6666666666666666,8.333333333333334,0.0,0.0,1.0,0.0,0.0,0.0,0.0,0.0,0.0,0.0,0.0,3
89446c2253bffff,1,0.0,2.0,0.0,0.0,2.0,0.0,0.0,0.0,0.0,0.0,0.0,0.0,0.0,0.0,0.0,0.0,2
89446c22553ffff,31,6.0,2.0,0.22580645161290322,0.03225806451612903,9.290322580645162,0.0,0.0,0.0,0.5483870967741935,0.41935483870967744,0.0,0.0,0.0,0.0,0.0,0.0,33
89446c2255bffff,17,1.0,2.1176470588235294,0.058823529411764705,0.11764705882352941,9.176470588235293,0.058823529411764705,0.0,0.0,0.4117647058823529,0.0,0.0,0.0,0.0,0.0,0.0,0.0,33
89446c22587ffff,4,3.0,2.0,0.75,0.25,6.8125,0.0,0.0,0.0,0.0,0.0,0.0,0.0,0.0,0.0,0.0,0.0,113
89446c2258bffff,32,12.0,2.0,0.125,0.125,8.7875,0.0,0.0,0.0,0.875,0.0,0.0,0.0,0.0,0.0,0.625,0.0,142
89446c2258fffff,80,25.0,2.025,0.2,0.1125,9.25,0.0,0.0,1.0,0.0,0.0,0.0,0.0,0.0,0.0,0.0,0.0,44
89446c22593ffff,3,1.0,2.0,0.0,0.0,10.0,0.0,0.0,0.0,0.0,0.0,0.0,0.0,0.0,0.0,0.0,0.0,61
89446c2259bffff,21,9.0,2.0,0.14285714285714285,0.23809523809523808,8.464285714285714,0.0,0.0,0.0,0.3333333333333333,0.0,0.0,0.0,0.0,0.0,0.0,0.0,74
89446c225b3ffff,32,9.0,2.0,0.15625,0.15625,8.8125,0.0,0.0,0.96875,0.0,0.0,0.0,0.0,0.0,0.0,0.5,0.0,56
89446c225c3ffff,5,3.0,2.0,0.4,0.2,8.0,0.0,0.0,0.0,1.0,0.0,0.0,0.0,0.0,0.0,0.0,0.0,57
89446c225c7ffff,41,11.0,2.024390243902439,0.21951219512195122,0.0975609756097561,8.329268292682928,0.0,0.0,0.7073170731707317,0.24390243902439024,0.0,0.0,0.0,0.0,0.0,0.0,0.0,68
89446c225cbffff,2,1.0,2.0,1.0,0.5,4.0,0.0,0.0,0.0,0.0,0.0,0.0,0.0,0.0,0.0,0.0,0.0,55
89446c225cfffff,12,6.0,2.0,0.0,0.25,8.333333333333334,0.0,0.0,0.0,0.0,0.0,0.0,0.0,0.0,0.0,0.0,0.0,98
89446c225dbffff,2,0.0,2.0,0.0,0.0,10.0,0.0,0.0,0.0,0.0,0.0,0.0,0.0,0.0,0.0,0.0,0.0,21
89446c22607ffff,6,1.0,2.0,0.16666666666666666,0.16666666666666666,7.166666666666667,0.0,0.0,0.0,0.6666666666666666,0.0,0.0,0.0,0.0,0.0,0.0,0.0,14
89446c2260fffff,5,1.0,2.0,0.2,0.2,8.8,0.0,0.0,0.0,0.4,0.0,0.0,0.0,0.0,0.0,0.0,0.0,11
89446c22627ffff,8,1.0,2.125,0.125,0.125,8.5,0.0,0.0,0.0,0.875,0.0,0.0,0.0,0.0,0.0,0.0,0.0,15
89446c22633ffff,3,3.0,2.0,0.6666666666666666,0.0,10.0,0.0,0.0,0.3333333333333333,0.0,0.0,0.0,0.0,0.0,0.0,0.0,0.0,38
89446c22637ffff,11,10.0,2.0,0.0,0.0,9.727272727272727,0.0,0.0,0.0,1.0,0.0,0.0,0.0,0.0,0.0,0.0,0.0,26
89446c22647ffff,3,0.0,2.0,0.0,0.0,10.0,0.0,0.0,0.0,0.0,0.0,0.0,0.0,0.0,0.0,0.0,0.0,7
89446c2264fffff,2,1.0,2.0,0.0,0.0,10.0,0.0,0.0,0.0,0.0,0.0,0.0,0.0,0.0,0.0,0.0,0.0,7
89446c2265bffff,1,1.0,2.0,0.0,0.0,10.0,0.0,0.0,0.0,0.0,0.0,0.0,0.0,0.0,0.0,0.0,0.0,0
89446c22673ffff,5,3.0,2.0,0.6,0.2,10.0,0.0,0.0,0.0,0.0,0.0,0.0,0.0,0.0,0.0,0.0,0.0,8
89446c22683ffff,129,27.0,2.062015503875969,0.23255813953488372,0.06201550387596899,9.040697674418604,0.0,0.0,0.8837209302325582,0.0,0.0,0.0,0.0,0.0,0.0,0.0,0.0,84
89446c22693ffff,45,27.0,2.0,0.15555555555555556,0.08888888888888889,9.311111111111112,0.0,0.0,0.0,0.0,0.0,0.0,0.0,0.0,0.0,0.0,0.0,172
89446c22697ffff,17,3.0,2.176470588235294,0.11764705882352941,0.058823529411764705,9.117647058823529,0.8823529411764706,0.0,0.0,0.0,0.0,0.0,0.0,0.0,0.0,0.0,0.0,184
89446c2269bffff,22,3.0,2.727272727272727,0.3181818181818182,0.0,9.145454545454545,0.0,0.0,0.0,0.0,0.0,0.0,0.0,0.0,0.0,0.0,0.0,187
89446c226a7ffff,3,2.0,2.0,0.0,0.0,10.0,0.0,1.0,1.0,0.0,0.0,0.0,0.0,0.0,0.0,0.0,0.0,16
89446c226abffff,6,2.0,2.0,0.5,0.0,9.333333333333334,0.0,0.0,0.0,0.0,0.0,0.0,0.0,0.0,0.0,0.0,0.0,35
89446c226afffff,15,7.0,2.0,0.26666666666666666,0.06666666666666667,9.2,0.0,0.0,0.9333333333333333,0.0,0.0,0.0,0.0,0.0,0.0,0.0,0.0,23
89446c226bbffff,11,7.0,2.0,0.2727272727272727,0.36363636363636365,8.090909090909092,0.0,0.0,0.0,0.0,0.0,0.0,0.0,0.0,0.0,0.0,0.0,6
89446c226c3ffff,12,5.0,2.0833333333333335,0.25,0.08333333333333333,9.25,0.0,0.0,0.0,0.0,0.0,0.0,0.0,0.0,0.0,0.0,0.0,17
89446c226d3ffff,1,0.0,2.0,0.0,0.0,10.0,0.0,0.0,0.0,0.0,0.0,0.0,0.0,0.0,0.0,0.0,0.0,28
89446c226d7ffff,13,0.0,2.6923076923076925,0.15384615384615385,0.0,10.0,0.0,0.0,0.0,0.0,0.0,0.0,0.0,0.0,0.0,0.0,0.0,35
89446c226dbffff,3,0.0,2.0,0.0,0.3333333333333333,7.666666666666667,0.0,0.0,0.0,0.0,0.0,0.0,0.0,0.0,0.0,0.0,0.0,26
89446c2280bffff,1,0.0,2.0,0.0,1.0,10.0,0.0,0.0,0.0,0.0,0.0,0.0,0.0,0.0,0.0,0.0,0.0,14
89446c22823ffff,2,2.0,2.0,0.0,0.0,10.0,0.0,1.0,1.0,0.0,0.0,0.0,0.0,0.0,0.0,0.0,0.0,0
89446c22867ffff,1,1.0,2.0,1.0,0.0,7.0,0.0,0.0,0.0,1.0,1.0,0.0,0.0,0.0,0.0,0.0,0.0,73
89446c2286fffff,65,17.0,2.0,0.26153846153846155,0.3230769230769231,8.03076923076923,0.0,0.0,0.03076923076923077,0.015384615384615385,0.0,0.0,0.0,0.0,0.0,0.0,0.0,9
89446c22873ffff,14,4.0,2.4285714285714284,0.14285714285714285,0.2857142857142857,8.5,1.0,0.0,0.0,0.0,0.0,0.0,0.0,0.0,0.0,0.0,0.0,1
89446c22883ffff,1,1.0,2.0,0.0,0.0,10.0,0.0,0.0,0.0,1.0,0.0,0.0,0.0,0.0,0.0,0.0,0.0,0
89446c228afffff,1,1.0,2.0,0.0,0.0,10.0,0.0,0.0,1.0,0.0,0.0,0.0,0.0,0.0,0.0,0.0,0.0,0
89446c22903ffff,65,50.0,2.6769230769230767,0.3230769230769231,0.07692307692307693,9.180769230769231,0.0,0.0,0.0,0.0,0.0,0.0,0.0,0.0,0.0,0.0,0.0,86
89446c2290fffff,12,9.0,2.4166666666666665,0.4166666666666667,0.08333333333333333,8.541666666666666,0.0,0.0,0.0,0.0,0.0,0.0,0.0,0.0,0.0,0.0,0.0,65
89446c22913ffff,45,19.0,2.8666666666666667,0.26666666666666666,0.1111111111111111,8.866666666666667,0.0,0.0,0.0,0.0,0.0,0.0,0.0,0.0,0.0,0.0,0.0,101
89446c2291bffff,29,5.0,2.896551724137931,0.27586206896551724,0.06896551724137931,8.524137931034483,0.0,0.0,0.0,0.0,0.0,0.0,0.0,0.0,0.0,0.0,0.0,112
89446c2298bffff,5,5.0,2.4,0.8,0.2,10.0,0.0,0.0,0.0,0.0,0.0,0.0,0.0,0.0,0.0,0.0,0.0,129
89446c22993ffff,1,1.0,4.0,0.0,0.0,10.0,0.0,0.0,0.0,0.0,0.0,0.0,0.0,0.0,0.0,0.0,0.0,0
89446c229b3ffff,1,1.0,2.0,0.0,0.0,10.0,0.0,0.0,0.0,1.0,0.0,0.0,0.0,0.0,0.0,0.0,0.0,0
89446c229c7ffff,2,0.0,2.5,0.0,0.0,10.0,0.0,0.0,0.0,0.0,0.0,0.0,0.0,0.0,0.0,0.0,0.0,161
89446c229cbffff,5,2.0,3.2,0.0,0.2,10.0,0.0,0.4,0.4,0.0,0.0,0.0,0.0,0.0,0.0,0.0,0.0,0
89446c229d7ffff,82,30.0,2.8292682926829267,0.3780487804878049,0.13414634146341464,8.522560975609757,0.036585365853658534,0.0,0.12195121951219512,0.0,0.0,0.0,0.0,0.0,0.0,0.0,0.0,29
89446c22a17ffff,9,2.0,2.0,0.1111111111111111,0.0,7.611111111111111,0.0,0.7777777777777778,0.7777777777777778,0.0,0.0,0.0,0.0,0.0,0.0,0.0,0.0,4
89446c22a1bffff,1,1.0,2.0,1.0,0.0,10.0,0.0,0.0,0.0,0.0,0.0,0.0,0.0,0.0,0.0,0.0,0.0,0
89446c22a2bffff,1,1.0,2.0,0.0,0.0,10.0,0.0,0.0,0.0,0.0,0.0,0.0,0.0,0.0,0.0,0.0,0.0,0
89446c22a83ffff,1,0.0,2.0,1.0,0.0,2.5,0.0,0.0,0.0,0.0,0.0,0.0,0.0,0.0,0.0,0.0,0.0,0
89446c22aa3ffff,4,0.0,2.0,0.0,0.0,10.0,0.0,0.0,1.0,0.0,0.0,0.0,0.0,0.0,0.0,0.0,0.0,5
89446c22aa7ffff,1,0.0,2.0,0.0,1.0,2.0,0.0,0.0,0.0,0.0,0.0,0.0,0.0,0.0,0.0,0.0,0.0,4
89446c22aabffff,2,0.0,2.0,0.0,0.5,8.5,0.0,0.0,0.0,0.0,0.0,0.0,0.0,0.0,0.0,0.0,0.0,15
89446c22abbffff,2,1.0,2.0,0.0,0.0,10.0,0.0,0.0,0.0,1.0,0.0,0.0,0.0,0.0,0.0,0.0,0.0,15
89446c22b9bffff,8,0.0,2.375,0.125,0.375,8.0,0.0,0.0,0.0,0.0,0.0,0.0,0.0,0.0,0.0,0.0,0.0,66
89446c22c4bffff,4,1.0,2.0,0.25,0.0,8.0,0.0,0.0,0.0,1.0,0.0,0.0,0.0,0.0,0.0,0.0,0.0,53
89446c22c73ffff,2,0.0,2.0,0.0,0.0,10.0,0.0,0.0,1.0,0.0,0.0,0.0,0.0,0.0,0.0,0.0,0.0,0
89446c22c87ffff,1,0.0,2.0,1.0,0.0,10.0,0.0,0.0,0.0,0.0,0.0,0.0,0.0,0.0,0.0,0.0,0.0,55
89446c22c97ffff,13,9.0,2.8461538461538463,0.23076923076923078,0.23076923076923078,9.461538461538462,0.0,0.0,0.0,0.0,0.07692307692307693,0.0,0.0,0.0,0.0,0.0,0.0,184
89446c22ca3ffff,30,11.0,2.8,0.26666666666666666,0.23333333333333334,8.22,0.03333333333333333,0.0,0.0,0.0,0.0,0.0,0.0,0.0,0.0,0.0,0.0,28
89446c22ca7ffff,10,7.0,2.6,0.2,0.2,8.6,0.0,0.0,0.0,0.0,0.0,0.0,0.0,0.0,0.0,0.0,0.0,126
89446c22cb3ffff,18,17.0,2.5,0.2222222222222222,0.1111111111111111,9.277777777777779,0.0,0.0,0.0,0.0,0.0,0.0,0.0,0.0,0.0,0.0,0.0,55
89446c22cc7ffff,1,0.0,2.0,0.0,1.0,10.0,0.0,0.0,0.0,1.0,0.0,0.0,0.0,0.0,0.0,0.0,0.0,1
89446c22cd7ffff,1,1.0,2.0,0.0,0.0,10.0,0.0,0.0,1.0,0.0,0.0,0.0,0.0,0.0,0.0,0.0,0.0,1
89446c22d27ffff,1,0.0,3.0,0.0,0.0,10.0,0.0,0.0,0.0,0.0,0.0,0.0,0.0,0.0,0.0,0.0,0.0,2
89446c22d47ffff,11,10.0,2.6363636363636362,0.0,0.09090909090909091,9.727272727272727,0.0,0.0,0.0,0.0,0.0,0.0,0.0,0.0,0.0,0.0,0.0,55
89446c22d57ffff,31,3.0,2.5806451612903225,0.45161290322580644,0.0967741935483871,8.47741935483871,0.0,0.0,0.0,0.0,0.0,0.0,0.0,0.0,0.0,0.0,0.0,22
89446c22d5bffff,1,0.0,2.0,0.0,1.0,10.0,0.0,0.0,0.0,0.0,0.0,0.0,0.0,0.0,0.0,0.0,0.0,0
89446c22d63ffff,23,7.0,2.8260869565217392,0.2608695652173913,0.08695652173913043,9.26086956521739,0.0,0.0,0.0,0.0,0.0,0.0,0.0,0.0,0.0,0.0,0.0,46
89446c22d6fffff,22,19.0,2.590909090909091,0.36363636363636365,0.09090909090909091,8.590909090909092,0.0,0.0,0.0,0.0,0.0,0.0,0.0,0.0,0.0,0.0,0.0,105
89446c22d73ffff,19,19.0,2.0,0.3157894736842105,0.0,9.68421052631579,1.0,0.0,0.0,0.0,0.0,0.0,0.0,0.0,0.0,0.0,0.0,39
89446c22d7bffff,5,5.0,2.2,0.2,0.4,8.4,0.0,0.0,0.0,0.0,0.0,0.0,0.0,0.0,0.0,0.0,0.0,53
89446c22dcbffff,9,7.0,2.3333333333333335,0.5555555555555556,0.1111111111111111,9.11111111111111,0.0,0.0,0.0,0.0,0.0,0.0,0.0,0.0,0.0,0.0,0.0,106
89446c22dcfffff,11,10.0,2.727272727272727,0.18181818181818182,0.18181818181818182,8.636363636363637,0.0,0.0,0.0,0.0,0.0,0.0,0.0,0.0,0.0,0.0,0.0,40
89446c22dd3ffff,1,1.0,2.0,0.0,0.0,8.0,0.0,0.0,0.0,1.0,0.0,0.0,0.0,0.0,0.0,0.0,0.0,105
89446c22ddbffff,95,34.0,2.9263157894736844,0.2,0.07368421052631578,8.73936170212766,0.0,0.010526315789473684,0.5157894736842106,0.0,0.010526315789473684,0.0,0.0,0.0,0.0,0.0,0.0,20
89446c22e03ffff,1,0.0,2.0,0.0,1.0,7.0,0.0,0.0,0.0,0.0,0.0,0.0,0.0,0.0,0.0,0.0,0.0,2
89446c22e07ffff,2,0.0,2.0,0.0,0.5,7.0,0.0,0.0,0.0,0.0,0.0,0.0,0.0,0.0,0.0,0.0,0.0,1
89446c22e87ffff,46,12.0,2.0217391304347827,0.2391304347826087,0.10869565217391304,9.308695652173913,0.0,0.0,1.0,0.0,0.0,0.0,0.0,0.0,0.0,0.0,0.0,12
89446c22e97ffff,6,1.0,2.3333333333333335,0.0,0.0,9.5,0.8333333333333334,0.0,0.0,0.0,0.0,0.0,0.0,0.0,0.0,0.0,0.0,50
89446c22ea3ffff,8,1.0,2.75,0.25,0.0,9.625,0.0,0.0,0.125,0.0,0.0,0.0,0.0,0.0,0.0,0.0,0.0,2
89446c22eb3ffff,1,0.0,2.0,0.0,0.0,10.0,0.0,0.0,0.0,0.0,0.0,0.0,0.0,0.0,0.0,0.0,0.0,59
89446c22ebbffff,1,1.0,3.0,0.0,1.0,5.0,0.0,0.0,0.0,0.0,0.0,0.0,0.0,0.0,0.0,0.0,0.0,55
89446c23093ffff,2,2.0,2.0,0.0,0.0,10.0,0.0,0.0,0.0,0.5,0.0,0.0,0.0,0.0,0.0,0.0,0.0,8
89446c23107ffff,3,0.0,2.0,0.6666666666666666,0.0,10.0,0.0,0.0,0.0,0.0,0.0,0.0,0.0,0.0,0.0,0.0,0.0,10
89446c23123ffff,1,1.0,2.0,1.0,0.0,10.0,0.0,0.0,0.0,0.0,1.0,0.0,0.0,0.0,0.0,1.0,0.0,12
89446c23127ffff,1,1.0,2.0,0.0,0.0,10.0,0.0,0.0,0.0,0.0,0.0,0.0,0.0,0.0,0.0,0.0,0.0,5
89446c2312bffff,1,0.0,2.0,0.0,0.0,10.0,0.0,1.0,0.0,0.0,0.0,0.0,0.0,0.0,0.0,0.0,0.0,10
89446c23133ffff,4,3.0,2.0,0.5,0.5,10.0,0.0,0.0,0.0,0.0,0.0,0.0,0.0,0.0,0.0,0.0,0.0,12
89446c23137ffff,1,0.0,2.0,0.0,0.0,10.0,0.0,0.0,0.0,0.0,0.0,0.0,0.0,0.0,0.0,0.0,0.0,10
89446c2313bffff,5,1.0,2.0,0.2,0.2,8.2,0.0,0.0,0.0,0.0,0.0,0.0,0.0,0.0,0.0,0.0,0.0,13
89446c23163ffff,8,1.0,2.0,0.25,0.25,8.5,0.0,0.0,0.0,0.5,0.0,0.0,0.0,0.0,0.0,0.0,0.0,24
89446c23173ffff,12,2.0,2.0,0.25,0.25,8.375,0.0,0.0,0.0,0.0,0.0,0.0,0.0,0.0,0.0,0.0,0.0,20
89446c23177ffff,4,1.0,2.0,0.5,0.0,6.75,0.0,0.0,0.0,0.0,0.0,0.0,0.0,0.0,0.0,0.25,0.0,26
89446c2317bffff,8,2.0,2.0,0.5,0.125,8.875,0.0,0.0,0.0,0.375,0.0,0.0,0.0,0.0,0.0,0.0,0.0,21
89446c23183ffff,3,1.0,2.0,0.3333333333333333,0.0,10.0,0.0,0.0,0.0,0.6666666666666666,0.0,0.0,0.0,0.0,0.0,0.0,0.0,0
89446c231a7ffff,2,2.0,2.0,0.5,0.0,10.0,0.0,0.0,0.0,0.0,0.0,0.0,0.0,0.0,0.0,0.0,0.0,5
89446c231abffff,1,0.0,2.0,0.0,0.0,10.0,0.0,0.0,0.0,0.0,0.0,0.0,0.0,0.0,0.0,0.0,0.0,8
89446c231afffff,1,1.0,2.0,1.0,0.0,7.0,0.0,0.0,0.0,0.0,0.0,0.0,0.0,0.0,0.0,0.0,0.0,8
89446c233a3ffff,1,0.0,2.0,0.0,0.0,10.0,0.0,0.0,1.0,0.0,0.0,0.0,0.0,0.0,0.0,0.0,0.0,10
89446c233b3ffff,9,1.0,2.0,0.4444444444444444,0.1111111111111111,8.444444444444445,0.0,0.0,1.0,0.0,0.0,0.0,0.0,0.0,0.0,0.0,0.0,2
89446c233b7ffff,1,1.0,2.0,0.0,0.0,10.0,0.0,0.0,0.0,0.0,0.0,0.0,0.0,0.0,0.0,0.0,0.0,18
89446c23403ffff,33,5.0,2.0303030303030303,0.15151515151515152,0.12121212121212122,8.893939393939394,0.06060606060606061,0.0,0.0,0.0,0.7575757575757576,0.0,0.0,0.0,0.0,0.0,0.0,30
89446c2340bffff,2,2.0,2.0,1.0,0.0,10.0,0.0,0.0,0.0,1.0,0.0,0.0,0.0,0.0,0.0,0.0,0.0,50
89446c2340fffff,7,4.0,2.0,0.0,0.42857142857142855,8.678571428571429,0.0,0.0,0.0,0.8571428571428571,0.0,0.0,0.0,0.0,0.0,0.0,0.0,41
89446c23417ffff,11,6.0,2.727272727272727,0.09090909090909091,0.09090909090909091,9.727272727272727,0.0,0.0,0.0,0.0,0.0,0.0,0.0,0.0,0.0,0.0,0.0,36
89446c2341bffff,10,7.0,2.0,0.3,0.3,7.82,0.0,0.0,0.1,0.0,0.0,0.0,0.0,0.0,0.0,0.0,0.0,38
89446c23427ffff,10,1.0,2.0,0.2,0.1,9.2,0.0,0.0,0.0,0.6,0.0,0.0,0.0,0.0,0.0,0.0,0.0,3
89446c2342bffff,2,0.0,2.0,0.0,0.5,8.5,0.0,0.0,0.0,1.0,0.0,0.0,0.0,0.0,0.0,0.0,0.0,14
89446c2342fffff,2,1.0,2.0,0.0,0.0,7.0,0.0,0.0,0.0,1.0,0.0,0.0,0.0,0.0,0.0,0.0,0.0,14
89446c23433ffff,1,0.0,2.0,0.0,0.0,10.0,0.0,0.0,0.0,0.0,0.0,0.0,0.0,0.0,0.0,0.0,0.0,2
89446c23437ffff,1,1.0,2.0,0.0,0.0,10.0,0.0,0.0,0.0,0.0,0.0,0.0,0.0,0.0,0.0,0.0,0.0,12
89446c23467ffff,4,3.0,2.0,0.5,0.0,10.0,0.0,0.0,0.0,1.0,0.0,0.0,0.0,0.0,0.0,0.0,0.0,10
89446c23477ffff,6,5.0,2.0,0.5,0.16666666666666666,7.666666666666667,0.0,0.0,0.0,1.0,0.0,0.0,0.0,0.0,0.0,0.0,0.0,13
89446c23487ffff,6,2.0,2.0,0.5,0.0,8.186666666666666,0.0,0.0,0.0,0.6666666666666666,0.0,0.0,0.0,0.0,0.0,0.0,0.0,12
89446c23497ffff,1,0.0,2.0,1.0,0.0,4.0,0.0,0.0,0.0,1.0,0.0,0.0,0.0,0.0,0.0,0.0,0.0,8
89446c234a3ffff,24,12.0,2.0833333333333335,0.3333333333333333,0.125,8.799999999999999,0.0,0.0,0.7916666666666666,0.0,0.0,0.0,0.0,0.0,0.0,0.0,0.0,31
89446c234afffff,1,0.0,2.0,0.0,0.0,10.0,0.0,0.0,0.0,1.0,0.0,0.0,0.0,0.0,0.0,0.0,0.0,26
89446c234b3ffff,8,0.0,2.0,0.375,0.0,8.5625,0.0,0.0,0.875,0.0,0.125,0.0,0.0,0.0,0.0,0.0,0.0,52
89446c234b7ffff,19,0.0,2.526315789473684,0.21052631578947367,0.0,9.168421052631578,0.8421052631578947,0.0,0.0,0.0,0.0,0.0,0.0,0.0,0.0,0.0,0.0,35
89446c234bbffff,3,2.0,2.0,0.0,0.3333333333333333,9.0,0.3333333333333333,0.0,0.0,0.0,0.0,0.0,0.0,0.0,0.0,0.0,0.0,49
89446c234c7ffff,3,1.0,2.0,0.3333333333333333,0.0,10.0,0.0,0.0,0.0,1.0,0.0,0.0,0.0,0.0,0.0,0.0,0.0,10
89446c23513ffff,12,2.0,1.9166666666666667,0.4166666666666667,0.08333333333333333,9.083333333333334,0.0,0.0,0.0,1.0,0.0,0.0,0.0,0.0,0.0,0.0,0.0,67
89446c23517ffff,3,0.0,2.0,0.0,0.0,10.0,0.0,0.0,0.0,0.0,0.0,0.0,0.0,0.0,0.0,0.0,0.0,78
89446c23527ffff,15,2.0,2.0,0.26666666666666666,0.2,9.466666666666667,0.0,0.0,0.0,0.2,0.2,0.0,0.0,0.0,0.0,0.2,0.0,5
89446c23533ffff,3,0.0,2.0,0.3333333333333333,0.3333333333333333,7.333333333333333,0.0,0.0,0.0,0.0,0.0,0.0,0.0,0.0,0.0,0.0,0.0,3
89446c23537ffff,1,0.0,2.0,0.0,0.0,10.0,0.0,0.0,0.0,0.0,0.0,0.0,0.0,0.0,0.0,0.0,0.0,20
89446c23583ffff,3,1.0,2.0,0.0,0.0,10.0,0.0,0.0,0.0,0.0,0.6666666666666666,0.0,0.0,0.0,0.0,0.0,0.0,96
89446c2358bffff,2,1.0,2.0,0.0,0.0,8.5,0.0,0.0,0.0,1.0,0.0,0.0,0.0,0.0,0.0,0.0,0.0,77
89446c2358fffff,62,1.0,2.0161290322580645,0.27419354838709675,0.12903225806451613,9.088709677419354,0.0,0.9354838709677419,0.9516129032258065,0.016129032258064516,0.016129032258064516,0.0,0.0,0.0,0.0,0.04838709677419355,0.0,22
89446c23593ffff,32,7.0,2.03125,0.28125,0.125,8.140625,0.0,0.0,0.875,0.0,0.03125,0.0,0.0,0.0,0.0,0.0625,0.0,23
89446c235abffff,2,0.0,2.0,0.5,0.0,10.0,0.0,0.0,0.0,0.0,0.0,0.0,0.0,0.0,0.0,0.0,0.0,8
89446c235b3ffff,4,1.0,2.0,0.0,0.25,9.25,0.0,0.0,0.0,0.75,0.0,0.0,0.0,0.0,0.0,0.0,0.0,4
89446c235bbffff,2,0.0,2.0,0.5,0.0,10.0,0.0,0.0,0.0,0.0,0.0,0.0,0.0,0.0,0.0,0.0,0.0,71
89446c235c3ffff,1,1.0,2.0,1.0,0.0,10.0,0.0,0.0,0.0,1.0,0.0,0.0,0.0,0.0,0.0,0.0,0.0,3
89446c235cfffff,1,1.0,2.0,1.0,1.0,5.0,0.0,0.0,0.0,1.0,0.0,0.0,0.0,0.0,0.0,0.0,0.0,1
89446c235d3ffff,2,0.0,2.0,0.0,0.0,10.0,0.0,0.0,0.0,1.0,0.0,0.0,0.0,0.0,0.0,0.0,0.0,3
89446c30003ffff,1,0.0,2.0,0.0,0.0,7.0,0.0,1.0,0.0,1.0,0.0,0.0,0.0,0.0,0.0,0.0,0.0,43
89446c30007ffff,4,3.0,2.0,0.5,0.0,10.0,0.0,0.0,0.0,0.0,0.0,0.0,0.0,0.0,0.0,0.0,0.0,51
89446c3000bffff,9,4.0,2.0,0.3333333333333333,0.1111111111111111,7.577777777777778,0.0,0.0,0.0,0.5555555555555556,0.2222222222222222,0.0,0.0,0.0,0.0,0.0,0.0,66
89446c3000fffff,21,5.0,2.0,0.3333333333333333,0.09523809523809523,9.08095238095238,0.0,0.7142857142857143,0.0,0.9523809523809523,0.0,0.0,0.0,0.0,0.0,0.0,0.0,51
89446c30013ffff,1,1.0,2.0,0.0,0.0,10.0,0.0,0.0,0.0,0.0,0.0,0.0,0.0,0.0,0.0,0.0,0.0,25
89446c30017ffff,7,3.0,2.0,0.0,0.0,10.0,0.0,1.0,0.0,1.0,0.0,0.0,0.0,0.0,0.0,0.0,0.5714285714285714,23
89446c3001bffff,1,1.0,2.0,0.0,0.0,10.0,0.0,0.0,0.0,1.0,0.0,0.0,0.0,0.0,0.0,0.0,0.0,44
89446c30023ffff,1,1.0,2.0,1.0,0.0,10.0,0.0,0.0,0.0,1.0,0.0,0.0,0.0,0.0,0.0,0.0,0.0,33
89446c30027ffff,3,1.0,2.0,0.3333333333333333,0.3333333333333333,10.0,0.0,0.0,0.0,1.0,0.0,0.0,0.0,0.0,0.0,0.0,0.0,14
89446c3002bffff,5,1.0,2.0,0.6,0.0,8.05,0.0,0.4,0.0,1.0,0.0,0.0,0.0,0.0,0.0,0.0,0.0,20
89446c3002fffff,5,2.0,2.0,0.2,0.0,10.0,0.0,0.4,0.0,0.8,0.0,0.0,0.0,0.0,0.0,0.0,0.0,32
89446c30033ffff,14,3.0,2.0,0.14285714285714285,0.07142857142857142,9.285714285714286,0.0,0.5714285714285714,0.5714285714285714,0.35714285714285715,0.0,0.0,0.0,0.0,0.0,0.0,0.0,32
89446c30037ffff,4,0.0,2.0,0.0,0.5,7.25,0.0,1.0,0.0,1.0,0.0,0.0,0.0,0.0,0.0,0.0,0.0,38
89446c3003bffff,2,1.0,2.0,0.5,0.0,10.0,0.0,0.0,0.0,1.0,0.0,0.0,0.0,0.0,0.0,0.0,0.0,46
89446c30043ffff,1,0.0,2.0,1.0,0.0,10.0,0.0,0.0,0.0,0.0,0.0,0.0,0.0,0.0,0.0,0.0,0.0,25
89446c30047ffff,4,2.0,2.0,0.25,0.25,9.25,0.0,0.0,0.0,0.0,0.0,0.0,0.0,0.0,0.0,0.0,0.0,62
89446c3004bffff,3,1.0,2.0,0.0,0.3333333333333333,9.333333333333334,0.0,0.0,0.0,1.0,0.0,0.0,0.0,0.0,0.0,0.0,0.0,45
89446c3004fffff,11,6.0,2.0,0.2727272727272727,0.0,10.0,0.0,0.7272727272727273,0.0,0.7272727272727273,0.0,0.0,0.0,0.0,0.0,0.0,0.0,14
89446c30053ffff,2,0.0,2.0,1.0,0.0,10.0,0.0,0.0,0.0,1.0,0.0,0.0,0.0,0.0,0.0,0.0,0.0,40
89446c30057ffff,5,4.0,2.0,0.6,0.0,9.4,0.0,0.0,0.0,0.8,0.0,0.0,0.0,0.0,0.0,0.0,0.0,44
89446c30063ffff,8,3.0,2.0,0.5,0.0,8.5,0.125,0.0,0.0,0.0,0.0,0.0,0.0,0.0,0.0,0.0,0.0,43
89446c30067ffff,5,3.0,2.0,0.2,0.0,7.5,0.0,0.0,0.0,1.0,0.0,0.0,0.0,0.0,0.0,0.0,0.0,35
89446c3006fffff,1,1.0,2.0,0.0,0.0,10.0,0.0,0.0,0.0,0.0,0.0,0.0,0.0,0.0,0.0,0.0,0.0,33
89446c30073ffff,34,13.0,2.0,0.2647058823529412,0.11764705882352941,8.845588235294118,0.0,0.7058823529411765,0.5588235294117647,0.7352941176470589,0.14705882352941177,0.0,0.0,0.0,0.0,0.0,0.0,45
89446c30077ffff,1,1.0,2.0,1.0,0.0,10.0,0.0,0.0,0.0,1.0,0.0,0.0,0.0,0.0,0.0,0.0,0.0,75
89446c3007bffff,2,1.0,2.0,1.0,0.0,10.0,0.0,0.5,0.0,0.5,0.0,0.0,0.0,0.0,0.0,0.0,0.0,58
89446c30083ffff,2,1.0,2.0,0.0,0.0,10.0,0.0,0.0,0.0,1.0,0.0,0.0,0.0,0.0,0.0,0.0,0.0,73
89446c30087ffff,4,3.0,2.0,0.5,0.0,10.0,0.0,0.5,0.0,0.5,0.0,0.0,0.0,0.0,0.0,0.0,0.25,40
89446c3008bffff,4,0.0,2.0,0.25,0.0,10.0,0.0,0.0,0.0,1.0,0.0,0.0,0.0,0.0,0.0,0.0,0.0,39
89446c3008fffff,11,3.0,2.0,0.2727272727272727,0.09090909090909091,8.090909090909092,0.0,0.45454545454545453,0.0,0.9090909090909091,0.0,0.0,0.0,0.0,0.0,0.0,0.0,18
89446c30093ffff,24,8.0,2.0,0.16666666666666666,0.0,9.049999999999999,0.0,0.9166666666666666,0.9166666666666666,0.08333333333333333,0.0,0.0,0.0,0.0,0.0,0.0,0.0,45
89446c30097ffff,13,6.0,2.0,0.3076923076923077,0.0,9.76923076923077,0.0,0.6153846153846154,0.0,0.7692307692307693,0.0,0.0,0.0,0.0,0.0,0.0,0.0,74
89446c3009bffff,17,5.0,2.0,0.17647058823529413,0.11764705882352941,7.7625,0.0,0.9411764705882353,0.9411764705882353,0.058823529411764705,0.0,0.0,0.0,0.0,0.0,0.0,0.0,40
89446c300a3ffff,5,1.0,2.0,0.2,0.2,7.9,0.0,1.0,0.0,1.0,0.0,0.0,0.0,0.0,0.0,0.0,0.0,29
89446c300abffff,6,1.0,2.0,0.3333333333333333,0.0,10.0,0.0,0.5,0.0,1.0,0.0,0.0,0.0,0.0,0.0,0.0,0.0,45
89446c300afffff,15,6.0,2.0,0.3333333333333333,0.2,7.933333333333334,0.0,0.9333333333333333,0.0,0.8,0.0,0.0,0.0,0.0,0.0,0.0,0.0,34
89446c300b3ffff,3,1.0,2.0,0.6666666666666666,0.0,10.0,0.0,1.0,0.0,1.0,0.0,0.0,0.0,0.0,0.0,0.0,0.0,28
89446c300b7ffff,5,1.0,2.0,0.2,0.0,9.0,0.0,0.0,0.0,1.0,0.0,0.0,0.0,0.0,0.0,0.0,0.0,31
89446c300c3ffff,16,10.0,2.0,0.375,0.0625,9.533333333333333,0.0,0.875,0.5,0.4375,0.0,0.0,0.0,0.0,0.0,0.0,0.0,76
89446c300c7ffff,1,0.0,2.0,0.0,0.0,10.0,0.0,0.0,0.0,1.0,0.0,0.0,0.0,0.0,0.0,0.0,0.0,56
89446c300cbffff,3,1.0,2.0,0.3333333333333333,0.3333333333333333,9.0,0.0,0.0,0.0,0.0,0.0,0.0,0.0,0.0,0.0,0.0,0.0,76
89446c300cfffff,27,12.0,2.037037037037037,0.1111111111111111,0.037037037037037035,9.444444444444445,0.0,0.6296296296296297,0.0,0.8888888888888888,0.0,0.0,0.0,0.0,0.0,0.0,0.0,28
89446c300d3ffff,16,2.0,2.0,0.125,0.0,8.5625,0.0,0.875,0.875,0.0,0.0,0.0,0.0,0.0,0.0,0.0,0.0,63
89446c300d7ffff,7,2.0,2.0,0.0,0.14285714285714285,7.428571428571429,0.0,0.0,0.0,1.0,0.0,0.0,0.0,0.0,0.0,0.0,0.0,56
89446c300dbffff,22,5.0,2.090909090909091,0.22727272727272727,0.13636363636363635,9.068181818181818,0.0,0.0,0.09090909090909091,0.0,0.13636363636363635,0.0,0.0,0.0,0.0,0.0,0.0,46
89446c30103ffff,6,4.0,2.0,0.16666666666666666,0.0,7.25,0.0,0.5,0.0,0.5,0.0,0.0,0.0,0.0,0.0,0.0,0.0,138
89446c3010bffff,110,32.0,2.0,0.21818181818181817,0.1,9.204545454545455,0.0,0.8272727272727273,0.8272727272727273,0.08181818181818182,0.0,0.0,0.0,0.0,0.0,0.0,0.0,23
89446c3010fffff,5,5.0,2.0,0.0,0.0,10.0,0.0,0.0,0.0,0.2,0.0,0.0,0.0,0.0,0.0,0.0,0.0,143
89446c30117ffff,15,3.0,2.0,0.3333333333333333,0.13333333333333333,8.766666666666667,0.0,1.0,1.0,0.0,0.0,0.0,0.0,0.0,0.0,0.0,0.0,21
89446c3011bffff,8,4.0,2.0,0.125,0.125,8.9375,0.0,0.75,0.0,1.0,0.0,0.0,0.0,0.0,0.0,0.0,0.0,145
89446c30133ffff,3,2.0,2.0,1.0,0.0,10.0,0.0,0.0,0.0,0.6666666666666666,0.0,0.0,0.0,0.0,0.0,0.0,0.0,24
89446c30137ffff,6,2.0,2.0,0.3333333333333333,0.16666666666666666,10.0,0.0,0.0,0.0,1.0,0.0,0.0,0.0,0.0,0.0,0.0,0.0,8
89446c3013bffff,7,0.0,2.0,0.14285714285714285,0.14285714285714285,9.571428571428571,0.0,0.0,0.0,0.8571428571428571,0.0,0.0,0.0,0.0,0.0,0.0,0.0,28
89446c30143ffff,12,3.0,2.0,0.25,0.0,10.0,0.0,0.8333333333333334,0.0,0.9166666666666666,0.0,0.0,0.0,0.0,0.0,0.0,0.0,18
89446c30147ffff,4,2.0,2.0,0.75,0.0,9.5,0.0,0.0,0.0,1.0,0.0,0.0,0.0,0.0,0.0,0.0,0.0,127
89446c3014bffff,7,3.0,2.0,0.42857142857142855,0.0,10.0,0.0,0.42857142857142855,0.0,1.0,0.0,0.0,0.0,0.0,0.0,0.0,0.0,45
89446c3014fffff,3,1.0,2.0,0.3333333333333333,0.0,6.833333333333333,0.0,0.0,0.0,1.0,0.0,0.0,0.0,0.0,0.0,0.0,0.0,31
89446c30153ffff,2,1.0,2.0,0.5,0.5,10.0,0.0,0.0,0.0,0.5,0.0,0.0,0.0,0.0,0.0,0.0,0.0,19
89446c3015bffff,2,1.0,2.0,0.5,0.5,4.5,0.0,0.0,0.0,1.0,0.0,0.0,0.0,0.0,0.0,0.0,0.0,44
89446c30177ffff,20,7.0,2.0,0.1,0.15,8.9625,0.0,0.55,0.55,0.4,0.0,0.0,0.0,0.0,0.0,0.0,0.0,12
89446c3017bffff,2,1.0,2.0,0.0,0.0,10.0,0.0,1.0,0.0,0.5,0.0,0.0,0.0,0.0,0.0,0.0,0.0,8
89446c30183ffff,5,2.0,2.0,0.2,0.0,10.0,0.0,0.0,0.0,1.0,0.0,0.0,0.0,0.0,0.0,0.0,0.0,45
89446c30187ffff,5,3.0,2.0,0.6,0.0,9.2,0.0,0.0,0.0,0.4,0.0,0.0,0.0,0.0,0.0,0.0,0.0,38
89446c3018bffff,4,2.0,2.0,0.75,0.0,9.25,0.0,0.0,0.0,1.0,0.0,0.0,0.0,0.0,0.0,0.0,0.0,62
89446c3018fffff,7,3.0,2.0,0.2857142857142857,0.14285714285714285,8.157142857142857,0.0,0.8571428571428571,0.0,0.7142857142857143,0.0,0.0,0.0,0.0,0.0,0.0,0.0,30
89446c30193ffff,14,6.0,2.0,0.21428571428571427,0.07142857142857142,8.392857142857142,0.0,0.9285714285714286,0.0,0.9285714285714286,0.0,0.0,0.0,0.0,0.0,0.0,0.0,52
89446c30197ffff,4,1.0,2.0,0.25,0.0,10.0,0.0,0.25,0.0,0.75,0.0,0.0,0.0,0.0,0.0,0.0,0.0,62
89446c3019bffff,11,3.0,2.0,0.09090909090909091,0.09090909090909091,9.727272727272727,0.0,0.8181818181818182,0.8181818181818182,0.0,0.0,0.0,0.0,0.0,0.0,0.0,0.0,54
89446c301a3ffff,34,13.0,2.0294117647058822,0.2647058823529412,0.17647058823529413,8.132352941176471,0.0,0.9117647058823529,0.9117647058823529,0.08823529411764706,0.0,0.0,0.0,0.0,0.0,0.0,0.9117647058823529,35
89446c301a7ffff,2,1.0,2.5,0.5,0.5,6.5,0.0,0.0,0.0,0.0,0.0,0.0,0.0,0.0,0.0,0.0,0.0,61
89446c301abffff,7,2.0,2.0,0.14285714285714285,0.0,8.714285714285714,0.0,0.5714285714285714,0.0,1.0,0.0,0.0,0.0,0.0,0.0,0.0,0.0,57
89446c301afffff,4,4.0,2.0,1.0,0.0,10.0,0.0,0.0,0.0,1.0,0.0,0.0,0.0,0.0,0.0,0.0,0.0,53
89446c301b3ffff,2,0.0,2.0,1.0,0.0,10.0,0.0,0.5,0.0,0.0,0.0,0.0,0.0,0.0,0.0,0.0,0.0,81
89446c301b7ffff,19,5.0,1.9473684210526316,0.05263157894736842,0.10526315789473684,9.421052631578947,0.0,0.0,0.0,0.7894736842105263,0.0,0.0,0.0,0.0,0.0,0.0,0.0,167
89446c301bbffff,1,0.0,2.0,0.0,0.0,10.0,0.0,1.0,0.0,1.0,0.0,0.0,0.0,0.0,0.0,0.0,0.0,70
89446c301c3ffff,2,1.0,2.0,0.5,0.0,10.0,0.0,0.0,0.0,1.0,0.0,0.0,0.0,0.0,0.0,0.0,0.0,89
89446c301c7ffff,27,9.0,2.0,0.4444444444444444,0.037037037037037035,9.092592592592593,0.0,0.7777777777777778,0.7777777777777778,0.1111111111111111,0.0,0.0,0.0,0.0,0.0,0.0,0.0,28
89446c301cfffff,2,1.0,2.0,0.0,0.0,10.0,0.0,0.0,0.0,1.0,0.0,0.0,0.0,0.0,0.0,0.0,0.0,39
89446c301d3ffff,43,8.0,2.0,0.27906976744186046,0.06976744186046512,9.255813953488373,0.0,0.9534883720930233,0.9534883720930233,0.023255813953488372,0.0,0.0,0.0,0.0,0.0,0.0,0.0,33
89446c301d7ffff,12,5.0,2.0,0.4166666666666667,0.25,8.458333333333334,0.0,0.0,0.0,0.9166666666666666,0.0,0.0,0.0,0.0,0.0,0.0,0.0,91
89446c301dbffff,5,0.0,2.0,0.0,0.4,9.2,0.0,0.4,0.0,0.4,0.0,0.0,0.0,0.0,0.0,0.0,0.0,64
89446c30203ffff,2,0.0,2.0,1.0,0.0,10.0,0.0,0.0,0.0,0.0,0.0,0.0,0.0,0.0,0.0,0.0,0.0,19
89446c3020bffff,2,1.0,2.0,1.0,0.0,8.5,0.0,0.0,0.0,1.0,0.0,0.0,0.0,0.0,0.0,0.0,0.0,28
89446c3020fffff,1,0.0,2.0,1.0,0.0,10.0,0.0,0.0,0.0,0.0,0.0,0.0,0.0,0.0,0.0,0.0,0.0,15
89446c30213ffff,12,4.0,2.0,0.25,0.16666666666666666,8.983333333333333,0.0,0.9166666666666666,0.0,0.9166666666666666,0.0,0.0,0.0,0.0,0.0,0.0,0.0,16
89446c30217ffff,4,1.0,2.0,0.5,0.5,9.0,0.0,0.0,0.0,1.0,0.0,0.0,0.0,0.0,0.0,0.0,0.0,31
89446c30223ffff,21,13.0,2.0,0.47619047619047616,0.0,9.095238095238095,0.0,0.0,0.0,0.47619047619047616,0.0,0.0,0.0,0.0,0.0,0.0,0.0,41
89446c30227ffff,1,0.0,2.0,0.0,0.0,10.0,0.0,0.0,0.0,0.0,0.0,0.0,0.0,0.0,0.0,0.0,0.0,65
89446c30233ffff,1,1.0,2.0,0.0,0.0,10.0,0.0,0.0,0.0,0.0,0.0,0.0,0.0,0.0,0.0,0.0,0.0,69
89446c30237ffff,37,11.0,2.0,0.2972972972972973,0.13513513513513514,8.464864864864865,0.0,0.8108108108108109,0.8108108108108109,0.0,0.0,0.0,0.0,0.0,0.0,0.0,0.0,28
89446c3023bffff,2,0.0,2.0,0.5,0.0,10.0,0.0,0.0,0.0,0.0,0.0,0.0,0.0,0.0,0.0,0.0,0.0,28
89446c30243ffff,32,17.0,2.40625,0.5625,0.0,9.46875,0.0,0.3125,0.46875,0.0,0.0,0.0,0.0,0.0,0.0,0.0,0.0,101
89446c30247ffff,7,1.0,2.0,0.14285714285714285,0.0,8.285714285714286,0.0,0.0,0.0,0.7142857142857143,0.0,0.0,0.0,0.0,0.0,0.0,0.0,75
89446c3024fffff,21,8.0,2.5714285714285716,0.5714285714285714,0.047619047619047616,9.428571428571429,0.38095238095238093,0.0,0.0,0.14285714285714285,0.0,0.0,0.0,0.0,0.0,0.0,0.0,132
89446c30253ffff,58,20.0,2.6551724137931036,0.3103448275862069,0.06896551724137931,9.051724137931034,0.0,0.10344827586206896,0.3448275862068966,0.05172413793103448,0.0,0.0,0.0,0.0,0.0,0.0,0.0,95
89446c30257ffff,14,3.0,2.0,0.2857142857142857,0.07142857142857142,9.076923076923077,0.0,0.0,0.0,0.14285714285714285,0.7142857142857143,0.0,0.0,0.0,0.0,0.0,0.0,121
89446c3025bffff,1,1.0,2.0,0.0,0.0,10.0,0.0,0.0,0.0,1.0,0.0,0.0,0.0,0.0,0.0,0.0,0.0,102
89446c30263ffff,13,2.0,2.0,0.3076923076923077,0.15384615384615385,8.307692307692308,0.0,0.8461538461538461,0.8461538461538461,0.0,0.0,0.0,0.0,0.0,0.0,0.0,0.0,55
89446c30267ffff,4,3.0,2.0,0.5,0.0,10.0,0.0,0.0,0.0,0.0,0.0,0.0,0.0,0.0,0.0,0.0,0.0,19
89446c3026bffff,39,15.0,2.0,0.3076923076923077,0.07692307692307693,9.102564102564102,0.0,0.6410256410256411,0.6410256410256411,0.10256410256410256,0.0,0.0,0.0,0.0,0.0,0.0,0.07692307692307693,105
89446c3026fffff,1,1.0,2.0,1.0,0.0,10.0,0.0,0.0,0.0,1.0,0.0,0.0,0.0,0.0,0.0,0.0,0.0,57
89446c30273ffff,4,2.0,2.0,0.25,0.0,7.75,0.0,0.0,0.0,0.0,0.0,0.0,0.0,0.0,0.0,0.0,0.0,30
89446c30277ffff,5,2.0,2.0,0.2,0.2,5.6,0.0,1.0,1.0,0.0,0.0,0.0,0.0,0.0,0.0,0.0,0.0,24
89446c3027bffff,2,2.0,2.0,0.5,0.0,8.0,0.0,0.5,0.5,0.0,0.0,0.0,0.0,0.0,0.0,0.0,0.0,172
89446c30283ffff,1,0.0,2.0,1.0,0.0,10.0,0.0,0.0,0.0,0.0,0.0,0.0,0.0,0.0,0.0,0.0,0.0,44
89446c30287ffff,23,10.0,2.0,0.2608695652173913,0.08695652173913043,8.874782608695652,0.0,0.9565217391304348,0.9130434782608695,0.08695652173913043,0.0,0.0,0.0,0.0,0.0,0.0,0.0,24
89446c3028bffff,5,3.0,2.0,0.2,0.0,10.0,0.0,0.0,0.0,0.0,0.0,0.0,0.0,0.0,0.0,0.0,0.0,23
89446c3028fffff,5,3.0,2.0,0.2,0.0,10.0,0.0,0.6,0.0,0.6,0.0,0.0,0.0,0.0,0.0,0.0,0.0,50
89446c30293ffff,3,2.0,2.0,0.3333333333333333,0.0,10.0,0.0,0.0,0.0,0.6666666666666666,0.0,0.0,0.0,0.0,0.0,0.0,0.0,36
89446c30297ffff,7,3.0,2.0,0.0,0.14285714285714285,9.571428571428571,0.0,0.0,0.0,1.0,0.0,0.0,0.0,0.0,0.0,0.0,0.5714285714285714,36
89446c3029bffff,1,0.0,2.0,0.0,0.0,10.0,0.0,0.0,0.0,1.0,0.0,0.0,0.0,0.0,0.0,0.0,0.0,17
89446c302a7ffff,1,0.0,2.0,0.0,0.0,10.0,0.0,0.0,0.0,0.0,0.0,0.0,0.0,0.0,0.0,0.0,0.0,4
89446c302abffff,7,5.0,2.0,0.2857142857142857,0.14285714285714285,8.178571428571429,0.0,0.0,0.0,1.0,0.0,0.0,0.0,0.0,0.0,0.0,0.0,12
89446c302afffff,2,2.0,2.0,0.0,0.0,10.0,0.0,0.0,0.0,1.0,0.0,0.0,0.0,0.0,0.0,0.0,0.0,46
89446c302b3ffff,3,0.0,2.0,0.3333333333333333,0.0,10.0,0.0,0.6666666666666666,0.0,0.6666666666666666,0.0,0.0,0.0,0.0,0.0,0.0,0.0,43
89446c302b7ffff,1,0.0,2.0,0.0,0.0,10.0,0.0,0.0,0.0,0.0,0.0,0.0,0.0,0.0,0.0,0.0,0.0,17
89446c302bbffff,5,4.0,2.0,0.2,0.0,10.0,0.0,0.0,0.0,1.0,0.0,0.0,0.0,0.0,0.0,0.0,0.0,42
89446c302c3ffff,3,2.0,2.0,0.3333333333333333,0.0,6.0,0.0,0.0,0.0,0.0,0.0,0.0,0.0,0.0,0.0,0.0,0.0,73
89446c302cbffff,22,14.0,2.4545454545454546,0.5,0.09090909090909091,8.363636363636363,0.09090909090909091,0.0,0.0,0.22727272727272727,0.0,0.0,0.0,0.0,0.0,0.0,0.0,114
89446c302cfffff,22,7.0,2.0,0.22727272727272727,0.045454545454545456,9.590909090909092,0.0,0.9545454545454546,0.9545454545454546,0.0,0.0,0.0,0.0,0.0,0.0,0.0,0.0,97
89446c302d7ffff,4,1.0,2.0,0.5,0.25,6.875,0.0,0.0,0.0,1.0,0.0,0.0,0.0,0.0,0.0,0.0,0.0,11
89446c302dbffff,25,9.0,2.52,0.48,0.08,9.19,0.24,0.0,0.0,0.0,0.0,0.0,0.0,0.0,0.0,0.0,0.0,72
89446c30307ffff,2,0.0,2.5,0.0,0.0,10.0,0.0,0.0,0.0,0.5,0.0,0.0,0.0,0.0,0.0,0.0,0.0,18
89446c30317ffff,7,4.0,2.0,0.42857142857142855,0.0,8.857142857142858,0.0,0.5714285714285714,0.5714285714285714,0.2857142857142857,0.0,0.0,0.0,0.0,0.0,0.0,0.0,16
89446c30323ffff,6,3.0,2.0,0.8333333333333334,0.16666666666666666,8.333333333333334,0.0,0.0,0.0,0.5,0.0,0.0,0.0,0.0,0.0,0.0,0.0,14
89446c30327ffff,4,3.0,2.0,0.25,0.0,10.0,0.0,0.0,0.75,0.0,0.0,0.0,0.0,0.0,0.0,0.0,0.0,21
89446c3032fffff,4,0.0,2.25,0.25,0.0,10.0,0.0,0.0,0.0,0.0,0.0,0.0,0.0,0.0,0.0,0.0,0.0,18
89446c30333ffff,5,0.0,2.0,0.2,0.6,7.8,0.0,0.0,0.0,0.8,0.0,0.0,0.0,0.0,0.0,0.0,0.0,16
89446c30337ffff,1,0.0,2.0,0.0,0.0,10.0,0.0,0.0,0.0,1.0,0.0,0.0,0.0,0.0,0.0,0.0,0.0,18
89446c30347ffff,5,1.0,2.0,0.6,0.2,9.4,0.0,0.0,0.6,0.2,0.0,0.0,0.0,0.0,0.0,0.0,0.6,4
89446c30353ffff,4,1.0,2.0,0.5,0.25,8.75,0.0,0.0,0.0,1.0,0.0,0.0,0.0,0.0,0.0,0.0,0.0,5
89446c30357ffff,1,0.0,2.0,0.0,0.0,10.0,0.0,0.0,0.0,1.0,0.0,0.0,0.0,0.0,0.0,0.0,0.0,9
89446c3036bffff,4,0.0,2.0,0.75,0.25,9.25,0.0,0.0,0.0,1.0,0.0,0.0,0.0,0.0,0.0,0.0,0.0,3
89446c30377ffff,1,0.0,2.0,1.0,0.0,10.0,0.0,0.0,0.0,0.0,0.0,0.0,0.0,0.0,0.0,0.0,0.0,0
89446c3037bffff,3,0.0,2.0,0.0,0.0,10.0,0.0,0.0,0.0,1.0,0.0,0.0,0.0,0.0,0.0,0.0,0.0,9
89446c30383ffff,24,13.0,2.0,0.25,0.08333333333333333,8.875,0.0,0.5416666666666666,0.8333333333333334,0.4583333333333333,0.08333333333333333,0.0,0.0,0.0,0.0,0.0,0.0,116
89446c30387ffff,8,5.0,2.0,0.375,0.0,8.875,0.0,0.375,0.0,0.875,0.0,0.0,0.0,0.0,0.0,0.0,0.0,59
89446c3038bffff,67,10.0,2.014925373134328,0.19402985074626866,0.11940298507462686,9.152985074626866,0.0,0.13432835820895522,0.19402985074626866,0.08955223880597014,0.0,0.0,0.0,0.0,0.0,0.0,0.0,49
89446c3038fffff,6,2.0,2.0,0.0,0.0,10.0,0.0,0.0,0.0,0.6666666666666666,0.0,0.0,0.0,0.0,0.0,0.0,0.0,108
89446c30393ffff,6,2.0,2.0,0.6666666666666666,0.16666666666666666,8.666666666666666,0.0,0.0,0.0,1.0,0.0,0.0,0.0,0.0,0.0,0.0,0.0,68
89446c30397ffff,15,4.0,2.0,0.26666666666666666,0.13333333333333333,8.48,0.0,0.9333333333333333,0.7333333333333333,0.2,0.0,0.0,0.0,0.0,0.0,0.0,0.0,52
89446c3039bffff,14,3.0,2.0,0.2857142857142857,0.14285714285714285,9.5,0.0,0.0,0.0,0.5,0.0,0.0,0.0,0.0,0.0,0.0,0.0,108
89446c303a3ffff,3,1.0,2.0,0.3333333333333333,0.3333333333333333,8.666666666666666,0.0,0.0,0.0,0.6666666666666666,0.0,0.0,0.0,0.0,0.0,0.0,0.0,18
89446c303a7ffff,3,3.0,2.0,1.0,0.0,10.0,0.0,0.0,0.0,0.0,0.0,0.0,0.0,0.0,0.0,0.0,0.0,7
89446c303abffff,6,2.0,2.0,0.3333333333333333,0.16666666666666666,10.0,0.0,0.0,0.0,0.8333333333333334,0.0,0.0,0.0,0.0,0.0,0.0,0.0,20
89446c303afffff,1,0.0,2.0,0.0,0.0,10.0,0.0,0.0,0.0,0.0,0.0,0.0,0.0,0.0,0.0,0.0,0.0,20
89446c303b3ffff,5,1.0,2.0,0.2,0.2,9.0,0.0,1.0,0.0,1.0,0.0,0.0,0.0,0.0,0.0,0.0,0.0,24
89446c303b7ffff,1,0.0,2.0,0.0,1.0,4.0,0.0,1.0,0.0,1.0,0.0,0.0,0.0,0.0,0.0,0.0,0.0,16
89446c303bbffff,2,1.0,2.0,0.5,0.0,8.5,0.0,1.0,0.0,0.0,0.0,0.0,0.0,0.0,0.0,0.0,0.0,35
89446c303c3ffff,9,5.0,2.0,0.3333333333333333,0.0,9.333333333333334,0.0,0.8888888888888888,0.0,0.8888888888888888,0.0,0.0,0.0,0.0,0.0,0.0,0.0,9
89446c303cbffff,3,1.0,2.0,0.3333333333333333,0.3333333333333333,9.0,0.0,0.0,0.0,1.0,0.0,0.0,0.0,0.0,0.0,0.0,0.0,51
89446c303d3ffff,1,0.0,2.0,0.0,0.0,10.0,0.0,0.0,0.0,0.0,0.0,0.0,0.0,0.0,0.0,0.0,0.0,16
89446c303d7ffff,5,0.0,2.0,0.2,0.0,10.0,0.0,0.6,0.2,0.0,0.0,0.0,0.0,0.0,0.0,0.0,0.0,92
89446c30403ffff,7,2.0,2.0,0.2857142857142857,0.14285714285714285,9.857142857142858,0.0,0.8571428571428571,0.0,1.0,0.0,0.0,0.0,0.14285714285714285,0.14285714285714285,0.0,0.0,65
89446c30407ffff,16,1.0,2.0625,0.25,0.0,8.4375,0.0,0.0,0.0,1.0,0.0,0.0,0.0,0.0,0.0,0.0,0.0,76
89446c3040bffff,3,1.0,2.0,0.3333333333333333,0.0,10.0,0.0,0.0,0.0,1.0,0.0,0.0,0.0,0.0,0.0,0.0,0.0,52
89446c3040fffff,8,5.0,2.0,0.125,0.125,8.5,0.0,0.625,0.0,1.0,0.0,0.0,0.0,0.0,0.0,0.0,0.0,75
89446c30413ffff,25,10.0,2.0,0.4,0.0,9.04,0.0,0.84,0.68,0.2,0.0,0.0,0.0,0.0,0.0,0.0,0.0,93
89446c30417ffff,10,1.0,2.0,0.4,0.0,9.3,0.0,0.8,0.8,0.2,0.0,0.9,0.0,0.0,0.0,0.0,0.1,117
89446c3041bffff,3,1.0,2.0,0.0,0.0,9.666666666666666,0.0,1.0,0.0,1.0,0.0,0.0,0.0,0.0,0.0,0.0,0.0,56
89446c30423ffff,8,4.0,2.0,0.25,0.0,8.25,0.0,0.0,0.0,1.0,0.0,0.0,0.0,0.0,0.0,0.0,0.0,67
89446c30427ffff,4,4.0,2.0,0.5,0.5,9.25,0.0,0.0,0.0,0.75,0.0,0.0,0.0,0.0,0.0,0.0,0.0,60
89446c3042bffff,4,3.0,2.0,0.25,0.0,9.5,0.0,0.0,0.0,0.75,0.0,0.0,0.0,0.0,0.0,0.0,0.0,61
89446c3042fffff,8,2.0,2.0,0.5,0.125,9.75,0.0,0.0,0.0,1.0,0.0,0.0,0.0,0.0,0.0,0.0,0.0,78
89446c30433ffff,27,8.0,2.0,0.2222222222222222,0.037037037037037035,9.296296296296296,0.0,0.5925925925925926,0.5925925925925926,0.4074074074074074,0.0,0.0,0.0,0.0,0.0,0.0,0.0,52
89446c30437ffff,4,0.0,2.0,0.25,0.0,9.75,0.0,0.0,0.0,0.75,0.5,0.0,0.0,0.0,0.0,0.0,0.0,86
89446c3043bffff,20,5.0,2.0,0.1,0.0,8.894736842105264,0.0,0.95,0.95,0.0,0.0,0.0,0.0,0.0,0.0,0.0,0.0,63
89446c30443ffff,11,8.0,2.0,0.18181818181818182,0.09090909090909091,8.363636363636363,0.0,0.0,0.0,0.9090909090909091,0.0,0.0,0.0,0.0,0.0,0.0,0.0,86
89446c30447ffff,2,1.0,2.0,1.0,0.0,10.0,0.0,0.0,0.0,1.0,0.0,0.0,0.0,1.0,1.0,0.0,0.0,80
89446c3044bffff,12,1.0,2.25,0.3333333333333333,0.08333333333333333,8.879999999999999,0.8333333333333334,0.0,0.0,1.0,0.0,0.0,0.0,0.0,0.0,0.0,0.0,46
89446c3044fffff,11,2.0,2.0,0.18181818181818182,0.0,8.818181818181818,0.0,0.0,0.0,0.9090909090909091,0.0,0.0,0.0,0.0,0.0,0.0,0.0,75
89446c30453ffff,52,22.0,2.0,0.19230769230769232,0.1346153846153846,8.656862745098039,0.0,0.6730769230769231,0.6730769230769231,0.19230769230769232,0.0,0.0,0.0,0.0,0.0,0.0,0.0,38
89446c30457ffff,3,2.0,2.0,0.0,0.0,10.0,0.0,0.0,0.0,1.0,0.0,0.0,0.0,0.0,0.0,0.0,0.0,81
89446c3045bffff,6,5.0,2.0,0.0,0.0,10.0,0.0,0.0,0.0,0.8333333333333334,0.0,0.0,0.0,0.0,0.0,0.0,0.0,147
89446c30463ffff,2,1.0,2.0,1.0,0.0,10.0,0.0,0.0,0.0,0.5,0.0,0.0,0.0,0.5,0.5,0.0,0.0,66
89446c30467ffff,1,1.0,2.0,1.0,0.0,7.0,0.0,0.0,0.0,0.0,0.0,0.0,0.0,0.0,0.0,0.0,0.0,49
89446c3046bffff,11,5.0,2.0,0.2727272727272727,0.18181818181818182,7.359090909090909,0.0,0.0,0.0,1.0,0.0,0.0,0.0,0.0,0.0,0.0,0.0,62
89446c3046fffff,2,0.0,2.0,0.0,0.0,10.0,0.0,0.0,0.0,0.0,0.0,0.0,0.0,0.0,0.0,0.0,0.0,54
89446c30473ffff,29,8.0,2.0,0.2413793103448276,0.10344827586206896,8.558620689655172,0.0,0.9655172413793104,0.0,0.896551724137931,0.0,0.0,0.0,0.0,0.0,0.0,0.0,38
89446c3047bffff,23,11.0,2.0,0.2608695652173913,0.13043478260869565,7.869565217391305,0.0,1.0,1.0,0.0,0.0,0.0,0.0,0.0,0.0,0.0,0.0,69
89446c30483ffff,4,2.0,2.0,0.0,0.25,7.75,0.0,0.0,0.0,1.0,0.0,0.0,0.0,0.0,0.0,0.0,0.0,167
89446c30487ffff,16,9.0,2.4375,0.0625,0.0,9.375,0.125,0.0,0.0,0.4375,0.0,0.0,0.0,0.0,0.0,0.0,0.0,530
89446c3048bffff,3,2.0,2.0,0.0,0.3333333333333333,10.0,0.0,0.0,0.0,1.0,0.0,0.0,0.0,0.0,0.0,0.0,0.0,102
89446c3048fffff,62,16.0,2.0,0.1935483870967742,0.08064516129032258,9.057377049180328,0.0,0.9354838709677419,0.9354838709677419,0.04838709677419355,0.0,0.9354838709677419,0.0,0.0,0.0,0.04838709677419355,0.5645161290322581,61
89446c30493ffff,6,2.0,2.0,0.5,0.0,10.0,0.0,0.0,0.0,0.0,0.0,0.0,0.0,0.0,0.0,0.0,0.0,191
89446c30497ffff,80,45.0,2.325,0.5,0.025,9.00625,0.0,0.0,0.0,0.075,0.0,0.0,0.0,0.0,0.0,0.0,0.0,150
89446c304a3ffff,66,16.0,2.4393939393939394,0.25757575757575757,0.06060606060606061,9.376923076923077,0.24242424242424243,0.0,0.0,0.0,0.0,0.0,0.0,0.0,0.0,0.0,0.0,646
89446c304a7ffff,301,59.0,2.6710963455149503,0.34551495016611294,0.026578073089700997,9.113620689655171,0.21262458471760798,0.08637873754152824,0.574750830564784,0.046511627906976744,0.009966777408637873,0.0,0.0,0.0,0.0,0.0,0.0033222591362126247,170
89446c304abffff,4,2.0,2.0,0.25,0.0,8.333333333333334,0.0,0.0,0.0,0.75,0.0,1.0,0.0,0.0,0.0,0.25,0.0,122
89446c304b3ffff,285,112.0,2.6596491228070174,0.29473684210526313,0.08070175438596491,8.84505300353357,0.007017543859649123,0.3298245614035088,0.4631578947368421,0.0,0.12982456140350876,0.0,0.0,0.0,0.0,0.0,0.0,322
89446c304b7ffff,53,9.0,2.5283018867924527,0.22641509433962265,0.05660377358490566,8.252830188679244,0.6037735849056604,0.05660377358490566,0.0,0.22641509433962265,0.018867924528301886,0.0,0.0,0.0,0.0,0.0,0.0,753
89446c304bbffff,3,2.0,2.0,1.0,0.0,10.0,0.0,0.0,0.0,1.0,0.0,0.0,0.0,0.0,0.0,0.0,0.0,443
89446c304c3ffff,2,0.0,2.0,0.5,0.0,7.5,0.0,0.0,0.0,0.5,0.0,0.0,0.0,0.0,0.0,0.0,0.0,50
89446c304c7ffff,8,0.0,2.0,0.375,0.0,9.375,0.0,0.75,0.0,0.75,0.0,0.0,0.0,0.0,0.0,0.0,0.0,46
89446c304cbffff,8,4.0,2.0,0.125,0.125,7.75,0.0,0.0,0.0,0.875,0.0,0.0,0.0,0.0,0.0,0.0,0.0,83
89446c304cfffff,10,4.0,2.0,0.2,0.0,9.11111111111111,0.0,0.0,0.9,0.0,0.0,0.0,0.0,0.0,0.0,0.0,0.0,76
89446c304d3ffff,7,1.0,2.0,0.42857142857142855,0.0,7.510000000000001,0.0,0.0,0.0,0.5714285714285714,0.0,0.0,0.0,0.0,0.0,0.0,0.0,35
89446c304d7ffff,3,1.0,2.0,0.0,0.3333333333333333,10.0,0.0,0.0,0.0,0.0,0.0,0.0,0.0,0.0,0.0,0.0,0.0,24
89446c304dbffff,14,3.0,2.0,0.14285714285714285,0.0,9.085714285714285,0.0,0.6428571428571429,0.0,1.0,0.0,0.0,0.0,0.0,0.0,0.0,0.0,29
89446c30503ffff,51,16.0,2.7254901960784315,0.35294117647058826,0.0392156862745098,9.397058823529411,0.0,0.43137254901960786,0.6666666666666666,0.0,0.29411764705882354,0.0,0.0,0.0,0.0,0.0,0.0,445
89446c30507ffff,50,23.0,2.48,0.28,0.1,9.405,0.0,0.0,0.0,0.26,0.0,0.0,0.0,0.0,0.0,0.0,0.0,222
89446c3050bffff,2,1.0,2.0,0.0,0.0,10.0,0.0,0.0,0.0,0.0,0.0,0.0,0.0,0.0,0.0,0.0,0.0,180
89446c3050fffff,9,3.0,2.0,0.2222222222222222,0.2222222222222222,9.0,0.0,0.8888888888888888,0.0,0.8888888888888888,0.0,0.0,0.0,0.0,0.0,0.0,0.0,115
89446c30513ffff,219,71.0,2.8858447488584473,0.2831050228310502,0.045662100456621,8.916822429906542,0.0,0.680365296803653,0.7031963470319634,0.0045662100456621,0.2420091324200913,0.0,0.0,0.0,0.0,0.0,0.0,287
89446c30517ffff,139,36.0,2.4388489208633093,0.34532374100719426,0.08633093525179857,8.72158273381295,0.4676258992805755,0.17266187050359713,0.014388489208633094,0.2517985611510791,0.0,0.0,0.0,0.0,0.0,0.0,0.0,341
89446c3051bffff,26,10.0,2.0384615384615383,0.07692307692307693,0.11538461538461539,8.776923076923076,0.0,0.9615384615384616,0.5384615384615384,0.4230769230769231,0.0,0.0,0.0,0.0,0.0,0.0,0.0,445
89446c30523ffff,8,6.0,2.125,0.625,0.125,7.4375,0.0,0.0,0.0,0.625,0.0,0.0,0.0,0.0,0.0,0.0,0.0,125
89446c30527ffff,84,31.0,2.5833333333333335,0.2857142857142857,0.03571428571428571,9.25,0.4523809523809524,0.0,0.0,0.0,0.0,0.0,0.0,0.0,0.0,0.0,0.0,270
89446c3052bffff,14,3.0,2.0,0.35714285714285715,0.21428571428571427,9.214285714285714,0.0,0.0,0.0,0.9285714285714286,0.0,0.0,0.0,0.0,0.0,0.0,0.0,49
89446c3052fffff,3,1.0,2.0,0.3333333333333333,0.0,9.666666666666666,0.0,0.3333333333333333,0.0,0.6666666666666666,0.0,0.0,0.0,0.0,0.0,0.0,0.3333333333333333,140
89446c30533ffff,13,10.0,2.1538461538461537,0.38461538461538464,0.0,9.538461538461538,0.0,0.0,0.0,0.0,0.0,0.0,0.0,0.0,0.0,0.0,0.0,77
89446c30537ffff,5,1.0,2.4,0.4,0.0,9.6,0.0,0.0,0.0,0.0,0.0,0.0,0.0,0.0,0.0,0.0,0.0,122
89446c3053bffff,6,2.0,2.0,0.3333333333333333,0.16666666666666666,9.5,0.0,0.0,0.0,0.6666666666666666,0.0,0.0,0.0,0.0,0.0,0.0,0.0,97
89446c30547ffff,14,7.0,2.0,0.35714285714285715,0.0,9.214285714285714,0.0,1.0,0.0,0.9285714285714286,0.0,0.0,0.0,0.0,0.0,0.0,0.0,95
89446c3054bffff,11,2.0,2.0,0.18181818181818182,0.09090909090909091,8.909090909090908,0.0,0.0,0.0,1.0,0.0,0.0,0.0,0.0,0.0,0.0,0.0,48
89446c3054fffff,3,1.0,2.0,0.3333333333333333,0.0,10.0,0.0,0.0,0.0,1.0,0.0,0.0,0.0,0.0,0.0,0.0,0.0,43
89446c30553ffff,5,4.0,2.0,0.4,0.0,10.0,0.0,0.6,0.0,0.6,0.0,0.0,0.0,0.0,0.0,0.0,0.0,149
89446c30557ffff,77,23.0,2.0,0.2727272727272727,0.09090909090909091,8.588157894736844,0.0,0.9090909090909091,0.7792207792207793,0.2077922077922078,0.0,0.0,0.0,0.0,0.0,0.0,0.05194805194805195,80
89446c3055bffff,25,9.0,2.0,0.28,0.08,8.712,0.0,0.84,0.84,0.16,0.8,0.0,0.0,0.0,0.0,0.0,0.84,41
89446c30563ffff,1,1.0,2.0,1.0,0.0,9.0,0.0,0.0,0.0,1.0,0.0,0.0,0.0,0.0,0.0,0.0,0.0,45
89446c30567ffff,15,7.0,2.0,0.26666666666666666,0.06666666666666667,9.8,0.0,0.8,0.0,0.8666666666666667,0.0,0.0,0.0,0.0,0.0,0.0,0.0,47
89446c3056bffff,10,4.0,2.0,0.2,0.0,9.1,0.0,0.2,0.2,1.0,0.0,0.0,0.0,0.0,0.0,0.0,0.0,63
89446c3056fffff,4,0.0,2.0,0.25,0.25,8.0,0.0,0.0,0.0,0.75,0.0,0.0,0.0,0.0,0.0,0.0,0.0,92
89446c30573ffff,3,1.0,2.0,0.3333333333333333,0.3333333333333333,9.333333333333334,0.0,0.3333333333333333,0.0,1.0,0.0,0.0,0.0,0.0,0.0,0.0,0.0,39
89446c30577ffff,3,2.0,2.0,0.3333333333333333,0.0,9.0,0.0,0.6666666666666666,0.0,1.0,0.0,0.0,0.0,0.0,0.0,0.0,0.0,48
89446c3057bffff,10,5.0,2.0,0.4,0.0,10.0,0.0,0.0,0.0,1.0,0.0,0.0,0.0,0.0,0.0,0.0,0.0,36
89446c30583ffff,1,1.0,2.0,1.0,0.0,10.0,0.0,0.0,0.0,1.0,0.0,0.0,0.0,0.0,0.0,0.0,0.0,17
89446c3058bffff,4,0.0,2.0,0.25,0.0,7.375,0.0,0.0,0.0,1.0,0.0,0.0,0.0,0.0,0.0,0.0,0.0,305
89446c3058fffff,4,2.0,2.0,0.5,0.0,10.0,0.0,0.0,0.0,1.0,0.0,0.0,0.0,0.0,0.0,0.0,0.0,376
89446c30593ffff,5,1.0,2.0,0.2,0.0,10.0,0.0,0.2,0.0,1.0,0.0,0.0,0.0,0.2,0.2,0.0,0.0,12
89446c30597ffff,1,0.0,2.0,1.0,0.0,10.0,0.0,0.0,0.0,1.0,0.0,0.0,0.0,0.0,0.0,0.0,0.0,31
89446c3059bffff,3,1.0,2.0,0.6666666666666666,0.0,9.0,0.0,0.0,0.0,1.0,0.0,0.0,0.0,0.0,0.0,0.0,0.0,31
89446c305a3ffff,34,5.0,2.0,0.29411764705882354,0.029411764705882353,7.970588235294118,0.0,0.8823529411764706,0.7058823529411765,0.20588235294117646,0.0,0.0,0.0,0.0,0.0,0.0,0.0,39
89446c305a7ffff,8,4.0,2.0,0.25,0.125,8.525,0.0,0.0,0.0,1.0,0.0,0.0,0.0,0.0,0.0,0.0,0.0,70
89446c305abffff,4,2.0,2.0,0.75,0.0,6.875,0.0,0.0,0.0,0.5,0.0,0.0,0.0,0.0,0.0,0.0,0.0,253
89446c305afffff,4,2.0,2.0,0.5,0.25,8.0,0.0,0.5,0.0,0.5,0.0,0.0,0.0,0.0,0.0,0.0,0.0,72
89446c305b3ffff,7,4.0,2.0,0.2857142857142857,0.0,9.857142857142858,0.0,0.42857142857142855,0.42857142857142855,0.14285714285714285,0.0,0.0,0.0,0.0,0.0,0.0,0.0,64
89446c305b7ffff,3,1.0,2.0,0.0,0.0,7.666666666666667,0.0,0.0,0.0,1.0,0.0,0.0,0.0,0.0,0.0,0.0,0.0,72
89446c305bbffff,13,4.0,2.0,0.23076923076923078,0.0,9.292307692307691,0.0,0.0,0.0,0.6923076923076923,0.0,0.0,0.0,0.0,0.0,0.0,0.0,188
89446c305c7ffff,63,28.0,2.4761904761904763,0.30158730158730157,0.015873015873015872,9.065396825396826,0.4603174603174603,0.0,0.0,0.031746031746031744,0.0,0.0,0.0,0.0,0.0,0.0,0.0,297
89446c305cbffff,10,5.0,2.0,0.2,0.0,8.8,0.0,0.8,0.6,0.2,0.0,0.0,0.0,0.0,0.0,0.0,0.0,83
89446c305cfffff,33,20.0,2.0,0.15151515151515152,0.030303030303030304,9.67741935483871,0.0,0.9090909090909091,0.12121212121212122,0.6363636363636364,0.0,0.0,0.0,0.0,0.0,0.0,0.06060606060606061,181
89446c305d3ffff,10,3.0,2.2,0.5,0.0,9.5,0.0,0.0,0.0,0.1,0.0,0.0,0.0,0.0,0.0,0.0,0.0,358
89446c305d7ffff,15,7.0,2.1333333333333333,0.4,0.06666666666666667,9.384615384615385,0.0,0.0,0.0,0.6,0.0,0.0,0.0,0.0,0.0,0.0,0.0,81
89446c305dbffff,37,7.0,2.0,0.24324324324324326,0.0,9.135135135135135,0.0,0.8108108108108109,0.8108108108108109,0.08108108108108109,0.0,0.0,0.0,0.0,0.0,0.0,0.7297297297297297,325
89446c30603ffff,3,1.0,2.0,0.6666666666666666,0.0,10.0,0.0,0.0,0.0,0.6666666666666666,0.0,0.0,0.0,0.0,0.0,0.0,0.0,48
89446c30607ffff,6,4.0,2.0,0.6666666666666666,0.0,10.0,0.0,0.0,0.0,0.16666666666666666,0.0,0.0,0.0,0.0,0.0,0.0,0.0,20
89446c3060bffff,13,2.0,2.0,0.3076923076923077,0.07692307692307693,8.615384615384615,0.0,0.0,0.5384615384615384,0.46153846153846156,0.3076923076923077,0.0,0.0,0.0,0.0,0.0,0.0,35
89446c3060fffff,8,4.0,2.0,0.625,0.0,8.40625,0.0,0.0,0.0,0.75,0.0,0.0,0.0,0.0,0.0,0.0,0.0,43
89446c30613ffff,5,2.0,2.0,0.2,0.2,8.4,0.0,0.0,0.0,0.6,0.0,0.0,0.0,0.0,0.0,0.0,0.0,32
89446c30617ffff,4,1.0,2.0,0.75,0.0,8.5,0.0,0.0,0.0,0.0,0.0,0.0,0.0,0.0,0.0,0.0,0.0,25
89446c3061bffff,12,7.0,2.0,0.25,0.08333333333333333,9.083333333333334,0.0,0.0,0.5,0.08333333333333333,0.0,0.0,0.0,0.0,0.0,0.0,0.0,38
89446c30623ffff,19,5.0,2.0,0.3684210526315789,0.05263157894736842,9.342105263157896,0.0,0.9473684210526315,0.0,0.6842105263157895,0.0,0.0,0.0,0.0,0.0,0.0,0.0,38
89446c30627ffff,4,1.0,2.0,0.0,0.0,10.0,0.0,0.0,0.0,1.0,0.0,0.0,0.0,0.0,0.0,0.0,0.0,35
89446c3062bffff,19,9.0,2.0,0.15789473684210525,0.15789473684210525,9.421052631578947,0.0,0.7894736842105263,0.7368421052631579,0.2631578947368421,0.0,0.0,0.0,0.0,0.0,0.0,0.0,44
89446c3062fffff,6,1.0,2.0,0.3333333333333333,0.0,9.5,0.0,0.8333333333333334,0.0,1.0,0.0,0.0,0.0,0.0,0.0,0.0,0.0,52
89446c30637ffff,5,0.0,2.2,0.4,0.2,7.4,0.0,0.4,0.0,0.8,0.0,0.0,0.0,0.0,0.0,0.0,0.0,49
89446c3063bffff,4,1.0,2.0,0.25,0.0,10.0,0.0,0.0,0.0,0.75,0.0,0.0,0.0,0.0,0.0,0.0,0.0,62
89446c30643ffff,5,1.0,2.0,0.2,0.0,10.0,0.0,0.0,0.0,1.0,0.0,0.0,0.0,0.0,0.0,0.0,0.0,52
89446c3064bffff,34,14.0,2.5588235294117645,0.17647058823529413,0.14705882352941177,9.058823529411764,0.0,0.0,0.4411764705882353,0.08823529411764706,0.0,0.0,0.0,0.0,0.0,0.0,0.0,51
89446c3064fffff,2,0.0,2.5,0.5,0.0,5.25,0.0,0.0,0.0,0.5,0.0,0.0,0.0,0.0,0.0,0.0,0.0,122
89446c30653ffff,2,0.0,2.0,0.0,0.0,10.0,0.0,0.0,0.0,0.0,0.0,0.0,0.0,0.0,0.0,0.0,0.0,48
89446c30657ffff,5,1.0,2.0,0.8,0.2,9.4,0.0,0.0,0.0,0.2,0.0,0.0,0.0,0.0,0.0,0.0,0.2,32
89446c3065bffff,9,7.0,2.3333333333333335,0.3333333333333333,0.1111111111111111,9.0,0.0,0.0,0.0,0.2222222222222222,0.0,0.0,0.0,0.0,0.0,0.0,0.0,68
89446c30663ffff,48,16.0,2.0,0.22916666666666666,0.020833333333333332,9.293750000000001,0.0,0.7291666666666666,0.7291666666666666,0.1875,0.0,0.0,0.0,0.0,0.0,0.0,0.0,35
89446c30667ffff,2,0.0,2.0,0.0,0.0,8.5,0.0,1.0,0.0,1.0,0.0,0.0,0.0,0.0,0.0,0.0,0.0,83
89446c3066bffff,13,4.0,2.0,0.38461538461538464,0.07692307692307693,9.0,0.0,0.0,0.0,0.07692307692307693,0.0,0.0,0.0,0.0,0.0,0.0,0.0,140
89446c3066fffff,2,0.0,2.0,0.0,0.0,10.0,0.0,0.0,0.0,1.0,0.0,0.0,0.0,0.0,0.0,0.0,0.0,68
89446c30673ffff,7,0.0,2.0,0.2857142857142857,0.14285714285714285,9.571428571428571,0.0,0.0,0.0,0.8571428571428571,0.5714285714285714,0.0,0.0,0.0,0.0,0.0,0.0,80
89446c30677ffff,10,7.0,2.0,0.3,0.1,9.6,0.0,0.5,0.0,0.8,0.0,0.0,0.0,0.0,0.0,0.0,0.0,88
89446c3067bffff,1,0.0,2.0,0.0,0.0,0.5,0.0,0.0,0.0,0.0,0.0,0.0,0.0,0.0,0.0,0.0,0.0,119
89446c30683ffff,5,3.0,2.0,0.6,0.0,7.023999999999999,0.0,0.0,0.0,0.0,0.0,0.0,0.0,0.0,0.0,0.0,0.0,33
89446c3068bffff,1,1.0,2.0,1.0,0.0,10.0,0.0,0.0,0.0,0.0,0.0,0.0,0.0,0.0,0.0,0.0,0.0,29
89446c30693ffff,25,7.0,2.0,0.12,0.08,9.128,0.0,0.0,0.0,0.88,0.0,0.0,0.0,0.0,0.0,0.0,0.0,85
89446c30697ffff,5,1.0,2.0,0.4,0.0,10.0,0.0,0.0,0.0,0.0,0.0,0.0,0.0,0.0,0.0,0.0,0.0,115
89446c3069bffff,2,2.0,2.0,1.0,0.5,8.0,0.0,0.0,0.0,0.0,0.0,0.0,0.0,0.0,0.0,0.0,0.0,41
89446c306a3ffff,7,1.0,2.4285714285714284,0.2857142857142857,0.14285714285714285,8.357142857142858,0.42857142857142855,0.0,0.0,0.2857142857142857,0.0,0.0,0.0,0.0,0.0,0.0,0.0,44
89446c306a7ffff,5,2.0,2.0,0.2,0.0,8.8,0.0,0.0,0.0,0.6,0.0,0.0,0.0,0.0,0.0,0.0,0.0,71
89446c306abffff,1,1.0,2.0,1.0,0.0,10.0,0.0,0.0,0.0,0.0,0.0,0.0,0.0,0.0,0.0,0.0,0.0,28
89446c306afffff,1,1.0,2.0,1.0,0.0,10.0,0.0,0.0,0.0,0.0,0.0,0.0,0.0,0.0,0.0,0.0,0.0,40
89446c306b3ffff,13,7.0,2.0,0.23076923076923078,0.07692307692307693,9.384615384615385,0.0,0.0,0.0,0.9230769230769231,0.0,0.0,0.0,0.0,0.0,0.0,0.0,54
89446c306b7ffff,14,7.0,2.0,0.42857142857142855,0.0,8.642857142857142,0.0,0.0,0.0,0.9285714285714286,0.0,0.0,0.0,0.0,0.0,0.0,0.0,70
89446c306bbffff,10,5.0,2.0,0.2,0.0,9.6,0.0,0.0,0.0,0.0,0.0,0.0,0.0,0.0,0.0,0.0,0.0,25
89446c306c7ffff,12,6.0,2.0,0.16666666666666666,0.08333333333333333,8.583333333333334,0.0,0.0,0.0,1.0,0.0,0.0,0.0,0.0,0.0,0.0,0.16666666666666666,23
89446c306cbffff,4,3.0,2.0,0.25,0.0,10.0,0.0,0.0,0.0,0.0,0.0,0.0,0.0,0.0,0.0,0.0,0.0,62
89446c306d3ffff,34,17.0,2.0,0.17647058823529413,0.11764705882352941,8.897058823529411,0.0,0.0,0.7058823529411765,0.17647058823529413,0.0,0.0,0.0,0.0,0.0,0.0,0.0,49
89446c306d7ffff,5,2.0,2.0,0.6,0.2,9.2,0.0,0.0,0.0,0.6,0.0,0.0,0.0,0.0,0.0,0.0,0.0,54
89446c306dbffff,20,8.0,2.0,0.35,0.15,9.4,0.0,0.75,0.0,0.75,0.0,0.0,0.0,0.0,0.0,0.0,0.0,140
89446c30803ffff,1,0.0,2.0,0.0,1.0,10.0,0.0,0.0,0.0,0.0,0.0,0.0,0.0,0.0,0.0,0.0,0.0,8
89446c30807ffff,3,1.0,2.0,0.3333333333333333,0.0,9.333333333333334,0.0,0.0,0.0,0.0,0.0,0.0,0.0,0.0,0.0,0.0,0.0,21
89446c3080fffff,1,0.0,2.0,1.0,0.0,10.0,0.0,0.0,0.0,0.0,0.0,0.0,0.0,0.0,0.0,0.0,0.0,51
89446c30817ffff,3,1.0,2.0,0.3333333333333333,0.3333333333333333,9.0,0.0,0.0,0.0,0.0,0.0,0.0,0.0,0.0,0.0,0.0,0.0,38
89446c3081bffff,1,0.0,2.0,0.0,1.0,7.0,0.0,0.0,0.0,0.0,0.0,0.0,0.0,0.0,0.0,0.0,0.0,3
89446c30823ffff,15,2.0,2.0,0.26666666666666666,0.2,7.7,0.0,0.0,1.0,0.0,0.0,0.0,0.0,0.0,0.0,0.0,0.0,340
89446c30827ffff,94,50.0,2.5319148936170213,0.2765957446808511,0.06382978723404255,9.198924731182796,0.8191489361702128,0.0,0.0,0.0,0.0,0.0,0.0,0.0,0.0,0.0,0.0,264
89446c3082bffff,4,0.0,2.0,0.5,0.25,8.5,0.0,0.25,0.25,0.0,0.0,0.0,0.0,0.0,0.0,0.0,0.0,91
89446c30833ffff,3,3.0,3.0,0.0,0.0,8.0,0.0,0.0,0.0,0.0,0.0,0.0,0.0,0.0,0.0,0.0,0.0,323
89446c30837ffff,239,79.0,2.774058577405858,0.27615062761506276,0.06694560669456066,9.006276150627615,0.008368200836820083,0.47280334728033474,0.7824267782426778,0.0,0.4560669456066946,0.0,0.0,0.0,0.0,0.0,0.0,165
89446c30863ffff,3,2.0,2.0,1.0,0.0,10.0,0.0,0.0,0.0,1.0,0.0,0.0,0.0,0.0,0.0,0.0,0.0,64
89446c30867ffff,3,2.0,2.0,0.0,0.0,8.333333333333334,0.0,0.0,0.0,1.0,0.0,0.0,0.0,0.0,0.0,0.0,0.0,95
89446c3086bffff,5,3.0,2.0,0.4,0.2,8.8,0.0,0.0,0.0,0.6,0.0,0.0,0.0,0.0,0.0,0.0,0.0,18
89446c3086fffff,9,8.0,2.0,0.8888888888888888,0.0,9.222222222222221,0.0,0.0,0.0,0.5555555555555556,0.0,0.0,0.0,0.0,0.0,0.0,0.0,22
89446c30877ffff,47,13.0,2.0,0.2553191489361702,0.10638297872340426,8.690425531914894,0.0,0.9574468085106383,0.9574468085106383,0.02127659574468085,0.0,0.0,0.0,0.0,0.0,0.0,0.0,11
89446c30883ffff,3,0.0,2.0,0.3333333333333333,0.0,10.0,0.0,0.0,0.0,0.0,0.0,0.0,0.0,0.0,0.0,0.0,0.0,351
89446c30887ffff,46,20.0,2.782608695652174,0.32608695652173914,0.021739130434782608,9.104347826086956,0.043478260869565216,0.0,0.0,0.021739130434782608,0.0,0.0,0.0,0.0,0.0,0.0,0.0,300
89446c3088fffff,8,4.0,2.0,0.125,0.125,8.40625,0.0,0.0,0.0,0.0,0.0,0.0,0.0,0.0,0.0,0.0,0.0,65
89446c30893ffff,23,7.0,2.0,0.2608695652173913,0.13043478260869565,9.304347826086957,0.0,0.0,0.391304347826087,0.2608695652173913,0.5652173913043478,0.0,0.0,0.0,0.0,0.0,0.0,370
89446c30897ffff,274,73.0,2.7153284671532845,0.2956204379562044,0.05474452554744526,9.363553113553113,0.0,0.791970802919708,0.8540145985401459,0.025547445255474453,0.6204379562043796,0.0,0.0,0.0,0.0,0.0,0.0,168
89446c308a3ffff,1,1.0,2.0,0.0,0.0,10.0,0.0,1.0,0.0,1.0,0.0,0.0,0.0,0.0,0.0,0.0,0.0,80
89446c308abffff,13,11.0,2.076923076923077,0.3076923076923077,0.07692307692307693,8.24,0.0,0.07692307692307693,0.0,0.07692307692307693,0.0,0.0,0.0,0.0,0.0,0.0,0.0,76
89446c308afffff,53,19.0,2.641509433962264,0.2641509433962264,0.05660377358490566,9.283018867924529,0.0,0.0,0.0,0.0,0.0,0.0,0.0,0.0,0.0,0.0,0.0,256
89446c308b3ffff,1,1.0,2.0,0.0,0.0,7.0,0.0,0.0,0.0,0.0,0.0,0.0,0.0,0.0,0.0,0.0,0.0,61
89446c308bbffff,13,8.0,2.230769230769231,0.23076923076923078,0.0,9.0,0.0,0.0,0.0,0.23076923076923078,0.0,0.0,0.0,0.0,0.0,0.0,0.0,72
89446c308c7ffff,2,0.0,2.0,0.0,0.0,7.5,0.0,0.0,1.0,0.0,0.0,0.0,0.0,0.0,0.0,0.0,0.0,1
89446c308d3ffff,4,0.0,2.0,0.5,0.0,10.0,0.0,0.0,1.0,0.0,0.0,0.0,0.0,0.0,0.0,0.0,0.0,0
89446c3090fffff,1,1.0,2.0,0.0,0.0,10.0,0.0,0.0,0.0,0.0,0.0,0.0,0.0,0.0,0.0,0.0,0.0,2
89446c30923ffff,1,1.0,2.0,0.0,0.0,10.0,0.0,0.0,0.0,1.0,0.0,0.0,0.0,0.0,0.0,0.0,0.0,0
89446c3094bffff,19,11.0,2.3157894736842106,0.47368421052631576,0.0,8.944444444444445,0.0,0.0,0.0,0.3157894736842105,0.0,0.0,0.0,0.0,0.0,0.0,0.0,179
89446c3095bffff,10,5.0,2.1,0.5,0.1,9.7,0.0,0.0,0.0,0.1,0.0,0.0,0.0,0.0,0.0,0.1,0.0,139
89446c30967ffff,1,1.0,2.0,0.0,0.0,10.0,0.0,0.0,0.0,0.0,0.0,0.0,0.0,0.0,0.0,0.0,0.0,2
89446c30977ffff,2,2.0,2.0,0.5,0.0,8.5,0.0,0.0,0.0,1.0,0.0,0.0,0.0,0.0,0.0,0.0,0.0,2
89446c30983ffff,1,0.0,2.0,1.0,0.0,10.0,0.0,0.0,1.0,0.0,0.0,0.0,0.0,0.0,0.0,0.0,0.0,0
89446c309a3ffff,1,0.0,2.0,0.0,0.0,10.0,0.0,0.0,0.0,1.0,0.0,0.0,0.0,0.0,0.0,0.0,0.0,0
89446c30a67ffff,1,0.0,2.0,1.0,1.0,5.0,0.0,0.0,0.0,0.0,0.0,0.0,0.0,0.0,0.0,0.0,0.0,5
89446c30aa7ffff,3,1.0,2.0,0.6666666666666666,0.0,10.0,0.0,0.0,0.0,0.6666666666666666,0.0,0.0,0.0,0.0,0.0,0.0,0.0,8
89446c30ab7ffff,1,1.0,2.0,0.0,0.0,10.0,0.0,0.0,0.0,0.0,0.0,0.0,0.0,0.0,0.0,0.0,0.0,8
89446c30ac3ffff,7,2.0,2.2857142857142856,0.14285714285714285,0.2857142857142857,7.416666666666667,0.8571428571428571,0.0,0.0,0.0,0.0,0.0,0.0,0.0,0.0,0.0,0.0,2
89446c30ad3ffff,2,0.0,2.0,0.5,0.5,7.0,0.0,0.0,0.0,0.0,0.0,0.0,0.0,0.0,0.0,0.0,0.0,32
89446c30b03ffff,55,17.0,2.0,0.2727272727272727,0.09090909090909091,9.057407407407409,0.0,0.0,0.8545454545454545,0.07272727272727272,0.0,0.0,0.0,0.0,0.0,0.0,0.0,38
89446c30b07ffff,2,1.0,2.0,0.5,0.0,10.0,0.0,0.0,0.0,0.0,0.0,0.0,0.0,0.0,0.0,0.0,0.0,106
89446c30b0bffff,14,1.0,2.0,0.21428571428571427,0.0,9.285714285714286,0.0,0.0,1.0,0.0,0.0,0.0,0.0,0.0,0.0,0.0,0.0,94
89446c30b0fffff,14,7.0,2.0,0.2857142857142857,0.07142857142857142,9.5,0.0,0.0,0.0,0.14285714285714285,0.0,0.0,0.0,0.0,0.0,0.0,0.0,102
89446c30b13ffff,7,5.0,2.0,0.5714285714285714,0.14285714285714285,10.0,0.0,0.0,0.0,0.14285714285714285,0.0,0.0,0.0,0.0,0.0,0.0,0.0,68
89446c30b17ffff,1,1.0,2.0,0.0,0.0,7.0,0.0,1.0,0.0,1.0,0.0,0.0,0.0,0.0,0.0,0.0,0.0,85
89446c30b23ffff,10,3.0,2.1,0.2,0.1,9.7,0.2,0.0,0.0,0.0,0.2,0.0,0.0,0.0,0.0,0.1,0.0,164
89446c30b27ffff,102,29.0,2.1176470588235294,0.27450980392156865,0.10784313725490197,9.058823529411764,0.0,0.0,0.7058823529411765,0.0,0.14705882352941177,0.0,0.0,0.0,0.0,0.14705882352941177,0.0,298
89446c30b2bffff,21,4.0,2.142857142857143,0.2857142857142857,0.047619047619047616,9.523809523809524,0.047619047619047616,0.0,0.0,0.047619047619047616,0.0,0.0,0.0,0.0,0.0,0.0,0.0,46
89446c30b2fffff,13,3.0,2.0,0.07692307692307693,0.3076923076923077,9.23076923076923,0.0,0.0,0.9230769230769231,0.0,0.0,0.0,0.0,0.0,0.0,0.0,0.0,156
89446c30b33ffff,10,2.0,2.0,0.2,0.1,9.7,0.0,1.0,0.0,1.0,0.0,0.0,0.0,0.0,0.0,0.0,0.0,54
89446c30b37ffff,12,3.0,2.0,0.25,0.08333333333333333,8.5,0.0,0.0,0.0,0.75,0.0,0.0,0.0,0.0,0.0,0.0,0.0,398
89446c30b3bffff,6,4.0,2.0,0.3333333333333333,0.16666666666666666,9.5,0.0,0.0,0.0,0.0,0.0,0.0,0.0,0.0,0.0,0.0,0.0,65
89446c30b43ffff,9,1.0,2.0,0.1111111111111111,0.0,9.666666666666666,0.0,0.0,0.0,0.0,0.0,0.0,0.0,0.0,0.0,0.0,0.0,14
89446c30b4bffff,4,0.0,2.0,0.25,0.25,7.625,0.0,0.0,0.0,0.0,0.0,0.0,0.0,0.0,0.0,0.0,0.0,21
89446c30b57ffff,8,3.0,2.0,0.375,0.0,8.875,0.0,0.0,0.0,0.0,0.0,0.0,0.0,0.0,0.0,0.0,0.0,23
89446c30b5bffff,2,0.0,2.0,0.0,0.0,9.0,0.0,0.0,0.0,0.0,0.0,0.0,0.0,0.0,0.0,0.0,0.0,23
89446c30b63ffff,175,53.0,2.0628571428571427,0.21714285714285714,0.09714285714285714,8.811714285714286,0.06285714285714286,0.0,0.7485714285714286,0.0,0.48,0.0,0.0,0.0,0.0,0.0,0.0,86
89446c30b67ffff,6,1.0,2.3333333333333335,0.16666666666666666,0.16666666666666666,8.666666666666666,1.0,0.0,0.0,0.0,0.0,0.0,0.0,0.0,0.0,0.0,0.0,261
89446c30b6bffff,6,3.0,2.0,0.0,0.16666666666666666,9.5,0.0,0.0,0.0,0.0,0.0,0.0,0.0,0.0,0.0,0.6666666666666666,0.0,241
89446c30b6fffff,33,14.0,2.0,0.30303030303030304,0.09090909090909091,8.912727272727272,0.0,0.0,0.8181818181818182,0.0,0.0,0.0,0.0,0.0,0.0,0.06060606060606061,0.0,208
89446c30b73ffff,17,5.0,2.0,0.29411764705882354,0.29411764705882354,7.029411764705882,0.0,0.0,0.0,0.8823529411764706,0.0,0.0,0.0,0.0,0.0,0.0,0.0,227
89446c30b77ffff,8,4.0,2.125,0.125,0.125,10.0,0.0,0.0,0.0,0.0,0.0,0.0,0.0,0.0,0.0,0.0,0.0,239
89446c30b7bffff,16,10.0,2.0625,0.1875,0.0,8.7,0.0,0.0,0.0,0.0,0.0,0.0,0.0,0.0,0.0,0.3125,0.0,214
89446c30b83ffff,10,2.0,2.0,0.1,0.0,9.05,0.0,0.0,0.0,0.0,0.0,0.0,0.0,0.0,0.0,0.0,0.0,110
89446c30b87ffff,42,17.0,2.0,0.2619047619047619,0.09523809523809523,8.458333333333334,0.0,0.8809523809523809,0.8809523809523809,0.0,0.0,0.0,0.0,0.0,0.0,0.0,0.0,157
89446c30b8bffff,9,5.0,2.0,0.5555555555555556,0.2222222222222222,8.472222222222221,0.0,0.3333333333333333,0.0,0.3333333333333333,0.0,0.0,0.0,0.0,0.0,0.0,0.0,29
89446c30b8fffff,1,1.0,2.0,0.0,0.0,10.0,0.0,0.0,0.0,0.0,0.0,0.0,0.0,0.0,0.0,0.0,0.0,69
89446c30b93ffff,26,8.0,2.0,0.23076923076923078,0.038461538461538464,9.5,0.0,0.8461538461538461,0.8461538461538461,0.07692307692307693,0.0,0.0,0.0,0.0,0.0,0.0,0.0,49
89446c30b97ffff,26,6.0,2.0,0.34615384615384615,0.07692307692307693,9.576923076923077,0.0,0.9230769230769231,0.9230769230769231,0.0,0.0,0.0,0.0,0.0,0.0,0.0,0.0,107
89446c30b9bffff,6,4.0,2.0,0.3333333333333333,0.0,8.366666666666667,0.0,0.16666666666666666,0.0,0.5,0.0,0.0,0.0,0.0,0.0,0.0,0.0,60
89446c30ba3ffff,240,65.0,2.620833333333333,0.3,0.1125,8.915336134453781,0.1375,0.06666666666666667,0.6166666666666667,0.0375,0.041666666666666664,0.0,0.0,0.0,0.0,0.016666666666666666,0.0,170
89446c30ba7ffff,33,14.0,2.6363636363636362,0.3333333333333333,0.15151515151515152,8.818181818181818,0.09090909090909091,0.0,0.0,0.0,0.0,0.0,0.0,0.0,0.0,0.0,0.0,299
89446c30babffff,20,6.0,2.0,0.25,0.0,9.45,0.0,0.0,0.0,0.95,0.0,0.0,0.0,0.0,0.0,0.0,0.0,257
89446c30bafffff,4,2.0,2.0,0.25,0.25,7.875,0.0,0.0,0.0,0.25,0.0,0.0,0.0,0.0,0.0,0.0,0.0,344
89446c30bb3ffff,101,19.0,2.5643564356435644,0.2871287128712871,0.0594059405940594,9.445544554455445,0.2871287128712871,0.0,0.0891089108910891,0.019801980198019802,0.0,0.0,0.0,0.0,0.0,0.0,0.0,313
89446c30bb7ffff,12,7.0,2.0,0.25,0.0,9.5,0.0,0.0,0.0,0.0,0.0,0.0,0.0,0.0,0.0,0.0,0.0,374
89446c30bc3ffff,2,0.0,2.0,0.5,0.0,9.5,0.0,0.0,0.0,0.0,0.0,0.0,0.0,0.0,0.0,0.0,0.0,7
89446c30bc7ffff,2,1.0,2.0,0.0,0.0,10.0,0.0,0.0,0.0,0.0,0.0,0.0,0.0,0.0,0.0,0.0,0.0,21
89446c30bd3ffff,2,0.0,2.0,0.5,0.0,10.0,0.0,0.0,0.0,0.0,0.0,0.0,0.0,0.0,0.0,0.0,0.0,22
89446c30bd7ffff,3,1.0,2.0,0.3333333333333333,0.0,9.666666666666666,0.0,0.0,0.0,0.3333333333333333,0.0,0.0,0.0,0.0,0.0,0.0,0.0,30
89446c30c03ffff,1,0.0,2.0,1.0,0.0,10.0,0.0,0.0,0.0,0.0,0.0,0.0,0.0,0.0,0.0,0.0,0.0,291
89446c30c07ffff,256,65.0,2.80078125,0.296875,0.07421875,9.030546875,0.36328125,0.46484375,0.53125,0.0,0.13671875,0.0,0.0,0.0,0.0,0.0,0.0,96
89446c30c0fffff,7,3.0,2.0,0.42857142857142855,0.2857142857142857,9.285714285714286,0.0,0.0,0.8571428571428571,0.0,0.0,0.0,0.0,0.0,0.0,0.0,0.0,316
89446c30c13ffff,5,3.0,2.0,0.4,0.0,7.4,0.0,0.0,0.0,1.0,0.0,0.0,0.0,0.0,0.0,0.0,0.0,42
89446c30c17ffff,22,16.0,2.3181818181818183,0.2727272727272727,0.0,9.318181818181818,0.0,0.0,0.0,0.09090909090909091,0.0,0.0,0.0,0.0,0.0,0.0,0.0,287
89446c30c1bffff,1,1.0,2.0,1.0,0.0,10.0,0.0,0.0,0.0,0.0,0.0,0.0,0.0,0.0,0.0,0.0,0.0,6
89446c30c23ffff,20,12.0,2.5,0.45,0.0,9.85,0.0,0.0,0.0,0.0,0.0,0.0,0.0,0.0,0.0,0.0,0.0,158
89446c30c2bffff,12,8.0,2.1666666666666665,0.3333333333333333,0.08333333333333333,9.583333333333334,0.0,0.0,0.0,0.0,0.0,0.0,0.0,0.0,0.0,0.0,0.0,183
89446c30c2fffff,77,36.0,2.4285714285714284,0.35064935064935066,0.11688311688311688,8.834415584415584,0.42857142857142855,0.0,0.0,0.0,0.0,0.0,0.0,0.0,0.0,0.0,0.0,347
89446c30c33ffff,8,5.0,2.0,0.25,0.0,10.0,0.0,0.125,0.125,0.5,0.0,0.0,0.0,0.0,0.0,0.0,0.0,339
89446c30c37ffff,3,3.0,2.0,0.3333333333333333,0.0,10.0,0.0,0.0,0.0,0.0,0.0,0.0,0.0,0.0,0.0,0.0,0.0,42
89446c30c3bffff,58,20.0,2.5172413793103448,0.29310344827586204,0.1206896551724138,9.056140350877193,0.39655172413793105,0.017241379310344827,0.017241379310344827,0.0,0.017241379310344827,0.0,0.0,0.0,0.0,0.0,0.0,304
89446c30c47ffff,1,1.0,2.0,1.0,0.0,10.0,0.0,0.0,0.0,1.0,0.0,0.0,0.0,0.0,0.0,0.0,0.0,0
89446c30c63ffff,1,1.0,2.0,1.0,0.0,10.0,0.0,0.0,0.0,0.0,0.0,0.0,0.0,0.0,0.0,0.0,0.0,5
89446c30c67ffff,4,3.0,2.0,0.25,0.0,8.5,0.0,0.0,0.0,0.0,0.0,0.0,0.0,0.0,0.0,0.0,0.0,37
89446c30c77ffff,1,0.0,2.0,0.0,0.0,10.0,0.0,0.0,0.0,0.0,0.0,0.0,0.0,0.0,0.0,0.0,0.0,82
89446c30c83ffff,55,19.0,2.4909090909090907,0.23636363636363636,0.09090909090909091,9.476363636363637,0.07272727272727272,0.36363636363636365,0.34545454545454546,0.0,0.05454545454545454,0.0,0.0,0.0,0.0,0.0,0.0,382
89446c30c87ffff,9,3.0,2.0,0.2222222222222222,0.0,8.444444444444445,0.0,0.0,0.0,0.1111111111111111,0.0,0.0,0.0,0.0,0.0,0.0,0.0,93
89446c30c8fffff,18,12.0,2.2777777777777777,0.3333333333333333,0.0,9.5,0.0,0.0,0.0,0.0,0.0,0.0,0.0,0.0,0.0,0.0,0.0,98
89446c30c93ffff,5,2.0,2.0,0.4,0.2,9.2,0.0,0.0,0.0,0.0,0.0,0.0,0.0,0.0,0.0,0.0,0.0,613
89446c30c97ffff,1,0.0,2.0,0.0,0.0,10.0,0.0,0.0,0.0,0.0,0.0,0.0,0.0,0.0,0.0,0.0,0.0,88
89446c30c9bffff,349,141.0,2.7593123209169055,0.31805157593123207,0.07449856733524356,9.084441260744985,0.0,0.02865329512893983,0.025787965616045846,0.02005730659025788,0.0057306590257879654,0.0,0.0,0.0,0.0,0.0,0.0,138
89446c30ca3ffff,12,2.0,2.0,0.08333333333333333,0.0,8.924999999999999,0.0,0.0,0.0,0.3333333333333333,0.0,0.0,0.0,0.0,0.0,0.0,0.0,57
89446c30ca7ffff,38,11.0,2.0,0.21052631578947367,0.10526315789473684,8.410526315789474,0.0,0.0,0.9473684210526315,0.0,0.0,0.0,0.0,0.0,0.0,0.0,0.0,41
89446c30cafffff,2,0.0,2.0,0.0,0.0,10.0,0.0,0.0,0.5,0.5,0.0,0.0,0.0,0.0,0.0,0.0,0.0,68
89446c30cb3ffff,6,4.0,2.0,0.0,0.0,10.0,0.0,0.0,0.0,0.16666666666666666,0.0,0.0,0.0,0.0,0.0,0.0,0.0,40
89446c30cb7ffff,4,3.0,2.0,0.75,0.0,10.0,0.0,0.0,0.0,0.0,0.0,0.0,0.0,0.0,0.0,0.0,0.0,71
89446c30cbbffff,7,0.0,2.0,0.0,0.0,8.857142857142858,0.0,1.0,1.0,0.0,0.0,0.0,0.0,0.0,0.0,0.0,0.0,67
89446c30cd3ffff,1,0.0,2.0,0.0,0.0,10.0,0.0,0.0,0.0,1.0,0.0,0.0,0.0,0.0,0.0,0.0,0.0,7
89446c30cdbffff,1,1.0,2.0,1.0,0.0,10.0,0.0,0.0,0.0,1.0,0.0,0.0,0.0,0.0,0.0,0.0,0.0,13
89446c30d03ffff,5,2.0,2.0,0.2,0.2,8.6,0.0,0.0,0.0,0.0,0.0,0.0,0.0,0.0,0.0,0.0,0.0,140
89446c30d13ffff,62,26.0,1.9838709677419355,0.24193548387096775,0.12903225806451613,8.562096774193549,0.0,0.0,0.6935483870967742,0.0,0.0,0.0,0.0,0.0,0.0,0.0,0.0,88
89446c30d17ffff,41,37.0,2.0,0.8292682926829268,0.0,9.414634146341463,0.0,0.0,0.4146341463414634,0.0,0.0,0.0,0.0,0.0,0.0,0.0,0.0,71
89446c30d1bffff,37,37.0,2.0,0.4864864864864865,0.08108108108108109,9.756756756756756,0.0,0.0,0.0,0.0,0.0,0.0,0.0,0.0,0.0,0.0,0.0,88
89446c30d33ffff,1,0.0,2.0,0.0,0.0,7.0,0.0,0.0,0.0,1.0,0.0,0.0,0.0,0.0,0.0,0.0,0.0,0
89446c30d4bffff,1,1.0,2.0,1.0,0.0,7.0,0.0,0.0,0.0,0.0,0.0,0.0,0.0,0.0,0.0,0.0,0.0,339
89446c30d53ffff,8,3.0,2.0,0.375,0.375,9.0,0.0,0.0,0.0,0.875,0.0,0.0,0.0,0.0,0.0,0.0,0.0,40
89446c30d57ffff,13,7.0,2.0,0.3076923076923077,0.15384615384615385,9.076923076923077,0.0,0.7692307692307693,0.7692307692307693,0.0,0.0,0.0,0.0,0.0,0.0,0.0,0.0,49
89446c30d5bffff,18,4.0,2.0,0.2222222222222222,0.05555555555555555,7.166666666666667,0.0,0.0,0.0,0.8888888888888888,0.0,0.0,0.0,0.0,0.0,0.0,0.0,360
89446c30d8fffff,1,1.0,2.0,1.0,0.0,6.0,0.0,0.0,0.0,0.0,0.0,0.0,0.0,0.0,0.0,0.0,0.0,106
89446c30d9bffff,3,0.0,2.0,0.3333333333333333,0.0,10.0,0.0,0.0,0.0,0.0,0.0,0.0,0.0,0.0,0.0,0.0,0.0,10
89446c30dbbffff,3,3.0,2.0,0.6666666666666666,0.0,10.0,0.0,0.0,0.0,0.0,0.0,0.0,0.0,0.0,0.0,0.0,0.0,42
89446c30dc3ffff,5,0.0,2.0,0.6,0.2,9.0,0.0,0.0,0.0,0.4,0.0,0.0,0.0,0.0,0.0,0.0,0.0,29
89446c30dc7ffff,4,2.0,2.0,0.25,0.0,10.0,0.0,0.0,0.0,0.0,0.0,0.0,0.0,0.0,0.0,0.0,0.0,111
89446c30dcbffff,5,3.0,2.0,0.4,0.0,7.6,0.0,0.0,0.0,0.0,0.0,0.0,0.0,0.0,0.0,0.0,0.0,27
89446c30dcfffff,4,0.0,2.0,0.25,0.0,9.25,0.0,0.0,0.0,0.0,0.0,0.0,0.0,0.0,0.0,0.0,0.0,72
89446c30dd3ffff,6,3.0,2.1666666666666665,0.3333333333333333,0.16666666666666666,9.333333333333334,0.0,0.0,0.0,0.6666666666666666,0.0,0.0,0.0,0.0,0.0,0.0,0.0,65
89446c30dd7ffff,3,1.0,2.0,0.6666666666666666,0.0,10.0,0.0,0.0,0.0,0.0,0.0,0.0,0.0,0.0,0.0,0.0,0.0,20
89446c30ddbffff,7,2.0,2.0,0.42857142857142855,0.0,9.714285714285714,0.0,0.0,0.0,0.5714285714285714,0.0,0.0,0.0,0.0,0.0,0.0,0.0,59
89446c30e27ffff,1,0.0,2.0,0.0,1.0,10.0,0.0,0.0,1.0,0.0,0.0,0.0,0.0,0.0,0.0,0.0,0.0,0
89446c30e4bffff,2,0.0,2.0,0.0,0.5,5.0,1.0,0.0,0.0,0.0,0.0,0.0,0.0,0.0,0.0,0.0,0.0,10
89446c30e4fffff,2,2.0,2.0,0.0,0.0,10.0,0.0,0.0,0.0,0.0,0.0,0.0,0.0,0.0,0.0,0.0,0.0,3
89446c30e53ffff,2,0.0,2.0,0.0,0.0,10.0,0.0,0.0,0.0,0.0,0.0,0.0,0.0,0.0,0.0,0.0,0.0,12
89446c30e5bffff,8,3.0,2.0,0.25,0.25,7.875,0.0,0.0,0.0,0.0,0.125,0.0,0.0,0.0,0.0,0.0,0.0,12
89446c30eabffff,1,0.0,2.0,0.0,0.0,1.5,0.0,0.0,0.0,1.0,0.0,0.0,0.0,0.0,0.0,0.0,0.0,0
89446c30eb3ffff,1,0.0,2.0,1.0,0.0,10.0,0.0,0.0,1.0,0.0,0.0,0.0,0.0,0.0,0.0,0.0,0.0,0
89446c30edbffff,2,1.0,2.0,0.5,0.0,10.0,0.0,0.0,0.0,1.0,0.0,0.0,0.0,0.0,0.0,0.0,0.0,5
89446c31003ffff,5,3.0,2.0,0.2,0.0,9.25,0.0,0.0,0.0,0.0,0.0,0.0,0.0,0.0,0.0,0.0,0.0,58
89446c31007ffff,34,13.0,2.0,0.29411764705882354,0.08823529411764706,8.867647058823529,0.0,0.0,0.6764705882352942,0.058823529411764705,0.0,0.0,0.0,0.0,0.0,0.0,0.0,48
89446c3100bffff,4,2.0,2.0,0.0,0.0,5.06,0.0,0.0,0.0,0.0,0.0,0.0,0.0,0.0,0.0,0.0,0.0,18
89446c3100fffff,2,2.0,2.0,0.5,0.0,10.0,0.0,0.0,0.0,0.0,0.0,0.0,0.0,0.0,0.0,0.0,0.0,66
89446c31017ffff,15,6.0,2.0,0.4666666666666667,0.06666666666666667,9.4,0.0,0.0,0.8,0.0,0.0,0.0,0.0,0.0,0.0,0.0,0.0,62
89446c3101bffff,3,3.0,2.0,0.3333333333333333,0.0,10.0,0.0,0.0,0.0,0.0,0.0,0.0,0.0,0.0,0.0,0.0,0.0,18
89446c31023ffff,11,4.0,2.0,0.36363636363636365,0.09090909090909091,9.545454545454545,0.0,0.0,0.0,0.6363636363636364,0.0,0.0,0.0,0.0,0.0,0.0,0.0,52
89446c31027ffff,7,5.0,2.0,0.5714285714285714,0.0,9.142857142857142,0.0,0.0,0.0,1.0,0.0,0.0,0.0,0.0,0.0,0.0,0.0,44
89446c3102bffff,4,1.0,2.0,0.5,0.0,10.0,0.0,0.0,0.0,0.25,0.0,0.0,0.0,0.0,0.0,0.0,0.0,60
89446c3102fffff,24,11.0,2.0,0.125,0.125,9.0,0.0,0.0,0.875,0.08333333333333333,0.0,0.0,0.0,0.0,0.0,0.0,0.0,69
89446c31033ffff,2,1.0,2.0,0.0,0.0,10.0,0.0,0.0,0.0,0.0,0.0,0.0,0.0,0.0,0.0,0.0,0.0,74
89446c31037ffff,2,0.0,2.0,0.5,0.0,10.0,0.0,0.0,0.0,1.0,0.0,0.0,0.0,0.0,0.0,0.0,0.0,29
89446c3103bffff,13,3.0,2.0,0.15384615384615385,0.07692307692307693,9.461538461538462,0.0,0.0,0.0,0.46153846153846156,0.0,0.0,0.0,0.0,0.0,0.0,0.0,59
89446c31043ffff,3,0.0,2.0,0.0,0.0,9.0,0.0,0.0,0.0,0.0,0.0,0.0,0.0,0.0,0.0,0.0,0.0,11
89446c31047ffff,1,1.0,2.0,1.0,0.0,10.0,0.0,0.0,0.0,0.0,0.0,0.0,0.0,0.0,0.0,0.0,0.0,15
89446c31053ffff,1,0.0,2.0,0.0,0.0,10.0,0.0,0.0,0.0,0.0,0.0,0.0,0.0,0.0,0.0,0.0,0.0,31
89446c31057ffff,3,2.0,2.0,0.3333333333333333,0.6666666666666666,6.083333333333333,0.0,0.0,0.0,0.0,0.0,0.0,0.0,0.0,0.0,0.0,0.0,17
89446c3105bffff,6,1.0,2.0,0.16666666666666666,0.16666666666666666,8.466666666666667,0.0,0.0,0.0,0.6666666666666666,0.0,0.0,0.0,0.0,0.0,0.0,0.0,23
89446c31063ffff,1,0.0,2.0,0.0,1.0,10.0,0.0,0.0,0.0,0.0,0.0,0.0,0.0,0.0,0.0,0.0,0.0,22
89446c31067ffff,6,5.0,2.0,0.6666666666666666,0.3333333333333333,7.5,0.0,0.0,0.0,0.0,0.0,0.0,0.0,0.0,0.0,0.0,0.0,16
89446c3106bffff,3,3.0,2.0,1.0,0.0,10.0,0.0,0.0,0.0,0.0,0.0,0.0,0.0,0.0,0.0,0.0,0.0,4
89446c3106fffff,2,2.0,2.0,0.0,0.0,8.0,0.0,0.0,0.0,0.5,0.0,0.0,0.0,0.0,0.0,0.0,0.0,36
89446c31073ffff,4,0.0,2.0,0.25,0.0,10.0,0.0,0.0,0.0,1.0,0.0,0.0,0.0,0.0,0.0,0.0,0.0,15
89446c31077ffff,6,3.0,2.0,0.3333333333333333,0.0,10.0,0.0,0.0,0.0,0.0,0.0,0.0,0.0,0.0,0.0,0.0,0.0,30
89446c3107bffff,1,1.0,2.0,0.0,0.0,10.0,0.0,0.0,0.0,0.0,0.0,0.0,0.0,0.0,0.0,0.0,0.0,9
89446c31083ffff,98,22.0,2.0,0.20408163265306123,0.10204081632653061,9.387755102040817,0.0,0.0,0.9183673469387755,0.030612244897959183,0.0,0.0,0.0,0.0,0.0,0.0,0.0,68
89446c31087ffff,1,0.0,2.0,0.0,1.0,6.0,0.0,0.0,0.0,0.0,0.0,0.0,0.0,0.0,0.0,0.0,0.0,138
89446c3108bffff,13,6.0,2.0,0.23076923076923078,0.0,8.115384615384615,0.0,0.0,0.0,0.7692307692307693,0.0,0.0,0.0,0.0,0.0,0.0,0.0,122
89446c3108fffff,12,4.0,2.0,0.25,0.16666666666666666,8.520833333333334,0.0,0.0,0.0,0.75,0.0,0.0,0.0,0.16666666666666666,0.16666666666666666,0.0,0.0,127
89446c31093ffff,26,4.0,2.0,0.15384615384615385,0.11538461538461539,9.5,0.0,0.0,0.0,0.0,0.0,0.0,0.0,0.0,0.0,0.0,0.0,120
89446c31097ffff,15,7.0,2.0,0.06666666666666667,0.06666666666666667,9.4,0.0,0.6,0.0,0.0,0.0,0.0,0.0,0.0,0.0,0.0,0.0,140
89446c3109bffff,1,1.0,2.0,1.0,0.0,10.0,0.0,0.0,0.0,0.0,0.0,0.0,0.0,0.0,0.0,0.0,0.0,150
89446c310a3ffff,1,0.0,2.0,0.0,0.0,10.0,0.0,0.0,0.0,0.0,0.0,0.0,0.0,0.0,0.0,0.0,0.0,22
89446c310abffff,11,8.0,2.0,0.45454545454545453,0.0,8.909090909090908,0.0,0.0,0.0,0.0,0.0,0.0,0.0,0.0,0.0,0.0,0.0,55
89446c310afffff,3,2.0,2.0,0.3333333333333333,0.0,10.0,0.0,0.0,0.0,0.0,0.0,0.0,0.0,0.0,0.0,0.0,0.0,16
89446c310b3ffff,2,1.0,2.0,0.0,0.5,6.25,0.0,0.0,0.0,0.0,0.0,0.0,0.0,0.0,0.0,0.0,0.0,20
89446c310b7ffff,6,1.0,2.0,0.6666666666666666,0.0,9.666666666666666,0.0,0.0,0.0,0.0,0.0,0.0,0.0,0.0,0.0,0.0,0.0,11
89446c310c7ffff,1,1.0,2.0,0.0,1.0,3.0,0.0,0.0,0.0,0.0,0.0,0.0,0.0,0.0,0.0,0.0,0.0,31
89446c310cfffff,5,4.0,2.0,0.2,0.2,8.2,0.0,0.0,0.0,0.0,0.0,0.0,0.0,0.0,0.0,0.0,0.0,8
89446c310d7ffff,10,3.0,2.0,0.3,0.0,10.0,0.0,0.0,0.0,0.0,0.0,0.0,0.0,0.0,0.0,0.0,0.0,16
89446c310dbffff,2,1.0,2.0,1.0,0.0,10.0,0.0,0.0,0.0,0.0,0.0,0.0,0.0,0.0,0.0,0.0,0.0,43
89446c3111bffff,28,5.0,2.0,0.17857142857142858,0.32142857142857145,7.857142857142857,0.0,0.7857142857142857,0.8214285714285714,0.07142857142857142,0.0,0.7857142857142857,0.0,0.0,0.0,0.0,0.0,18
89446c31123ffff,39,12.0,2.871794871794872,0.3333333333333333,0.05128205128205128,9.146153846153846,0.0,0.0,0.6666666666666666,0.0,0.05128205128205128,0.0,0.0,0.0,0.0,0.0,0.0,35
89446c31127ffff,6,5.0,3.1666666666666665,0.16666666666666666,0.3333333333333333,9.5,0.0,0.0,0.16666666666666666,0.0,0.0,0.0,0.0,0.0,0.0,0.0,0.0,68
89446c3112fffff,16,6.0,2.75,0.25,0.0625,9.3875,0.0,0.0,0.0,0.0,0.0,0.0,0.0,0.0,0.0,0.0,0.0,45
89446c31137ffff,13,10.0,2.8461538461538463,0.5384615384615384,0.15384615384615385,8.538461538461538,0.0,0.0,0.0,0.0,0.0,0.0,0.0,0.0,0.0,0.0,0.0,68
89446c31143ffff,1,1.0,2.0,0.0,0.0,10.0,0.0,0.0,0.0,0.0,0.0,0.0,0.0,0.0,0.0,0.0,0.0,11
89446c3114bffff,2,0.0,2.0,0.0,0.0,10.0,0.0,0.0,0.0,0.5,0.0,0.0,0.0,0.0,0.0,0.0,0.0,62
89446c31153ffff,1,0.0,2.0,0.0,0.0,10.0,0.0,0.0,0.0,0.0,0.0,0.0,0.0,0.0,0.0,0.0,0.0,24
89446c31157ffff,8,2.0,2.0,0.625,0.125,9.5,0.0,0.0,0.0,0.5,0.0,0.0,0.0,0.0,0.0,0.0,0.0,32
89446c31163ffff,4,0.0,2.0,0.0,0.25,10.0,0.0,1.0,1.0,0.0,0.0,1.0,0.0,0.0,0.0,0.0,0.0,3
89446c3116bffff,2,0.0,2.0,0.5,0.0,10.0,0.0,0.0,0.0,0.0,0.0,0.0,0.0,0.0,0.0,0.0,0.0,17
89446c31177ffff,1,0.0,2.0,0.0,0.0,10.0,0.0,0.0,0.0,0.0,0.0,0.0,0.0,0.0,0.0,0.0,0.0,4
89446c31187ffff,4,2.0,2.0,0.25,0.25,8.125,0.0,0.0,0.0,1.0,0.0,0.0,0.0,0.0,0.0,0.0,0.0,11
89446c3118bffff,2,1.0,2.0,0.5,0.5,8.5,0.0,0.0,0.0,0.0,0.0,0.0,0.0,0.0,0.0,0.0,0.0,11
89446c3118fffff,2,2.0,2.0,1.0,0.0,10.0,0.0,0.0,0.0,0.0,0.0,0.0,0.0,0.0,0.0,0.0,0.0,11
89446c31197ffff,1,1.0,2.0,1.0,0.0,10.0,0.0,0.0,0.0,1.0,0.0,0.0,0.0,0.0,0.0,0.0,0.0,12
89446c311a3ffff,8,6.0,2.375,0.125,0.0,9.25,0.0,0.0,0.0,0.0,0.0,0.0,0.0,0.0,0.0,0.0,0.0,120
89446c311a7ffff,1,1.0,3.0,0.0,0.0,10.0,0.0,0.0,0.0,1.0,0.0,0.0,0.0,0.0,0.0,0.0,0.0,158
89446c311afffff,23,6.0,2.652173913043478,0.30434782608695654,0.08695652173913043,8.434782608695652,0.6521739130434783,0.0,0.0,0.043478260869565216,0.0,0.0,0.0,0.0,0.0,0.0,0.0,22
89446c311b3ffff,3,1.0,2.0,0.0,0.0,10.0,0.0,0.0,0.0,1.0,0.0,0.0,0.0,0.0,0.0,0.0,0.0,126
89446c311b7ffff,88,20.0,2.5568181818181817,0.3068181818181818,0.09090909090909091,8.810227272727273,0.0,0.4318181818181818,0.5340909090909091,0.0,0.045454545454545456,0.0,0.0,0.0,0.0,0.0,0.0,74
89446c311bbffff,5,4.0,2.0,0.4,0.2,8.2,0.0,0.0,0.0,0.6,0.0,0.0,0.0,0.0,0.0,0.0,0.0,17
89446c311c3ffff,5,3.0,2.0,0.2,0.2,10.0,0.0,0.0,0.0,1.0,0.0,0.0,0.0,0.0,0.0,0.0,0.6,19
89446c311c7ffff,8,5.0,2.0,0.375,0.25,8.0625,0.0,0.0,0.375,0.25,0.0,0.0,0.0,0.0,0.0,0.0,0.0,38
89446c311cbffff,6,3.0,2.0,0.16666666666666666,0.16666666666666666,8.833333333333334,0.0,0.0,0.0,1.0,0.0,0.0,0.0,0.0,0.0,0.0,0.0,17
89446c311cfffff,2,2.0,2.0,0.0,0.0,7.5,0.0,0.0,0.0,0.0,0.0,0.0,0.0,0.0,0.0,0.0,0.0,56
89446c311d3ffff,2,1.0,2.0,0.5,0.0,10.0,0.0,0.0,0.0,0.0,0.0,0.0,0.0,0.0,0.0,0.0,0.0,14
89446c311d7ffff,1,0.0,2.0,1.0,0.0,10.0,0.0,0.0,0.0,0.0,0.0,0.0,0.0,0.0,0.0,0.0,0.0,18
89446c31237ffff,24,8.0,2.0,0.25,0.125,8.5875,0.0,0.0,1.0,0.0,0.0,0.0,0.0,0.0,0.0,0.0,0.0,0
89446c31243ffff,2,0.0,2.0,0.0,0.5,10.0,0.0,0.0,0.0,0.0,0.0,0.0,0.0,0.0,0.0,0.0,0.0,11
89446c3124fffff,1,0.0,2.0,0.0,0.0,10.0,0.0,0.0,0.0,0.0,0.0,0.0,0.0,0.0,0.0,0.0,0.0,36
89446c31253ffff,9,3.0,2.0,0.4444444444444444,0.0,10.0,0.0,0.0,0.0,0.0,0.0,0.0,0.0,0.0,0.0,0.0,0.0,27
89446c31257ffff,1,1.0,2.0,0.0,1.0,4.0,0.0,0.0,0.0,0.0,0.0,0.0,0.0,0.0,0.0,0.0,0.0,11
89446c31277ffff,1,1.0,2.0,0.0,0.0,10.0,0.0,0.0,0.0,0.0,0.0,0.0,0.0,0.0,0.0,0.0,0.0,0
89446c3127bffff,2,2.0,2.0,1.0,0.0,3.0,0.0,0.0,0.0,0.0,0.0,0.0,0.0,0.0,0.0,0.0,0.0,33
89446c31287ffff,1,1.0,2.0,1.0,0.0,10.0,0.0,0.0,0.0,0.0,0.0,0.0,0.0,0.0,0.0,0.0,0.0,4
89446c3128bffff,5,2.0,2.0,0.4,0.0,9.6,0.0,0.0,0.0,0.0,0.0,0.0,0.0,0.0,0.0,0.0,0.0,9
89446c31293ffff,3,0.0,2.0,0.0,0.3333333333333333,10.0,0.0,0.0,0.0,0.0,0.0,0.0,0.0,0.0,0.0,0.0,0.0,41
89446c31297ffff,3,2.0,2.0,0.0,0.0,9.0,0.0,0.0,0.0,1.0,0.0,0.0,0.0,0.0,0.0,0.0,0.0,12
89446c3129bffff,7,4.0,2.0,0.0,0.14285714285714285,10.0,0.0,0.0,0.0,0.0,0.0,0.0,0.0,0.0,0.0,0.0,0.0,30
89446c312a3ffff,2,2.0,2.0,0.5,0.0,8.5,0.0,0.0,0.0,0.0,0.0,0.0,0.0,0.0,0.0,0.0,0.0,1
89446c312b3ffff,1,0.0,2.0,1.0,0.0,10.0,0.0,0.0,0.0,0.0,0.0,0.0,0.0,0.0,0.0,0.0,0.0,3
89446c312cbffff,16,7.0,2.0,0.25,0.125,8.1875,0.0,0.0,0.0,0.0,0.0,0.0,0.0,0.0,0.0,0.0,0.0,49
89446c312d3ffff,8,0.0,2.0,0.125,0.0,9.625,0.0,0.0,0.0,0.0,0.0,0.0,0.0,0.0,0.0,0.0,0.0,49
89446c312d7ffff,2,1.0,2.0,0.0,0.0,10.0,0.0,0.0,0.0,0.0,0.0,0.0,0.0,0.0,0.0,0.0,0.0,22
89446c312dbffff,31,7.0,2.0,0.2903225806451613,0.06451612903225806,8.806451612903226,0.0,0.0,0.9354838709677419,0.0,0.0,0.0,0.0,0.0,0.0,0.0,0.0,34
89446c31303ffff,9,3.0,2.0,0.5555555555555556,0.0,10.0,0.0,0.0,0.0,0.0,0.0,0.0,0.0,0.0,0.0,0.0,0.0,19
89446c31307ffff,2,2.0,2.0,0.0,0.0,10.0,0.0,0.0,0.0,0.0,0.0,0.0,0.0,0.0,0.0,0.0,0.0,46
89446c3130bffff,2,1.0,2.0,0.0,0.5,9.0,0.0,0.0,0.0,0.0,0.0,0.0,0.0,0.0,0.0,0.0,0.0,29
89446c3130fffff,3,2.0,2.0,0.3333333333333333,0.0,10.0,0.0,0.0,0.0,0.0,0.0,0.0,0.0,0.0,0.0,0.0,0.0,33
89446c31313ffff,4,2.0,2.0,0.25,0.0,8.75,0.0,0.0,0.0,0.0,0.0,0.0,0.0,0.0,0.0,0.0,0.0,25
89446c31317ffff,1,0.0,2.0,1.0,0.0,10.0,0.0,0.0,0.0,0.0,0.0,0.0,0.0,0.0,0.0,0.0,0.0,43
89446c3131bffff,7,2.0,2.0,0.42857142857142855,0.14285714285714285,8.285714285714286,0.0,0.0,0.0,0.0,0.0,0.0,0.0,0.0,0.0,0.0,0.0,19
89446c31323ffff,1,0.0,2.0,0.0,0.0,10.0,0.0,0.0,0.0,0.0,0.0,0.0,0.0,0.0,0.0,0.0,0.0,44
89446c31327ffff,5,2.0,2.0,0.2,0.2,9.6,0.0,0.0,0.2,0.0,0.0,0.0,0.0,0.0,0.0,0.0,0.0,53
89446c3132bffff,1,0.0,2.0,0.0,0.0,10.0,0.0,0.0,0.0,0.0,0.0,0.0,0.0,0.0,0.0,0.0,0.0,14
89446c31333ffff,8,5.0,2.0,0.5,0.0,10.0,0.0,0.0,0.0,0.375,0.0,0.0,0.0,0.0,0.0,0.0,0.0,62
89446c31337ffff,20,8.0,2.0,0.2,0.1,9.25,0.0,0.0,0.55,0.0,0.0,0.0,0.0,0.0,0.0,0.0,0.0,37
89446c3133bffff,10,4.0,2.0,0.4,0.2,8.9,0.0,0.0,0.0,0.0,0.0,0.0,0.0,0.0,0.0,0.0,0.0,16
89446c31347ffff,1,1.0,2.0,0.0,0.0,10.0,0.0,0.0,0.0,0.0,0.0,0.0,0.0,0.0,0.0,0.0,0.0,11
89446c31353ffff,2,1.0,2.0,0.0,0.0,10.0,0.0,0.0,0.0,0.0,0.0,0.0,0.0,0.0,0.0,0.0,0.0,2
89446c31363ffff,1,1.0,2.0,0.0,0.0,10.0,0.0,0.0,0.0,0.0,0.0,0.0,0.0,0.0,0.0,0.0,0.0,21
89446c31367ffff,2,2.0,2.0,0.0,0.5,9.0,0.0,0.0,0.0,0.0,0.0,0.0,0.0,0.0,0.0,0.0,0.0,12
89446c3136fffff,9,5.0,2.0,0.2222222222222222,0.0,8.944444444444445,0.0,0.0,1.0,0.0,0.0,0.0,0.0,0.0,0.0,0.0,0.0,3
89446c31373ffff,9,6.0,2.0,0.3333333333333333,0.0,9.11111111111111,0.0,0.0,0.0,0.0,0.0,0.0,0.0,0.0,0.0,0.0,0.1111111111111111,8
89446c31377ffff,1,0.0,2.0,0.0,0.0,10.0,0.0,0.0,0.0,0.0,0.0,0.0,0.0,0.0,0.0,0.0,0.0,26
89446c31383ffff,1,0.0,2.0,0.0,0.0,10.0,0.0,0.0,0.0,1.0,0.0,0.0,0.0,0.0,0.0,0.0,0.0,69
89446c31387ffff,13,6.0,2.0,0.23076923076923078,0.0,9.76923076923077,0.0,0.0,0.0,0.46153846153846156,0.0,0.0,0.0,0.0,0.0,0.0,0.0,64
89446c3138bffff,4,1.0,2.0,0.25,0.0,7.75,0.0,0.0,0.0,0.0,0.0,0.0,0.0,0.0,0.0,0.0,0.0,35
89446c3138fffff,2,2.0,2.0,1.0,1.0,1.0,0.0,0.0,0.0,0.0,0.0,0.0,0.0,0.0,0.0,0.0,0.0,34
89446c31397ffff,47,17.0,2.021276595744681,0.3617021276595745,0.19148936170212766,8.417021276595746,0.0,0.19148936170212766,0.7659574468085106,0.19148936170212766,0.0,0.0,0.0,0.0,0.0,0.0,0.0,40
89446c3139bffff,3,2.0,2.0,0.6666666666666666,0.0,10.0,0.0,0.0,0.0,0.0,0.0,0.0,0.0,0.0,0.0,0.0,0.0,36
89446c313abffff,15,3.0,2.0,0.2,0.0,9.266666666666667,0.0,0.0,0.0,1.0,0.0,0.0,0.0,0.0,0.0,0.0,0.0,36
89446c313afffff,14,4.0,2.0,0.35714285714285715,0.07142857142857142,9.5,0.0,0.0,0.0,0.7142857142857143,0.0,0.0,0.0,0.0,0.0,0.0,0.0,51
89446c313b3ffff,1,0.0,2.0,0.0,0.0,10.0,0.0,0.0,0.0,0.0,0.0,0.0,0.0,0.0,0.0,0.0,0.0,27
89446c313b7ffff,1,0.0,2.0,1.0,0.0,10.0,0.0,0.0,0.0,0.0,0.0,0.0,0.0,0.0,0.0,0.0,0.0,3
89446c313bbffff,11,2.0,2.0,0.2727272727272727,0.0,9.454545454545455,0.0,0.0,0.0,0.5454545454545454,0.0,0.0,0.0,0.0,0.0,0.0,0.0,32
89446c313c3ffff,3,2.0,2.0,0.3333333333333333,0.0,10.0,0.0,0.0,0.0,0.0,0.0,0.0,0.0,0.0,0.0,0.0,0.0,27
89446c313c7ffff,2,1.0,2.0,0.5,0.0,10.0,0.0,0.0,0.0,0.0,0.0,0.0,0.0,0.0,0.0,0.0,0.0,43
89446c313cfffff,2,2.0,2.0,0.0,0.5,10.0,0.0,0.0,0.0,0.0,0.0,0.0,0.0,0.0,0.0,0.0,0.0,14
89446c313d7ffff,23,7.0,2.0,0.34782608695652173,0.0,9.478260869565217,0.0,0.0,0.8695652173913043,0.0,0.0,0.0,0.0,0.0,0.0,0.0,0.0,14
89446c31403ffff,14,5.0,2.0,0.14285714285714285,0.14285714285714285,8.153846153846153,0.0,0.0,0.0,1.0,0.0,0.0,0.0,0.0,0.0,0.0,0.0,66
89446c31407ffff,11,6.0,2.0,0.45454545454545453,0.0,8.818181818181818,0.0,0.0,0.0,0.7272727272727273,0.0,0.0,0.0,0.0,0.0,0.0,0.0,34
89446c3140bffff,8,3.0,2.125,0.25,0.25,7.875,0.0,0.0,0.0,0.0,0.0,0.0,0.0,0.0,0.0,0.0,0.375,46
89446c3140fffff,2,1.0,2.0,0.5,0.5,7.5,0.0,0.0,0.0,1.0,0.0,0.0,0.0,0.0,0.0,0.0,0.0,42
89446c31413ffff,33,15.0,2.0606060606060606,0.42424242424242425,0.06060606060606061,9.4375,0.0,0.0,0.9090909090909091,0.06060606060606061,0.0,0.0,0.0,0.0,0.0,0.0,0.0,37
89446c31417ffff,3,0.0,2.0,0.3333333333333333,0.0,8.0,0.0,1.0,0.0,1.0,0.0,0.0,0.0,0.0,0.0,0.0,0.0,69
89446c3141bffff,9,2.0,2.111111111111111,0.3333333333333333,0.0,9.222222222222221,0.0,0.0,0.0,0.8888888888888888,0.0,0.0,0.0,0.0,0.0,0.0,0.0,74
89446c31423ffff,5,5.0,2.0,0.6,0.0,10.0,0.0,0.0,0.0,0.0,0.0,0.0,0.0,0.0,0.0,0.0,0.0,22
89446c31427ffff,1,0.0,2.0,0.0,0.0,10.0,0.0,0.0,0.0,0.0,0.0,0.0,0.0,0.0,0.0,0.0,0.0,29
89446c3142bffff,2,1.0,2.0,0.0,0.0,10.0,0.0,0.0,0.0,0.0,0.0,0.0,0.0,0.0,0.0,0.0,0.5,44
89446c3142fffff,2,2.0,2.0,0.5,0.5,10.0,0.0,0.0,0.0,0.0,0.0,0.0,0.0,0.0,0.0,0.0,0.0,51
89446c31433ffff,5,2.0,2.0,0.2,0.2,9.2,0.0,0.0,0.0,0.0,0.0,0.0,0.0,0.0,0.0,0.0,0.0,37
89446c31437ffff,6,3.0,2.0,0.3333333333333333,0.0,8.833333333333334,0.0,0.0,0.0,0.0,0.0,0.0,0.0,0.0,0.0,0.0,0.0,20
89446c3143bffff,6,4.0,2.0,0.8333333333333334,0.16666666666666666,10.0,0.0,0.0,0.0,0.3333333333333333,0.3333333333333333,0.0,0.0,0.0,0.0,0.0,0.0,28
89446c31443ffff,2,2.0,2.0,0.5,0.0,5.5,0.0,0.0,0.0,0.0,0.0,0.0,0.0,0.0,0.0,0.0,0.0,32
89446c31447ffff,3,2.0,2.0,0.0,0.0,8.666666666666666,0.0,0.0,0.0,0.0,0.0,0.0,0.0,0.0,0.0,0.0,0.0,36
89446c3144bffff,3,2.0,2.0,0.0,0.0,10.0,0.0,0.0,0.0,0.0,0.0,0.0,0.0,0.0,0.0,0.0,0.3333333333333333,65
89446c3144fffff,2,1.0,2.0,0.0,0.0,10.0,0.0,0.0,0.0,0.0,0.0,0.0,0.0,0.0,0.0,0.0,0.0,15
89446c31453ffff,2,0.0,2.0,0.0,0.0,10.0,0.0,0.0,0.0,0.5,0.0,0.0,0.0,0.0,0.0,0.0,0.0,29
89446c31457ffff,18,5.0,2.0,0.2777777777777778,0.1111111111111111,7.861111111111111,0.0,0.0,0.0,0.7222222222222222,0.0,0.0,0.0,0.0,0.0,0.0,0.0,25
89446c3145bffff,4,1.0,2.0,0.75,0.0,10.0,0.0,0.0,0.0,0.25,0.0,0.0,0.0,0.0,0.0,0.0,0.0,64
89446c31463ffff,3,3.0,2.0,1.0,0.6666666666666666,3.9166666666666665,0.0,0.0,0.0,0.0,0.0,0.0,0.0,0.0,0.0,0.0,0.0,15
89446c31467ffff,2,1.0,2.0,0.0,0.0,10.0,0.0,0.0,0.0,0.0,0.0,0.0,0.0,0.0,0.0,0.0,0.0,36
89446c3146bffff,3,0.0,2.0,0.3333333333333333,0.0,9.333333333333334,0.0,0.0,0.0,0.0,0.0,0.0,0.0,0.0,0.0,0.0,0.0,11
89446c3146fffff,1,0.0,2.0,1.0,0.0,10.0,0.0,0.0,0.0,0.0,0.0,0.0,0.0,0.0,0.0,0.0,0.0,19
89446c31477ffff,3,2.0,2.0,0.6666666666666666,0.0,6.916666666666667,0.0,0.0,0.0,0.6666666666666666,0.0,0.0,0.0,0.0,0.0,0.0,0.0,15
89446c3147bffff,6,1.0,2.0,0.5,0.0,9.333333333333334,0.0,0.0,0.0,0.0,0.0,0.0,0.0,0.0,0.0,0.0,0.0,11
89446c31487ffff,2,1.0,2.0,0.5,0.0,10.0,0.0,0.0,0.0,0.0,0.0,0.0,0.0,0.0,0.0,0.0,0.0,16
89446c3148bffff,8,4.0,2.0,0.125,0.0,9.75,0.0,0.0,0.0,0.0,0.0,0.0,0.0,0.0,0.0,0.0,0.0,46
89446c3148fffff,3,1.0,2.0,0.3333333333333333,0.0,9.333333333333334,0.0,0.0,0.0,0.0,0.0,0.0,0.0,0.0,0.0,0.0,0.0,50
89446c3149bffff,8,2.0,2.0,0.125,0.0,10.0,0.0,0.0,0.0,0.0,0.0,0.0,0.0,0.0,0.0,0.0,0.0,17
89446c314a3ffff,5,3.0,2.0,0.4,0.0,10.0,0.0,0.0,0.0,0.0,0.0,0.0,0.0,0.0,0.0,0.0,0.0,25
89446c314a7ffff,2,1.0,2.0,0.5,0.0,8.5,0.0,0.0,0.0,0.0,0.0,0.0,0.0,0.0,0.0,0.0,0.0,28
89446c314abffff,4,3.0,2.0,0.75,0.0,10.0,0.0,0.25,0.0,0.0,0.0,0.25,0.0,0.0,0.0,0.0,0.0,33
89446c314afffff,5,2.0,2.0,0.8,0.0,10.0,0.0,0.0,0.0,0.0,0.0,0.0,0.0,0.0,0.0,0.0,0.0,24
89446c314b3ffff,7,4.0,2.0,0.14285714285714285,0.2857142857142857,9.285714285714286,0.0,0.2857142857142857,0.0,0.0,0.0,0.2857142857142857,0.0,0.0,0.0,0.0,0.0,18
89446c314b7ffff,3,2.0,2.0,0.3333333333333333,0.0,7.0,0.0,0.0,0.0,1.0,0.0,0.0,0.0,0.0,0.0,0.0,0.0,39
89446c314bbffff,4,0.0,2.0,0.25,0.0,10.0,0.0,0.0,0.0,0.0,0.0,0.0,0.0,0.0,0.0,0.0,0.0,24
89446c314c3ffff,3,3.0,2.0,0.3333333333333333,0.3333333333333333,7.666666666666667,0.0,0.0,0.0,0.0,0.0,0.0,0.0,0.0,0.0,0.0,1.0,7
89446c314cbffff,4,2.0,2.0,0.0,0.0,9.5,0.0,0.0,0.0,0.0,0.0,0.0,0.0,0.0,0.0,0.0,0.0,6
89446c314cfffff,1,1.0,2.0,0.0,0.0,10.0,0.0,0.0,0.0,0.0,0.0,0.0,0.0,0.0,0.0,0.0,0.0,36
89446c314d7ffff,2,1.0,2.5,0.5,0.0,10.0,0.0,0.0,0.0,0.0,0.0,0.0,0.0,0.0,0.0,0.0,0.5,19
89446c31503ffff,4,2.0,2.0,0.5,0.0,8.0,0.0,1.0,0.0,1.0,0.0,0.0,0.0,0.0,0.0,0.0,0.0,76
89446c31507ffff,4,2.0,2.0,0.25,0.5,7.125,0.0,0.0,0.0,0.25,0.0,0.0,0.0,0.0,0.0,0.0,0.0,54
89446c3150bffff,29,12.0,2.0,0.41379310344827586,0.13793103448275862,8.728275862068966,0.0,0.896551724137931,0.896551724137931,0.0,0.0,0.0,0.0,0.0,0.0,0.0,0.0,41
89446c31513ffff,4,3.0,2.0,0.25,0.25,9.25,0.0,0.0,0.0,0.25,0.0,0.0,0.0,0.0,0.0,0.0,0.0,59
89446c31517ffff,26,8.0,2.0,0.2692307692307692,0.038461538461538464,9.423076923076923,0.0,0.9230769230769231,0.9230769230769231,0.11538461538461539,0.0,0.9230769230769231,0.0,0.0,0.0,0.0,0.0,32
89446c3151bffff,13,3.0,2.0,0.38461538461538464,0.07692307692307693,9.138461538461538,0.0,0.07692307692307693,0.07692307692307693,0.8461538461538461,0.0,0.0,0.0,0.0,0.0,0.0,0.07692307692307693,80
89446c31523ffff,4,2.0,2.0,0.5,0.25,9.25,0.0,0.0,0.0,0.25,0.0,0.0,0.0,0.0,0.0,0.0,0.0,22
89446c31527ffff,4,2.0,2.0,0.75,0.0,10.0,0.0,0.0,0.0,0.75,0.0,0.0,0.0,0.0,0.0,0.0,0.0,94
89446c3152bffff,5,4.0,2.0,0.6,0.2,8.1,0.0,0.0,0.0,0.8,0.0,0.0,0.0,0.0,0.0,0.0,0.0,24
89446c3152fffff,7,2.0,2.0,0.7142857142857143,0.0,10.0,0.0,0.0,0.0,1.0,0.0,0.0,0.0,0.0,0.0,0.0,0.0,15
89446c31533ffff,2,1.0,2.0,0.5,0.0,10.0,0.0,0.0,0.0,0.0,0.0,0.0,0.0,0.0,0.0,0.0,0.0,37
89446c31537ffff,2,0.0,2.0,0.0,0.0,10.0,0.0,0.0,0.0,0.0,0.0,0.0,0.0,0.0,0.0,0.0,0.0,62
89446c3153bffff,2,1.0,2.0,0.0,0.0,10.0,0.0,0.0,0.0,0.0,0.0,0.0,0.0,0.0,0.0,0.0,0.0,16
89446c31543ffff,11,3.0,2.0,0.2727272727272727,0.0,9.454545454545455,0.0,0.6363636363636364,0.0,0.0,0.0,0.0,0.0,0.0,0.0,0.0,0.0,49
89446c31547ffff,1,1.0,2.0,1.0,0.0,10.0,0.0,0.0,0.0,0.0,0.0,0.0,0.0,0.0,0.0,0.0,0.0,64
89446c3154bffff,11,4.0,2.0,0.36363636363636365,0.0,8.568181818181818,0.0,0.2727272727272727,0.0,0.0,0.0,0.0,0.0,0.0,0.0,0.0,0.0,32
89446c3154fffff,1,1.0,2.0,0.0,0.0,10.0,0.0,0.0,0.0,0.0,0.0,0.0,0.0,0.0,0.0,0.0,0.0,31
89446c31553ffff,12,3.0,2.0,0.4166666666666667,0.0,9.416666666666666,0.0,0.0,0.0,0.0,0.0,0.0,0.0,0.0,0.0,0.0,0.0,46
89446c31557ffff,22,7.0,2.0,0.4090909090909091,0.18181818181818182,8.19090909090909,0.0,0.8636363636363636,0.0,0.0,0.0,0.0,0.0,0.0,0.0,0.0,0.0,74
89446c3155bffff,2,1.0,2.0,0.5,0.0,10.0,0.0,0.0,0.0,0.0,0.0,0.0,0.0,0.0,0.0,0.0,0.0,52
89446c31563ffff,5,2.0,2.0,0.0,0.4,7.3,0.0,0.0,0.0,0.0,0.0,0.0,0.0,0.0,0.0,0.0,0.0,20
89446c31567ffff,10,2.0,2.0,0.3,0.0,9.025,0.0,0.6,0.0,0.6,0.0,0.6,0.0,0.0,0.0,0.0,0.0,12
89446c3156bffff,7,1.0,2.0,0.14285714285714285,0.2857142857142857,9.428571428571429,0.0,0.0,0.0,0.7142857142857143,0.0,0.0,0.0,0.0,0.0,0.0,0.0,14
89446c3156fffff,1,1.0,2.0,0.0,0.0,10.0,0.0,0.0,0.0,0.0,0.0,0.0,0.0,0.0,0.0,0.0,0.0,25
89446c31573ffff,1,1.0,2.0,0.0,0.0,10.0,0.0,0.0,0.0,0.0,0.0,0.0,0.0,0.0,0.0,0.0,0.0,36
89446c31577ffff,1,1.0,2.0,1.0,0.0,10.0,0.0,1.0,0.0,1.0,0.0,1.0,0.0,0.0,0.0,0.0,0.0,23
89446c31583ffff,11,3.0,2.0,0.18181818181818182,0.2727272727272727,8.818181818181818,0.0,0.6363636363636364,0.6363636363636364,0.2727272727272727,0.0,0.6363636363636364,0.0,0.0,0.0,0.0,0.0,5
89446c3158bffff,3,2.0,2.0,1.0,0.0,7.0,0.0,0.0,0.0,0.0,0.0,0.0,0.0,0.0,0.0,0.0,0.0,35
89446c31597ffff,2,1.0,2.0,0.0,0.0,7.5,0.0,0.0,0.0,1.0,0.0,0.0,0.0,0.0,0.0,0.0,0.0,54
89446c315a3ffff,43,19.0,2.255813953488372,0.32558139534883723,0.11627906976744186,9.290697674418604,0.0,0.4883720930232558,0.27906976744186046,0.5581395348837209,0.11627906976744186,0.0,0.0,0.0,0.0,0.0,0.046511627906976744,147
89446c315a7ffff,40,17.0,2.475,0.325,0.025,9.025,0.025,0.325,0.5,0.0,0.0,0.0,0.0,0.0,0.0,0.0,0.0,135
89446c315abffff,20,7.0,2.0,0.5,0.0,9.605263157894736,0.0,0.9,0.0,0.85,0.0,0.0,0.0,0.0,0.0,0.0,0.0,80
89446c315afffff,5,1.0,2.0,0.4,0.0,10.0,0.0,0.0,0.0,0.0,0.0,0.0,0.0,0.0,0.0,0.0,0.0,132
89446c315b3ffff,33,17.0,2.606060606060606,0.30303030303030304,0.18181818181818182,8.643939393939394,0.0,0.0,0.0,0.030303030303030304,0.0,0.0,0.0,0.0,0.0,0.0,0.0,128
89446c315b7ffff,49,14.0,2.5918367346938775,0.2653061224489796,0.10204081632653061,9.285714285714286,0.0,0.10204081632653061,0.10204081632653061,0.14285714285714285,0.04081632653061224,0.0,0.0,0.0,0.0,0.0,0.0,132
89446c315c3ffff,4,3.0,2.0,0.75,0.0,10.0,0.0,0.0,0.0,0.0,0.0,0.0,0.0,0.0,0.0,0.0,0.0,33
89446c315c7ffff,13,5.0,2.0,0.15384615384615385,0.07692307692307693,8.307692307692308,0.0,0.0,0.0,0.9230769230769231,0.0,0.0,0.0,0.0,0.0,0.0,0.0,39
89446c315cbffff,2,1.0,2.0,0.5,0.5,1.6,0.0,0.0,0.0,0.0,0.0,0.0,0.0,0.0,0.0,0.0,0.0,33
89446c315cfffff,8,6.0,2.0,0.125,0.0,9.5,0.0,0.0,0.0,0.0,0.0,0.0,0.0,0.0,0.0,0.0,0.0,66
89446c315d3ffff,1,0.0,2.0,0.0,0.0,10.0,0.0,0.0,0.0,0.0,0.0,0.0,0.0,0.0,0.0,0.0,0.0,30
89446c315d7ffff,7,3.0,2.0,0.2857142857142857,0.0,8.171428571428573,0.0,0.0,0.8571428571428571,0.0,0.0,0.0,0.0,0.0,0.0,0.0,0.0,24
89446c315dbffff,2,1.0,2.0,0.0,0.5,10.0,0.0,0.0,0.0,0.0,0.0,0.0,0.0,0.0,0.0,0.0,0.0,20
89446c31603ffff,6,3.0,2.0,0.16666666666666666,0.3333333333333333,7.833333333333333,0.0,0.0,0.0,0.0,0.0,0.0,0.0,0.0,0.0,0.0,0.0,17
89446c31607ffff,2,2.0,2.0,0.5,0.5,6.0,0.0,0.0,0.0,0.0,0.0,0.0,0.0,0.0,0.0,0.0,0.0,21
89446c3160bffff,2,2.0,2.0,0.0,0.0,10.0,0.0,0.0,0.0,0.0,0.0,0.0,0.0,0.0,0.0,0.0,0.0,14
89446c3160fffff,2,1.0,2.0,0.5,0.0,10.0,0.0,0.0,0.0,0.0,0.0,0.0,0.0,0.0,0.0,0.0,0.0,14
89446c31613ffff,2,0.0,2.0,0.5,0.0,10.0,0.0,0.0,0.0,0.0,0.0,0.0,0.0,0.0,0.0,0.0,0.0,21
89446c31617ffff,8,4.0,2.0,0.5,0.25,8.0,0.0,0.0,0.0,0.0,0.0,0.0,0.0,0.0,0.0,0.0,0.0,16
89446c3161bffff,1,1.0,2.0,0.0,0.0,10.0,0.0,0.0,0.0,0.0,0.0,0.0,0.0,0.0,0.0,0.0,0.0,17
89446c31623ffff,7,2.0,2.0,0.14285714285714285,0.0,9.833333333333334,0.0,0.7142857142857143,0.0,0.0,0.7142857142857143,0.0,0.0,0.0,0.0,0.0,0.0,66
89446c31627ffff,14,8.0,2.0,0.07142857142857142,0.14285714285714285,8.642857142857142,0.0,0.0,0.0,0.8571428571428571,0.0,0.0,0.0,0.0,0.0,0.0,0.0,51
89446c3162bffff,11,4.0,2.0,0.2727272727272727,0.0,8.5,0.0,0.0,0.0,0.8181818181818182,0.0,0.0,0.0,0.0,0.0,0.0,0.0,34
89446c3162fffff,2,1.0,2.0,0.5,0.0,8.5,0.0,0.0,0.0,0.0,0.0,0.0,0.0,0.0,0.0,0.0,0.0,44
89446c31633ffff,4,0.0,2.0,0.0,0.0,9.75,0.0,0.0,0.0,0.0,0.0,0.0,0.0,0.0,0.0,0.0,0.0,52
89446c31637ffff,35,10.0,1.9714285714285715,0.3142857142857143,0.11428571428571428,9.128571428571428,0.0,0.8857142857142857,0.8857142857142857,0.0,0.0,0.0,0.0,0.0,0.0,0.0,0.0,34
89446c31643ffff,8,4.0,2.0,0.5,0.0,10.0,0.0,0.0,0.0,0.0,0.0,0.0,0.0,0.0,0.0,0.0,0.0,55
89446c31647ffff,2,0.0,2.0,0.0,0.0,9.0,0.0,0.0,0.0,0.0,0.0,0.0,0.0,0.0,0.0,0.0,0.0,17
89446c3164bffff,30,10.0,2.0,0.36666666666666664,0.06666666666666667,9.366666666666667,0.0,0.0,0.0,0.0,0.0,0.0,0.0,0.0,0.0,0.0,0.0,45
89446c3164fffff,3,1.0,2.0,0.3333333333333333,0.0,7.166666666666667,0.0,0.0,0.0,0.0,0.0,0.0,0.0,0.0,0.0,0.0,0.0,47
89446c31657ffff,3,3.0,2.0,0.0,0.0,9.333333333333334,0.0,0.0,0.0,0.0,0.0,0.0,0.0,0.0,0.0,0.0,0.0,15
89446c3165bffff,17,11.0,2.0,0.23529411764705882,0.17647058823529413,8.4375,0.0,0.0,0.0,0.0,0.0,0.0,0.0,0.0,0.0,0.0,0.0,57
89446c31663ffff,16,5.0,2.0,0.1875,0.0625,8.0125,0.0,0.0,0.0,0.4375,0.0,0.0,0.0,0.0,0.0,0.0,0.0,37
89446c31667ffff,18,3.0,2.0,0.2222222222222222,0.05555555555555555,8.722222222222221,0.0,0.0,0.0,0.5555555555555556,0.0,0.0,0.0,0.0,0.0,0.0,0.0,43
89446c3166bffff,12,1.0,2.0,0.3333333333333333,0.08333333333333333,9.75,0.0,0.0,0.0,0.0,0.0,0.0,0.0,0.0,0.0,0.0,0.3333333333333333,29
89446c3166fffff,2,1.0,2.0,0.0,0.0,10.0,0.0,0.0,0.0,0.0,0.0,0.0,0.0,0.0,0.0,0.0,0.0,63
89446c31677ffff,4,3.0,2.0,0.75,0.5,10.0,0.0,0.0,0.0,0.0,0.0,0.0,0.0,0.0,0.0,0.0,0.0,47
89446c3167bffff,1,1.0,2.0,1.0,0.0,10.0,0.0,0.0,0.0,0.0,0.0,0.0,0.0,0.0,0.0,0.0,0.0,33
89446c31687ffff,10,5.0,2.1,0.5,0.0,9.8,0.0,0.0,0.0,0.0,0.0,0.0,0.0,0.0,0.0,0.0,0.0,55
89446c3168bffff,2,0.0,2.0,0.5,0.0,7.0,0.0,0.0,0.0,0.0,0.0,0.0,0.0,0.0,0.0,0.0,0.5,10
89446c3168fffff,2,0.0,2.0,0.5,0.0,10.0,0.0,0.0,0.0,0.0,0.0,0.0,0.0,0.0,0.0,0.0,0.0,25
89446c31693ffff,2,2.0,2.0,1.0,0.0,10.0,0.0,0.0,0.0,0.0,0.0,0.0,0.0,0.0,0.0,0.0,0.0,61
89446c31697ffff,46,11.0,2.0,0.2826086956521739,0.021739130434782608,8.98,0.0,0.0,0.8043478260869565,0.0,0.0,0.0,0.0,0.0,0.0,0.0,0.043478260869565216,30
89446c3169bffff,3,2.0,2.0,0.0,0.0,10.0,0.0,0.0,0.0,0.0,0.0,0.0,0.0,0.0,0.0,0.0,0.0,6
89446c316a3ffff,13,4.0,2.0,0.38461538461538464,0.0,8.833333333333334,0.0,0.0,0.0,0.0,0.0,0.0,0.0,0.0,0.0,0.0,0.0,13
89446c316a7ffff,1,0.0,2.0,0.0,0.0,10.0,0.0,0.0,0.0,0.0,0.0,0.0,0.0,0.0,0.0,0.0,0.0,25
89446c316abffff,1,1.0,2.0,0.0,0.0,10.0,0.0,0.0,0.0,0.0,0.0,0.0,0.0,0.0,0.0,0.0,0.0,37
89446c316afffff,7,4.0,2.0,0.14285714285714285,0.0,10.0,0.0,0.0,0.0,0.0,0.0,0.0,0.0,0.0,0.0,0.0,0.0,56
89446c316b3ffff,1,1.0,2.0,0.0,0.0,10.0,0.0,0.0,0.0,0.0,0.0,0.0,0.0,0.0,0.0,0.0,0.0,31
89446c316bbffff,3,2.0,2.0,0.0,0.0,10.0,0.0,0.0,0.0,0.0,0.0,0.0,0.0,0.0,0.0,0.0,0.0,35
89446c316c3ffff,2,0.0,2.0,0.0,0.0,10.0,0.0,0.0,0.0,0.0,0.0,0.0,0.0,0.0,0.0,0.0,0.0,20
89446c316c7ffff,2,1.0,2.0,0.0,0.0,10.0,0.0,0.0,0.0,0.0,0.0,0.0,0.0,0.0,0.0,0.0,0.0,10
89446c316cbffff,1,0.0,2.0,1.0,0.0,10.0,0.0,0.0,0.0,0.0,0.0,0.0,0.0,0.0,0.0,0.0,0.0,20
89446c316cfffff,2,0.0,2.0,0.0,0.0,10.0,0.0,0.0,0.0,0.0,0.0,0.0,0.0,0.0,0.0,0.0,0.0,9
89446c316d3ffff,13,4.0,2.0,0.07692307692307693,0.15384615384615385,8.846153846153847,0.0,0.0,0.7692307692307693,0.0,0.0,0.0,0.0,0.0,0.0,0.0,0.07692307692307693,8
89446c316d7ffff,1,0.0,2.0,0.0,0.0,10.0,0.0,0.0,0.0,0.0,0.0,0.0,0.0,0.0,0.0,0.0,0.0,23
89446c316dbffff,1,1.0,2.0,0.0,0.0,10.0,0.0,0.0,0.0,0.0,0.0,0.0,0.0,0.0,0.0,0.0,0.0,22
89446c3180bffff,2,0.0,2.0,1.0,0.0,10.0,0.0,0.0,1.0,0.0,0.0,0.0,0.0,0.0,0.0,0.0,0.0,11
89446c31847ffff,2,0.0,2.0,0.5,0.0,10.0,0.0,0.0,0.0,1.0,0.0,0.0,0.0,0.0,0.0,0.0,0.0,11
89446c31873ffff,9,8.0,2.0,0.3333333333333333,0.2222222222222222,8.555555555555555,0.0,0.0,0.0,0.0,0.0,0.0,0.0,0.0,0.0,0.0,0.0,5
89446c31877ffff,1,0.0,2.0,0.0,1.0,10.0,0.0,0.0,0.0,0.0,0.0,0.0,0.0,0.0,0.0,0.0,0.0,9
89446c318d7ffff,1,1.0,2.0,0.0,0.0,10.0,0.0,1.0,1.0,0.0,0.0,0.0,0.0,0.0,0.0,0.0,0.0,0
89446c31913ffff,1,0.0,2.0,0.0,0.0,10.0,0.0,0.0,0.0,1.0,0.0,0.0,0.0,0.0,0.0,0.0,0.0,0
89446c31927ffff,2,0.0,2.0,0.0,0.0,10.0,0.0,0.0,0.0,0.0,0.0,0.0,0.0,0.0,0.0,0.0,0.0,10
89446c3192bffff,4,2.0,2.0,0.75,0.0,7.625,0.0,0.0,0.0,1.0,1.0,0.0,0.0,0.0,0.0,0.0,0.0,53
89446c3193bffff,8,0.0,2.0,0.0,0.0,10.0,0.0,0.0,1.0,0.0,0.0,0.0,0.0,0.0,0.0,0.0,0.0,4
89446c3194fffff,1,0.0,2.0,0.0,0.0,10.0,0.0,0.0,0.0,0.0,0.0,0.0,0.0,0.0,0.0,0.0,0.0,0
89446c31a0bffff,5,3.0,2.4,0.2,0.2,8.8,0.0,0.0,0.0,0.0,0.0,0.0,0.0,0.0,0.0,0.0,0.0,9
89446c31a13ffff,22,6.0,2.8636363636363638,0.2727272727272727,0.2727272727272727,9.181818181818182,0.0,0.0,0.0,0.0,0.0,0.0,0.0,0.0,0.0,0.0,0.0,39
89446c31a63ffff,3,1.0,2.3333333333333335,0.6666666666666666,0.0,9.333333333333334,0.0,0.0,0.6666666666666666,0.0,0.0,0.0,0.0,0.0,0.0,0.0,0.0,29
89446c31a73ffff,9,1.0,2.6666666666666665,0.3333333333333333,0.3333333333333333,8.777777777777779,0.0,0.0,0.0,0.0,0.0,0.0,0.0,0.0,0.0,0.0,0.0,28
89446c31a7bffff,20,0.0,2.95,0.45,0.15,8.6,0.0,0.0,0.0,0.0,0.05,0.0,0.0,0.0,0.0,0.0,0.0,12
89446c31a8bffff,38,14.0,2.710526315789474,0.2631578947368421,0.13157894736842105,8.361842105263158,0.0,0.34210526315789475,0.5263157894736842,0.0,0.23684210526315788,0.0,0.0,0.0,0.0,0.0,0.0,50
89446c31a9bffff,27,12.0,2.6296296296296298,0.4444444444444444,0.037037037037037035,9.333333333333334,0.0,0.0,0.0,0.0,0.0,0.0,0.0,0.0,0.0,0.0,0.0,67
89446c31ac7ffff,1,1.0,2.0,0.0,0.0,4.0,0.0,0.0,0.0,0.0,0.0,0.0,0.0,0.0,0.0,0.0,0.0,60
89446c31adbffff,1,0.0,2.0,0.0,1.0,10.0,0.0,0.0,0.0,1.0,1.0,0.0,0.0,0.0,0.0,0.0,0.0,1
89446c31b07ffff,1,1.0,2.0,1.0,0.0,6.0,0.0,0.0,0.0,0.0,0.0,0.0,0.0,0.0,0.0,0.0,0.0,157
89446c31b0fffff,1,0.0,2.0,0.0,0.0,8.0,0.0,0.0,0.0,0.0,0.0,0.0,0.0,0.0,0.0,0.0,0.0,175
89446c31b13ffff,26,6.0,2.0,0.2692307692307692,0.07692307692307693,8.5,0.0,0.0,0.9230769230769231,0.0,0.0,0.0,0.0,0.0,0.0,0.0,0.0,18
89446c31b1bffff,9,2.0,2.0,0.2222222222222222,0.2222222222222222,9.333333333333334,0.0,0.0,1.0,0.0,0.0,0.0,0.0,0.0,0.0,0.0,0.0,28
89446c31b23ffff,4,2.0,2.0,0.0,0.0,10.0,0.0,0.0,0.0,0.0,0.0,0.0,0.0,0.0,0.0,0.0,0.0,189
89446c31b2bffff,20,4.0,2.0,0.15,0.1,9.5,0.0,0.1,0.0,0.0,0.0,0.0,0.0,0.0,0.0,0.0,0.1,210
89446c31b33ffff,1,0.0,2.0,0.0,0.0,10.0,0.0,0.0,0.0,0.0,0.0,0.0,0.0,0.0,0.0,0.0,0.0,173
89446c31b37ffff,13,3.0,2.0,0.15384615384615385,0.3076923076923077,8.384615384615385,0.07692307692307693,0.0,0.0,0.0,0.0,0.0,0.0,0.0,0.0,0.0,0.0,8
89446c31b3bffff,155,30.0,2.0387096774193547,0.23870967741935484,0.11612903225806452,8.965806451612904,0.0,0.6709677419354839,0.6838709677419355,0.0,0.05161290322580645,0.0,0.0,0.0,0.0,0.0,0.0,46
89446c31b53ffff,4,2.0,2.0,0.25,0.0,8.0,0.0,0.0,0.0,0.0,0.0,0.0,0.0,0.0,0.0,0.0,0.0,4
89446c31b57ffff,2,1.0,2.0,0.5,0.0,7.0,0.0,0.0,0.0,0.5,0.0,0.0,0.0,0.0,0.0,0.0,0.0,13
89446c31b5bffff,2,1.0,2.0,1.0,0.0,10.0,0.0,0.0,0.0,0.5,0.0,0.0,0.0,0.0,0.0,0.0,0.0,5
89446c31b63ffff,8,1.0,2.25,0.375,0.125,10.0,0.0,0.0,0.0,0.0,0.0,0.0,0.0,0.0,0.0,0.0,0.0,24
89446c31b6fffff,2,1.0,2.0,0.0,0.5,5.5,0.0,0.0,0.0,1.0,0.0,0.0,0.0,0.0,0.0,0.0,0.0,10
89446c31b77ffff,19,11.0,2.0526315789473686,0.2631578947368421,0.10526315789473684,8.394736842105264,0.0,0.0,0.0,0.15789473684210525,0.10526315789473684,0.0,0.0,0.0,0.0,0.0,0.0,184
89446c31b7bffff,3,0.0,2.6666666666666665,0.3333333333333333,0.0,10.0,0.0,0.0,0.0,0.3333333333333333,0.0,0.0,0.0,0.0,0.0,0.0,0.0,27
89446c31b8bffff,9,5.0,2.0,0.2222222222222222,0.3333333333333333,6.916666666666667,0.0,0.0,0.0,0.8888888888888888,0.0,0.0,0.0,0.0,0.0,0.0,0.0,26
89446c31c17ffff,1,0.0,2.0,1.0,0.0,10.0,0.0,0.0,0.0,0.0,0.0,0.0,0.0,0.0,0.0,0.0,0.0,0
89446c31c6bffff,1,0.0,2.0,1.0,1.0,2.5,0.0,0.0,0.0,0.0,0.0,0.0,0.0,0.0,0.0,0.0,0.0,0
89446c31c87ffff,1,0.0,2.0,1.0,0.0,10.0,0.0,0.0,0.0,0.0,0.0,0.0,0.0,0.0,0.0,0.0,0.0,0
89446c31cc7ffff,3,1.0,2.0,0.3333333333333333,0.0,6.666666666666667,0.0,0.0,0.6666666666666666,0.3333333333333333,0.0,0.0,0.0,0.0,0.0,0.0,0.6666666666666666,1
89446c31cd7ffff,1,0.0,2.0,0.0,0.0,10.0,0.0,0.0,0.0,0.0,0.0,0.0,0.0,0.0,0.0,0.0,0.0,4
89446c31d1bffff,2,2.0,2.0,0.5,0.0,8.5,0.0,0.0,0.0,0.0,0.0,0.0,0.0,0.0,0.0,0.0,0.0,0
89446c31d2bffff,1,0.0,2.0,0.0,0.0,10.0,0.0,0.0,0.0,0.0,0.0,0.0,0.0,0.0,0.0,0.0,0.0,0
89446c31d6fffff,1,0.0,2.0,0.0,0.0,10.0,0.0,0.0,1.0,0.0,0.0,0.0,0.0,0.0,0.0,0.0,1.0,0
89446c31d73ffff,1,0.0,2.0,0.0,0.0,7.0,0.0,0.0,0.0,1.0,0.0,0.0,0.0,0.0,0.0,0.0,0.0,0
89446c31da7ffff,25,9.0,2.0,0.2,0.08,9.13,0.0,0.0,0.96,0.0,0.0,0.0,0.0,0.0,0.0,0.0,0.0,3
89446c31db7ffff,1,1.0,2.0,0.0,0.0,10.0,0.0,0.0,0.0,0.0,0.0,0.0,0.0,0.0,0.0,0.0,0.0,27
89446c31e07ffff,2,2.0,3.0,0.5,0.0,10.0,0.0,0.0,0.0,0.0,0.0,0.0,0.0,0.0,0.0,0.0,0.0,18
89446c31e0fffff,3,1.0,2.3333333333333335,0.3333333333333333,0.3333333333333333,6.666666666666667,0.0,0.0,0.0,0.0,0.0,0.0,0.0,0.0,0.0,0.0,0.0,56
89446c31e17ffff,15,3.0,2.8666666666666667,0.6,0.2,9.466666666666667,0.0,0.0,0.0,0.0,0.0,0.0,0.0,0.0,0.0,0.0,0.0,42
89446c31e1bffff,1,1.0,2.0,0.0,0.0,10.0,0.0,0.0,0.0,1.0,0.0,0.0,0.0,0.0,0.0,0.0,0.0,3
89446c31e27ffff,1,0.0,2.0,0.0,1.0,10.0,0.0,0.0,0.0,0.0,0.0,0.0,0.0,0.0,0.0,0.0,0.0,0
89446c31e4bffff,5,2.0,2.0,0.2,0.0,9.4,0.0,0.0,0.0,0.0,0.0,0.0,0.0,0.0,0.0,0.0,0.0,48
89446c31e4fffff,1,1.0,2.0,0.0,0.0,7.0,0.0,1.0,0.0,0.0,0.0,1.0,0.0,0.0,0.0,0.0,0.0,25
89446c31e53ffff,4,1.0,2.0,0.25,0.0,10.0,0.0,0.0,0.0,0.75,0.0,0.0,0.0,0.0,0.0,0.0,0.25,36
89446c31e5bffff,27,5.0,2.0,0.25925925925925924,0.1111111111111111,9.37037037037037,0.0,0.0,0.9629629629629629,0.0,0.0,0.0,0.0,0.0,0.0,0.0,0.0,14
89446c31e63ffff,1,1.0,2.0,1.0,0.0,10.0,0.0,0.0,0.0,1.0,0.0,0.0,0.0,0.0,0.0,0.0,0.0,83
89446c31e67ffff,29,8.0,2.8275862068965516,0.27586206896551724,0.10344827586206896,9.110344827586207,0.0,0.06896551724137931,0.06896551724137931,0.0,0.0,0.0,0.0,0.0,0.0,0.0,0.0,82
89446c31e77ffff,54,16.0,2.759259259259259,0.2962962962962963,0.14814814814814814,9.203703703703704,0.0,0.16666666666666666,0.6296296296296297,0.0,0.12962962962962962,0.0,0.0,0.0,0.0,0.0,0.0,33
89446c31e87ffff,11,2.0,3.090909090909091,0.2727272727272727,0.09090909090909091,9.727272727272727,0.0,0.0,0.0,0.09090909090909091,0.0,0.0,0.0,0.0,0.0,0.0,0.0,41
89446c31e8fffff,40,12.0,2.825,0.35,0.1,9.4125,0.0,0.0,0.05,0.0,0.05,0.0,0.0,0.0,0.0,0.0,0.0,26
89446c31eb3ffff,1,0.0,2.0,0.0,0.0,0.5,0.0,0.0,0.0,1.0,0.0,0.0,0.0,0.0,0.0,0.0,0.0,11
89446c31ec3ffff,1,1.0,2.0,0.0,0.0,10.0,0.0,0.0,0.0,0.0,0.0,0.0,0.0,0.0,0.0,0.0,0.0,24
89446c31ecbffff,1,1.0,2.0,1.0,0.0,10.0,0.0,0.0,0.0,0.0,0.0,0.0,0.0,0.0,0.0,0.0,0.0,41
89446c31ecfffff,3,2.0,2.0,0.3333333333333333,0.0,10.0,0.0,0.0,0.3333333333333333,0.0,0.0,0.0,0.0,0.0,0.0,0.0,0.6666666666666666,7
89446c31ed3ffff,12,2.0,2.0,0.25,0.16666666666666666,9.229166666666666,0.0,0.6666666666666666,0.0,0.6666666666666666,0.0,0.6666666666666666,0.0,0.0,0.0,0.0,0.0,11
89446c31edbffff,8,5.0,2.0,0.375,0.25,8.5,0.0,0.0,0.0,0.375,0.0,0.0,0.0,0.0,0.0,0.0,0.0,48
89446c32003ffff,30,7.0,2.066666666666667,0.2,0.03333333333333333,9.316666666666666,0.0,0.03333333333333333,0.0,0.9666666666666667,0.0,0.0,0.0,0.0,0.0,0.0,0.0,83
89446c32007ffff,11,2.0,2.0,0.18181818181818182,0.09090909090909091,8.118181818181817,0.0,0.8181818181818182,0.8181818181818182,0.0,0.0,0.0,0.0,0.0,0.0,0.0,0.45454545454545453,95
89446c3200bffff,4,2.0,2.0,0.25,0.0,7.75,0.0,0.75,0.0,1.0,0.0,0.0,0.0,0.0,0.0,0.0,0.0,113
89446c3200fffff,52,7.0,2.0,0.23076923076923078,0.07692307692307693,8.745,0.0,0.5576923076923077,0.7884615384615384,0.1346153846153846,0.0,0.0,0.0,0.0,0.0,0.0,0.25,92
89446c32013ffff,5,0.0,2.0,0.0,0.0,9.5,0.0,0.0,0.0,0.4,0.0,0.0,0.0,0.0,0.0,0.0,0.0,69
89446c32017ffff,1,1.0,2.0,1.0,1.0,5.0,0.0,0.0,0.0,0.0,0.0,0.0,0.0,0.0,0.0,0.0,0.0,60
89446c3201bffff,10,2.0,2.0,0.0,0.0,9.11111111111111,0.0,0.7,0.0,0.9,0.0,0.0,0.0,0.0,0.0,0.0,0.0,66
89446c32023ffff,2,2.0,2.0,0.0,0.0,10.0,0.0,0.5,0.0,1.0,0.0,0.0,0.0,0.0,0.0,0.0,0.0,69
89446c32027ffff,10,3.0,2.1,0.0,0.0,8.533333333333333,0.0,0.0,0.0,1.0,0.0,0.0,0.0,0.0,0.0,0.0,0.0,442
89446c3202bffff,6,1.0,2.1666666666666665,0.0,0.0,10.0,0.0,0.0,0.0,1.0,0.0,0.0,0.0,0.0,0.0,0.0,0.0,196
89446c3202fffff,28,15.0,2.25,0.35714285714285715,0.03571428571428571,8.783928571428572,0.0,0.35714285714285715,0.0,0.6071428571428571,0.0,0.0,0.0,0.0,0.0,0.0,0.0,199
89446c32033ffff,2,0.0,2.0,0.0,0.0,8.5,0.0,1.0,0.0,1.0,0.0,0.0,0.0,0.0,0.0,0.0,0.0,83
89446c32037ffff,20,4.0,2.0,0.15,0.05,9.7,0.0,0.6,0.4,0.6,0.0,0.0,0.0,0.0,0.0,0.0,0.0,148
89446c3203bffff,3,1.0,2.0,0.3333333333333333,0.0,9.0,0.0,0.0,0.0,1.0,0.0,0.0,0.0,0.0,0.0,0.0,0.0,100
89446c32043ffff,5,1.0,2.0,0.0,0.0,7.45,0.0,0.0,0.0,0.8,0.0,0.0,0.0,0.0,0.0,0.0,0.0,38
89446c32047ffff,2,0.0,2.0,0.0,0.0,10.0,0.0,0.0,0.0,1.0,0.0,0.0,0.0,0.0,0.0,0.0,0.5,40
89446c3204bffff,11,2.0,2.0,0.09090909090909091,0.09090909090909091,8.363636363636363,0.0,0.36363636363636365,0.0,1.0,0.0,0.0,0.0,0.0,0.0,0.0,0.0,63
89446c3204fffff,10,3.0,2.0,0.4,0.1,9.6,0.0,0.8,0.7,0.2,0.0,0.0,0.0,0.0,0.0,0.0,0.8,35
89446c32053ffff,6,2.0,2.0,0.3333333333333333,0.16666666666666666,8.040000000000001,0.0,0.0,0.0,0.5,0.0,0.0,0.0,0.0,0.0,0.0,0.0,39
89446c32057ffff,2,2.0,2.0,0.5,0.0,10.0,0.0,0.0,0.0,0.5,0.0,0.0,0.0,0.0,0.0,0.0,0.0,36
89446c3205bffff,7,5.0,2.0,0.14285714285714285,0.14285714285714285,8.714285714285714,0.0,0.0,0.0,1.0,0.0,0.0,0.0,0.0,0.0,0.0,0.0,55
89446c32063ffff,1,0.0,2.0,1.0,0.0,0.2,0.0,0.0,0.0,1.0,0.0,0.0,0.0,0.0,0.0,0.0,0.0,128
89446c32067ffff,22,10.0,2.0,0.22727272727272727,0.045454545454545456,8.840909090909092,0.0,0.5454545454545454,0.0,1.0,0.0,0.0,0.0,0.0,0.0,0.0,0.0,244
89446c3206bffff,8,0.0,2.0,0.25,0.0,8.285714285714286,0.0,0.0,0.0,0.75,0.0,0.0,0.0,0.0,0.0,0.0,0.0,188
89446c3206fffff,52,16.0,2.2115384615384617,0.057692307692307696,0.019230769230769232,9.04,0.0,0.15384615384615385,0.0,0.25,0.0,0.0,0.0,0.0,0.0,0.0,0.0,221
89446c32073ffff,17,6.0,2.0,0.058823529411764705,0.0,8.305882352941175,0.0,0.0,0.0,0.9411764705882353,0.0,0.0,0.0,0.0,0.0,0.0,0.0,88
89446c32077ffff,27,10.0,2.0,0.18518518518518517,0.1111111111111111,8.538461538461538,0.0,0.0,0.2962962962962963,0.6666666666666666,0.0,0.0,0.0,0.0,0.0,0.0,0.0,101
89446c3207bffff,2,1.0,2.0,0.0,0.0,10.0,0.0,0.0,0.0,0.5,0.0,0.0,0.0,0.0,0.0,0.0,0.0,52
89446c32083ffff,4,3.0,2.0,0.0,0.0,6.5,0.0,0.0,0.0,0.0,0.0,0.0,0.0,0.0,0.0,0.0,0.0,45
89446c32087ffff,5,0.0,2.0,0.2,0.0,10.0,0.0,0.0,0.0,0.0,0.0,0.0,0.0,0.0,0.0,0.0,0.0,69
89446c3208bffff,7,2.0,2.0,0.2857142857142857,0.0,8.5,0.0,0.0,0.0,0.0,0.0,0.0,0.0,0.0,0.0,0.0,0.0,63
89446c3208fffff,5,0.0,2.0,0.2,0.0,7.8,0.0,0.0,0.0,0.0,0.0,0.0,0.0,0.0,0.0,0.0,0.0,24
89446c32093ffff,8,1.0,2.0,0.125,0.125,6.892857142857143,0.0,0.0,0.0,1.0,0.0,0.0,0.0,0.0,0.0,0.0,0.0,46
89446c32097ffff,11,2.0,2.090909090909091,0.18181818181818182,0.09090909090909091,8.927272727272728,0.0,0.2727272727272727,0.0,0.18181818181818182,0.0,0.0,0.0,0.0,0.2727272727272727,0.0,0.18181818181818182,120
89446c3209bffff,9,1.0,2.0,0.1111111111111111,0.1111111111111111,9.11111111111111,0.0,0.0,0.0,1.0,0.0,0.0,0.0,0.0,0.2222222222222222,0.0,0.0,58
89446c320a3ffff,23,3.0,2.0,0.043478260869565216,0.043478260869565216,9.304347826086957,0.0,0.34782608695652173,0.0,0.9130434782608695,0.0,0.0,0.0,0.0,0.0,0.0,0.0,126
89446c320a7ffff,29,5.0,2.0,0.13793103448275862,0.034482758620689655,8.392307692307693,0.0,0.6206896551724138,0.7241379310344828,0.20689655172413793,0.0,0.0,0.0,0.0,0.0,0.0,0.06896551724137931,118
89446c320abffff,7,0.0,2.0,0.0,0.0,10.0,0.0,0.8571428571428571,0.0,0.8571428571428571,0.0,0.0,0.0,0.0,0.0,0.0,0.0,79
89446c320afffff,40,11.0,2.0,0.15,0.1,8.658974358974358,0.0,0.875,0.625,0.35,0.0,0.0,0.0,0.0,0.0,0.0,0.175,114
89446c320b3ffff,32,8.0,2.0,0.09375,0.0625,8.53125,0.0,0.5625,0.5,0.5,0.0,0.0,0.0,0.0,0.0,0.0,0.0,63
89446c320b7ffff,16,7.0,2.0,0.125,0.0,9.3125,0.0,0.6875,0.0,1.0,0.0,0.0,0.0,0.0,0.0,0.0,0.0,95
89446c320bbffff,2,1.0,2.0,0.0,0.0,10.0,0.0,0.0,0.0,0.5,0.0,0.0,0.0,0.0,0.0,0.0,0.0,73
89446c320c3ffff,6,2.0,2.0,0.0,0.0,9.0,0.0,0.0,0.0,0.6666666666666666,0.0,0.0,0.0,0.0,0.0,0.0,0.0,57
89446c320c7ffff,16,3.0,2.0,0.0625,0.0,9.2625,0.0,0.875,0.625,0.3125,0.0,0.0,0.0,0.0,0.0,0.0,0.0,61
89446c320cfffff,9,6.0,2.0,0.2222222222222222,0.0,9.777777777777779,0.0,0.6666666666666666,0.0,1.0,0.0,0.0,0.0,0.0,0.0,0.0,0.0,40
89446c320d3ffff,2,2.0,2.0,0.5,0.0,9.5,0.0,0.0,0.0,0.5,0.0,0.0,0.0,0.0,0.0,0.0,0.0,56
89446c320d7ffff,24,7.0,2.0,0.125,0.125,8.8125,0.0,0.3333333333333333,0.6666666666666666,0.20833333333333334,0.0,0.0,0.0,0.0,0.0,0.0,0.0,51
89446c320dbffff,6,1.0,2.0,0.16666666666666666,0.0,10.0,0.0,1.0,0.0,1.0,0.0,0.0,0.0,0.0,0.0,0.0,0.0,38
89446c32103ffff,11,4.0,2.0,0.36363636363636365,0.09090909090909091,8.818181818181818,0.0,0.7272727272727273,0.7272727272727273,0.09090909090909091,0.0,0.0,0.0,0.0,0.0,0.0,0.0,40
89446c32107ffff,3,2.0,2.0,0.0,0.0,10.0,0.0,0.3333333333333333,0.0,0.6666666666666666,0.0,0.0,0.0,0.0,0.0,0.0,0.0,21
89446c3210bffff,1,0.0,2.0,0.0,0.0,7.0,0.0,0.0,0.0,1.0,0.0,0.0,0.0,0.0,0.0,0.0,0.0,40
89446c3210fffff,1,0.0,2.0,1.0,0.0,10.0,0.0,0.0,0.0,1.0,0.0,0.0,0.0,0.0,0.0,0.0,0.0,24
89446c32113ffff,13,6.0,2.1538461538461537,0.3076923076923077,0.07692307692307693,9.666666666666666,0.0,0.46153846153846156,0.0,0.38461538461538464,0.0,0.0,0.0,0.0,0.0,0.0,0.0,67
89446c32117ffff,1,0.0,2.0,0.0,0.0,10.0,0.0,0.0,0.0,0.0,0.0,0.0,0.0,0.0,0.0,0.0,0.0,111
89446c3211bffff,21,15.0,2.4761904761904763,0.3333333333333333,0.14285714285714285,9.619047619047619,0.2857142857142857,0.047619047619047616,0.0,0.0,0.0,0.0,0.0,0.0,0.0,0.0,0.0,45
89446c32123ffff,1,1.0,2.0,0.0,0.0,10.0,0.0,0.0,0.0,1.0,0.0,0.0,0.0,0.0,0.0,0.0,0.0,42
89446c32127ffff,11,3.0,2.0,0.0,0.0,9.5,0.0,0.0,0.0,0.09090909090909091,0.0,0.0,0.0,0.0,0.0,0.0,0.0,75
89446c3212bffff,1,1.0,2.0,0.0,0.0,8.0,0.0,0.0,0.0,1.0,0.0,0.0,0.0,0.0,0.0,0.0,0.0,10
89446c3212fffff,1,1.0,2.0,1.0,0.0,7.0,0.0,0.0,0.0,1.0,0.0,0.0,0.0,0.0,0.0,0.0,0.0,72
89446c32137ffff,24,10.0,2.0,0.16666666666666666,0.041666666666666664,9.416666666666666,0.0,0.0,0.20833333333333334,0.0,0.0,0.0,0.0,0.0,0.0,0.0,0.0,51
89446c3213bffff,5,3.0,2.0,0.2,0.2,9.8,0.0,0.0,0.0,0.2,0.0,0.0,0.0,0.0,0.0,0.0,0.2,7
89446c32143ffff,40,17.0,2.0,0.275,0.05,8.952631578947368,0.0,0.825,0.725,0.5,0.35,0.0,0.0,0.0,0.0,0.0,0.0,353
89446c32147ffff,2,1.0,2.0,0.0,0.0,10.0,0.0,0.0,0.0,0.0,0.0,0.0,0.0,0.0,0.0,0.0,0.0,64
89446c3214fffff,18,3.0,2.0,0.16666666666666666,0.0,9.222222222222221,0.0,0.8333333333333334,0.8888888888888888,0.0,0.0,0.0,0.0,0.0,0.0,0.0,0.0,65
89446c32153ffff,265,70.0,2.4037735849056605,0.19622641509433963,0.026415094339622643,9.015625,0.022641509433962263,0.32452830188679244,0.44528301886792454,0.2037735849056604,0.3320754716981132,0.0,0.0,0.0,0.0,0.0,0.0037735849056603774,197
89446c32157ffff,2,1.0,2.0,0.0,0.0,9.0,0.0,0.0,0.0,1.0,0.0,0.0,0.0,0.0,0.0,0.0,0.0,347
89446c3215bffff,66,8.0,2.6363636363636362,0.21212121212121213,0.045454545454545456,9.140625,0.06060606060606061,0.015151515151515152,0.0,0.015151515151515152,0.0,0.0,0.0,0.0,0.0,0.0,0.0,344
89446c32163ffff,1,0.0,2.0,0.0,0.0,10.0,0.0,0.0,0.0,0.0,0.0,0.0,0.0,0.0,0.0,0.0,0.0,10
89446c3216bffff,3,1.0,2.0,0.0,0.0,7.5,0.0,0.3333333333333333,0.0,1.0,0.0,0.0,0.0,0.0,0.0,0.0,0.0,74
89446c3216fffff,3,0.0,2.0,0.0,0.0,10.0,0.0,0.3333333333333333,0.0,0.6666666666666666,0.0,0.0,0.0,0.0,0.0,0.0,0.0,45
89446c32173ffff,3,3.0,2.0,0.3333333333333333,0.0,10.0,0.0,0.3333333333333333,0.0,0.6666666666666666,0.3333333333333333,0.0,0.0,0.0,0.0,0.0,0.0,6
89446c32177ffff,1,1.0,2.0,1.0,0.0,10.0,0.0,0.0,0.0,1.0,0.0,0.0,0.0,0.0,0.0,0.0,0.0,11
89446c32183ffff,3,1.0,2.0,0.3333333333333333,0.0,6.733333333333333,0.0,0.0,0.0,1.0,0.0,0.0,0.0,0.0,0.0,0.0,0.0,66
89446c32187ffff,9,5.0,2.0,0.2222222222222222,0.2222222222222222,7.555555555555555,0.0,0.5555555555555556,0.5555555555555556,0.0,0.0,0.0,0.0,0.0,0.0,0.0,0.0,264
89446c3218bffff,6,2.0,2.0,0.16666666666666666,0.16666666666666666,8.833333333333334,0.0,0.0,0.0,0.6666666666666666,0.0,0.0,0.0,0.0,0.0,0.0,0.0,54
89446c3218fffff,28,9.0,2.5714285714285716,0.25,0.14285714285714285,8.857142857142858,0.8214285714285714,0.07142857142857142,0.0,0.03571428571428571,0.0,0.0,0.0,0.0,0.0,0.0,0.0,85
89446c32197ffff,18,7.0,2.0,0.2222222222222222,0.0,9.333333333333334,0.0,0.4444444444444444,0.0,1.0,0.0,0.0,0.0,0.0,0.0,0.0,0.0,31
89446c3219bffff,5,0.0,2.0,0.2,0.0,9.8,0.0,0.2,0.0,1.0,0.0,0.0,0.0,0.0,0.0,0.0,0.0,43
89446c321a3ffff,17,9.0,2.0,0.17647058823529413,0.058823529411764705,9.411764705882353,0.0,0.17647058823529413,0.11764705882352941,0.7058823529411765,0.0,0.0,0.0,0.0,0.0,0.0,0.058823529411764705,256
89446c321a7ffff,3,2.0,2.0,0.0,0.0,10.0,0.0,0.6666666666666666,0.0,0.0,0.0,0.0,0.0,0.0,0.0,0.0,0.0,80
89446c321abffff,3,2.0,2.0,0.0,0.3333333333333333,6.666666666666667,0.0,1.0,0.0,1.0,0.0,0.0,0.0,0.0,0.0,0.0,0.0,112
89446c321afffff,38,8.0,2.0,0.21052631578947367,0.07894736842105263,9.090277777777779,0.0,0.9736842105263158,0.8421052631578947,0.0,0.0,0.02631578947368421,0.0,0.0,0.0,0.0,0.0,48
89446c321b3ffff,159,42.0,2.5660377358490565,0.25157232704402516,0.06918238993710692,9.00263157894737,0.0,0.5974842767295597,0.8301886792452831,0.05660377358490566,0.05660377358490566,0.0,0.0,0.0,0.0,0.0,0.0,135
89446c321bbffff,53,25.0,2.3207547169811322,0.2830188679245283,0.07547169811320754,8.81132075471698,0.0,0.20754716981132076,0.16981132075471697,0.4339622641509434,0.09433962264150944,0.0,0.0,0.0,0.0,0.0,0.09433962264150944,217
89446c321c3ffff,1,0.0,2.0,0.0,0.0,0.8,0.0,0.0,0.0,1.0,0.0,0.0,0.0,0.0,0.0,0.0,0.0,118
89446c321cbffff,61,20.0,2.0491803278688523,0.08196721311475409,0.11475409836065574,8.825,0.0,0.7049180327868853,0.0,0.9836065573770492,0.0,0.0,0.0,0.0,0.0,0.0,0.0,347
89446c321cfffff,18,13.0,2.3333333333333335,0.2777777777777778,0.1111111111111111,8.86111111111111,0.0,0.3333333333333333,0.0,0.4444444444444444,0.0,0.0,0.0,0.0,0.0,0.0,0.0,350
89446c321d3ffff,1,1.0,2.0,0.0,0.0,9.0,0.0,0.0,0.0,0.0,0.0,0.0,0.0,0.0,0.0,0.0,0.0,85
89446c321d7ffff,5,3.0,2.0,0.0,0.2,8.2,0.0,0.2,0.0,1.0,0.0,0.0,0.0,0.0,0.0,0.0,0.0,25
89446c321dbffff,33,11.0,2.0303030303030303,0.030303030303030304,0.06060606060606061,8.04516129032258,0.0,0.7575757575757576,0.18181818181818182,0.8181818181818182,0.0,0.0,0.0,0.0,0.0,0.0,0.0,152
89446c32203ffff,80,22.0,2.4875,0.35,0.0375,9.36875,0.025,0.0,0.0,0.075,0.0,0.0,0.0,0.0,0.0,0.0,0.0,138
89446c32207ffff,1,1.0,2.0,0.0,0.0,10.0,0.0,0.0,0.0,0.0,0.0,0.0,0.0,0.0,0.0,0.0,0.0,868
89446c3220bffff,3,2.0,2.0,0.0,0.3333333333333333,6.833333333333333,0.0,0.0,0.0,0.6666666666666666,0.0,0.0,0.0,0.0,0.0,0.0,0.0,320
89446c3220fffff,76,35.0,2.6842105263157894,0.39473684210526316,0.039473684210526314,9.159333333333334,0.02631578947368421,0.013157894736842105,0.0,0.039473684210526314,0.0,0.0,0.0,0.0,0.0,0.0,0.0,768
89446c32213ffff,2,2.0,2.0,0.5,0.0,8.0,0.0,0.0,0.0,0.0,0.0,0.0,0.0,0.0,0.0,0.0,0.0,342
89446c32217ffff,8,5.0,2.0,0.375,0.125,10.0,0.0,0.0,0.0,0.0,0.0,0.0,0.0,0.0,0.0,0.0,0.0,133
89446c3221bffff,48,10.0,2.5,0.1875,0.041666666666666664,8.620833333333334,0.6666666666666666,0.0625,0.0,0.08333333333333333,0.0,0.0,0.0,0.0,0.0,0.0,0.0,288
89446c32223ffff,3,1.0,2.0,0.3333333333333333,0.0,8.333333333333334,0.0,0.0,0.0,1.0,0.0,0.0,0.0,0.0,0.0,0.0,0.0,832
89446c32227ffff,9,3.0,2.0,0.2222222222222222,0.1111111111111111,8.422222222222222,0.0,0.3333333333333333,0.0,0.5555555555555556,0.0,0.1111111111111111,0.0,0.0,0.0,0.0,0.0,88
89446c3222bffff,88,13.0,2.477272727272727,0.4090909090909091,0.09090909090909091,8.511494252873563,0.7613636363636364,0.03409090909090909,0.0,0.03409090909090909,0.0,0.0,0.0,0.0,0.0,0.0,0.0,605
89446c3222fffff,13,5.0,2.3846153846153846,0.3076923076923077,0.0,8.654545454545454,0.07692307692307693,0.0,0.0,0.3076923076923077,0.0,0.0,0.0,0.0,0.0,0.0,0.0,201
89446c32233ffff,139,34.0,2.5611510791366907,0.2733812949640288,0.03597122302158273,8.978676470588235,0.05755395683453238,0.6906474820143885,0.6762589928057554,0.1510791366906475,0.0,0.0,0.0,0.0,0.0,0.0,0.0,619
89446c32237ffff,46,25.0,2.369565217391304,0.10869565217391304,0.043478260869565216,9.5,0.0,0.15217391304347827,0.15217391304347827,0.5434782608695652,0.0,0.0,0.0,0.0,0.0,0.0,0.0,218
89446c3223bffff,537,198.0,2.90316573556797,0.2886405959031657,0.061452513966480445,8.889717514124293,0.0037243947858473,0.00186219739292365,0.0,0.0,0.0,0.0,0.0,0.0,0.0037243947858473,0.0,0.0,347
89446c32243ffff,2,2.0,2.0,0.0,1.0,9.0,0.0,0.0,0.0,1.0,0.0,0.0,0.0,0.0,0.0,0.0,0.0,44
89446c32247ffff,2,1.0,2.0,0.5,0.0,10.0,0.0,0.0,0.0,1.0,0.0,1.0,0.0,0.0,0.0,0.0,0.0,149
89446c3224bffff,11,5.0,2.090909090909091,0.09090909090909091,0.09090909090909091,7.9772727272727275,0.0,0.0,0.0,1.0,0.0,0.0,0.0,0.0,0.0,0.0,0.0,254
89446c3224fffff,16,8.0,2.25,0.375,0.0,9.171875,0.0,0.0,0.0,0.0,0.0,0.0,0.0,0.0,0.0,0.0,0.0,263
89446c32253ffff,1,0.0,2.0,0.0,0.0,5.0,0.0,0.0,0.0,1.0,0.0,0.0,0.0,0.0,0.0,0.0,0.0,71
89446c32257ffff,7,6.0,2.0,0.42857142857142855,0.14285714285714285,8.857142857142858,0.0,0.42857142857142855,0.42857142857142855,0.5714285714285714,0.0,0.42857142857142855,0.0,0.0,0.0,0.0,0.14285714285714285,68
89446c3225bffff,7,1.0,2.0,0.42857142857142855,0.0,8.428571428571429,0.0,0.0,0.0,1.0,0.0,0.0,0.0,0.0,0.0,0.0,0.0,55
89446c32263ffff,9,4.0,2.0,0.0,0.1111111111111111,8.666666666666666,0.0,0.4444444444444444,0.4444444444444444,0.5555555555555556,0.0,0.5555555555555556,0.0,0.0,0.0,0.5555555555555556,0.1111111111111111,183
89446c32267ffff,6,1.0,2.0,0.3333333333333333,0.0,9.0,0.0,1.0,0.0,1.0,0.0,0.6666666666666666,0.0,0.0,0.0,0.0,0.0,147
89446c3226bffff,12,4.0,2.0,0.08333333333333333,0.0,9.75,0.0,0.75,0.0,1.0,0.0,0.0,0.0,0.0,0.0,0.0,0.0,43
89446c3226fffff,4,2.0,2.0,0.75,0.0,10.0,0.0,0.25,0.0,0.5,0.0,0.25,0.0,0.0,0.0,0.0,0.0,37
89446c32273ffff,107,37.0,2.5514018691588785,0.3177570093457944,0.028037383177570093,8.754761904761905,0.07476635514018691,0.4392523364485981,0.411214953271028,0.1588785046728972,0.0,0.45794392523364486,0.0,0.0,0.0,0.0,0.0,144
89446c32277ffff,40,8.0,2.6,0.2,0.025,8.658974358974358,0.1,0.0,0.0,0.075,0.0,0.0,0.0,0.0,0.0,0.0,0.0,823
89446c3227bffff,14,3.0,2.5,0.42857142857142855,0.07142857142857142,8.842857142857143,0.0,0.07142857142857142,0.0,0.14285714285714285,0.0,0.0,0.0,0.0,0.0,0.0,0.0,155
89446c32287ffff,27,10.0,2.0,0.37037037037037035,0.1111111111111111,9.555555555555555,0.0,0.6296296296296297,0.6666666666666666,0.25925925925925924,0.0,0.0,0.0,0.0,0.0,0.0,0.0,47
89446c3228bffff,9,4.0,2.0,0.0,0.0,9.714285714285714,0.0,0.0,0.0,0.7777777777777778,0.0,0.0,0.0,0.0,0.0,0.0,0.0,254
89446c3228fffff,13,4.0,2.0,0.38461538461538464,0.0,9.923076923076923,0.0,0.0,0.0,0.6153846153846154,0.0,0.0,0.0,0.0,0.0,0.0,0.0,55
89446c32293ffff,7,3.0,2.0,0.42857142857142855,0.14285714285714285,8.071428571428571,0.0,0.14285714285714285,0.14285714285714285,0.5714285714285714,0.0,0.0,0.0,0.0,0.0,0.0,0.0,31
89446c32297ffff,13,4.0,2.0,0.0,0.3076923076923077,7.923076923076923,0.0,0.0,0.0,0.46153846153846156,0.0,0.0,0.0,0.0,0.0,0.0,0.0,56
89446c3229bffff,5,3.0,2.0,0.6,0.0,9.4,0.0,0.0,0.0,1.0,0.0,0.0,0.0,0.0,0.0,0.0,0.4,76
89446c322a3ffff,3,0.0,2.0,0.0,0.0,9.0,0.0,0.0,0.0,0.6666666666666666,0.0,0.0,0.0,0.0,0.0,0.0,0.0,60
89446c322a7ffff,4,2.0,2.0,0.5,0.0,10.0,0.0,0.0,0.0,1.0,0.0,0.0,0.0,0.0,0.0,0.0,0.0,200
89446c322abffff,28,11.0,2.0,0.25,0.03571428571428571,8.526785714285714,0.0,0.25,0.25,0.7142857142857143,0.0,0.0,0.0,0.0,0.0,0.0,0.0,164
89446c322afffff,4,2.0,2.25,0.75,0.0,8.75,0.0,0.0,0.0,0.5,0.0,0.0,0.0,0.0,0.0,0.0,0.0,276
89446c322b3ffff,1,0.0,2.0,1.0,0.0,10.0,0.0,0.0,0.0,1.0,0.0,0.0,0.0,0.0,0.0,0.0,0.0,74
89446c322b7ffff,14,4.0,2.0,0.2857142857142857,0.07142857142857142,9.071428571428571,0.0,0.07142857142857142,0.0,0.9285714285714286,0.0,0.0,0.0,0.0,0.0,0.0,0.14285714285714285,28
89446c322bbffff,9,0.0,2.0,0.0,0.0,8.777777777777779,0.0,0.0,0.0,1.0,0.0,0.0,0.0,0.0,0.0,0.0,0.0,80
89446c322c3ffff,7,3.0,2.0,0.2857142857142857,0.0,7.142857142857143,0.0,0.0,0.0,0.42857142857142855,0.0,0.0,0.0,0.0,0.0,0.0,0.0,369
89446c322c7ffff,184,59.0,2.7282608695652173,0.266304347826087,0.07608695652173914,8.897777777777778,0.0,0.059782608695652176,0.059782608695652176,0.07608695652173914,0.45108695652173914,0.0,0.0,0.0,0.0,0.0,0.0,128
89446c322cbffff,8,2.0,2.0,0.125,0.0,9.833333333333334,0.0,0.25,0.25,0.625,0.0,0.25,0.0,0.0,0.0,0.25,0.0,87
89446c322cfffff,12,6.0,2.0,0.16666666666666666,0.0,9.166666666666666,0.0,0.6666666666666666,0.6666666666666666,0.3333333333333333,0.0,0.6666666666666666,0.0,0.0,0.0,0.3333333333333333,0.0,255
89446c322d3ffff,86,38.0,2.36046511627907,0.313953488372093,0.09302325581395349,8.343253012048192,0.09302325581395349,0.3023255813953488,0.0,0.13953488372093023,0.3023255813953488,0.0,0.0,0.0,0.0,0.0,0.0,110
89446c322d7ffff,50,18.0,2.58,0.32,0.02,9.166666666666666,0.72,0.0,0.0,0.0,0.0,0.0,0.0,0.0,0.0,0.0,0.0,296
89446c322dbffff,29,10.0,2.0,0.3793103448275862,0.034482758620689655,8.413793103448276,0.0,0.7931034482758621,0.7931034482758621,0.20689655172413793,0.0,0.7931034482758621,0.0,0.0,0.0,0.0,0.0,111
89446c32303ffff,15,7.0,2.0,0.13333333333333333,0.13333333333333333,9.0,0.0,0.0,0.0,0.8666666666666667,0.0,0.0,0.0,0.0,0.0,0.0,0.0,49
89446c32307ffff,5,1.0,2.0,0.4,0.0,8.0,0.0,0.0,0.0,0.8,0.0,0.0,0.0,0.0,0.0,0.0,0.0,82
89446c3230bffff,4,2.0,2.0,0.5,0.0,9.75,0.0,0.25,0.0,0.25,0.0,0.0,0.0,0.0,0.0,0.0,0.0,77
89446c3230fffff,13,6.0,2.0,0.5384615384615384,0.15384615384615385,9.0,0.0,0.0,0.0,0.8461538461538461,0.0,0.0,0.0,0.0,0.0,0.0,0.0,71
89446c32313ffff,1,0.0,2.0,0.0,0.0,10.0,0.0,0.0,0.0,0.0,0.0,0.0,0.0,0.0,0.0,0.0,0.0,67
89446c32317ffff,5,1.0,2.0,0.0,0.0,10.0,0.0,0.8,0.0,0.8,0.0,0.0,0.0,0.0,0.0,0.0,0.0,40
89446c3231bffff,21,8.0,2.0,0.2857142857142857,0.047619047619047616,9.0,0.0,0.0,0.0,0.5714285714285714,0.0,0.0,0.0,0.0,0.0,0.0,0.0,34
89446c32323ffff,11,4.0,2.0,0.2727272727272727,0.18181818181818182,9.045454545454545,0.0,0.09090909090909091,0.09090909090909091,1.0,0.0,0.0,0.0,0.0,0.0,0.0,0.0,55
89446c32327ffff,7,1.0,2.0,0.0,0.0,7.885714285714286,0.0,0.2857142857142857,0.2857142857142857,0.42857142857142855,0.2857142857142857,0.0,0.0,0.0,0.0,0.0,0.2857142857142857,24
89446c3232bffff,1,1.0,2.0,0.0,0.0,10.0,0.0,0.0,0.0,0.0,0.0,0.0,0.0,0.0,0.0,0.0,0.0,49
89446c3232fffff,1,0.0,2.0,0.0,0.0,9.0,0.0,0.0,0.0,1.0,0.0,0.0,0.0,0.0,0.0,0.0,0.0,37
89446c32333ffff,29,7.0,2.0,0.20689655172413793,0.034482758620689655,8.955172413793104,0.0,0.6896551724137931,0.8620689655172413,0.1724137931034483,0.0,0.0,0.0,0.0,0.0,0.0,0.0,39
89446c3233bffff,17,6.0,2.0,0.23529411764705882,0.0,9.533333333333333,0.0,0.7058823529411765,0.7058823529411765,0.23529411764705882,0.0,0.0,0.0,0.0,0.0,0.0,0.0,69
89446c32343ffff,8,4.0,2.0,0.125,0.125,7.275,0.0,0.0,0.0,1.0,0.0,0.0,0.0,0.0,0.0,0.0,0.0,211
89446c32347ffff,4,3.0,2.0,0.0,0.0,8.0,0.0,0.0,0.0,0.5,0.0,0.0,0.0,0.0,0.0,0.0,0.0,133
89446c3234bffff,96,69.0,2.7395833333333335,0.28125,0.041666666666666664,9.65625,0.0,0.0,0.0,0.041666666666666664,0.0,0.0,0.0,0.0,0.0,0.0,0.0,492
89446c3234fffff,88,34.0,2.0113636363636362,0.23863636363636365,0.011363636363636364,9.054651162790698,0.0,0.7045454545454546,0.6363636363636364,0.23863636363636365,0.0,0.0,0.0,0.0,0.0,0.0,0.0,455
89446c32353ffff,4,2.0,2.0,0.0,0.0,9.75,0.0,0.0,0.0,0.75,0.0,0.0,0.0,0.0,0.0,0.0,0.0,46
89446c32357ffff,4,1.0,2.25,0.0,0.25,8.75,0.0,0.0,0.0,1.0,0.0,0.0,0.0,0.0,0.0,0.0,0.0,44
89446c3235bffff,15,3.0,2.0,0.13333333333333333,0.06666666666666667,9.333333333333334,0.0,0.0,0.13333333333333333,0.8,0.0,0.0,0.0,0.0,0.0,0.0,0.0,210
89446c32363ffff,1,0.0,2.0,0.0,0.0,10.0,0.0,1.0,0.0,1.0,0.0,0.0,0.0,0.0,0.0,0.0,0.0,49
89446c32367ffff,5,1.0,2.0,0.0,0.2,8.0,0.0,1.0,0.0,1.0,0.0,0.0,0.0,1.0,1.0,0.0,0.0,21
89446c3236bffff,4,1.0,2.0,0.5,0.0,10.0,0.0,0.0,0.0,0.75,0.0,0.0,0.0,0.0,0.0,0.0,0.0,375
89446c3236fffff,1,0.0,2.0,0.0,0.0,7.0,0.0,0.0,0.0,0.0,0.0,0.0,0.0,0.0,0.0,0.0,0.0,38
89446c32373ffff,20,5.0,2.0,0.1,0.0,8.43157894736842,0.0,0.65,0.0,0.95,0.0,0.0,0.0,0.0,0.0,0.0,0.0,41
89446c32377ffff,10,4.0,2.0,0.3,0.0,8.4,0.0,0.0,0.0,0.8,0.0,0.0,0.0,0.0,0.0,0.0,0.0,57
89446c3237bffff,9,5.0,2.0,0.4444444444444444,0.1111111111111111,8.666666666666666,0.0,0.0,0.0,0.8888888888888888,0.0,0.0,0.0,0.0,0.0,0.0,0.0,170
89446c32383ffff,14,6.0,2.0,0.07142857142857142,0.07142857142857142,9.428571428571429,0.0,0.0,0.0,1.0,0.0,0.0,0.0,0.0,0.0,0.0,0.0,179
89446c32387ffff,1,1.0,2.0,0.0,0.0,10.0,0.0,0.0,0.0,1.0,0.0,0.0,0.0,0.0,0.0,0.0,0.0,32
89446c3238bffff,3,0.0,2.0,0.0,0.0,10.0,0.0,0.0,0.0,1.0,0.0,0.0,0.0,0.0,0.0,0.0,0.0,113
89446c3238fffff,16,5.0,2.0,0.3125,0.0625,9.1875,0.0,0.3125,0.0,0.9375,0.0,0.0,0.0,0.0,0.0,0.0,0.0,24
89446c32393ffff,114,36.0,2.6140350877192984,0.21052631578947367,0.08771929824561403,9.13090909090909,0.05263157894736842,0.5263157894736842,0.5087719298245614,0.043859649122807015,0.0,0.0,0.0,0.0,0.0,0.0,0.017543859649122806,115
89446c32397ffff,1,0.0,2.0,0.0,0.0,1.8,0.0,0.0,0.0,1.0,0.0,0.0,0.0,0.0,0.0,0.0,0.0,223
89446c3239bffff,44,29.0,2.5,0.18181818181818182,0.11363636363636363,9.049999999999999,0.09090909090909091,0.06818181818181818,0.0,0.18181818181818182,0.0,0.0,0.0,0.0,0.0,0.0,0.0,236
89446c323a3ffff,2,0.0,2.0,0.0,0.0,10.0,0.0,0.0,0.0,1.0,0.0,0.0,0.0,0.0,0.0,0.0,0.0,38
89446c323a7ffff,9,3.0,2.0,0.2222222222222222,0.1111111111111111,7.222222222222222,0.0,0.0,0.0,0.1111111111111111,0.0,0.0,0.0,0.0,0.0,0.0,0.0,72
89446c323abffff,3,3.0,2.0,0.0,0.3333333333333333,5.333333333333333,0.0,0.3333333333333333,0.0,0.3333333333333333,0.0,0.3333333333333333,0.0,0.0,0.0,0.0,0.0,44
89446c323afffff,3,1.0,2.0,0.0,0.0,5.3999999999999995,0.0,0.0,0.0,0.3333333333333333,0.6666666666666666,0.0,0.0,0.0,0.0,0.0,0.0,46
89446c323b3ffff,1,0.0,2.0,0.0,0.0,9.0,0.0,0.0,0.0,1.0,0.0,0.0,0.0,0.0,0.0,0.0,0.0,43
89446c323b7ffff,22,6.0,1.9545454545454546,0.13636363636363635,0.045454545454545456,8.5,0.0,0.0,0.8636363636363636,0.13636363636363635,0.0,0.0,0.0,0.0,0.0,0.0,0.0,33
89446c323c3ffff,6,3.0,2.0,0.3333333333333333,0.0,8.24,0.0,0.6666666666666666,0.0,1.0,0.0,0.0,0.0,0.16666666666666666,0.16666666666666666,0.0,0.0,219
89446c323c7ffff,7,2.0,2.0,0.14285714285714285,0.2857142857142857,8.828571428571427,0.0,0.7142857142857143,0.0,1.0,0.0,0.0,0.0,0.0,0.0,0.0,0.0,65
89446c323cbffff,7,1.0,2.0,0.14285714285714285,0.0,9.285714285714286,0.0,0.0,0.0,1.0,0.0,0.0,0.0,0.0,0.0,0.0,0.0,124
89446c323cfffff,3,0.0,2.0,0.0,0.0,10.0,0.0,0.3333333333333333,0.0,1.0,0.0,0.0,0.0,0.0,0.0,0.0,0.0,49
89446c323d3ffff,115,39.0,2.5130434782608697,0.26956521739130435,0.043478260869565216,8.921100917431193,0.0,0.5391304347826087,0.5391304347826087,0.3130434782608696,0.0,0.0,0.0,0.0,0.0,0.0,0.0,157
89446c323d7ffff,31,20.0,2.096774193548387,0.16129032258064516,0.0,9.774193548387096,0.0,0.6129032258064516,0.0,0.7419354838709677,0.03225806451612903,0.0,0.0,0.0,0.0,0.0,0.06451612903225806,227
89446c323dbffff,56,21.0,2.607142857142857,0.39285714285714285,0.05357142857142857,8.633928571428571,0.625,0.05357142857142857,0.0,0.10714285714285714,0.0,0.0,0.0,0.0,0.0,0.0,0.0,182
89446c32403ffff,16,9.0,2.5,0.375,0.0625,9.6875,0.0,0.0,0.0,0.0625,0.0,0.0,0.0,0.0,0.0,0.0,0.0,110
89446c32407ffff,5,2.0,2.0,0.4,0.2,9.2,0.0,0.0,0.0,0.0,0.0,0.0,0.0,0.0,0.0,0.0,0.0,252
89446c3240bffff,4,3.0,2.0,0.0,0.0,8.5,0.0,0.0,0.0,0.0,0.0,0.0,0.0,0.0,0.0,0.0,0.0,185
89446c3240fffff,2,2.0,2.0,0.0,0.5,9.0,0.0,0.0,0.0,0.5,0.0,0.0,0.0,0.0,0.0,0.0,0.0,46
89446c32413ffff,8,3.0,2.0,0.125,0.0,8.6875,0.0,0.125,0.0,0.0,0.0,0.0,0.0,0.0,0.0,0.0,0.0,155
89446c32417ffff,71,39.0,2.6056338028169015,0.2112676056338028,0.056338028169014086,9.190845070422535,0.5633802816901409,0.0,0.2112676056338028,0.19718309859154928,0.0,0.0,0.0,0.0,0.0,0.0,0.0,283
89446c3241bffff,20,10.0,2.2,0.5,0.1,8.7,0.15,0.3,0.0,0.2,0.0,0.0,0.0,0.0,0.0,0.0,0.0,206
89446c32423ffff,1,0.0,2.0,0.0,0.0,10.0,0.0,0.0,0.0,0.0,0.0,0.0,0.0,0.0,0.0,0.0,0.0,32
89446c3242bffff,5,3.0,2.0,0.0,0.2,8.16,0.0,0.0,0.0,0.0,0.0,0.0,0.0,0.0,0.0,0.0,0.0,28
89446c3242fffff,13,2.0,2.0,0.3076923076923077,0.0,9.23076923076923,0.0,0.46153846153846156,0.46153846153846156,0.8461538461538461,0.0,0.0,0.0,0.0,0.0,0.0,0.07692307692307693,100
89446c32433ffff,13,3.0,2.0,0.23076923076923078,0.0,8.840909090909092,0.0,0.0,0.0,0.3076923076923077,0.0,0.0,0.0,0.0,0.0,0.0,0.0,156
89446c3243bffff,1,0.0,2.0,1.0,0.0,10.0,0.0,0.0,0.0,0.0,0.0,0.0,0.0,0.0,0.0,0.0,0.0,27
89446c32443ffff,16,8.0,2.125,0.1875,0.125,9.25,0.0,0.0,0.0,0.0,0.0,0.0,0.0,0.0,0.0,0.0,0.0,189
89446c32447ffff,7,0.0,2.0,0.2857142857142857,0.0,7.042857142857143,0.0,1.0,0.5714285714285714,0.42857142857142855,0.0,0.0,0.0,0.0,0.0,0.0,0.0,178
89446c3244fffff,14,4.0,2.0,0.07142857142857142,0.0,8.607142857142858,0.0,0.9285714285714286,0.0,0.9285714285714286,0.0,0.0,0.0,0.0,0.0,0.0,0.0,39
89446c32453ffff,8,8.0,2.0,0.75,0.125,9.75,0.0,0.0,0.0,0.0,0.0,0.0,0.0,0.0,0.0,0.0,0.0,262
89446c32457ffff,121,47.0,2.5950413223140494,0.2396694214876033,0.03305785123966942,9.011344537815125,0.0743801652892562,0.23140495867768596,0.2975206611570248,0.024793388429752067,0.0,0.0,0.0,0.0,0.0,0.0,0.008264462809917356,109
89446c3245bffff,39,20.0,2.5641025641025643,0.23076923076923078,0.07692307692307693,8.845945945945946,0.15384615384615385,0.0,0.0,0.0,0.0,0.0,0.0,0.0,0.0,0.0,0.0,153
89446c32463ffff,25,6.0,2.0,0.36,0.0,9.541666666666666,0.0,0.52,0.0,0.88,0.0,0.0,0.0,0.0,0.0,0.0,0.0,46
89446c32467ffff,4,0.0,2.0,0.0,0.0,7.5,0.0,0.0,0.0,0.5,0.0,0.0,0.0,0.25,0.25,0.0,0.0,59
89446c3246bffff,7,2.0,2.0,0.0,0.14285714285714285,9.0,0.0,0.7142857142857143,0.0,0.8571428571428571,0.0,0.0,0.0,0.0,0.0,0.0,0.0,48
89446c3246fffff,11,4.0,2.0,0.36363636363636365,0.09090909090909091,9.08,0.0,0.2727272727272727,0.0,0.8181818181818182,0.0,0.0,0.0,0.0,0.0,0.0,0.09090909090909091,71
89446c32473ffff,19,9.0,2.0,0.2631578947368421,0.10526315789473684,8.907894736842104,0.0,0.7894736842105263,0.7894736842105263,0.0,0.0,0.0,0.0,0.0,0.0,0.0,0.0,43
89446c32477ffff,1,0.0,2.0,0.0,0.0,10.0,0.0,0.0,0.0,1.0,0.0,0.0,0.0,0.0,0.0,0.0,0.0,56
89446c3247bffff,4,2.0,2.0,0.25,0.25,6.5,0.0,0.75,0.0,0.75,0.0,0.0,0.0,0.75,0.75,0.0,0.75,76
89446c32483ffff,94,48.0,2.0,0.26595744680851063,0.06382978723404255,8.820879120879122,0.0,0.02127659574468085,0.5106382978723404,0.4148936170212766,0.0,0.0,0.0,0.0,0.0,0.0,0.02127659574468085,251
89446c32487ffff,61,28.0,2.0163934426229506,0.2786885245901639,0.09836065573770492,8.725,0.0,0.3770491803278688,0.0,0.36065573770491804,0.0,0.11475409836065574,0.0,0.0,0.0,0.0,0.0,277
89446c3248bffff,25,5.0,1.96,0.08,0.12,9.08,0.0,0.08,0.0,0.68,0.0,0.08,0.0,0.0,0.0,0.0,0.0,150
89446c3248fffff,20,4.0,2.05,0.2,0.05,9.175,0.0,0.25,0.0,0.85,0.0,0.25,0.0,0.0,0.0,0.0,0.0,344
89446c32493ffff,87,31.0,2.0114942528735633,0.13793103448275862,0.05747126436781609,8.771951219512195,0.0,0.22988505747126436,0.19540229885057472,0.45977011494252873,0.0,0.0,0.0,0.0,0.0,0.0,0.11494252873563218,184
89446c32497ffff,49,18.0,2.0,0.32653061224489793,0.02040816326530612,8.61413043478261,0.0,0.0,0.0,0.32653061224489793,0.0,0.0,0.0,0.0,0.0,0.0,0.0,280
89446c3249bffff,9,4.0,2.0,0.0,0.1111111111111111,8.2,0.0,0.0,0.0,0.0,0.0,0.0,0.0,0.0,0.0,0.0,0.0,235
89446c324a3ffff,42,31.0,2.0952380952380953,0.07142857142857142,0.0,9.804878048780488,0.0,0.0,0.0,0.0,0.0,0.0,0.0,0.0,0.0,0.0,0.0,377
89446c324a7ffff,27,8.0,2.0,0.18518518518518517,0.0,8.492307692307692,0.0,0.37037037037037035,0.25925925925925924,0.4074074074074074,0.0,0.0,0.0,0.0,0.0,0.0,0.0,183
89446c324abffff,149,45.0,2.2885906040268456,0.2080536912751678,0.053691275167785234,8.887919463087249,0.174496644295302,0.10738255033557047,0.11409395973154363,0.28859060402684567,0.0,0.0,0.0,0.0,0.0,0.0,0.0,216
89446c324b3ffff,2,0.0,2.0,0.0,0.0,9.0,0.0,0.0,0.0,0.0,0.0,0.0,0.0,0.0,0.0,0.0,0.0,334
89446c324b7ffff,114,43.0,2.745614035087719,0.2631578947368421,0.043859649122807015,9.063157894736843,0.543859649122807,0.0,0.08771929824561403,0.02631578947368421,0.0,0.0,0.0,0.0,0.0,0.0,0.0,106
89446c324bbffff,85,28.0,2.0,0.10588235294117647,0.047058823529411764,8.858024691358025,0.0,0.047058823529411764,0.047058823529411764,0.4823529411764706,0.0,0.0,0.0,0.0,0.0,0.0,0.047058823529411764,345
89446c324c3ffff,110,23.0,2.0090909090909093,0.18181818181818182,0.08181818181818182,8.930841121495327,0.0,0.7272727272727273,0.9,0.00909090909090909,0.0,0.01818181818181818,0.0,0.0,0.0,0.0,0.0,140
89446c324c7ffff,3,2.0,2.0,0.6666666666666666,0.0,10.0,0.0,0.0,0.0,1.0,0.0,0.0,0.0,0.0,0.0,0.0,0.0,233
89446c324cbffff,9,2.0,2.0,0.2222222222222222,0.0,9.0,0.0,0.4444444444444444,0.0,1.0,0.0,0.0,0.0,0.0,0.0,0.0,0.4444444444444444,253
89446c324cfffff,54,13.0,2.0185185185185186,0.18518518518518517,0.037037037037037035,8.716981132075471,0.0,0.9074074074074074,0.5,0.3333333333333333,0.0,0.0,0.0,0.0,0.0,0.0,0.0,271
89446c324d3ffff,43,15.0,2.0,0.06976744186046512,0.0,9.712195121951218,0.0,0.813953488372093,0.0,0.6976744186046512,0.0,0.0,0.0,0.0,0.0,0.0,0.0,166
89446c324d7ffff,16,3.0,2.0,0.3125,0.125,9.0125,0.0,0.25,0.0,0.8125,0.0,0.0,0.0,0.0,0.0,0.0625,0.0625,195
89446c324dbffff,15,7.0,2.0,0.2,0.0,9.133333333333333,0.0,0.0,0.0,0.8,0.0,0.0,0.0,0.0,0.0,0.0,0.0,216
89446c32503ffff,1,1.0,2.0,0.0,0.0,10.0,0.0,0.0,0.0,0.0,0.0,0.0,0.0,0.0,0.0,0.0,0.0,15
89446c32507ffff,1,1.0,2.0,1.0,0.0,10.0,0.0,0.0,0.0,0.0,0.0,0.0,0.0,0.0,0.0,0.0,0.0,17
89446c3250bffff,4,0.0,2.0,0.0,0.0,10.0,0.0,0.25,0.0,0.5,0.0,0.0,0.0,0.0,0.0,0.0,0.0,15
89446c3250fffff,3,0.0,2.0,0.6666666666666666,0.0,10.0,0.0,0.0,0.0,0.0,0.0,0.0,0.0,0.0,0.0,0.0,0.0,18
89446c32513ffff,2,2.0,2.0,0.0,0.5,8.5,0.0,0.0,0.0,0.0,0.0,0.0,0.0,0.0,0.0,0.0,0.0,12
89446c32517ffff,2,0.0,2.0,0.0,0.0,10.0,0.0,0.0,0.0,0.0,0.0,0.0,0.0,0.0,0.0,0.0,0.0,13
89446c3251bffff,3,2.0,2.0,0.0,0.0,9.0,0.0,0.0,0.0,0.0,0.0,0.0,0.0,0.0,0.0,0.0,0.0,10
89446c32523ffff,13,2.0,2.0,0.15384615384615385,0.07692307692307693,8.545454545454545,0.0,0.46153846153846156,1.0,0.0,0.0,0.0,0.0,0.0,0.0,0.0,0.0,39
89446c32527ffff,2,2.0,2.0,0.5,0.0,8.0,0.0,0.0,0.0,0.0,0.0,0.0,0.0,0.0,0.0,0.0,0.0,47
89446c3252bffff,12,0.0,2.0,0.25,0.08333333333333333,7.333333333333333,0.0,1.0,0.0,1.0,0.0,0.0,0.0,0.0,0.0,0.0,0.0,54
89446c3252fffff,16,3.0,2.0,0.0625,0.125,8.766666666666667,0.0,0.875,0.8125,0.0625,0.0,0.0,0.0,0.0,0.0,0.0,0.0,45
89446c32533ffff,4,2.0,2.0,0.25,0.0,9.75,0.0,0.0,0.0,0.0,0.0,0.0,0.0,0.0,0.0,0.0,0.0,23
89446c32537ffff,1,0.0,2.0,0.0,0.0,8.0,0.0,0.0,0.0,0.0,0.0,0.0,0.0,0.0,0.0,0.0,0.0,39
89446c3253bffff,4,4.0,2.0,0.5,0.0,9.75,0.0,0.0,0.0,0.0,0.0,0.0,0.0,0.0,0.0,0.0,0.0,37
89446c32547ffff,1,1.0,2.0,1.0,0.0,10.0,0.0,0.0,0.0,0.0,0.0,0.0,0.0,0.0,0.0,0.0,0.0,17
89446c3254bffff,15,3.0,2.0,0.06666666666666667,0.2,8.4,0.0,0.8,0.0,0.8666666666666667,0.0,0.0,0.0,0.0,0.0,0.0,0.0,125
89446c3254fffff,2,2.0,2.0,0.5,0.0,10.0,0.0,0.0,0.0,1.0,0.0,0.0,0.0,0.0,0.0,0.0,0.0,68
89446c32553ffff,16,6.0,2.0,0.125,0.0625,8.733333333333333,0.0,0.5,0.5,0.5,0.0,0.0,0.0,0.0,0.0,0.0,0.25,79
89446c32557ffff,3,1.0,2.0,0.0,0.0,9.666666666666666,0.0,0.0,0.0,0.3333333333333333,0.0,0.0,0.0,0.0,0.0,0.0,0.0,24
89446c3255bffff,75,22.0,2.0,0.14666666666666667,0.013333333333333334,8.469594594594595,0.0,0.7866666666666666,0.7866666666666666,0.2,0.0,0.0,0.0,0.0,0.0,0.0,0.0,55
89446c32563ffff,5,3.0,2.0,0.0,0.0,8.8,0.0,0.0,0.0,1.0,0.0,0.0,0.0,0.0,0.0,0.0,0.0,46
89446c32567ffff,17,4.0,2.0,0.23529411764705882,0.058823529411764705,7.426470588235294,0.0,0.0,0.0,0.9411764705882353,0.0,0.0,0.0,0.0,0.0,0.0,0.0,38
89446c3256bffff,5,2.0,2.0,0.0,0.0,9.75,0.0,0.2,0.0,0.8,0.0,0.0,0.0,0.0,0.0,0.0,0.0,67
89446c3256fffff,12,3.0,2.0,0.16666666666666666,0.0,9.018181818181818,0.0,0.0,0.0,1.0,0.0,0.0,0.0,0.0,0.0,0.0,0.0,38
89446c32573ffff,4,4.0,2.0,0.5,0.25,10.0,0.0,0.0,0.0,0.0,0.0,0.0,0.0,0.0,0.0,0.0,0.0,21
89446c32577ffff,4,1.0,2.0,0.25,0.0,5.2,0.0,0.0,0.0,0.0,0.0,0.0,0.0,0.0,0.0,0.0,0.0,45
89446c3257bffff,4,3.0,2.0,0.75,0.0,10.0,0.0,0.0,0.0,1.0,0.0,0.0,0.0,0.0,0.0,0.0,0.0,33
89446c32583ffff,3,1.0,2.0,0.3333333333333333,0.0,8.0,0.0,0.0,0.0,0.0,0.0,0.0,0.0,0.0,0.0,0.0,0.0,14
89446c32587ffff,1,1.0,2.0,0.0,0.0,10.0,0.0,1.0,0.0,0.0,0.0,1.0,0.0,0.0,0.0,0.0,0.0,15
89446c3258fffff,6,1.0,2.0,0.16666666666666666,0.0,9.0,0.0,1.0,1.0,0.0,0.0,0.0,0.0,0.0,0.0,0.0,0.0,8
89446c32593ffff,5,4.0,2.0,0.8,0.0,9.6,0.0,0.0,0.0,0.0,0.0,0.0,0.0,0.0,0.0,0.0,0.0,167
89446c32597ffff,1,1.0,2.0,0.0,0.0,10.0,0.0,0.0,0.0,0.0,0.0,0.0,0.0,0.0,0.0,0.0,0.0,53
89446c3259bffff,1,0.0,2.0,1.0,0.0,10.0,0.0,0.0,0.0,0.0,0.0,0.0,0.0,0.0,0.0,0.0,0.0,20
89446c325a7ffff,1,0.0,2.0,0.0,0.0,10.0,0.0,0.0,0.0,1.0,0.0,0.0,0.0,0.0,0.0,0.0,0.0,10
89446c325abffff,3,0.0,2.0,0.0,0.0,8.333333333333334,0.0,0.0,0.0,0.0,0.0,0.0,0.0,0.0,0.0,0.0,0.0,8
89446c325afffff,1,0.0,2.0,0.0,0.0,10.0,0.0,0.0,0.0,0.0,0.0,0.0,0.0,0.0,0.0,0.0,0.0,13
89446c325b7ffff,3,0.0,2.0,0.0,0.0,9.0,0.0,0.0,0.0,0.0,0.0,0.0,0.0,0.0,0.0,0.0,0.0,20
89446c325cbffff,1,1.0,2.0,0.0,0.0,10.0,0.0,0.0,0.0,1.0,0.0,0.0,0.0,0.0,0.0,0.0,0.0,16
89446c325d3ffff,2,0.0,2.0,0.5,0.0,5.25,0.0,0.0,0.0,0.0,0.0,0.0,0.0,0.0,0.0,0.0,0.0,61
89446c32603ffff,1,0.0,2.0,0.0,0.0,10.0,0.0,0.0,0.0,1.0,0.0,0.0,0.0,0.0,0.0,0.0,0.0,21
89446c32607ffff,3,1.0,2.0,0.0,0.0,10.0,0.0,0.3333333333333333,0.0,0.0,0.0,0.0,0.0,0.0,0.0,0.0,0.0,17
89446c3260bffff,2,0.0,2.0,0.0,0.0,9.5,0.0,0.0,0.0,0.0,0.0,0.0,0.0,0.0,0.0,0.0,0.0,182
89446c3260fffff,4,0.0,2.0,0.0,0.0,7.05,0.0,0.0,0.0,0.0,0.0,0.0,0.0,0.0,0.0,0.0,0.0,28
89446c32613ffff,5,0.0,2.0,0.2,0.0,10.0,0.0,0.0,0.0,1.0,0.0,0.0,0.0,0.0,0.0,0.0,0.0,162
89446c32617ffff,4,1.0,2.0,0.25,0.0,8.75,0.0,0.0,0.0,0.75,0.0,0.0,0.0,0.0,0.0,0.0,0.0,22
89446c3261bffff,3,1.0,2.0,0.3333333333333333,0.0,10.0,0.0,0.0,0.0,0.3333333333333333,0.0,0.0,0.0,0.0,0.0,0.0,0.0,69
89446c32623ffff,4,1.0,2.0,0.5,0.25,6.875,0.0,0.0,0.0,0.0,0.0,0.0,0.0,0.0,0.0,0.0,0.0,47
89446c32627ffff,16,5.0,2.0,0.375,0.0,8.12,0.0,0.0,0.1875,0.8125,0.0,0.0,0.0,0.0,0.0,0.0,0.0625,37
89446c3262bffff,4,4.0,2.0,0.75,0.0,10.0,0.0,0.0,0.0,0.0,0.0,0.0,0.0,0.0,0.0,0.0,0.0,29
89446c3262fffff,4,2.0,2.0,0.0,0.0,7.55,0.0,0.0,0.0,1.0,0.0,0.0,0.0,0.0,0.0,0.0,0.0,51
89446c32633ffff,3,1.0,2.0,0.0,0.0,10.0,0.0,0.0,0.0,0.3333333333333333,0.0,0.0,0.0,0.0,0.0,0.0,0.0,40
89446c32637ffff,16,5.0,2.0,0.1875,0.0625,9.1875,0.0,0.625,0.625,0.3125,0.0,0.0,0.0,0.0,0.0,0.0,0.125,41
89446c3263bffff,4,2.0,2.0,0.25,0.25,10.0,0.0,0.0,0.0,0.75,0.0,0.0,0.0,0.0,0.0,0.0,0.0,23
89446c32643ffff,103,36.0,2.650485436893204,0.4077669902912621,0.07766990291262135,8.632,0.04854368932038835,0.0,0.0,0.10679611650485436,0.0,0.0,0.0,0.0,0.0,0.0,0.0,212
89446c32647ffff,152,88.0,2.7039473684210527,0.32894736842105265,0.1513157894736842,8.655960264900662,0.0,0.21052631578947367,0.23026315789473684,0.05921052631578947,0.15789473684210525,0.0,0.0,0.0,0.0,0.0,0.013157894736842105,314
89446c3264bffff,9,3.0,2.0,0.2222222222222222,0.3333333333333333,7.111111111111111,0.0,0.0,0.0,0.8888888888888888,0.0,0.0,0.0,0.0,0.0,0.0,0.0,140
89446c3264fffff,3,0.0,2.0,0.3333333333333333,0.0,6.733333333333333,0.0,0.0,0.0,0.3333333333333333,0.0,0.0,0.0,0.0,0.0,0.0,0.0,448
89446c32653ffff,31,11.0,2.5483870967741935,0.3870967741935484,0.06451612903225806,9.03225806451613,0.4838709677419355,0.0,0.0,0.0,0.0,0.0,0.0,0.0,0.0,0.0,0.0,257
89446c32657ffff,9,5.0,2.0,0.2222222222222222,0.0,9.666666666666666,0.0,0.4444444444444444,0.0,0.5555555555555556,0.0,0.0,0.0,0.0,0.0,0.0,0.0,318
89446c3265bffff,8,2.0,2.125,0.25,0.0,8.775,0.0,0.625,0.75,0.125,0.0,0.625,0.0,0.0,0.0,0.0,0.0,206
89446c32663ffff,10,6.0,2.0,0.3,0.3,8.555555555555555,0.0,0.0,0.0,0.7,0.0,0.0,0.0,0.0,0.0,0.0,0.0,228
89446c32667ffff,5,4.0,2.0,0.6,0.0,9.4,0.0,0.0,0.0,0.0,0.0,0.0,0.0,0.0,0.0,0.0,0.0,36
89446c3266bffff,16,8.0,2.625,0.1875,0.0625,9.1875,0.0625,0.0,0.0,0.0625,0.0,0.0,0.0,0.0,0.0,0.0,0.0,288
89446c3266fffff,5,2.0,2.2,0.2,0.0,8.8,0.0,0.0,0.0,0.6,0.0,0.0,0.0,0.0,0.0,0.0,0.0,172
89446c32673ffff,13,2.0,2.0,0.15384615384615385,0.07692307692307693,8.5,0.0,0.38461538461538464,0.15384615384615385,0.7692307692307693,0.0,0.0,0.0,0.0,0.0,0.0,0.0,357
89446c32677ffff,5,0.0,2.0,0.0,0.0,8.4,0.0,0.0,0.0,0.4,0.0,0.0,0.0,0.0,0.0,0.0,0.0,40
89446c3267bffff,184,18.0,2.6902173913043477,0.29891304347826086,0.07608695652173914,8.574301675977653,0.02717391304347826,0.7663043478260869,0.75,0.11956521739130435,0.7391304347826086,0.0,0.0,0.0,0.0,0.0,0.0,194
89446c32683ffff,139,57.0,2.7553956834532376,0.2949640287769784,0.07194244604316546,9.41970802919708,0.06474820143884892,0.0,0.0,0.0,0.0,0.0,0.0,0.0,0.0,0.0,0.0,319
89446c32687ffff,17,8.0,2.0,0.17647058823529413,0.058823529411764705,9.058823529411764,0.0,0.47058823529411764,0.4117647058823529,0.47058823529411764,0.0,0.0,0.0,0.11764705882352941,0.11764705882352941,0.0,0.0,265
89446c3268bffff,123,7.0,2.772357723577236,0.3170731707317073,0.032520325203252036,8.810593220338983,0.0,0.0,0.6422764227642277,0.07317073170731707,0.032520325203252036,0.0,0.0,0.0,0.0,0.0,0.0,257
89446c3268fffff,6,6.0,2.0,0.6666666666666666,0.3333333333333333,10.0,0.0,0.3333333333333333,0.0,0.6666666666666666,0.16666666666666666,0.0,0.0,0.0,0.16666666666666666,0.0,0.0,294
89446c32697ffff,106,47.0,2.5377358490566038,0.3113207547169811,0.05660377358490566,8.860377358490567,0.0660377358490566,0.04716981132075472,0.1320754716981132,0.0,0.0,0.0,0.0,0.0,0.0,0.0,0.0,195
89446c3269bffff,67,30.0,2.2686567164179103,0.43283582089552236,0.04477611940298507,9.184848484848485,0.0,0.4626865671641791,0.6268656716417911,0.1044776119402985,0.1044776119402985,0.0,0.0,0.0,0.0,0.0,0.0,322
89446c326a3ffff,3,0.0,2.0,0.0,0.0,3.0,0.0,0.6666666666666666,0.0,1.0,0.0,0.0,0.0,0.0,0.0,0.0,0.0,33
89446c326a7ffff,2,0.0,2.0,0.0,0.0,10.0,0.0,0.0,0.0,0.5,0.0,0.0,0.0,0.0,0.0,0.0,0.0,34
89446c326abffff,1,1.0,2.0,0.0,0.0,10.0,0.0,0.0,0.0,0.0,0.0,0.0,0.0,0.0,0.0,0.0,0.0,31
89446c326afffff,12,5.0,2.0,0.0,0.0,9.041666666666666,0.0,0.75,0.0,0.8333333333333334,0.0,0.0,0.0,0.0,0.0,0.0,0.25,31
89446c326b3ffff,8,1.0,2.0,0.25,0.0,9.571428571428571,0.0,1.0,0.0,0.75,0.0,0.0,0.0,0.0,0.0,0.0,0.125,44
89446c326b7ffff,4,2.0,2.0,0.5,0.0,9.75,0.0,0.0,0.0,0.0,0.0,0.0,0.0,0.0,0.0,0.0,0.0,38
89446c326bbffff,6,1.0,2.0,0.16666666666666666,0.0,9.833333333333334,0.0,0.3333333333333333,0.0,0.8333333333333334,0.0,0.0,0.0,0.0,0.0,0.0,0.0,39
89446c326c3ffff,97,30.0,2.7422680412371134,0.20618556701030927,0.05154639175257732,9.18421052631579,0.29896907216494845,0.0,0.0,0.030927835051546393,0.0,0.0,0.0,0.0,0.0,0.0,0.010309278350515464,437
89446c326c7ffff,25,5.0,2.32,0.24,0.08,7.9875,0.56,0.0,0.0,0.16,0.0,0.0,0.0,0.0,0.0,0.0,0.0,270
89446c326cbffff,82,26.0,2.6951219512195124,0.25609756097560976,0.08536585365853659,8.77716049382716,0.0,0.0,0.0,0.0975609756097561,0.0,0.0,0.0,0.0,0.0,0.0,0.0,472
89446c326cfffff,27,6.0,2.0,0.18518518518518517,0.1111111111111111,9.541666666666666,0.0,0.7777777777777778,0.7777777777777778,0.18518518518518517,0.0,0.0,0.0,0.0,0.0,0.0,0.0,247
89446c326d3ffff,14,3.0,2.0,0.14285714285714285,0.07142857142857142,8.5,0.0,0.5,0.0,0.9285714285714286,0.0,0.0,0.0,0.0,0.0,0.0,0.35714285714285715,438
89446c326d7ffff,15,11.0,2.2666666666666666,0.2,0.2,9.666666666666666,0.0,0.0,0.0,0.06666666666666667,0.0,0.0,0.0,0.0,0.0,0.0,0.0,345
89446c326dbffff,274,34.0,2.8065693430656933,0.23357664233576642,0.04744525547445255,9.109505703422053,0.0036496350364963502,0.0036496350364963502,0.0,0.014598540145985401,0.0,0.0,0.0,0.0,0.0,0.0,0.0072992700729927005,409
89446c3280bffff,1,0.0,2.0,0.0,0.0,10.0,0.0,0.0,0.0,0.0,0.0,0.0,0.0,0.0,0.0,0.0,0.0,11
89446c32813ffff,2,0.0,2.0,0.0,0.0,9.0,0.0,0.0,0.0,0.0,0.0,0.0,0.0,0.0,0.0,0.0,0.0,2
89446c32827ffff,41,8.0,2.0,0.17073170731707318,0.024390243902439025,9.320512820512821,0.0,0.0,0.8536585365853658,0.0975609756097561,0.0,0.0,0.0,0.0,0.0,0.0,0.0,34
89446c3282bffff,12,5.0,2.0,0.3333333333333333,0.08333333333333333,7.568181818181818,0.0,0.0,0.0,1.0,0.0,0.0,0.0,0.0,0.0,0.0,0.0,21
89446c3282fffff,5,3.0,2.0,0.6,0.0,9.8,0.0,0.0,0.0,1.0,0.0,0.0,0.0,0.0,0.0,0.0,0.0,71
89446c32833ffff,1,1.0,2.0,0.0,1.0,5.0,0.0,0.0,0.0,0.0,0.0,0.0,0.0,0.0,0.0,0.0,0.0,6
89446c32837ffff,3,2.0,2.0,0.3333333333333333,0.0,9.666666666666666,0.0,0.0,0.0,0.0,0.0,0.0,0.0,0.0,0.0,0.0,0.0,61
89446c32843ffff,2,2.0,2.0,0.0,0.0,7.0,0.0,0.0,0.0,1.0,0.0,0.0,0.0,0.0,0.0,0.0,0.0,24
89446c32847ffff,9,3.0,2.0,0.2222222222222222,0.1111111111111111,8.577777777777778,0.0,0.0,0.0,1.0,0.0,0.0,0.0,0.0,0.0,0.0,0.0,9
89446c3284bffff,2,1.0,2.0,0.5,0.0,9.5,0.0,0.0,0.0,1.0,0.0,0.0,0.0,0.0,0.0,0.0,0.0,26
89446c3284fffff,1,0.0,2.0,0.0,0.0,10.0,0.0,0.0,0.0,1.0,0.0,0.0,0.0,0.0,0.0,0.0,0.0,35
89446c32853ffff,6,2.0,2.0,0.3333333333333333,0.0,9.8,0.0,0.0,0.0,1.0,0.0,0.0,0.0,0.0,0.0,0.0,0.0,48
89446c3285bffff,6,4.0,2.0,0.16666666666666666,0.0,9.166666666666666,0.0,0.0,0.0,0.8333333333333334,0.0,0.0,0.0,0.0,0.0,0.0,0.0,13
89446c32867ffff,10,3.0,2.0,0.3,0.0,8.02,0.0,0.0,0.1,0.7,0.0,0.0,0.0,0.0,0.0,0.0,0.0,27
89446c3286bffff,86,23.0,2.0,0.19767441860465115,0.10465116279069768,8.87202380952381,0.0,0.1511627906976744,0.8953488372093024,0.10465116279069768,0.0,0.0,0.0,0.0,0.0,0.0,0.023255813953488372,37
89446c3286fffff,5,0.0,2.0,0.2,0.0,10.0,0.0,0.4,0.0,0.4,0.0,0.0,0.0,0.0,0.0,0.0,0.0,114
89446c32873ffff,2,1.0,2.0,0.5,0.0,10.0,0.0,0.0,0.0,0.0,0.0,0.0,0.0,0.0,0.0,0.0,0.0,15
89446c32877ffff,2,0.0,2.0,0.0,0.5,10.0,0.0,0.0,0.0,0.0,0.0,0.0,0.0,0.0,0.0,0.0,0.0,24
89446c3287bffff,3,1.0,2.0,0.0,0.0,8.333333333333334,0.0,0.0,0.0,0.6666666666666666,0.0,0.0,0.0,0.0,0.0,0.0,0.0,110
89446c32883ffff,17,4.0,2.0,0.29411764705882354,0.0,8.823529411764707,0.0,0.0,1.0,0.0,0.0,0.0,0.0,0.0,0.0,0.0,0.0,12
89446c32887ffff,5,2.0,2.0,0.2,0.0,7.8,0.0,0.0,0.0,0.0,0.0,0.0,0.0,0.0,0.0,0.0,0.0,26
89446c3288fffff,2,0.0,2.0,0.0,0.0,7.5,0.0,0.0,0.0,0.0,0.0,0.0,0.0,0.0,0.0,0.0,0.0,26
89446c32893ffff,4,1.0,2.0,0.0,0.0,9.0,0.0,0.0,0.0,0.0,0.0,0.0,0.0,0.0,0.0,0.0,0.0,32
89446c3289bffff,1,0.0,2.0,0.0,0.0,10.0,0.0,0.0,0.0,0.0,0.0,0.0,0.0,0.0,0.0,0.0,0.0,22
89446c328a3ffff,3,3.0,2.0,0.6666666666666666,0.0,8.333333333333334,0.0,0.0,0.0,0.0,0.0,0.0,0.0,0.0,0.0,0.0,0.0,7
89446c328a7ffff,1,1.0,2.0,0.0,0.0,10.0,0.0,0.0,0.0,0.0,0.0,0.0,0.0,0.0,0.0,0.0,0.0,8
89446c328abffff,1,1.0,2.0,0.0,0.0,5.0,0.0,0.0,0.0,0.0,0.0,0.0,0.0,0.0,0.0,0.0,0.0,8
89446c328afffff,2,2.0,2.0,0.5,0.0,5.5,0.0,0.0,0.0,0.0,0.0,0.0,0.0,0.0,0.0,0.0,0.0,10
89446c328b3ffff,1,0.0,2.0,0.0,0.0,10.0,0.0,0.0,0.0,0.0,0.0,0.0,0.0,0.0,0.0,0.0,0.0,14
89446c328bbffff,2,2.0,2.0,0.0,0.0,10.0,0.0,0.0,0.0,0.0,0.0,0.0,0.0,0.0,0.0,0.0,0.0,12
89446c328c3ffff,2,1.0,2.0,0.5,0.0,10.0,0.0,0.0,0.0,0.0,0.0,0.0,0.0,0.0,0.0,0.0,0.0,47
89446c328cbffff,39,9.0,2.0,0.3333333333333333,0.02564102564102564,9.18421052631579,0.0,0.0,0.9487179487179487,0.0,0.0,0.0,0.0,0.0,0.0,0.0,0.0,20
89446c328d3ffff,3,2.0,2.0,0.0,0.0,7.0,0.0,0.0,0.0,0.0,0.0,0.0,0.0,0.0,0.0,0.0,0.0,44
89446c328dbffff,5,2.0,2.0,0.0,0.0,8.8,0.0,0.0,0.0,1.0,0.0,0.0,0.0,0.0,0.0,0.0,0.0,92
89446c32903ffff,19,5.0,2.0,0.3157894736842105,0.05263157894736842,8.947368421052632,0.0,0.9473684210526315,0.9473684210526315,0.0,0.0,0.0,0.0,0.0,0.0,0.0,0.0,17
89446c32907ffff,7,2.0,2.0,0.42857142857142855,0.0,6.014285714285714,0.0,0.0,0.0,0.14285714285714285,0.0,0.0,0.0,0.0,0.0,0.0,0.0,40
89446c3290fffff,3,2.0,2.0,0.3333333333333333,0.0,7.666666666666667,0.0,0.0,0.0,0.0,0.0,0.0,0.0,0.0,0.0,0.0,0.0,29
89446c32913ffff,3,1.0,2.0,0.3333333333333333,0.0,10.0,0.0,0.0,0.0,0.0,0.0,0.0,0.0,0.0,0.0,0.0,0.0,81
89446c3291bffff,4,1.0,2.0,0.0,0.25,7.25,0.0,0.0,0.0,0.0,0.0,0.0,0.0,0.0,0.0,0.0,0.0,40
89446c32927ffff,1,0.0,2.0,0.0,0.0,10.0,0.0,0.0,0.0,0.0,0.0,0.0,0.0,0.0,0.0,0.0,0.0,13
89446c3292bffff,1,1.0,2.0,1.0,0.0,7.0,0.0,0.0,0.0,0.0,0.0,0.0,0.0,0.0,0.0,0.0,0.0,8
89446c32933ffff,3,2.0,2.0,1.0,0.0,6.75,0.0,0.0,0.0,0.6666666666666666,0.0,0.0,0.0,0.0,0.0,0.0,0.0,25
89446c32937ffff,1,0.0,2.0,1.0,0.0,10.0,0.0,0.0,0.0,0.0,0.0,0.0,0.0,0.0,0.0,0.0,0.0,8
89446c32943ffff,2,1.0,2.0,1.0,0.0,10.0,0.0,0.0,0.0,0.0,0.0,0.0,0.0,0.0,0.0,0.0,0.0,32
89446c32947ffff,7,3.0,2.0,0.14285714285714285,0.0,8.571428571428571,0.0,0.5714285714285714,0.0,0.0,0.0,0.0,0.0,0.0,0.0,0.0,0.0,7
89446c3294bffff,14,2.0,2.0,0.14285714285714285,0.14285714285714285,9.357142857142858,0.0,1.0,0.7857142857142857,0.21428571428571427,0.0,0.0,0.0,0.0,0.0,0.0,0.0,29
89446c3294fffff,1,0.0,2.0,0.0,0.0,10.0,0.0,0.0,0.0,0.0,0.0,0.0,0.0,0.0,0.0,0.0,0.0,30
89446c3295bffff,10,5.0,2.0,0.3,0.0,10.0,0.0,0.0,0.0,0.0,0.0,0.0,0.0,0.0,0.0,0.0,0.0,66
89446c32963ffff,2,0.0,2.0,0.0,0.0,10.0,0.0,0.0,0.0,0.0,0.0,0.0,0.0,0.0,0.0,0.0,0.0,12
89446c32967ffff,2,2.0,2.0,0.5,0.0,10.0,0.0,0.0,0.0,0.0,0.0,0.0,0.0,0.0,0.0,0.0,0.0,14
89446c3296bffff,3,1.0,2.0,0.0,0.3333333333333333,8.333333333333334,0.0,0.0,0.0,0.3333333333333333,0.0,0.0,0.0,0.0,0.0,0.0,0.0,27
89446c32977ffff,3,2.0,2.0,0.3333333333333333,0.0,9.0,0.0,0.0,0.0,0.0,0.0,0.0,0.0,0.0,0.0,0.0,0.0,8
89446c3297bffff,4,1.0,2.0,0.25,0.25,10.0,0.0,0.0,0.0,0.0,0.0,0.0,0.0,0.0,0.0,0.0,0.0,14
89446c32987ffff,7,0.0,2.0,0.42857142857142855,0.0,8.071428571428571,0.0,0.0,0.0,0.0,0.0,0.0,0.0,0.0,0.0,0.0,0.0,7
89446c3298bffff,42,11.0,2.0,0.16666666666666666,0.023809523809523808,8.82,0.0,0.0,0.8809523809523809,0.0,0.0,0.0,0.0,0.0,0.0,0.0,0.0,22
89446c3298fffff,3,2.0,2.0,0.6666666666666666,0.3333333333333333,10.0,0.0,0.0,0.0,0.0,0.0,0.0,0.0,0.0,0.0,0.0,0.0,53
89446c3299bffff,3,1.0,2.0,0.0,0.0,9.333333333333334,0.0,0.0,0.0,0.0,0.0,0.0,0.0,0.0,0.0,0.0,0.0,46
89446c329a3ffff,3,0.0,2.0,0.0,0.0,10.0,0.0,0.0,0.0,0.3333333333333333,0.0,0.0,0.0,0.0,0.0,0.0,0.0,60
89446c329a7ffff,1,0.0,2.0,0.0,0.0,10.0,0.0,0.0,0.0,0.0,0.0,0.0,0.0,0.0,0.0,0.0,0.0,59
89446c329abffff,15,2.0,2.0,0.13333333333333333,0.2,8.406666666666666,0.0,0.0,0.0,0.7333333333333333,0.0,0.0,0.0,0.0,0.0,0.0,0.0,16
89446c329afffff,2,0.0,2.0,0.0,0.0,5.5,0.0,0.0,0.0,0.0,0.0,0.0,0.0,0.0,0.0,0.0,0.0,24
89446c329b3ffff,1,1.0,2.0,0.0,1.0,10.0,0.0,0.0,0.0,0.0,0.0,0.0,0.0,0.0,0.0,0.0,0.0,119
89446c329b7ffff,40,11.0,2.0,0.175,0.15,9.1875,0.0,0.0,0.975,0.0,0.0,0.0,0.0,0.0,0.0,0.0,0.0,79
89446c329bbffff,1,1.0,2.0,1.0,0.0,10.0,0.0,0.0,0.0,0.0,0.0,0.0,0.0,0.0,0.0,0.0,0.0,29
89446c329c3ffff,2,1.0,2.0,0.0,0.0,10.0,0.0,0.0,0.0,0.0,0.0,0.0,0.0,0.0,0.0,0.0,0.0,37
89446c329c7ffff,13,3.0,2.076923076923077,0.23076923076923078,0.07692307692307693,8.333333333333334,0.0,0.0,0.0,0.0,0.0,0.0,0.0,0.0,0.0,0.0,0.0,56
89446c329cbffff,16,6.0,2.0,0.4375,0.0625,9.0625,0.0,0.0,0.0,0.0,0.0,0.0,0.0,0.0,0.0,0.0,0.0,52
89446c329cfffff,5,2.0,2.0,0.2,0.0,6.4,0.0,0.0,0.0,0.0,0.0,0.0,0.0,0.0,0.0,0.0,0.0,35
89446c329d3ffff,2,2.0,2.0,0.5,0.0,10.0,0.0,0.0,0.0,0.0,0.0,0.0,0.0,0.0,0.0,0.0,0.0,4
89446c329dbffff,1,1.0,2.0,0.0,0.0,10.0,0.0,0.0,0.0,0.0,0.0,0.0,0.0,0.0,0.0,0.0,0.0,26
89446c32a03ffff,30,11.0,2.0,0.36666666666666664,0.0,9.5,0.0,0.8333333333333334,0.26666666666666666,0.5666666666666667,0.0,0.0,0.0,0.0,0.0,0.0,0.0,83
89446c32a0bffff,4,0.0,2.0,0.25,0.0,10.0,0.0,0.0,0.0,1.0,0.0,0.0,0.0,0.0,0.0,0.0,0.0,112
89446c32a0fffff,31,9.0,2.032258064516129,0.16129032258064516,0.06451612903225806,8.935483870967742,0.0,0.6451612903225806,0.0,0.6451612903225806,0.0,0.0,0.0,0.0,0.0,0.0,0.0,175
89446c32a13ffff,28,9.0,2.0,0.10714285714285714,0.10714285714285714,9.071428571428571,0.0,0.7142857142857143,0.7142857142857143,0.25,0.0,0.0,0.0,0.0,0.0,0.0,0.0,72
89446c32a17ffff,1,0.0,2.0,0.0,0.0,10.0,0.0,0.0,0.0,0.0,0.0,0.0,0.0,0.0,0.0,0.0,0.0,77
89446c32a1bffff,19,4.0,2.0,0.10526315789473684,0.15789473684210525,7.194736842105263,0.0,0.0,0.0,0.9473684210526315,0.0,0.0,0.0,0.0,0.0,0.0,0.0,80
89446c32a23ffff,12,4.0,2.0,0.3333333333333333,0.0,9.5,0.0,0.0,0.0,0.0,0.0,0.0,0.0,0.0,0.0,0.0,0.0,217
89446c32a27ffff,24,5.0,2.0,0.041666666666666664,0.0,9.75,0.0,0.0,0.875,0.0,0.0,0.0,0.0,0.0,0.0,0.0,0.0,55
89446c32a2bffff,124,26.0,2.0,0.20967741935483872,0.056451612903225805,8.963306451612903,0.0,0.7661290322580645,0.7661290322580645,0.1935483870967742,0.0,0.0,0.0,0.0,0.0,0.0,0.0,241
89446c32a2fffff,8,4.0,2.0,0.125,0.125,9.25,0.0,0.0,0.0,0.0,0.0,0.0,0.0,0.0,0.0,0.0,0.0,171
89446c32a33ffff,17,3.0,2.0,0.11764705882352941,0.17647058823529413,8.764705882352942,0.0,0.0,0.5294117647058824,0.35294117647058826,0.0,0.0,0.0,0.0,0.0,0.0,0.11764705882352941,86
89446c32a37ffff,1,0.0,2.0,0.0,0.0,10.0,0.0,0.0,0.0,0.0,0.0,0.0,0.0,0.0,0.0,0.0,0.0,96
89446c32a3bffff,43,33.0,2.0232558139534884,0.11627906976744186,0.0,9.587209302325581,0.0,0.0,0.0,0.09302325581395349,0.0,0.0,0.0,0.0,0.0,0.0,0.0,281
89446c32a43ffff,62,22.0,2.661290322580645,0.27419354838709675,0.06451612903225806,9.758064516129032,0.7903225806451613,0.0,0.0,0.016129032258064516,0.0,0.0,0.0,0.0,0.0,0.0,0.0,302
89446c32a47ffff,31,23.0,2.161290322580645,0.3548387096774194,0.0,8.870967741935484,0.0,0.0,0.0,0.2903225806451613,0.0,0.0,0.0,0.0,0.0,0.0,0.0,194
89446c32a4bffff,19,4.0,2.0,0.3684210526315789,0.15789473684210525,8.763157894736842,0.0,0.8947368421052632,0.0,1.0,0.0,0.0,0.0,0.0,0.0,0.0,0.0,92
89446c32a4fffff,3,0.0,2.0,0.0,0.0,10.0,0.0,0.0,0.0,1.0,0.0,0.0,0.0,0.0,0.0,0.0,0.0,257
89446c32a53ffff,233,89.0,2.776824034334764,0.38626609442060084,0.05150214592274678,9.10793991416309,0.004291845493562232,0.2145922746781116,0.6952789699570815,0.030042918454935622,0.18025751072961374,0.0,0.0,0.0,0.0,0.0,0.0,178
89446c32a5bffff,16,2.0,2.0,0.125,0.125,9.25,0.0,0.875,0.875,0.0,0.0,0.0,0.0,0.0625,0.0625,0.0,0.0,405
89446c32a63ffff,327,114.0,2.6666666666666665,0.2691131498470948,0.04892966360856269,9.176073619631902,0.03058103975535168,0.4740061162079511,0.709480122324159,0.08256880733944955,0.4709480122324159,0.0,0.0,0.0,0.0,0.0,0.0,302
89446c32a67ffff,76,14.0,2.513157894736842,0.25,0.07894736842105263,9.394736842105264,0.4605263157894737,0.0,0.0,0.013157894736842105,0.0,0.0,0.0,0.0,0.0,0.0,0.0,904
89446c32a6bffff,2,0.0,2.0,0.5,0.0,10.0,0.0,0.0,0.0,0.0,0.0,0.0,0.0,0.0,0.0,0.0,0.0,475
89446c32a6fffff,2,0.0,3.0,0.0,0.0,10.0,0.0,0.0,0.0,0.0,0.0,0.0,0.0,0.0,0.0,0.0,0.0,755
89446c32a73ffff,1,0.0,2.0,1.0,0.0,10.0,0.0,0.0,0.0,1.0,0.0,0.0,0.0,0.0,0.0,0.0,0.0,614
89446c32a77ffff,97,25.0,2.020618556701031,0.21649484536082475,0.05154639175257732,9.244845360824742,0.0,0.7422680412371134,0.7731958762886598,0.041237113402061855,0.28865979381443296,0.0,0.0,0.0,0.0,0.0,0.0,602
89446c32a7bffff,124,55.0,2.4516129032258065,0.3064516129032258,0.06451612903225806,9.27016129032258,0.0,0.0,0.0,0.0,0.0,0.0,0.0,0.0,0.0,0.0,0.0,383
89446c32a83ffff,4,1.0,2.0,0.75,0.0,7.375,0.0,0.0,0.0,1.0,0.0,0.0,0.0,0.0,0.0,0.0,0.0,34
89446c32a87ffff,10,4.0,2.0,0.3,0.0,9.875,0.0,0.0,0.0,1.0,0.0,0.0,0.0,0.0,0.0,0.0,0.5,15
89446c32a8bffff,13,8.0,2.0,0.15384615384615385,0.23076923076923078,8.208333333333334,0.0,0.0,0.0,0.9230769230769231,0.0,0.0,0.0,0.0,0.0,0.0,0.0,48
89446c32a8fffff,2,0.0,2.0,0.5,0.0,10.0,0.0,0.0,0.0,1.0,0.0,0.0,0.0,0.0,0.0,0.0,0.0,56
89446c32a93ffff,5,2.0,2.0,0.4,0.2,8.8,0.0,0.0,0.0,1.0,0.0,0.0,0.0,0.0,0.0,0.0,0.0,20
89446c32a9bffff,4,2.0,2.0,0.25,0.0,9.5,0.0,0.25,0.0,0.75,0.0,0.0,0.0,0.0,0.0,0.0,0.0,65
89446c32aa3ffff,10,5.0,2.0,0.2,0.0,9.0,0.0,0.0,0.0,0.0,0.0,0.0,0.0,0.0,0.0,0.0,0.0,57
89446c32aa7ffff,8,4.0,2.0,0.625,0.0,10.0,0.0,0.0,0.0,0.5,0.0,0.0,0.0,0.0,0.0,0.0,0.0,135
89446c32aabffff,17,7.0,2.0,0.35294117647058826,0.0,9.205882352941176,0.0,0.0,0.0,0.4117647058823529,0.0,0.0,0.0,0.0,0.0,0.0,0.0,41
89446c32aafffff,13,2.0,2.0,0.15384615384615385,0.07692307692307693,8.692307692307692,0.0,0.0,0.0,1.0,0.0,0.0,0.0,0.0,0.0,0.0,0.0,58
89446c32ab3ffff,7,3.0,2.0,0.0,0.14285714285714285,8.0,0.0,0.42857142857142855,0.2857142857142857,0.42857142857142855,0.0,0.0,0.0,0.0,0.0,0.0,0.0,35
89446c32ab7ffff,12,2.0,2.0,0.16666666666666666,0.0,8.45,0.0,0.0,0.0,0.5833333333333334,0.0,0.0,0.0,0.0,0.0,0.0,0.0,115
89446c32ac7ffff,7,2.0,2.0,0.14285714285714285,0.0,10.0,0.0,0.0,0.0,0.8571428571428571,0.0,0.0,0.0,0.0,0.0,0.0,0.0,74
89446c32acbffff,5,0.0,2.0,0.2,0.0,7.040000000000001,0.0,0.0,0.0,0.8,0.0,0.0,0.0,0.0,0.0,0.0,0.0,341
89446c32acfffff,11,3.0,2.0,0.18181818181818182,0.09090909090909091,7.654545454545455,0.0,0.0,0.0,1.0,0.0,0.0,0.0,0.0,0.0,0.0,0.0,264
89446c32ad3ffff,3,0.0,2.0,0.3333333333333333,0.0,10.0,0.0,0.0,0.0,0.6666666666666666,0.0,0.0,0.0,0.0,0.0,0.0,0.0,77
89446c32ad7ffff,3,1.0,2.0,0.6666666666666666,0.0,10.0,0.0,0.0,0.0,0.3333333333333333,0.0,0.0,0.0,0.0,0.0,0.0,0.0,67
89446c32adbffff,8,4.0,2.0,0.25,0.125,6.96875,0.0,1.0,0.0,1.0,0.0,0.0,0.0,0.0,0.0,0.0,0.0,25
89446c32b03ffff,2,1.0,2.0,0.5,0.5,8.0,0.0,0.0,0.0,0.0,0.0,0.0,0.0,0.0,0.0,0.0,0.0,25
89446c32b0bffff,8,1.0,2.0,0.25,0.125,8.875,0.0,0.0,0.0,0.875,0.0,0.0,0.0,0.0,0.0,0.0,0.0,32
89446c32b0fffff,3,2.0,2.0,0.3333333333333333,0.0,10.0,0.0,0.0,0.0,0.0,0.0,0.0,0.0,0.0,0.0,0.0,0.0,25
89446c32b13ffff,4,1.0,2.0,0.5,0.25,7.5,0.0,0.0,0.0,0.0,0.0,0.0,0.0,0.0,0.0,0.0,0.0,80
89446c32b17ffff,3,0.0,2.0,0.0,0.0,10.0,0.0,0.0,0.0,1.0,0.0,0.0,0.0,0.0,0.0,0.0,0.0,29
89446c32b1bffff,7,3.0,2.0,0.2857142857142857,0.0,10.0,0.0,0.0,0.0,0.8571428571428571,0.0,0.0,0.0,0.0,0.0,0.0,0.0,68
89446c32b23ffff,3,0.0,2.0,0.0,0.0,10.0,0.0,0.0,0.0,0.0,0.0,0.0,0.0,0.0,0.0,0.0,0.0,13
89446c32b2bffff,1,1.0,2.0,1.0,0.0,10.0,0.0,0.0,0.0,0.0,0.0,0.0,0.0,0.0,0.0,0.0,0.0,10
89446c32b33ffff,10,6.0,2.0,0.3,0.2,8.5,0.0,0.0,0.0,0.0,0.0,0.0,0.0,0.0,0.0,0.0,0.0,9
89446c32b3bffff,2,0.0,2.0,0.5,0.0,8.5,0.0,0.0,0.0,0.0,0.0,0.0,0.0,0.0,0.0,0.0,0.0,17
89446c32b43ffff,2,0.0,2.0,0.5,0.0,10.0,0.0,0.0,0.0,0.0,0.0,0.0,0.0,0.0,0.0,0.0,0.0,24
89446c32b47ffff,3,1.0,2.3333333333333335,0.3333333333333333,0.0,10.0,0.0,0.0,0.0,0.0,0.0,0.0,0.0,0.0,0.0,0.0,0.0,32
89446c32b4bffff,6,1.0,2.0,0.16666666666666666,0.0,10.0,0.0,0.0,0.0,0.0,0.0,0.0,0.0,0.0,0.0,0.0,0.0,25
89446c32b4fffff,2,1.0,2.0,0.0,0.0,10.0,0.0,0.0,0.0,0.0,0.0,0.0,0.0,0.0,0.0,0.0,0.0,24
89446c32b53ffff,4,1.0,2.0,0.25,0.0,10.0,0.0,0.0,0.0,0.0,0.0,0.0,0.0,0.0,0.0,0.0,0.0,61
89446c32b57ffff,4,0.0,2.0,0.5,0.0,7.55,0.0,0.0,0.0,0.0,0.0,0.0,0.0,0.0,0.0,0.0,0.0,25
89446c32b5bffff,5,2.0,2.0,0.4,0.0,10.0,0.0,0.0,0.0,0.0,0.0,0.0,0.0,0.0,0.0,0.0,0.0,45
89446c32b63ffff,4,0.0,2.0,0.25,0.25,7.0,0.0,0.0,0.0,1.0,0.0,0.0,0.0,0.0,0.0,0.0,0.0,33
89446c32b67ffff,5,0.0,2.0,0.2,0.2,7.4,0.0,0.0,0.0,0.4,0.0,0.0,0.0,0.0,0.0,0.0,0.0,10
89446c32b6bffff,10,6.0,2.0,0.5,0.0,9.5,0.0,0.0,0.0,0.7,0.0,0.0,0.0,0.0,0.0,0.0,0.0,57
89446c32b6fffff,2,2.0,2.0,1.0,0.0,6.0,0.0,0.0,0.0,0.0,0.0,0.0,0.0,0.0,0.0,0.0,0.0,31
89446c32b73ffff,13,3.0,2.0,0.23076923076923078,0.23076923076923078,9.076923076923077,0.0,0.0,0.0,0.5384615384615384,0.0,0.0,0.0,0.0,0.0,0.0,0.0,21
89446c32b7bffff,3,2.0,2.0,0.3333333333333333,0.3333333333333333,10.0,0.0,0.0,0.0,0.0,0.0,0.0,0.0,0.0,0.0,0.0,0.0,36
89446c32b83ffff,22,6.0,2.0,0.22727272727272727,0.09090909090909091,8.329545454545455,0.0,1.0,0.9545454545454546,0.045454545454545456,0.045454545454545456,0.0,0.0,0.0,0.0,0.0,0.0,41
89446c32b87ffff,10,5.0,2.0,0.3,0.0,9.1,0.0,0.9,0.0,1.0,0.0,0.0,0.0,0.0,0.0,0.0,0.0,61
89446c32b8bffff,7,3.0,2.0,0.0,0.0,7.428571428571429,0.0,0.0,0.0,0.5714285714285714,0.0,0.0,0.0,0.0,0.0,0.0,0.0,96
89446c32b8fffff,12,3.0,2.0,0.08333333333333333,0.16666666666666666,9.5,0.0,0.0,0.0,1.0,0.0,0.0,0.0,0.0,0.0,0.0,0.0,53
89446c32b93ffff,4,0.0,2.0,0.0,0.25,9.25,0.0,0.0,0.0,0.0,0.0,0.0,0.0,0.0,0.0,0.0,0.0,57
89446c32b97ffff,4,1.0,2.0,0.25,0.25,7.5,0.0,0.0,0.0,0.0,0.0,0.0,0.0,0.0,0.0,0.0,0.0,65
89446c32b9bffff,4,2.0,2.0,0.25,0.25,7.75,0.0,0.0,0.0,0.0,0.0,0.0,0.0,0.0,0.0,0.0,0.25,53
89446c32ba3ffff,16,6.0,2.0,0.3125,0.0625,9.3125,0.0,0.9375,0.9375,0.0,0.0,0.0,0.0,0.0,0.0,0.0,0.0,23
89446c32ba7ffff,9,2.0,2.0,0.3333333333333333,0.1111111111111111,8.466666666666667,0.0,0.0,0.0,0.7777777777777778,0.0,0.0,0.0,0.0,0.0,0.0,0.2222222222222222,33
89446c32babffff,4,1.0,2.0,0.25,0.25,6.0,0.0,0.0,0.0,0.0,0.0,0.0,0.0,0.0,0.0,0.0,0.0,36
89446c32bb3ffff,2,1.0,2.0,0.5,0.0,10.0,0.0,0.0,0.0,0.0,0.0,0.0,0.0,0.0,0.0,0.0,0.0,49
89446c32bb7ffff,1,1.0,2.0,0.0,0.0,10.0,0.0,0.0,0.0,0.0,0.0,0.0,0.0,0.0,0.0,0.0,0.0,35
89446c32bbbffff,7,3.0,2.0,0.2857142857142857,0.0,9.428571428571429,0.0,0.0,0.0,0.8571428571428571,0.0,0.0,0.0,0.0,0.0,0.0,0.0,47
89446c32bc3ffff,10,1.0,2.0,0.4,0.2,9.6,0.0,0.0,0.0,0.1,0.0,0.0,0.0,0.0,0.0,0.0,0.0,94
89446c32bc7ffff,49,5.0,1.9795918367346939,0.24489795918367346,0.08163265306122448,9.23469387755102,0.0,0.0,0.7959183673469388,0.12244897959183673,0.0,0.0,0.0,0.0,0.0,0.0,0.02040816326530612,34
89446c32bcbffff,25,7.0,2.0,0.2,0.08,8.64,0.0,0.0,0.0,0.0,0.0,0.0,0.0,0.0,0.0,0.0,0.0,45
89446c32bcfffff,1,1.0,2.0,1.0,0.0,10.0,0.0,0.0,0.0,0.0,0.0,0.0,0.0,0.0,0.0,0.0,0.0,99
89446c32bd3ffff,9,4.0,2.0,0.3333333333333333,0.1111111111111111,8.944444444444445,0.0,0.1111111111111111,0.1111111111111111,0.7777777777777778,0.0,0.0,0.0,0.0,0.0,0.0,0.1111111111111111,119
89446c32bd7ffff,5,1.0,2.0,0.2,0.0,10.0,0.0,0.0,1.0,0.0,0.0,0.0,0.0,0.0,0.0,0.0,1.0,84
89446c32bdbffff,5,2.0,2.0,0.4,0.0,9.2,0.0,0.4,0.0,0.2,0.0,0.0,0.0,0.0,0.0,0.0,0.0,66
89446c32c03ffff,4,2.0,2.0,0.0,0.25,10.0,0.0,1.0,0.0,1.0,0.0,0.0,0.0,0.0,0.0,0.0,0.0,14
89446c32c07ffff,10,4.0,2.0,0.0,0.1,9.3,0.0,0.9,0.8,0.1,0.0,0.0,0.0,0.0,0.0,0.0,0.0,11
89446c32c0fffff,2,2.0,2.0,0.0,0.0,10.0,0.0,0.0,0.0,1.0,0.0,0.0,0.0,0.0,0.0,0.0,0.0,15
89446c32c17ffff,1,0.0,2.0,0.0,0.0,10.0,0.0,0.0,0.0,1.0,0.0,0.0,0.0,0.0,0.0,0.0,0.0,23
89446c32c1bffff,1,0.0,2.0,0.0,0.0,10.0,0.0,1.0,0.0,1.0,0.0,0.0,0.0,0.0,0.0,0.0,0.0,22
89446c32c2bffff,12,2.0,2.0,0.4166666666666667,0.16666666666666666,7.458333333333333,0.0,0.0,0.0,0.0,0.0,0.0,0.0,0.0,0.0,0.0,0.0,6
89446c32c2fffff,1,0.0,2.0,0.0,0.0,10.0,0.0,0.0,0.0,0.0,0.0,0.0,0.0,0.0,0.0,0.0,0.0,17
89446c32c33ffff,1,1.0,2.0,0.0,0.0,10.0,0.0,0.0,0.0,0.0,0.0,0.0,0.0,0.0,0.0,0.0,0.0,24
89446c32c43ffff,4,1.0,2.0,0.25,0.0,10.0,0.0,0.0,0.0,1.0,0.0,0.0,0.0,0.0,0.0,0.0,0.0,76
89446c32c4bffff,7,1.0,2.0,0.0,0.0,9.833333333333334,0.0,0.0,1.0,0.0,0.0,0.0,0.0,0.0,0.0,0.0,0.0,69
89446c32c4fffff,5,1.0,2.0,0.2,0.2,8.4,0.0,0.0,0.0,1.0,0.0,0.0,0.0,0.0,0.0,0.0,0.0,20
89446c32c53ffff,2,0.0,2.0,0.5,0.0,10.0,0.0,0.5,0.0,0.0,0.0,0.0,0.0,0.0,0.0,0.0,0.0,80
89446c32c57ffff,15,4.0,2.0,0.13333333333333333,0.0,9.428571428571429,0.0,1.0,0.9333333333333333,0.0,0.0,0.0,0.0,0.0,0.0,0.0,0.0,10
89446c32c5bffff,47,6.0,2.0,0.1276595744680851,0.0851063829787234,8.52608695652174,0.0,0.9361702127659575,0.9361702127659575,0.06382978723404255,0.0,0.0,0.0,0.0,0.0,0.0,0.0,35
89446c32c67ffff,1,1.0,2.0,1.0,0.0,10.0,0.0,0.0,0.0,0.0,0.0,0.0,0.0,0.0,0.0,0.0,0.0,17
89446c32c73ffff,1,1.0,2.0,0.0,0.0,10.0,0.0,0.0,0.0,1.0,0.0,0.0,0.0,0.0,0.0,0.0,0.0,2
89446c32c83ffff,1,0.0,2.0,0.0,0.0,7.0,0.0,0.0,0.0,1.0,0.0,0.0,0.0,0.0,0.0,0.0,0.0,13
89446c32c87ffff,1,0.0,2.0,0.0,0.0,8.0,0.0,0.0,0.0,1.0,0.0,0.0,0.0,0.0,0.0,0.0,0.0,10
89446c32c8fffff,4,0.0,2.0,0.25,0.25,6.7,0.0,1.0,0.0,1.0,0.0,0.0,0.0,0.0,0.0,0.0,0.0,5
89446c32c93ffff,1,1.0,2.0,0.0,0.0,10.0,0.0,0.0,0.0,0.0,0.0,0.0,0.0,0.0,0.0,0.0,0.0,45
89446c32c97ffff,1,0.0,2.0,0.0,0.0,10.0,0.0,1.0,0.0,0.0,0.0,0.0,0.0,0.0,0.0,0.0,0.0,8
89446c32c9bffff,6,1.0,2.0,0.0,0.0,8.833333333333334,0.0,0.5,0.0,1.0,0.0,0.0,0.0,0.0,0.0,0.0,0.0,11
89446c32ca3ffff,2,0.0,2.0,0.0,0.0,9.5,0.0,0.0,0.0,1.0,0.0,0.0,0.0,0.0,0.0,0.0,0.0,33
89446c32ca7ffff,15,1.0,2.0,0.13333333333333333,0.06666666666666667,9.428571428571429,0.0,0.8666666666666667,0.8666666666666667,0.06666666666666667,0.0,0.0,0.0,0.0,0.0,0.0,0.0,26
89446c32cabffff,3,1.0,2.0,0.3333333333333333,0.0,7.266666666666667,0.0,1.0,0.0,1.0,0.0,0.0,0.0,0.0,0.0,0.0,0.0,27
89446c32cafffff,11,3.0,2.090909090909091,0.2727272727272727,0.09090909090909091,7.068181818181818,0.0,0.9090909090909091,0.8181818181818182,0.09090909090909091,0.0,0.0,0.0,0.0,0.0,0.0,0.0,24
89446c32cb3ffff,1,0.0,2.0,0.0,0.0,6.0,0.0,0.0,0.0,1.0,0.0,0.0,0.0,0.0,0.0,0.0,0.0,10
89446c32cb7ffff,1,1.0,2.0,0.0,0.0,10.0,0.0,0.0,0.0,1.0,0.0,0.0,0.0,0.0,0.0,0.0,0.0,33
89446c32cbbffff,2,2.0,2.0,0.0,0.0,10.0,0.0,0.0,0.0,0.0,0.0,0.0,0.0,0.0,0.0,0.0,0.0,12
89446c32cc3ffff,3,0.0,2.0,0.0,0.0,7.266666666666667,0.0,0.0,0.0,1.0,0.0,0.0,0.0,0.6666666666666666,0.6666666666666666,0.0,0.0,14
89446c32ccfffff,3,3.0,2.0,0.3333333333333333,0.3333333333333333,9.0,0.0,1.0,0.0,0.6666666666666666,0.0,0.0,0.0,0.3333333333333333,0.3333333333333333,0.0,0.0,21
89446c32cd3ffff,7,4.0,2.0,0.14285714285714285,0.0,8.857142857142858,0.0,0.5714285714285714,0.0,0.5714285714285714,0.0,0.14285714285714285,0.0,0.0,0.0,0.0,0.0,27
89446c32cd7ffff,3,0.0,2.0,0.0,0.0,9.666666666666666,0.0,0.0,0.0,1.0,0.0,0.0,0.0,0.0,0.0,0.0,0.0,16
89446c32cdbffff,1,0.0,2.0,0.0,0.0,10.0,0.0,0.0,0.0,0.0,0.0,0.0,0.0,0.0,0.0,0.0,0.0,75
89446c32d03ffff,2,2.0,2.0,0.5,0.5,10.0,0.0,0.0,0.0,0.0,0.0,0.0,0.0,0.0,0.0,0.0,0.0,64
89446c32d07ffff,6,0.0,2.0,0.3333333333333333,0.16666666666666666,8.5,0.0,0.0,0.8333333333333334,0.0,0.0,0.0,0.0,0.0,0.0,0.0,0.0,12
89446c32d0bffff,37,7.0,2.027027027027027,0.10810810810810811,0.16216216216216217,8.68888888888889,0.0,0.0,0.972972972972973,0.02702702702702703,0.0,0.0,0.0,0.0,0.0,0.0,0.0,14
89446c32d13ffff,13,3.0,2.0,0.15384615384615385,0.0,9.0,0.0,0.0,1.0,0.0,0.0,0.0,0.0,0.0,0.0,0.0,0.0,27
89446c32d17ffff,2,0.0,2.0,0.0,0.0,9.5,0.0,0.0,0.0,0.0,0.0,0.0,0.0,0.0,0.0,0.0,0.0,31
89446c32d1bffff,6,1.0,2.0,0.16666666666666666,0.0,9.8,0.0,0.0,0.0,1.0,0.0,0.0,0.0,0.0,0.0,0.0,0.0,86
89446c32d23ffff,11,5.0,2.0,0.36363636363636365,0.18181818181818182,8.727272727272727,0.0,0.0,0.0,0.6363636363636364,0.0,0.0,0.0,0.0,0.0,0.0,0.0,20
89446c32d27ffff,8,3.0,2.0,0.125,0.0,8.125,0.0,0.0,0.0,1.0,0.0,0.0,0.0,0.0,0.0,0.0,0.0,74
89446c32d2fffff,6,5.0,2.0,0.3333333333333333,0.16666666666666666,9.5,0.0,0.0,0.0,0.16666666666666666,0.0,0.0,0.0,0.0,0.0,0.0,0.0,21
89446c32d33ffff,6,0.0,2.0,0.3333333333333333,0.0,10.0,0.0,0.16666666666666666,0.0,0.0,0.0,0.0,0.0,0.0,0.0,0.0,0.0,75
89446c32d43ffff,10,6.0,2.0,0.3,0.1,9.5,0.0,0.0,0.0,0.5,0.0,0.0,0.0,0.0,0.0,0.0,0.0,13
89446c32d47ffff,3,0.0,2.0,0.3333333333333333,0.0,10.0,0.0,0.0,0.0,0.0,0.0,0.0,0.0,0.0,0.0,0.0,0.0,53
89446c32d4bffff,4,0.0,2.0,0.0,0.25,7.55,0.0,0.0,0.0,0.0,0.0,0.0,0.0,0.0,0.0,0.0,0.0,17
89446c32d53ffff,2,1.0,2.0,0.5,0.5,5.25,0.0,0.0,0.0,0.0,0.0,0.0,0.0,0.0,0.0,0.0,0.0,38
89446c32d57ffff,3,1.0,2.0,0.0,0.0,9.666666666666666,0.0,0.0,0.0,0.0,0.0,0.0,0.0,0.0,0.0,0.0,0.0,82
89446c32d5bffff,1,1.0,2.0,0.0,0.0,10.0,0.0,0.0,0.0,0.0,0.0,0.0,0.0,0.0,0.0,0.0,0.0,17
89446c32d63ffff,7,2.0,2.0,0.42857142857142855,0.0,8.714285714285714,0.0,0.0,0.0,0.0,0.0,0.0,0.0,0.0,0.0,0.0,0.0,7
89446c32d67ffff,4,0.0,2.0,0.5,0.0,9.5,0.0,0.0,0.0,0.0,0.0,0.0,0.0,0.0,0.0,0.0,0.0,10
89446c32d7bffff,3,0.0,2.0,0.3333333333333333,0.0,10.0,0.0,0.0,0.0,0.0,0.0,0.0,0.0,0.0,0.0,0.0,0.6666666666666666,10
89446c32d87ffff,10,3.0,2.0,0.1,0.1,8.8,0.0,0.3,0.0,0.8,0.0,0.0,0.0,0.0,0.0,0.0,0.2,121
89446c32d8bffff,4,1.0,2.0,0.0,0.0,9.75,0.0,0.0,0.0,0.5,0.0,0.0,0.0,0.0,0.0,0.0,0.0,31
89446c32d8fffff,6,1.0,2.1666666666666665,0.0,0.0,8.416666666666666,0.0,0.16666666666666666,0.0,0.16666666666666666,0.0,0.0,0.0,0.0,0.0,0.0,0.16666666666666666,31
89446c32d93ffff,1,0.0,2.0,1.0,0.0,1.8,0.0,0.0,0.0,0.0,0.0,0.0,0.0,0.0,0.0,0.0,0.0,27
89446c32d9bffff,5,0.0,2.0,0.2,0.2,5.8,0.0,0.6,0.0,0.6,0.0,0.2,0.0,0.0,0.0,0.0,0.0,21
89446c32da3ffff,2,1.0,2.0,0.0,0.0,10.0,0.0,0.0,0.0,0.0,0.0,0.0,0.0,0.0,0.0,0.0,0.0,206
89446c32da7ffff,51,6.0,2.0,0.17647058823529413,0.0196078431372549,9.173333333333334,0.0,0.0196078431372549,0.8235294117647058,0.0,0.0,0.0,0.0,0.0,0.0,0.0,0.0,111
89446c32dabffff,2,0.0,2.0,0.0,0.0,10.0,0.0,0.0,0.0,0.0,0.0,0.0,0.0,0.0,0.0,0.0,0.0,74
89446c32dafffff,56,25.0,2.017857142857143,0.21428571428571427,0.03571428571428571,9.205357142857142,0.0,0.6964285714285714,0.8928571428571429,0.0,0.0,0.0,0.0,0.0,0.0,0.0,0.0,79
89446c32db3ffff,93,25.0,2.0,0.22580645161290322,0.043010752688172046,8.927777777777777,0.0,0.0,0.5698924731182796,0.3010752688172043,0.0,0.0,0.0,0.0,0.0,0.0,0.0,47
89446c32db7ffff,2,1.0,2.0,0.5,0.0,9.5,0.0,0.0,0.0,0.0,0.0,0.0,0.0,0.0,0.0,0.0,0.0,160
89446c32dbbffff,2,2.0,2.0,0.5,0.0,10.0,0.0,0.0,0.0,0.5,0.0,0.0,0.0,0.0,0.0,0.0,0.0,115
89446c32dc3ffff,5,3.0,2.0,0.2,0.0,7.3,0.0,0.0,0.8,0.0,0.0,0.0,0.0,0.0,0.0,0.0,0.0,35
89446c32dc7ffff,7,3.0,2.0,0.42857142857142855,0.0,10.0,0.0,0.0,0.0,1.0,0.0,0.0,0.0,0.0,0.0,0.0,0.0,52
89446c32dcfffff,24,3.0,2.0,0.125,0.041666666666666664,9.75,0.0,0.0,0.8333333333333334,0.0,0.0,0.0,0.0,0.0,0.0,0.0,0.0,23
89446c32dd3ffff,1,0.0,2.0,0.0,0.0,10.0,0.0,0.0,0.0,1.0,0.0,0.0,0.0,0.0,0.0,0.0,0.0,37
89446c32ddbffff,3,1.0,2.0,0.6666666666666666,0.0,10.0,0.0,1.0,0.0,1.0,0.0,0.0,0.0,0.0,0.0,0.0,0.0,32
89446c32e03ffff,1,0.0,2.0,0.0,0.0,9.0,0.0,0.0,0.0,0.0,0.0,0.0,0.0,0.0,0.0,0.0,0.0,30
89446c32e07ffff,6,1.0,2.0,0.3333333333333333,0.0,9.333333333333334,0.0,0.0,0.0,0.0,0.0,0.0,0.0,0.0,0.0,0.0,0.0,12
89446c32e0bffff,14,14.0,2.0,0.7142857142857143,0.0,10.0,0.0,0.0,0.0,0.0,0.0,0.0,0.0,0.0,0.0,0.0,0.0,85
89446c32e0fffff,6,3.0,2.0,0.6666666666666666,0.16666666666666666,9.166666666666666,0.0,0.0,0.3333333333333333,0.3333333333333333,0.0,0.0,0.0,0.0,0.0,0.0,0.0,53
89446c32e13ffff,3,1.0,2.0,0.0,0.0,10.0,0.0,0.0,0.0,1.0,0.0,0.0,0.0,0.0,0.0,0.0,0.0,6
89446c32e17ffff,1,1.0,2.0,1.0,0.0,10.0,0.0,0.0,0.0,0.0,0.0,0.0,0.0,0.0,0.0,0.0,0.0,15
89446c32e23ffff,13,6.0,2.0,0.15384615384615385,0.07692307692307693,8.384615384615385,0.0,0.0,0.0,0.6153846153846154,0.0,0.0,0.0,0.0,0.0,0.0,0.0,20
89446c32e27ffff,1,0.0,2.0,0.0,0.0,7.0,0.0,0.0,0.0,0.0,0.0,0.0,0.0,0.0,0.0,0.0,0.0,72
89446c32e2bffff,10,1.0,2.0,0.1,0.1,8.125,0.0,0.0,0.0,0.7,0.0,0.0,0.0,0.0,0.0,0.0,0.0,24
89446c32e2fffff,2,2.0,2.0,0.0,0.0,10.0,0.0,0.0,0.0,0.5,0.0,0.0,0.0,0.0,0.0,0.0,0.0,35
89446c32e37ffff,6,2.0,2.0,0.0,0.16666666666666666,8.833333333333334,0.0,0.0,0.0,0.8333333333333334,0.0,0.0,0.0,0.0,0.0,0.0,0.0,63
89446c32e3bffff,1,0.0,2.0,0.0,0.0,8.0,0.0,0.0,0.0,0.0,0.0,0.0,0.0,0.0,0.0,0.0,0.0,38
89446c32e43ffff,3,1.0,2.0,0.0,0.0,10.0,0.0,0.0,0.0,0.0,0.0,0.0,0.0,0.0,0.0,0.0,0.0,76
89446c32e47ffff,29,9.0,2.0,0.1724137931034483,0.10344827586206896,9.118518518518519,0.0,0.8620689655172413,0.8620689655172413,0.0,0.0,0.0,0.0,0.0,0.0,0.0,0.0,71
89446c32e4bffff,12,6.0,2.0,0.25,0.0,8.9375,0.0,0.0,0.0,0.9166666666666666,0.0,0.0,0.0,0.0,0.0,0.0,0.0,25
89446c32e4fffff,2,1.0,2.0,0.0,0.0,10.0,0.0,0.0,0.0,1.0,0.0,0.0,0.0,0.0,0.0,0.0,0.0,57
89446c32e57ffff,21,7.0,2.0476190476190474,0.23809523809523808,0.09523809523809523,9.45,0.0,0.0,0.0,0.7619047619047619,0.0,0.0,0.0,0.0,0.0,0.0,0.0,69
89446c32e5bffff,12,4.0,2.0,0.25,0.0,8.25,0.0,0.4166666666666667,0.4166666666666667,0.5833333333333334,0.0,0.0,0.0,0.0,0.0,0.0,0.0,24
89446c32e63ffff,70,16.0,2.0,0.2571428571428571,0.02857142857142857,9.040579710144927,0.0,0.0,0.7571428571428571,0.21428571428571427,0.0,0.0,0.0,0.0,0.0,0.0,0.0,92
89446c32e6bffff,18,9.0,2.0,0.16666666666666666,0.16666666666666666,8.588235294117647,0.0,0.3333333333333333,0.3333333333333333,0.3888888888888889,0.0,0.0,0.0,0.0,0.0,0.0,0.0,127
89446c32e6fffff,40,7.0,2.0,0.15,0.0,8.907297297297298,0.0,0.425,0.9,0.05,0.0,0.0,0.0,0.0,0.0,0.0,0.0,98
89446c32e73ffff,28,9.0,2.0,0.35714285714285715,0.03571428571428571,9.035714285714286,0.0,0.8214285714285714,0.8571428571428571,0.0,0.0,0.0,0.0,0.0,0.0,0.0,0.0,125
89446c32e77ffff,3,1.0,2.0,0.3333333333333333,0.0,6.733333333333333,0.0,0.0,0.0,0.3333333333333333,0.0,0.0,0.0,0.0,0.0,0.0,0.0,115
89446c32e7bffff,3,3.0,2.0,1.0,0.0,10.0,0.0,0.0,0.0,0.0,0.0,0.0,0.0,0.0,0.0,0.0,0.0,150
89446c32e87ffff,1,1.0,2.0,0.0,0.0,10.0,0.0,0.0,0.0,1.0,0.0,0.0,0.0,0.0,0.0,0.0,0.0,21
89446c32e8bffff,1,0.0,2.0,0.0,0.0,10.0,0.0,0.0,0.0,1.0,0.0,0.0,0.0,0.0,0.0,0.0,0.0,8
89446c32e8fffff,1,1.0,2.0,0.0,0.0,10.0,0.0,0.0,0.0,1.0,0.0,0.0,0.0,0.0,0.0,0.0,0.0,7
89446c32e93ffff,2,0.0,2.0,0.0,0.0,5.1,0.0,0.5,0.5,0.5,0.0,0.0,0.0,0.0,0.0,0.0,0.0,14
89446c32e97ffff,10,1.0,2.0,0.2,0.2,8.58,0.0,0.8,0.0,1.0,0.0,0.0,0.0,0.0,0.0,0.0,0.0,58
89446c32e9bffff,2,1.0,2.0,0.0,0.0,10.0,0.0,1.0,1.0,0.0,0.0,0.0,0.0,0.0,0.0,0.0,0.0,6
89446c32ea3ffff,1,0.0,2.0,0.0,0.0,10.0,0.0,0.0,0.0,1.0,0.0,0.0,0.0,0.0,0.0,0.0,0.0,55
89446c32ea7ffff,37,2.0,2.027027027027027,0.13513513513513514,0.0,8.958333333333334,0.0,0.7837837837837838,0.7837837837837838,0.0,0.0,0.0,0.0,0.0,0.0,0.0,0.0,21
89446c32eabffff,3,1.0,2.0,0.3333333333333333,0.0,8.666666666666666,0.0,0.0,0.0,1.0,0.0,0.0,0.0,0.0,0.0,0.0,0.0,14
89446c32eafffff,5,1.0,2.0,0.6,0.0,10.0,0.0,0.0,0.0,1.0,0.0,0.0,0.0,0.0,0.0,0.0,0.0,52
89446c32eb3ffff,2,1.0,2.0,0.5,0.0,10.0,0.0,0.0,0.0,0.0,0.0,0.0,0.0,0.0,0.0,0.0,0.0,22
89446c32eb7ffff,7,4.0,2.0,0.2857142857142857,0.0,8.314285714285715,0.0,0.0,0.0,1.0,0.0,0.0,0.0,0.0,0.0,0.0,0.0,45
89446c32ebbffff,1,1.0,2.0,0.0,0.0,10.0,0.0,0.0,0.0,0.0,0.0,0.0,0.0,0.0,0.0,0.0,0.0,9
89446c32ec3ffff,25,6.0,2.0,0.4,0.04,9.458333333333334,0.0,0.0,0.0,0.92,0.0,0.0,0.0,0.0,0.0,0.0,0.0,67
89446c32ec7ffff,2,1.0,2.0,0.5,0.0,10.0,0.0,0.0,0.0,0.0,0.0,0.0,0.0,0.0,0.0,0.0,0.0,52
89446c32ecfffff,23,5.0,2.0434782608695654,0.17391304347826086,0.043478260869565216,9.182608695652174,0.0,0.0,0.0,0.8695652173913043,0.0,0.0,0.0,0.0,0.0,0.0,0.0,48
89446c32ed3ffff,39,6.0,2.0,0.20512820512820512,0.0,8.945833333333333,0.0,0.7692307692307693,0.7692307692307693,0.1794871794871795,0.0,0.0,0.0,0.0,0.0,0.0,0.0,43
89446c32edbffff,3,1.0,2.0,0.3333333333333333,0.0,7.666666666666667,0.0,0.0,0.0,1.0,0.0,0.0,0.0,0.0,0.0,0.0,0.0,76
89446c33003ffff,3,0.0,2.0,0.0,0.3333333333333333,10.0,0.0,0.0,0.0,0.0,0.0,0.0,0.0,0.0,0.0,0.0,0.0,44
89446c33007ffff,4,1.0,2.0,0.25,0.0,9.75,0.0,0.0,0.0,0.0,0.0,0.0,0.0,0.0,0.0,0.0,0.0,397
89446c3300fffff,6,4.0,2.0,0.5,0.0,9.666666666666666,0.0,0.0,0.0,0.0,0.0,0.0,0.0,0.0,0.0,0.0,0.3333333333333333,99
89446c33013ffff,7,5.0,2.0,0.2857142857142857,0.0,10.0,0.0,0.0,0.0,0.0,0.0,0.0,0.0,0.0,0.0,0.0,0.0,54
89446c33017ffff,7,0.0,2.0,0.2857142857142857,0.0,10.0,0.0,0.0,0.0,0.0,0.0,0.0,0.0,0.0,0.0,0.0,0.0,26
89446c3301bffff,20,5.0,2.0,0.35,0.05,8.42,0.0,0.0,0.7,0.0,0.0,0.0,0.0,0.0,0.0,0.0,0.2,40
89446c33023ffff,55,10.0,2.7636363636363637,0.38181818181818183,0.01818181818181818,8.258333333333333,0.10909090909090909,0.0,0.0,0.0,0.0,0.0,0.0,0.0,0.0,0.0,0.0,561
89446c33027ffff,8,3.0,2.25,0.0,0.125,8.275,0.125,0.0,0.0,0.0,0.0,0.0,0.0,0.0,0.0,0.0,0.0,339
89446c3302fffff,100,32.0,2.65,0.27,0.09,9.013131313131312,0.06,0.09,0.1,0.0,0.05,0.0,0.0,0.0,0.0,0.0,0.0,77
89446c33033ffff,361,35.0,2.9168975069252077,0.1772853185595568,0.04155124653739612,8.977777777777778,0.0,0.0,0.0,0.0,0.0,0.0,0.0,0.0,0.0,0.0,0.0,183
89446c33037ffff,76,55.0,2.8552631578947367,0.32894736842105265,0.07894736842105263,8.904605263157896,0.013157894736842105,0.0,0.0,0.0,0.0,0.0,0.0,0.0,0.0,0.0,0.0,542
89446c3303bffff,16,8.0,2.5,0.25,0.0,9.8125,0.25,0.0,0.0,0.0,0.0,0.0,0.0,0.0,0.0,0.0,0.0,500
89446c33043ffff,2,1.0,2.0,0.5,0.0,9.0,0.0,0.0,0.0,0.0,0.0,0.0,0.0,0.0,0.0,0.0,0.0,57
89446c33047ffff,1,1.0,2.0,1.0,0.0,6.0,0.0,0.0,0.0,0.0,0.0,0.0,0.0,0.0,0.0,0.0,0.0,30
89446c3304bffff,19,12.0,2.0,0.3684210526315789,0.0,8.618421052631579,0.0,0.47368421052631576,0.47368421052631576,0.3157894736842105,0.0,0.0,0.0,0.0,0.0,0.0,0.0,49
89446c3304fffff,2,0.0,2.0,0.5,0.0,10.0,0.0,0.0,0.0,0.0,0.0,0.0,0.0,0.0,0.0,0.0,0.0,151
89446c33053ffff,5,3.0,2.0,0.4,0.0,9.6,0.0,0.0,0.0,0.0,0.0,0.0,0.0,0.0,0.0,0.0,0.0,70
89446c33057ffff,11,6.0,2.0,0.09090909090909091,0.09090909090909091,9.181818181818182,0.0,0.7272727272727273,0.0,0.0,0.0,0.0,0.0,0.0,0.0,0.0,0.0,32
89446c3305bffff,19,6.0,2.0,0.3157894736842105,0.05263157894736842,9.25,0.0,0.0,0.8947368421052632,0.05263157894736842,0.0,0.0,0.0,0.0,0.0,0.0,0.0,66
89446c33063ffff,16,9.0,2.3125,0.3125,0.0,9.5625,0.875,0.0,0.0,0.0,0.0,0.0,0.0,0.0,0.0,0.0,0.0,117
89446c33067ffff,20,5.0,2.0,0.2,0.1,8.675,0.0,1.0,0.85,0.15,0.0,0.0,0.0,0.0,0.0,0.0,0.15,106
89446c3306bffff,2,2.0,2.0,0.0,0.0,9.5,0.5,0.0,0.0,0.0,0.0,0.0,0.0,0.0,0.0,0.0,0.0,185
89446c3306fffff,6,2.0,2.0,0.3333333333333333,0.16666666666666666,9.2,0.0,0.8333333333333334,0.0,0.8333333333333334,0.0,0.0,0.0,0.0,0.0,0.0,0.0,52
89446c33073ffff,2,1.0,2.0,0.5,0.0,8.0,0.0,0.0,0.0,0.0,0.0,0.0,0.0,0.0,0.0,0.0,0.0,110
89446c33077ffff,74,19.0,2.6216216216216215,0.36486486486486486,0.05405405405405406,8.89864864864865,0.40540540540540543,0.013513513513513514,0.013513513513513514,0.0,0.0,0.0,0.0,0.0,0.0,0.0,0.0,60
89446c3307bffff,13,3.0,2.3846153846153846,0.5384615384615384,0.15384615384615385,9.0,0.7692307692307693,0.0,0.0,0.0,0.0,0.0,0.0,0.0,0.0,0.0,0.0,122
89446c33083ffff,4,1.0,2.0,0.25,0.0,10.0,0.0,0.0,0.0,0.0,0.0,0.0,0.0,0.0,0.0,0.0,0.0,72
89446c33087ffff,7,2.0,2.0,0.2857142857142857,0.0,10.0,0.0,0.0,0.0,0.0,0.0,0.0,0.0,0.0,0.0,0.0,0.0,126
89446c3308bffff,6,0.0,2.0,0.16666666666666666,0.0,8.833333333333334,0.0,0.0,0.0,0.0,0.0,0.0,0.0,0.0,0.0,0.0,0.16666666666666666,55
89446c3308fffff,3,2.0,2.0,0.0,0.0,2.5,0.0,0.0,0.0,0.0,0.0,0.0,0.0,0.0,0.0,0.0,0.0,36
89446c33093ffff,4,3.0,2.0,0.25,0.25,9.75,0.0,0.0,0.0,0.0,0.0,0.0,0.0,0.0,0.0,0.0,0.0,100
89446c33097ffff,44,20.0,2.340909090909091,0.38636363636363635,0.022727272727272728,9.581395348837209,0.0,0.2727272727272727,0.29545454545454547,0.0,0.29545454545454547,0.0,0.0,0.0,0.0,0.0,0.11363636363636363,105
89446c3309bffff,8,4.0,2.0,0.0,0.0,9.5,0.0,0.0,0.5,0.0,0.0,0.0,0.0,0.0,0.0,0.0,0.0,46
89446c330a3ffff,105,20.0,2.5142857142857142,0.2571428571428571,0.0380952380952381,9.142857142857142,0.0,0.009523809523809525,0.05714285714285714,0.0,0.009523809523809525,0.0,0.0,0.0,0.0,0.0,0.0,83
89446c330a7ffff,2,2.0,2.0,1.0,0.0,10.0,0.0,1.0,0.0,0.0,0.0,1.0,0.0,0.0,0.0,0.0,0.0,147
89446c330abffff,4,1.0,2.0,0.25,0.25,8.25,0.0,0.0,0.0,0.0,0.0,0.0,0.0,0.0,0.0,0.0,0.0,510
89446c330afffff,28,8.0,3.107142857142857,0.35714285714285715,0.07142857142857142,9.192307692307692,0.0,0.0,0.0,0.0,0.0,0.0,0.0,0.0,0.0,0.0,0.0,551
89446c330b3ffff,35,11.0,2.7714285714285714,0.3142857142857143,0.05714285714285714,8.595588235294118,0.22857142857142856,0.0,0.0,0.0,0.0,0.0,0.0,0.0,0.0,0.0,0.0,162
89446c330b7ffff,9,3.0,2.0,0.2222222222222222,0.0,7.8125,0.0,0.8888888888888888,0.8888888888888888,0.0,0.0,0.0,0.0,0.0,0.0,0.0,0.0,145
89446c330bbffff,5,1.0,2.0,0.4,0.0,9.25,0.0,0.0,0.0,0.0,0.0,0.0,0.0,0.0,0.0,0.0,0.0,161
89446c330c3ffff,2,0.0,2.0,0.0,0.0,8.0,0.0,0.0,0.0,0.0,0.0,0.0,0.0,0.0,0.0,0.0,0.0,47
89446c330c7ffff,15,4.0,2.0,0.4666666666666667,0.13333333333333333,8.866666666666667,0.0,0.0,0.0,0.0,0.0,0.0,0.0,0.0,0.0,0.0,0.0,57
89446c330cbffff,4,3.0,2.0,0.5,0.0,7.625,0.0,0.0,0.0,0.0,0.0,0.0,0.0,0.0,0.0,0.0,0.0,59
89446c330cfffff,4,0.0,2.0,0.75,0.0,9.75,0.0,0.5,0.0,0.0,0.0,0.0,0.0,0.0,0.0,0.0,0.5,57
89446c330d3ffff,3,1.0,2.0,0.3333333333333333,0.0,9.0,0.0,0.0,0.0,0.0,0.0,0.0,0.0,0.0,0.0,0.0,0.0,46
89446c330d7ffff,18,6.0,2.0,0.1111111111111111,0.05555555555555555,7.617647058823529,0.0,0.0,0.5,0.0,0.0,0.0,0.0,0.0,0.0,0.0,0.0,36
89446c330dbffff,3,2.0,2.0,0.3333333333333333,0.0,9.666666666666666,0.0,1.0,0.0,0.0,0.0,0.0,0.0,0.0,0.0,0.0,0.0,30
89446c33103ffff,12,4.0,2.0,0.3333333333333333,0.0,9.454545454545455,0.0,0.0,0.0,0.0,0.0,0.08333333333333333,0.0,0.0,0.0,0.0,0.0,167
89446c33107ffff,1,0.0,2.0,0.0,0.0,4.0,1.0,0.0,0.0,0.0,0.0,0.0,0.0,0.0,0.0,0.0,0.0,57
89446c3310bffff,1,0.0,2.0,1.0,0.0,10.0,0.0,0.0,0.0,0.0,0.0,0.0,0.0,0.0,0.0,0.0,0.0,42
89446c3310fffff,6,0.0,2.0,0.3333333333333333,0.0,10.0,0.0,0.0,0.0,0.6666666666666666,0.0,0.0,0.0,0.0,0.0,0.0,0.0,19
89446c33113ffff,137,78.0,2.7007299270072993,0.1897810218978102,0.051094890510948905,9.256934306569343,0.029197080291970802,0.0,0.17518248175182483,0.0,0.0,0.0,0.0,0.0,0.0,0.0,0.0,241
89446c33117ffff,20,8.0,2.3,0.25,0.05,9.0,0.0,0.0,0.0,0.0,0.0,0.0,0.0,0.0,0.0,0.0,0.0,342
89446c3311bffff,2,1.0,2.0,0.0,0.0,10.0,0.0,0.0,0.0,0.0,0.0,0.0,0.0,0.0,0.0,0.0,0.5,241
89446c33123ffff,6,5.0,2.0,0.3333333333333333,0.16666666666666666,8.458333333333334,0.0,0.0,0.0,0.0,0.0,0.0,0.0,0.0,0.0,0.0,0.0,88
89446c3312bffff,6,2.0,2.0,0.16666666666666666,0.3333333333333333,6.875,0.0,0.0,0.0,0.0,0.0,0.0,0.0,0.0,0.0,0.0,0.0,102
89446c3312fffff,67,8.0,2.014925373134328,0.19402985074626866,0.014925373134328358,8.9578125,0.0,0.0,0.8208955223880597,0.014925373134328358,0.0,0.0,0.0,0.0,0.0,0.0,0.0,48
89446c33133ffff,8,1.0,2.5,0.125,0.0,8.225,0.5,0.0,0.0,0.125,0.0,0.0,0.0,0.0,0.0,0.0,0.0,30
89446c33137ffff,5,2.0,2.0,0.2,0.0,10.0,0.0,0.0,0.0,1.0,0.0,0.0,0.0,0.0,0.0,0.0,0.0,43
89446c3313bffff,2,0.0,2.0,0.0,0.0,7.5,0.0,0.0,0.0,1.0,0.0,1.0,0.0,0.0,0.0,0.0,0.0,29
89446c33143ffff,6,2.0,2.0,0.5,0.0,8.416666666666666,0.0,0.0,0.0,0.0,0.0,0.0,0.0,0.0,0.0,0.0,0.0,51
89446c33147ffff,4,1.0,2.0,0.25,0.0,10.0,0.0,0.0,0.0,0.75,0.0,0.0,0.0,0.0,0.0,0.0,0.0,48
89446c3314bffff,4,0.0,3.0,1.0,0.0,10.0,0.0,0.0,0.0,0.0,0.0,0.25,0.0,0.0,0.0,0.0,0.0,88
89446c3314fffff,5,0.0,2.0,0.2,0.4,7.2,0.0,0.0,0.0,1.0,0.0,0.0,0.0,0.0,0.0,0.0,0.0,96
89446c33153ffff,17,1.0,2.0,0.17647058823529413,0.058823529411764705,7.6375,0.0,0.8823529411764706,0.8823529411764706,0.11764705882352941,0.0,0.0,0.0,0.0,0.0,0.0,0.0,129
89446c33157ffff,17,8.0,2.0,0.29411764705882354,0.0,9.0,0.0,0.0,0.0,0.7058823529411765,0.0,0.0,0.0,0.0,0.0,0.0,0.0,37
89446c3315bffff,4,4.0,2.75,0.5,0.0,7.625,0.0,0.0,0.0,0.0,0.0,0.0,0.0,0.0,0.0,0.0,0.0,141
89446c33163ffff,1,0.0,2.0,0.0,0.0,6.0,0.0,0.0,0.0,0.0,0.0,0.0,0.0,0.0,0.0,0.0,0.0,40
89446c3316bffff,14,7.0,2.0,0.35714285714285715,0.0,8.435714285714285,0.0,0.0,0.0,0.42857142857142855,0.0,0.0,0.0,0.0,0.0,0.0,0.0,67
89446c3316fffff,5,3.0,2.0,0.6,0.4,9.25,0.0,0.0,0.0,0.8,0.0,0.0,0.0,0.0,0.0,0.0,0.0,56
89446c33173ffff,1,1.0,2.0,0.0,1.0,5.0,0.0,0.0,0.0,1.0,0.0,0.0,0.0,0.0,0.0,0.0,0.0,32
89446c33177ffff,2,1.0,2.0,0.5,0.0,10.0,0.0,0.0,0.0,0.0,0.0,0.0,0.0,0.0,0.0,0.0,0.0,16
89446c3317bffff,18,8.0,2.0,0.2222222222222222,0.05555555555555555,9.0,0.0,0.0,0.8888888888888888,0.0,0.0,0.0,0.0,0.0,0.0,0.0,0.1111111111111111,29
89446c33183ffff,13,4.0,2.0,0.46153846153846156,0.0,8.916666666666666,0.0,0.0,0.0,0.5384615384615384,0.0,0.0,0.0,0.0,0.0,0.0,0.0,156
89446c33187ffff,4,1.0,2.0,0.75,0.0,10.0,0.0,0.0,0.0,0.75,0.0,0.0,0.0,0.0,0.0,0.0,0.0,432
89446c3318bffff,14,3.0,2.0,0.07142857142857142,0.07142857142857142,8.98076923076923,0.0,0.0,0.0,0.14285714285714285,0.0,0.0,0.0,0.0,0.0,0.0,0.0,346
89446c3318fffff,126,21.0,2.6746031746031744,0.21428571428571427,0.07142857142857142,8.824603174603176,0.007936507936507936,0.0,0.03968253968253968,0.031746031746031744,0.0,0.0,0.0,0.0,0.0,0.0,0.0,245
89446c33193ffff,9,6.0,2.0,0.2222222222222222,0.1111111111111111,8.055555555555555,0.0,0.0,0.0,0.2222222222222222,0.0,0.0,0.0,0.0,0.0,0.0,0.1111111111111111,63
89446c3319bffff,3,0.0,2.0,0.3333333333333333,0.0,10.0,0.0,0.0,0.0,0.0,0.0,0.0,0.0,0.0,0.0,0.0,0.0,66
89446c331a3ffff,13,7.0,2.0,0.23076923076923078,0.0,8.192307692307692,0.0,0.5384615384615384,0.0,1.0,0.0,0.0,0.0,0.0,0.0,0.0,0.0,307
89446c331abffff,9,0.0,2.2222222222222223,0.2222222222222222,0.0,9.88888888888889,0.7777777777777778,0.0,0.0,0.1111111111111111,0.0,0.0,0.0,0.0,0.0,0.0,0.0,106
89446c331afffff,7,2.0,2.0,0.14285714285714285,0.0,10.0,0.0,0.0,0.0,1.0,0.0,0.0,0.0,0.0,0.0,0.0,0.0,49
89446c331b3ffff,225,59.0,2.671111111111111,0.19111111111111112,0.06666666666666667,8.743080357142857,0.18222222222222223,0.0,0.49777777777777776,0.08888888888888889,0.02666666666666667,0.0,0.0,0.0,0.0,0.0,0.0,110
89446c331b7ffff,9,2.0,2.0,0.2222222222222222,0.0,8.171428571428573,0.0,0.1111111111111111,0.0,1.0,0.0,0.0,0.0,0.0,0.0,0.0,0.0,280
89446c331bbffff,57,22.0,2.3508771929824563,0.24561403508771928,0.05263157894736842,8.775438596491227,0.05263157894736842,0.0,0.0,0.017543859649122806,0.0,0.0,0.0,0.0,0.0,0.0,0.0,397
89446c331c3ffff,11,2.0,2.4545454545454546,0.2727272727272727,0.18181818181818182,9.9,0.0,0.0,0.0,0.0,0.0,0.0,0.0,0.0,0.0,0.0,0.0,164
89446c331c7ffff,67,10.0,2.626865671641791,0.208955223880597,0.08955223880597014,8.72121212121212,0.029850746268656716,0.0,0.0,0.0,0.0,0.0,0.0,0.0,0.0,0.0,0.0,171
89446c331cbffff,87,26.0,2.8045977011494254,0.27586206896551724,0.11494252873563218,9.008720930232558,0.3103448275862069,0.0,0.0,0.0,0.0,0.0,0.0,0.0,0.0,0.0,0.0,122
89446c331cfffff,7,3.0,2.0,0.14285714285714285,0.0,9.714285714285714,0.0,0.14285714285714285,0.14285714285714285,0.0,0.0,0.0,0.0,0.0,0.0,0.0,0.0,201
89446c331dbffff,3,2.0,2.0,0.6666666666666666,0.0,10.0,0.0,0.0,0.0,0.6666666666666666,0.0,0.0,0.0,0.0,0.0,0.0,0.0,204
89446c33203ffff,10,3.0,2.4,0.2,0.0,9.11111111111111,0.0,0.0,0.0,0.0,0.0,0.0,0.0,0.0,0.0,0.0,0.0,124
89446c33207ffff,1,1.0,2.0,0.0,0.0,10.0,0.0,0.0,0.0,0.0,0.0,0.0,0.0,0.0,0.0,0.0,0.0,49
89446c33213ffff,7,4.0,2.7142857142857144,0.42857142857142855,0.0,10.0,0.0,0.0,0.0,0.0,0.0,0.0,0.0,0.0,0.0,0.0,0.0,129
89446c33217ffff,39,5.0,2.58974358974359,0.3076923076923077,0.05128205128205128,8.302631578947368,0.3076923076923077,0.0,0.0,0.0,0.0,0.0,0.0,0.0,0.0,0.0,0.0,35
89446c3321bffff,77,29.0,2.4415584415584415,0.2727272727272727,0.1038961038961039,9.472222222222221,0.0,0.2987012987012987,0.7142857142857143,0.0,0.0,0.0,0.0,0.0,0.0,0.0,0.0,40
89446c33223ffff,9,4.0,2.0,0.5555555555555556,0.1111111111111111,9.0,0.0,0.0,0.0,0.5555555555555556,0.0,0.0,0.0,0.0,0.0,0.0,0.0,8
89446c33227ffff,7,5.0,2.0,0.2857142857142857,0.14285714285714285,5.607142857142857,0.0,0.0,0.0,1.0,0.0,0.0,0.0,0.0,0.0,0.0,0.0,17
89446c3322bffff,1,1.0,2.0,1.0,0.0,10.0,0.0,0.0,0.0,0.0,0.0,0.0,0.0,0.0,0.0,0.0,0.0,49
89446c33263ffff,11,6.0,2.0,0.36363636363636365,0.09090909090909091,9.909090909090908,0.0,0.0,0.0,0.0,0.0,0.0,0.0,0.0,0.0,0.0,0.0,42
89446c33267ffff,7,4.0,2.0,0.2857142857142857,0.14285714285714285,8.928571428571429,0.0,0.2857142857142857,0.0,0.0,0.0,0.0,0.0,0.0,0.0,0.0,0.0,53
89446c3326bffff,2,0.0,2.0,0.5,0.0,10.0,0.0,0.0,0.0,0.0,0.0,0.0,0.0,0.0,0.0,0.0,0.0,15
89446c33277ffff,33,8.0,2.0,0.15151515151515152,0.06060606060606061,9.196969696969697,0.0,0.0,0.0,0.9696969696969697,0.0,0.0,0.0,0.0,0.0,0.0,0.0,19
89446c33283ffff,3,1.0,2.0,0.3333333333333333,0.0,10.0,0.0,0.0,0.0,1.0,0.0,0.0,0.0,0.0,0.0,0.0,0.0,25
89446c33287ffff,2,2.0,2.0,0.5,0.0,10.0,0.0,0.0,0.0,0.5,0.0,0.0,0.0,0.0,0.0,0.0,0.0,63
89446c3328bffff,2,2.0,2.0,0.0,0.0,10.0,0.0,0.0,0.0,0.0,0.0,0.0,0.0,0.0,0.0,0.0,0.0,30
89446c33293ffff,6,3.0,2.0,0.5,0.0,8.666666666666666,0.0,0.0,0.0,1.0,0.0,0.0,0.0,0.0,0.0,0.0,0.0,28
89446c33297ffff,7,3.0,2.0,0.42857142857142855,0.0,8.714285714285714,0.0,0.0,0.0,0.8571428571428571,0.0,0.0,0.0,0.0,0.0,0.0,0.0,52
89446c3329bffff,8,2.0,2.0,0.125,0.0,7.975,0.0,0.0,0.0,1.0,0.0,0.0,0.0,0.0,0.0,0.0,0.0,24
89446c332a3ffff,10,8.0,2.6,0.6,0.0,9.8,0.0,0.0,0.0,0.0,0.0,0.0,0.0,0.0,0.0,0.0,0.0,182
89446c332a7ffff,44,17.0,2.0,0.29545454545454547,0.06818181818181818,8.700000000000001,0.0,0.7272727272727273,0.7272727272727273,0.0,0.0,0.0,0.0,0.0,0.0,0.0,0.0,124
89446c332afffff,5,1.0,2.0,0.2,0.0,9.6,0.0,0.0,0.0,0.2,0.0,0.0,0.0,0.0,0.0,0.0,0.0,55
89446c332b3ffff,17,4.0,2.0,0.29411764705882354,0.058823529411764705,8.161764705882353,0.0,0.7647058823529411,0.0,1.0,0.0,0.0,0.0,0.0,0.0,0.0,0.0,149
89446c332b7ffff,99,34.0,2.5555555555555554,0.2222222222222222,0.010101010101010102,9.0390625,0.0,0.12121212121212122,0.5656565656565656,0.0,0.08080808080808081,0.0,0.0,0.0,0.0,0.0,0.0,88
89446c332bbffff,17,4.0,2.411764705882353,0.29411764705882354,0.11764705882352941,8.823529411764707,0.9411764705882353,0.0,0.0,0.0,0.0,0.0,0.0,0.0,0.0,0.0,0.0,68
89446c332c7ffff,1,0.0,2.0,0.0,0.0,10.0,0.0,0.0,0.0,0.0,0.0,0.0,0.0,0.0,0.0,0.0,0.0,119
89446c332cbffff,17,3.0,2.588235294117647,0.23529411764705882,0.058823529411764705,9.117647058823529,0.0,0.0,0.0,0.058823529411764705,0.0,0.0,0.0,0.0,0.0,0.0,0.0,66
89446c332cfffff,22,7.0,2.727272727272727,0.3181818181818182,0.09090909090909091,8.4,0.7272727272727273,0.0,0.0,0.0,0.0,0.0,0.0,0.0,0.0,0.0,0.0,95
89446c332d7ffff,11,2.0,2.090909090909091,0.36363636363636365,0.0,8.636363636363637,0.0,0.09090909090909091,0.0,0.9090909090909091,0.0,0.09090909090909091,0.0,0.0,0.0,0.0,0.0,11
89446c332dbffff,1,1.0,2.0,1.0,0.0,10.0,0.0,0.0,0.0,1.0,0.0,0.0,0.0,0.0,0.0,0.0,0.0,18
89446c33303ffff,3,2.0,2.0,0.3333333333333333,0.0,10.0,0.0,0.0,0.0,0.0,0.0,0.0,0.0,0.0,0.0,0.0,0.0,36
89446c33307ffff,16,5.0,2.0,0.1875,0.125,9.4375,0.0,0.0,0.75,0.125,0.0,0.0,0.0,0.0,0.0,0.0,0.0,28
89446c3330bffff,4,1.0,2.0,0.5,0.25,7.75,0.0,0.0,0.0,0.0,0.0,0.0,0.0,0.0,0.0,0.0,0.0,33
89446c3330fffff,6,2.0,2.0,0.3333333333333333,0.0,9.333333333333334,0.0,0.0,0.0,0.8333333333333334,0.0,0.0,0.0,0.0,0.0,0.0,0.0,39
89446c33313ffff,1,1.0,2.0,0.0,0.0,10.0,0.0,1.0,0.0,0.0,0.0,0.0,0.0,0.0,0.0,0.0,0.0,29
89446c33317ffff,5,3.0,2.0,0.4,0.0,8.1,0.0,0.0,0.0,0.0,0.0,0.0,0.0,0.0,0.0,0.0,0.0,42
89446c3331bffff,4,4.0,2.0,0.75,0.0,8.5,0.0,0.75,0.0,0.0,0.0,0.0,0.0,0.0,0.0,0.0,0.0,33
89446c33323ffff,4,2.0,2.0,0.0,0.25,10.0,0.0,0.0,0.0,0.0,0.0,0.0,0.0,0.0,0.0,0.0,0.0,71
89446c33327ffff,25,10.0,2.72,0.16,0.08,9.541666666666666,0.08,0.0,0.0,0.12,0.0,0.0,0.0,0.0,0.0,0.0,0.0,34
89446c3332bffff,18,7.0,2.0,0.3333333333333333,0.16666666666666666,9.222222222222221,0.0,0.0,0.6111111111111112,0.0,0.0,0.0,0.0,0.0,0.0,0.0,0.0,22
89446c33333ffff,6,0.0,2.0,0.16666666666666666,0.0,10.0,0.0,0.0,0.0,0.6666666666666666,0.0,0.0,0.0,0.0,0.0,0.0,0.0,125
89446c33337ffff,15,8.0,2.466666666666667,0.2,0.0,9.866666666666667,0.06666666666666667,0.06666666666666667,0.0,0.0,0.0,0.0,0.0,0.0,0.0,0.0,0.0,141
89446c3333bffff,7,3.0,2.0,0.8571428571428571,0.14285714285714285,5.285714285714286,0.0,0.0,0.0,0.42857142857142855,0.0,0.0,0.0,0.0,0.0,0.0,0.0,56
89446c33347ffff,5,2.0,2.0,0.4,0.2,9.2,0.0,0.0,0.0,0.0,0.0,0.0,0.0,0.0,0.0,0.0,0.0,32
89446c3334bffff,2,1.0,2.0,0.5,0.0,10.0,0.0,0.0,0.0,0.0,0.0,0.0,0.0,0.0,0.0,0.0,0.0,14
89446c3334fffff,2,0.0,2.0,0.5,0.0,10.0,0.0,0.0,0.0,0.0,0.0,0.0,0.0,0.0,0.0,0.0,0.0,28
89446c33353ffff,5,0.0,2.0,0.0,0.0,7.0,0.0,0.8,0.0,0.8,0.0,0.0,0.0,0.0,0.0,0.0,0.0,35
89446c33357ffff,12,1.0,2.0,0.08333333333333333,0.0,10.0,0.0,1.0,0.5833333333333334,0.4166666666666667,0.0,0.4166666666666667,0.0,0.0,0.0,0.0,0.0,31
89446c3335bffff,3,3.0,2.0,0.6666666666666666,0.0,10.0,0.0,0.0,0.0,0.0,0.0,0.0,0.0,0.0,0.0,0.0,0.0,14
89446c33363ffff,1,0.0,2.0,0.0,0.0,10.0,0.0,0.0,0.0,1.0,0.0,0.0,0.0,0.0,0.0,0.0,0.0,40
89446c33367ffff,5,3.0,2.0,0.4,0.0,9.4,0.0,0.0,0.0,0.4,0.0,0.0,0.0,0.0,0.0,0.0,0.0,28
89446c3336bffff,12,9.0,2.0,0.5833333333333334,0.0,9.5,0.0,0.0,0.6666666666666666,0.25,0.0,0.0,0.0,0.0,0.0,0.0,0.0,21
89446c3336fffff,3,1.0,2.0,0.0,0.0,10.0,0.0,0.0,0.0,0.6666666666666666,0.0,0.0,0.0,0.0,0.0,0.0,0.0,26
89446c33373ffff,3,1.0,2.0,0.3333333333333333,0.0,10.0,0.0,0.0,0.0,0.6666666666666666,0.0,0.0,0.0,0.0,0.0,0.0,0.0,33
89446c33377ffff,6,3.0,2.0,0.5,0.16666666666666666,7.541666666666667,0.0,0.5,0.0,0.6666666666666666,0.0,0.0,0.0,0.0,0.0,0.0,0.0,40
89446c3337bffff,11,4.0,2.0,0.18181818181818182,0.09090909090909091,9.363636363636363,0.0,0.0,0.7272727272727273,0.18181818181818182,0.0,0.0,0.0,0.0,0.0,0.0,0.0,26
89446c33383ffff,7,2.0,2.0,0.14285714285714285,0.14285714285714285,7.457142857142857,0.0,0.0,0.0,0.0,0.0,0.0,0.0,0.0,0.0,0.0,0.0,40
89446c33387ffff,7,6.0,2.0,0.7142857142857143,0.0,9.571428571428571,0.0,0.0,0.0,0.0,0.0,0.0,0.0,0.0,0.0,0.0,0.0,98
89446c3338bffff,3,1.0,2.0,0.3333333333333333,0.0,6.666666666666667,0.0,0.0,0.0,0.0,0.0,0.0,0.0,0.0,0.0,0.0,0.0,29
89446c3338fffff,14,7.0,2.0,0.07142857142857142,0.14285714285714285,9.785714285714286,0.0,0.7142857142857143,0.7142857142857143,0.0,0.0,0.0,0.0,0.0,0.0,0.0,0.0,30
89446c33393ffff,4,4.0,2.0,0.5,0.0,9.75,0.0,0.5,0.0,0.0,0.0,0.0,0.0,0.0,0.0,0.0,0.0,139
89446c33397ffff,6,5.0,2.0,0.3333333333333333,0.16666666666666666,7.166666666666667,0.0,0.0,0.0,0.0,0.0,0.0,0.0,0.0,0.0,0.0,0.0,126
89446c3339bffff,6,4.0,2.0,0.6666666666666666,0.0,9.833333333333334,0.0,0.3333333333333333,0.0,0.3333333333333333,0.0,0.0,0.0,0.0,0.0,0.0,0.0,41
89446c333a3ffff,15,9.0,2.3333333333333335,0.2,0.06666666666666667,9.066666666666666,0.0,0.0,0.0,0.0,0.0,0.0,0.0,0.0,0.0,0.0,0.0,159
89446c333a7ffff,5,4.0,2.0,0.4,0.2,9.4,0.0,0.0,0.0,0.0,0.0,0.0,0.0,0.0,0.0,0.0,0.0,169
89446c333abffff,1,1.0,2.0,1.0,1.0,7.0,0.0,0.0,0.0,0.0,0.0,0.0,0.0,0.0,0.0,0.0,0.0,131
89446c333afffff,82,29.0,2.682926829268293,0.25609756097560976,0.024390243902439025,9.32716049382716,0.0,0.13414634146341464,0.6097560975609756,0.0,0.13414634146341464,0.0,0.0,0.0,0.0,0.0,0.0,62
89446c333b3ffff,60,20.0,2.6166666666666667,0.38333333333333336,0.2,8.786666666666667,0.38333333333333336,0.016666666666666666,0.13333333333333333,0.06666666666666667,0.26666666666666666,0.016666666666666666,0.0,0.0,0.0,0.0,0.06666666666666667,42
89446c333b7ffff,4,2.0,2.0,0.75,0.0,9.25,0.0,0.0,0.0,0.0,0.0,0.0,0.0,0.0,0.0,0.0,0.0,117
89446c333bbffff,7,0.0,2.0,0.14285714285714285,0.0,9.571428571428571,0.0,0.2857142857142857,0.0,0.7142857142857143,0.0,0.2857142857142857,0.0,0.0,0.0,0.0,0.2857142857142857,102
89446c333cfffff,13,3.0,2.0,0.46153846153846156,0.0,9.538461538461538,0.0,0.0,0.7692307692307693,0.0,0.0,0.0,0.0,0.0,0.0,0.0,0.0,21
89446c333d3ffff,7,3.0,2.0,0.7142857142857143,0.0,9.142857142857142,0.0,0.0,0.0,0.0,0.0,0.0,0.0,0.0,0.0,0.0,0.0,54
89446c333d7ffff,1,0.0,2.0,0.0,0.0,9.0,0.0,0.0,0.0,0.0,0.0,0.0,0.0,0.0,0.0,0.0,0.0,22
89446c333dbffff,1,0.0,2.0,0.0,0.0,9.0,0.0,0.0,0.0,0.0,0.0,0.0,0.0,0.0,0.0,0.0,0.0,56
89446c33403ffff,4,3.0,2.0,0.25,0.25,10.0,0.0,0.0,0.0,0.0,0.0,0.0,0.0,0.0,0.0,0.0,0.0,58
89446c33407ffff,15,7.0,2.0,0.4666666666666667,0.06666666666666667,9.6,0.0,0.0,0.0,0.0,0.0,0.0,0.0,0.0,0.0,0.0,0.0,132
89446c3340bffff,8,2.0,2.0,0.125,0.125,8.75,0.0,0.0,0.0,0.0,0.0,0.25,0.0,0.0,0.0,0.0,0.0,51
89446c3340fffff,14,6.0,2.0,0.21428571428571427,0.0,9.538461538461538,0.0,0.0,0.0,0.0,0.0,0.0,0.0,0.0,0.0,0.0,0.0,74
89446c33413ffff,10,5.0,2.0,0.4,0.0,10.0,0.0,0.0,0.9,0.0,0.0,0.0,0.0,0.0,0.0,0.0,0.0,46
89446c33417ffff,3,1.0,2.0,0.6666666666666666,0.0,10.0,0.0,0.0,0.0,0.0,0.0,0.0,0.0,0.0,0.0,0.0,0.0,86
89446c3341bffff,8,6.0,2.0,0.125,0.0,7.75,0.0,0.0,0.375,0.0,0.0,0.0,0.0,0.0,0.0,0.0,0.0,46
89446c33423ffff,22,10.0,2.6818181818181817,0.09090909090909091,0.045454545454545456,9.0,0.0,0.0,0.0,0.09090909090909091,0.0,0.0,0.0,0.0,0.0,0.09090909090909091,0.0,131
89446c33427ffff,2,2.0,2.0,0.0,0.5,4.5,0.0,0.0,0.0,0.0,0.0,0.0,0.0,0.0,0.0,0.0,0.0,86
89446c3342bffff,9,3.0,2.0,0.4444444444444444,0.1111111111111111,9.88888888888889,0.0,0.0,0.0,0.0,0.0,0.0,0.0,0.0,0.0,0.0,0.1111111111111111,96
89446c3342fffff,23,9.0,2.4347826086956523,0.13043478260869565,0.043478260869565216,9.121739130434783,0.043478260869565216,0.0,0.0,0.0,0.0,0.0,0.0,0.0,0.0,0.0,0.0,113
89446c33433ffff,68,22.0,2.5441176470588234,0.25,0.10294117647058823,8.422058823529412,0.0,0.07352941176470588,0.38235294117647056,0.014705882352941176,0.08823529411764706,0.0,0.0,0.0,0.0,0.0,0.0,107
89446c33437ffff,8,5.0,2.0,0.625,0.0,8.6875,0.0,0.0,0.0,0.0,0.0,0.0,0.0,0.0,0.0,0.0,0.0,117
89446c3343bffff,21,10.0,2.0,0.3333333333333333,0.09523809523809523,8.642857142857142,0.0,0.0,0.14285714285714285,0.5714285714285714,0.0,0.0,0.0,0.0,0.0,0.0,0.0,142
89446c33443ffff,9,2.0,2.0,0.4444444444444444,0.0,10.0,0.0,0.0,0.0,0.5555555555555556,0.0,0.0,0.0,0.0,0.0,0.0,0.1111111111111111,38
89446c33447ffff,7,3.0,2.0,0.14285714285714285,0.0,9.428571428571429,0.0,0.0,0.0,0.5714285714285714,0.0,0.0,0.0,0.0,0.0,0.0,0.0,38
89446c3344bffff,5,1.0,2.0,0.2,0.0,9.8,0.0,0.0,0.0,0.0,0.0,0.0,0.0,0.0,0.0,0.0,0.2,34
89446c3344fffff,1,0.0,2.0,0.0,0.0,7.0,0.0,0.0,0.0,0.0,0.0,0.0,0.0,0.0,0.0,0.0,0.0,23
89446c33453ffff,14,8.0,2.0,0.21428571428571427,0.14285714285714285,9.307692307692308,0.0,0.0,0.0,0.9285714285714286,0.0,0.0,0.0,0.0,0.0,0.0,0.07142857142857142,188
89446c33457ffff,6,2.0,2.0,0.3333333333333333,0.16666666666666666,8.416666666666666,0.0,0.0,0.0,0.0,0.0,0.0,0.0,0.0,0.0,0.0,0.0,59
89446c3345bffff,5,3.0,2.0,0.4,0.2,8.4,0.0,0.0,0.0,0.6,0.0,0.0,0.0,0.0,0.0,0.0,0.0,98
89446c33463ffff,14,5.0,2.0,0.35714285714285715,0.07142857142857142,9.142857142857142,0.0,0.7142857142857143,0.7142857142857143,0.0,0.0,0.0,0.0,0.0,0.0,0.0,0.0,59
89446c33467ffff,12,5.0,2.0,0.3333333333333333,0.0,8.727272727272727,0.0,0.0,0.0,0.25,0.0,0.0,0.0,0.0,0.0,0.0,0.0,51
89446c3346bffff,17,5.0,2.0,0.23529411764705882,0.058823529411764705,9.117647058823529,0.0,0.0,0.0,0.47058823529411764,0.0,0.0,0.0,0.0,0.0,0.0,0.47058823529411764,25
89446c3346fffff,2,0.0,2.0,0.0,0.0,10.0,0.0,0.0,0.0,0.0,0.0,0.0,0.0,0.0,0.0,0.0,0.0,72
89446c33473ffff,12,6.0,2.0,0.25,0.16666666666666666,8.818181818181818,0.0,0.0,0.0,0.3333333333333333,0.0,0.0,0.0,0.0,0.0,0.0,0.0,59
89446c33477ffff,14,9.0,2.0,0.35714285714285715,0.0,9.428571428571429,0.0,0.0,0.0,0.35714285714285715,0.0,0.0,0.0,0.0,0.0,0.0,0.07142857142857142,82
89446c3347bffff,2,1.0,2.0,0.0,0.0,10.0,0.0,0.0,0.0,0.0,0.0,0.0,0.0,0.0,0.0,0.0,0.0,51
89446c33483ffff,7,0.0,2.142857142857143,0.2857142857142857,0.0,8.685714285714285,0.0,0.0,0.0,0.0,0.0,0.0,0.0,0.0,0.0,0.0,0.0,297
89446c33487ffff,58,19.0,2.6551724137931036,0.3620689655172414,0.05172413793103448,8.626315789473685,0.13793103448275862,0.0,0.2413793103448276,0.0,0.0,0.0,0.0,0.0,0.0,0.0,0.0,177
89446c3348bffff,12,5.0,2.0,0.25,0.0,9.333333333333334,0.0,0.0,0.0,0.0,0.0,0.0,0.0,0.0,0.0,0.0,0.0,119
89446c3348fffff,14,5.0,2.0714285714285716,0.14285714285714285,0.07142857142857142,7.916666666666667,0.0,0.0,0.2857142857142857,0.0,0.0,0.0,0.0,0.0,0.0,0.0,0.0,111
89446c33493ffff,19,10.0,2.1578947368421053,0.2631578947368421,0.05263157894736842,9.222222222222221,0.0,0.21052631578947367,0.0,0.21052631578947367,0.0,0.0,0.0,0.0,0.0,0.0,0.0,246
89446c33497ffff,129,46.0,2.697674418604651,0.27906976744186046,0.03875968992248062,8.824806201550388,0.015503875968992248,0.0,0.031007751937984496,0.0,0.0,0.0,0.0,0.0,0.0,0.0,0.0,234
89446c3349bffff,65,18.0,2.8,0.23076923076923078,0.046153846153846156,9.215625,0.046153846153846156,0.0,0.0,0.5384615384615384,0.0,0.0,0.0,0.0,0.0,0.0,0.0,58
89446c334a3ffff,10,5.0,2.0,0.0,0.2,9.222222222222221,0.0,0.0,0.4,0.2,0.0,0.0,0.0,0.0,0.0,0.0,0.1,72
89446c334a7ffff,7,3.0,2.0,0.2857142857142857,0.0,9.857142857142858,0.0,0.0,0.0,0.0,0.0,0.0,0.0,0.0,0.0,0.0,0.0,61
89446c334abffff,22,9.0,2.1818181818181817,0.3181818181818182,0.09090909090909091,8.554545454545455,0.0,0.0,0.0,0.09090909090909091,0.0,0.0,0.0,0.0,0.0,0.0,0.045454545454545456,136
89446c334afffff,19,9.0,2.0,0.3684210526315789,0.0,7.830555555555555,0.0,0.3157894736842105,0.3157894736842105,0.3684210526315789,0.0,0.0,0.0,0.0,0.0,0.0,0.0,120
89446c334b3ffff,2,0.0,2.0,0.0,0.0,10.0,0.0,0.0,0.0,0.0,0.0,0.0,0.0,0.0,0.0,0.0,0.0,97
89446c334b7ffff,1,1.0,2.0,1.0,0.0,10.0,0.0,0.0,0.0,0.0,0.0,0.0,0.0,0.0,0.0,0.0,0.0,49
89446c334bbffff,21,12.0,2.3333333333333335,0.19047619047619047,0.047619047619047616,9.095238095238095,0.0,0.0,0.0,0.047619047619047616,0.0,0.0,0.0,0.0,0.0,0.0,0.0,109
89446c334c3ffff,37,6.0,2.3513513513513513,0.24324324324324326,0.10810810810810811,8.805555555555555,0.6216216216216216,0.0,0.0,0.0,0.0,0.0,0.0,0.0,0.0,0.0,0.0,152
89446c334c7ffff,5,3.0,2.0,0.4,0.0,9.8,0.0,0.0,0.0,0.0,0.0,0.0,0.0,0.0,0.0,0.0,0.0,98
89446c334cbffff,105,31.0,2.7523809523809524,0.22857142857142856,0.0380952380952381,9.106666666666667,0.0,0.0,0.08571428571428572,0.0,0.0,0.0,0.0,0.0,0.0,0.0,0.0,125
89446c334cfffff,13,1.0,2.0,0.15384615384615385,0.07692307692307693,9.333333333333334,0.0,0.07692307692307693,0.7692307692307693,0.0,0.0,0.07692307692307693,0.0,0.0,0.0,0.0,0.0,175
89446c334d3ffff,5,2.0,2.0,0.4,0.2,8.16,0.0,0.2,0.0,0.0,0.0,0.2,0.0,0.0,0.0,0.0,0.0,76
89446c334d7ffff,18,8.0,2.1666666666666665,0.2777777777777778,0.05555555555555555,9.11111111111111,0.2222222222222222,0.0,0.0,0.0,0.0,0.0,0.0,0.0,0.0,0.0,0.0,125
89446c334dbffff,6,3.0,2.0,0.16666666666666666,0.0,9.5,0.0,0.0,0.0,0.3333333333333333,0.0,0.0,0.0,0.0,0.0,0.0,0.0,170
89446c33503ffff,13,3.0,2.0,0.07692307692307693,0.0,9.076923076923077,0.0,0.0,0.0,1.0,0.0,0.0,0.0,0.0,0.0,0.0,0.0,92
89446c33507ffff,6,3.0,2.0,0.5,0.16666666666666666,8.366666666666667,0.0,0.3333333333333333,0.0,0.8333333333333334,0.0,0.0,0.0,0.0,0.0,0.0,0.0,87
89446c3350bffff,13,6.0,2.0,0.38461538461538464,0.07692307692307693,9.615384615384615,0.0,0.07692307692307693,0.0,0.7692307692307693,0.0,0.0,0.0,0.0,0.0,0.0,0.0,65
89446c3350fffff,12,4.0,2.0833333333333335,0.25,0.08333333333333333,7.42,0.0,0.16666666666666666,0.0,1.0,0.0,0.0,0.0,0.0,0.0,0.0,0.08333333333333333,47
89446c33513ffff,5,2.0,2.0,0.2,0.2,8.4,0.0,0.0,0.0,1.0,0.0,0.0,0.0,0.0,0.0,0.0,0.0,111
89446c33517ffff,16,8.0,2.0,0.3125,0.0,9.666666666666666,0.0,0.25,0.0,0.875,0.0,0.0,0.0,0.0,0.0,0.0,0.0,56
89446c3351bffff,40,9.0,2.0,0.2,0.075,8.85,0.0,0.0,0.575,0.4,0.0,0.0,0.0,0.0,0.0,0.0,0.025,53
89446c33523ffff,5,3.0,2.0,0.0,0.0,10.0,0.0,0.0,0.0,0.2,0.0,0.0,0.0,0.0,0.0,0.0,0.0,88
89446c33527ffff,35,10.0,2.0,0.3142857142857143,0.02857142857142857,9.661764705882353,0.0,0.0,0.6,0.4,0.0,0.0,0.0,0.0,0.0,0.0,0.0,30
89446c3352bffff,11,3.0,2.0,0.09090909090909091,0.18181818181818182,8.472727272727273,0.0,0.0,0.0,1.0,0.0,0.0,0.0,0.0,0.0,0.0,0.0,65
89446c3352fffff,6,0.0,2.0,0.0,0.0,9.333333333333334,0.0,0.0,0.0,1.0,0.0,0.0,0.0,0.0,0.0,0.0,0.0,67
89446c33533ffff,27,13.0,2.0,0.18518518518518517,0.1111111111111111,8.0,0.0,0.0,0.0,0.7407407407407407,0.0,0.0,0.0,0.0,0.0,0.0,0.0,37
89446c33537ffff,3,1.0,2.0,0.0,0.0,9.5,0.0,0.0,0.0,0.0,0.0,0.0,0.0,0.0,0.0,0.0,0.0,108
89446c3353bffff,6,1.0,2.0,0.3333333333333333,0.0,9.4,0.0,0.0,0.0,0.8333333333333334,0.0,0.0,0.0,0.0,0.0,0.0,0.0,70
89446c33543ffff,7,3.0,2.0,0.42857142857142855,0.0,10.0,0.0,0.0,0.0,0.0,0.0,0.0,0.0,0.0,0.0,0.0,0.0,68
89446c3354bffff,35,16.0,2.4,0.34285714285714286,0.02857142857142857,8.363636363636363,0.0,0.22857142857142856,0.45714285714285713,0.0,0.0,0.0,0.0,0.0,0.0,0.0,0.0,126
89446c3354fffff,1,1.0,2.0,0.0,0.0,10.0,0.0,0.0,0.0,0.0,0.0,0.0,0.0,0.0,0.0,0.0,0.0,86
89446c3355bffff,32,15.0,2.1875,0.1875,0.0625,9.21875,0.0,0.0,0.40625,0.0,0.03125,0.0,0.0,0.0,0.0,0.0,0.0,111
89446c33563ffff,3,1.0,2.0,0.0,0.3333333333333333,7.5,0.0,0.0,0.0,0.3333333333333333,0.0,0.0,0.0,0.0,0.0,0.0,0.0,41
89446c33567ffff,30,8.0,2.0,0.16666666666666666,0.03333333333333333,9.166666666666666,0.0,0.7666666666666667,0.7666666666666667,0.1,0.0,0.0,0.0,0.0,0.0,0.0,0.06666666666666667,35
89446c3356bffff,2,0.0,2.0,0.0,0.0,6.5,0.0,0.0,0.0,1.0,0.0,0.0,0.0,0.0,0.0,0.0,0.0,14
89446c33577ffff,9,3.0,2.0,0.0,0.1111111111111111,9.11111111111111,0.0,0.0,0.0,0.8888888888888888,0.0,0.0,0.0,0.0,0.0,0.0,0.0,62
89446c33583ffff,5,1.0,2.0,0.2,0.0,8.4,0.0,0.0,0.0,0.8,0.0,0.4,0.0,0.0,0.0,0.4,0.0,84
89446c33587ffff,5,2.0,2.0,0.0,0.0,10.0,0.0,0.0,0.0,1.0,0.0,0.0,0.0,0.0,0.0,0.0,0.0,54
89446c3358bffff,9,2.0,2.0,0.3333333333333333,0.0,9.555555555555555,0.0,0.0,0.0,0.7777777777777778,0.0,0.0,0.0,0.0,0.0,0.0,0.0,59
89446c3358fffff,11,3.0,2.0,0.2727272727272727,0.0,8.92,0.0,0.8181818181818182,0.8181818181818182,0.09090909090909091,0.0,0.9090909090909091,0.0,0.0,0.0,0.0,0.0,48
89446c33593ffff,26,5.0,2.0,0.19230769230769232,0.15384615384615385,8.588461538461539,0.0,1.0,0.8076923076923077,0.19230769230769232,0.0,0.0,0.0,0.0,0.0,0.0,0.0,66
89446c33597ffff,21,7.0,2.0,0.14285714285714285,0.09523809523809523,9.238095238095237,0.0,0.5714285714285714,0.38095238095238093,0.6190476190476191,0.0,0.6190476190476191,0.0,0.0,0.0,0.23809523809523808,0.0,67
89446c3359bffff,12,4.0,2.0,0.25,0.0,8.458333333333334,0.0,0.4166666666666667,0.0,0.5833333333333334,0.0,0.0,0.0,0.0,0.0,0.0,0.0,67
89446c335a7ffff,3,2.0,2.0,1.0,0.0,10.0,0.0,0.0,0.0,0.0,0.0,0.6666666666666666,0.0,0.0,0.0,0.6666666666666666,0.0,135
89446c335abffff,13,5.0,2.0,0.15384615384615385,0.0,7.861538461538462,0.0,0.23076923076923078,0.0,0.7692307692307693,0.0,0.0,0.0,0.0,0.0,0.0,0.0,61
89446c335afffff,4,1.0,2.0,0.0,0.0,8.75,0.0,0.0,0.0,1.0,0.0,0.0,0.0,0.0,0.0,0.0,0.0,75
89446c335bbffff,8,2.0,2.0,0.375,0.0,9.25,0.0,0.75,0.75,0.0,0.5,0.25,0.0,0.0,0.0,0.0,0.0,45
89446c335c7ffff,22,7.0,2.0,0.45454545454545453,0.0,8.9,0.0,0.0,0.0,0.8181818181818182,0.0,0.0,0.0,0.0,0.0,0.0,0.0,58
89446c335cbffff,1,1.0,2.0,0.0,0.0,10.0,0.0,0.0,0.0,0.0,0.0,0.0,0.0,0.0,0.0,0.0,0.0,15
89446c335d3ffff,21,5.0,2.0,0.09523809523809523,0.047619047619047616,8.533333333333333,0.0,0.9047619047619048,0.9047619047619048,0.0,0.0,0.0,0.0,0.0,0.0,0.0,0.0,40
89446c335d7ffff,4,1.0,2.0,0.5,0.25,7.75,0.0,0.0,0.0,0.75,0.0,0.0,0.0,0.0,0.0,0.0,0.0,83
89446c335dbffff,5,2.0,2.0,0.0,0.0,10.0,0.0,0.0,0.0,1.0,0.0,0.0,0.0,0.0,0.0,0.0,0.0,56
89446c33603ffff,6,4.0,2.0,0.3333333333333333,0.0,10.0,0.0,0.0,0.0,0.3333333333333333,0.0,0.8333333333333334,0.0,0.0,0.0,0.0,0.0,16
89446c33607ffff,3,2.0,2.0,0.3333333333333333,0.3333333333333333,6.833333333333333,0.0,0.0,0.0,0.3333333333333333,0.0,0.0,0.0,0.0,0.0,0.0,0.0,45
89446c3360bffff,2,2.0,2.0,0.5,0.0,10.0,0.0,0.0,0.0,0.0,0.0,0.0,0.0,0.0,0.0,0.0,0.0,17
89446c3360fffff,1,0.0,2.0,1.0,0.0,9.0,0.0,0.0,0.0,1.0,0.0,0.0,0.0,0.0,0.0,0.0,0.0,12
89446c33613ffff,3,2.0,2.0,0.3333333333333333,0.0,10.0,0.0,0.0,0.0,0.3333333333333333,0.0,0.0,0.0,0.0,0.0,0.0,0.0,31
89446c33617ffff,3,2.0,2.0,0.3333333333333333,0.0,10.0,0.0,0.0,0.0,0.0,0.0,0.0,0.0,0.0,0.0,0.0,0.0,42
89446c3361bffff,4,2.0,2.0,0.5,0.0,10.0,0.0,0.0,0.0,0.0,0.0,0.0,0.0,0.0,0.0,0.0,0.0,23
89446c33623ffff,4,1.0,2.0,1.0,0.0,10.0,0.0,0.0,0.25,1.0,0.0,0.0,0.0,0.0,0.0,0.0,0.0,70
89446c33627ffff,30,15.0,2.0,0.3,0.1,8.933333333333334,0.0,0.0,0.6333333333333333,0.23333333333333334,0.0,0.0,0.0,0.0,0.0,0.0,0.0,50
89446c3362bffff,5,1.0,2.0,0.0,0.2,8.5,0.0,0.0,0.0,0.6,0.0,0.0,0.0,0.0,0.0,0.0,0.2,16
89446c3362fffff,3,0.0,2.0,0.0,0.0,10.0,0.0,0.0,0.0,0.0,0.0,0.0,0.0,0.0,0.0,0.0,0.0,71
89446c33633ffff,16,5.0,2.0,0.3125,0.0625,9.0125,0.0,0.0,0.0,0.4375,0.0,0.0,0.0,0.0,0.0,0.0,0.0,43
89446c33637ffff,15,6.0,2.0,0.2,0.0,9.066666666666666,0.0,0.0,0.8666666666666667,0.2,0.0,0.0,0.0,0.0,0.0,0.0,0.0,59
89446c3363bffff,1,0.0,2.0,0.0,0.0,9.0,0.0,0.0,0.0,0.0,0.0,0.0,0.0,0.0,0.0,0.0,0.0,29
89446c33643ffff,3,3.0,2.0,0.3333333333333333,0.0,8.0,0.0,0.0,0.0,0.0,0.0,0.0,0.0,0.0,0.0,0.0,0.0,20
89446c3364bffff,3,2.0,2.0,0.6666666666666666,0.0,9.333333333333334,0.0,0.6666666666666666,0.0,0.3333333333333333,0.0,1.0,0.0,0.0,0.0,0.0,0.0,24
89446c33653ffff,9,5.0,2.0,0.4444444444444444,0.0,10.0,0.0,0.0,0.0,0.0,0.0,0.0,0.0,0.0,0.0,0.0,0.0,24
89446c33657ffff,6,4.0,2.0,0.3333333333333333,0.0,9.333333333333334,0.0,0.0,0.0,0.0,0.0,0.0,0.0,0.0,0.0,0.0,0.0,20
89446c3365bffff,2,0.0,2.0,0.5,0.0,10.0,0.0,0.0,0.0,0.5,0.0,0.0,0.0,0.0,0.0,0.0,0.0,48
89446c33667ffff,2,1.0,2.0,0.0,0.0,10.0,0.0,0.0,0.0,0.0,0.0,0.0,0.0,0.0,0.0,0.0,0.0,19
89446c3367bffff,4,0.0,2.0,0.25,0.25,10.0,0.0,0.0,0.0,0.0,0.0,0.0,0.0,0.0,0.0,0.0,0.0,0
89446c33683ffff,5,1.0,2.0,0.2,0.0,9.4,0.0,0.0,0.0,0.0,0.0,0.0,0.0,0.0,0.0,0.0,0.0,123
89446c33687ffff,11,5.0,2.0,0.09090909090909091,0.09090909090909091,7.5636363636363635,0.0,0.0,0.2727272727272727,0.6363636363636364,0.0,0.0,0.0,0.0,0.0,0.0,0.5454545454545454,30
89446c3368bffff,7,3.0,2.0,0.5714285714285714,0.0,8.571428571428571,0.0,0.0,0.0,0.0,0.0,0.0,0.0,0.0,0.0,0.0,0.0,47
89446c3368fffff,7,3.0,2.0,0.42857142857142855,0.0,9.142857142857142,0.0,0.0,0.0,0.0,0.0,0.0,0.0,0.0,0.0,0.0,0.0,34
89446c33693ffff,69,27.0,2.0144927536231885,0.21739130434782608,0.043478260869565216,9.225,0.0,0.6956521739130435,0.4782608695652174,0.2318840579710145,0.0,0.057971014492753624,0.0,0.0,0.0,0.0,0.0,178
89446c33697ffff,8,4.0,2.0,0.375,0.0,9.875,0.0,0.0,0.0,0.875,0.0,0.0,0.0,0.0,0.0,0.0,0.375,107
89446c3369bffff,21,8.0,2.0,0.38095238095238093,0.0,9.285714285714286,0.0,0.0,0.42857142857142855,0.38095238095238093,0.0,0.0,0.0,0.0,0.0,0.0,0.0,198
89446c336a3ffff,1,0.0,2.0,1.0,0.0,0.2,0.0,0.0,0.0,0.0,0.0,0.0,0.0,0.0,0.0,0.0,0.0,29
89446c336a7ffff,4,3.0,2.0,0.0,0.25,8.0,0.0,0.0,0.0,0.75,0.0,0.0,0.0,0.0,0.0,0.0,0.0,26
89446c336abffff,18,3.0,2.0555555555555554,0.3888888888888889,0.05555555555555555,8.844444444444443,0.0,0.0,0.0,0.16666666666666666,0.0,0.0,0.0,0.0,0.0,0.0,0.0,30
89446c336afffff,2,1.0,2.0,0.5,0.0,10.0,0.0,0.0,0.0,0.5,0.0,0.0,0.0,0.0,0.0,0.0,0.0,57
89446c336bbffff,5,1.0,2.0,0.4,0.0,9.0,0.0,0.0,0.0,0.6,0.0,0.0,0.0,0.0,0.0,0.0,0.0,40
89446c336c3ffff,4,2.0,2.0,0.0,0.5,7.5,0.0,0.0,0.0,0.25,0.0,0.0,0.0,0.0,0.0,0.0,0.0,45
89446c336c7ffff,4,2.0,2.0,0.5,0.0,8.25,0.0,0.75,0.0,0.75,0.0,0.0,0.0,0.0,0.0,0.0,0.0,27
89446c336cbffff,6,2.0,2.0,0.3333333333333333,0.0,8.833333333333334,0.0,0.0,0.0,0.0,0.0,0.0,0.0,0.0,0.0,0.0,0.0,41
89446c336cfffff,2,1.0,2.0,0.5,0.5,6.5,0.0,0.0,0.0,0.0,0.0,0.0,0.0,0.0,0.0,0.0,0.0,33
89446c336d3ffff,13,4.0,2.0,0.0,0.0,10.0,0.0,0.0,0.46153846153846156,0.38461538461538464,0.0,0.0,0.0,0.0,0.0,0.0,0.07692307692307693,133
89446c336d7ffff,7,3.0,2.0,0.2857142857142857,0.0,9.428571428571429,0.0,0.0,0.0,0.42857142857142855,0.0,0.0,0.0,0.0,0.0,0.0,0.0,121
89446c336dbffff,13,6.0,2.0,0.46153846153846156,0.0,7.833333333333333,0.0,0.0,0.38461538461538464,0.38461538461538464,0.0,0.0,0.0,0.0,0.0,0.0,0.0,90
89446c340b3ffff,1,1.0,2.0,1.0,0.0,10.0,0.0,0.0,1.0,0.0,0.0,0.0,0.0,0.0,0.0,0.0,0.0,0
89446c34127ffff,1,0.0,2.0,0.0,0.0,10.0,0.0,0.0,0.0,0.0,0.0,0.0,0.0,0.0,0.0,0.0,0.0,1
89446c3412fffff,1,0.0,2.0,0.0,0.0,7.0,0.0,0.0,0.0,1.0,0.0,0.0,0.0,0.0,0.0,0.0,0.0,1
89446c3413bffff,1,1.0,2.0,0.0,0.0,9.0,0.0,0.0,0.0,0.0,0.0,0.0,0.0,0.0,0.0,0.0,0.0,0
89446c34143ffff,2,1.0,2.0,0.5,0.0,10.0,0.0,0.5,0.5,0.0,0.0,0.0,0.0,0.0,0.0,0.0,0.0,1
89446c34157ffff,1,1.0,2.0,0.0,1.0,10.0,0.0,0.0,0.0,0.0,0.0,0.0,0.0,0.0,0.0,0.0,0.0,3
89446c34183ffff,9,4.0,2.0,0.1111111111111111,0.0,8.833333333333334,0.0,0.1111111111111111,0.8888888888888888,0.0,0.0,0.1111111111111111,0.0,0.0,0.0,0.0,0.0,121
89446c3418bffff,65,19.0,2.0,0.2153846153846154,0.12307692307692308,8.911538461538461,0.0,0.0,0.7384615384615385,0.03076923076923077,0.0,0.0,0.0,0.0,0.0,0.0,0.0,16
89446c3418fffff,1,0.0,2.0,0.0,0.0,10.0,0.0,0.0,0.0,0.0,0.0,0.0,0.0,0.0,0.0,0.0,0.0,74
89446c34193ffff,1,1.0,2.0,0.0,1.0,10.0,0.0,1.0,1.0,0.0,0.0,0.0,0.0,0.0,0.0,0.0,0.0,79
89446c34197ffff,53,17.0,2.0,0.3018867924528302,0.07547169811320754,9.566037735849056,0.0,0.9811320754716981,0.9811320754716981,0.0,0.0,0.0,0.0,0.0,0.0,0.0,0.0,36
89446c3419bffff,1,1.0,2.0,1.0,0.0,10.0,0.0,0.0,0.0,0.0,0.0,0.0,0.0,0.0,0.0,0.0,0.0,75
89446c341abffff,1,1.0,2.0,0.0,0.0,10.0,0.0,0.0,0.0,0.0,0.0,0.0,0.0,0.0,0.0,0.0,0.0,0
89446c341b3ffff,1,0.0,2.0,0.0,0.0,8.0,0.0,0.0,0.0,0.0,0.0,0.0,0.0,0.0,0.0,0.0,0.0,4
89446c341c7ffff,5,2.0,2.0,0.0,0.0,8.6,0.0,0.2,0.2,0.0,0.0,0.0,0.0,0.0,0.0,0.0,0.0,66
89446c341cfffff,1,1.0,2.0,0.0,0.0,10.0,0.0,0.0,0.0,0.0,0.0,0.0,0.0,0.0,0.0,0.0,0.0,6
89446c3420fffff,1,0.0,3.0,0.0,0.0,10.0,0.0,0.0,0.0,0.0,0.0,0.0,0.0,0.0,0.0,0.0,0.0,0
89446c3422fffff,5,3.0,2.0,0.4,0.2,8.0,0.0,0.0,1.0,0.0,0.0,0.0,0.0,0.0,0.0,0.0,0.0,0
89446c342cbffff,1,0.0,2.0,0.0,0.0,4.0,0.0,0.0,1.0,0.0,0.0,0.0,0.0,0.0,0.0,0.0,0.0,0
89446c34317ffff,1,1.0,2.0,0.0,0.0,4.0,0.0,0.0,0.0,0.0,0.0,0.0,0.0,0.0,0.0,0.0,0.0,1
89446c3438fffff,1,1.0,2.0,0.0,1.0,1.0,0.0,0.0,1.0,0.0,0.0,0.0,0.0,0.0,0.0,0.0,0.0,1
89446c343dbffff,1,1.0,2.0,0.0,0.0,10.0,0.0,0.0,0.0,0.0,0.0,0.0,0.0,0.0,0.0,0.0,0.0,0
89446c34403ffff,124,25.0,2.056451612903226,0.2661290322580645,0.08064516129032258,8.922580645161291,0.0,0.0,0.4274193548387097,0.0,0.008064516129032258,0.0,0.0,0.0,0.0,0.0,0.0,19
89446c34407ffff,10,4.0,2.0,0.3,0.1,8.42,0.0,0.0,0.0,0.0,0.0,0.0,0.0,0.0,0.0,0.0,0.0,158
89446c3440bffff,1,0.0,2.0,1.0,0.0,10.0,0.0,0.0,0.0,0.0,0.0,0.0,0.0,0.0,0.0,0.0,0.0,148
89446c34417ffff,3,1.0,2.0,0.6666666666666666,0.3333333333333333,7.333333333333333,0.0,0.0,0.0,0.0,0.0,0.0,0.0,0.0,0.0,0.0,0.0,164
89446c3441bffff,5,0.0,2.6,0.2,0.0,9.4,0.0,0.0,0.0,0.0,0.2,0.0,0.0,0.0,0.0,0.0,0.0,148
89446c34433ffff,3,1.0,2.0,0.0,0.0,10.0,0.0,0.0,0.0,0.0,0.0,0.0,0.0,0.0,0.0,0.0,0.0,48
89446c34437ffff,10,1.0,2.2,0.5,0.0,7.15,0.3,0.0,0.0,0.0,0.0,0.0,0.0,0.0,0.0,0.0,0.0,14
89446c34443ffff,76,21.0,2.0526315789473686,0.27631578947368424,0.07894736842105263,9.328947368421053,0.0,0.0,0.7368421052631579,0.0,0.34210526315789475,0.0,0.0,0.0,0.0,0.0,0.0,20
89446c3444bffff,1,0.0,2.0,0.0,0.0,10.0,0.0,0.0,0.0,0.0,0.0,0.0,0.0,0.0,0.0,0.0,0.0,105
89446c34457ffff,19,5.0,2.210526315789474,0.15789473684210525,0.15789473684210525,9.421052631578947,0.5263157894736842,0.0,0.0,0.0,0.0,0.0,0.0,0.0,0.0,0.0,0.0,86
89446c344a3ffff,9,1.0,2.5555555555555554,0.2222222222222222,0.1111111111111111,9.088888888888889,0.0,0.0,0.0,0.0,0.0,0.0,0.0,0.0,0.0,0.0,0.0,152
89446c344abffff,28,20.0,2.107142857142857,0.2857142857142857,0.21428571428571427,9.214285714285714,0.0,0.0,0.0,0.0,0.0,0.0,0.0,0.0,0.0,0.0,0.0,27
89446c344b7ffff,122,37.0,2.098360655737705,0.22950819672131148,0.09016393442622951,9.581967213114755,0.01639344262295082,0.4426229508196721,0.5983606557377049,0.0,0.4672131147540984,0.0,0.0,0.0,0.0,0.0,0.0,11
89446c344bbffff,2,0.0,2.0,0.0,0.0,9.0,0.0,0.0,0.0,0.0,0.0,0.0,0.0,0.0,0.0,0.0,0.0,40
89446c344cbffff,6,2.0,2.0,0.16666666666666666,0.16666666666666666,8.833333333333334,0.0,0.0,1.0,0.0,0.0,0.0,0.0,0.0,0.0,0.0,0.0,6
89446c344cfffff,4,0.0,3.5,0.5,0.0,9.25,1.0,0.0,0.0,0.0,0.0,0.0,0.0,0.0,0.0,0.0,0.0,30
89446c34503ffff,76,20.0,2.026315789473684,0.19736842105263158,0.039473684210526314,8.799999999999999,0.13157894736842105,0.0,0.35526315789473684,0.0,0.0,0.0,0.0,0.0,0.0,0.0,0.0,61
89446c34507ffff,17,3.0,2.3529411764705883,0.11764705882352941,0.0,9.088235294117647,0.0,0.11764705882352941,0.0,0.11764705882352941,0.0,0.0,0.0,0.0,0.0,0.0,0.0,155
89446c3450fffff,8,0.0,2.0,0.25,0.125,9.0,0.0,0.0,0.0,0.625,0.0,0.0,0.0,0.0,0.0,0.0,0.0,105
89446c34517ffff,4,3.0,2.0,0.5,0.25,8.5,0.0,0.0,0.0,1.0,0.0,0.0,0.0,0.0,0.0,0.0,0.0,93
89446c3451bffff,32,16.0,2.09375,0.28125,0.03125,8.0859375,0.0,0.0,0.0,0.15625,0.0,0.0,0.0,0.0,0.0,0.0,0.0,77
89446c34527ffff,55,22.0,2.0,0.12727272727272726,0.10909090909090909,9.245454545454546,0.0,0.3090909090909091,0.32727272727272727,0.45454545454545453,0.2545454545454545,0.0,0.0,0.0,0.0,0.0,0.0,200
89446c3452fffff,16,7.0,2.0,0.5625,0.0,9.875,0.0,0.5,0.5,0.0,0.0,0.0,0.0,0.0,0.0,0.0,0.0,115
89446c34533ffff,56,15.0,2.0357142857142856,0.21428571428571427,0.017857142857142856,9.25,0.0,0.0,0.625,0.0,0.19642857142857142,0.0,0.0,0.0,0.0,0.0,0.0,99
89446c34537ffff,22,16.0,2.1818181818181817,0.2727272727272727,0.45454545454545453,5.943181818181818,0.09090909090909091,0.0,0.0,0.0,0.0,0.0,0.0,0.0,0.0,0.0,0.0,317
89446c3453bffff,11,1.0,2.0,0.18181818181818182,0.0,10.0,0.0,0.0,0.0,0.0,0.0,0.0,0.0,0.0,0.0,0.0,0.0,82
89446c34577ffff,1,0.0,2.0,0.0,0.0,10.0,0.0,0.0,0.0,0.0,0.0,0.0,0.0,0.0,0.0,0.0,0.0,19
89446c34597ffff,2,1.0,2.0,0.5,0.0,7.0,0.0,0.0,0.5,0.0,0.0,0.0,0.0,0.0,0.0,0.0,0.0,2
89446c345a3ffff,8,0.0,2.0,0.375,0.0,9.375,0.0,0.0,0.0,0.0,0.0,0.0,0.0,0.0,0.0,0.0,0.0,50
89446c345afffff,49,15.0,2.0,0.24489795918367346,0.04081632653061224,9.081632653061224,0.0,0.0,0.9183673469387755,0.0,0.0,0.0,0.0,0.0,0.0,0.0,0.0,94
89446c345b3ffff,1,1.0,2.0,1.0,0.0,9.0,0.0,0.0,0.0,0.0,0.0,0.0,0.0,0.0,0.0,0.0,0.0,9
89446c345cbffff,11,2.0,2.272727272727273,0.45454545454545453,0.0,9.545454545454545,0.0,0.0,0.0,0.09090909090909091,0.0,0.0,0.0,0.0,0.0,0.0,0.0,11
89446c345cfffff,1,0.0,2.0,0.0,0.0,10.0,0.0,0.0,0.0,0.0,0.0,0.0,0.0,0.0,0.0,0.0,0.0,43
89446c34623ffff,1,1.0,2.0,0.0,0.0,10.0,0.0,0.0,1.0,0.0,0.0,0.0,0.0,0.0,0.0,0.0,0.0,0
89446c34653ffff,1,0.0,2.0,0.0,0.0,2.5,0.0,0.0,1.0,0.0,0.0,0.0,0.0,0.0,0.0,0.0,0.0,158
89446c34683ffff,45,13.0,2.066666666666667,0.37777777777777777,0.1111111111111111,8.87111111111111,0.0,0.0,0.7111111111111111,0.0,0.0,0.0,0.0,0.0,0.0,0.0,0.0,30
89446c3468bffff,1,0.0,2.0,0.0,0.0,0.8,0.0,0.0,0.0,0.0,0.0,0.0,0.0,0.0,0.0,0.0,0.0,48
89446c34697ffff,29,15.0,2.206896551724138,0.4827586206896552,0.13793103448275862,9.189655172413794,0.034482758620689655,0.0,0.0,0.0,0.0,0.0,0.0,0.0,0.0,0.0,0.0,46
89446c346abffff,1,0.0,2.0,0.0,1.0,10.0,0.0,0.0,1.0,0.0,0.0,0.0,0.0,0.0,0.0,0.0,0.0,1
89446c346bbffff,1,0.0,2.0,0.0,0.0,10.0,0.0,0.0,0.0,0.0,0.0,0.0,0.0,0.0,0.0,0.0,0.0,1
89446c346c3ffff,4,2.0,2.0,0.25,0.0,10.0,0.0,0.0,0.0,0.0,0.0,0.0,0.0,0.0,0.0,0.0,0.0,171
89446c346cbffff,158,49.0,2.0949367088607596,0.31645569620253167,0.0949367088607595,8.822784810126583,0.0,0.0,0.5253164556962026,0.0,0.0,0.0,0.0,0.0,0.0,0.0,0.0,27
89446c346d7ffff,3,1.0,2.3333333333333335,0.6666666666666666,0.3333333333333333,7.0,0.0,0.0,0.0,0.0,0.0,0.0,0.0,0.0,0.0,0.0,0.0,5
89446c346dbffff,10,3.0,2.4,0.6,0.0,8.55,0.0,0.0,0.7,0.0,0.0,0.0,0.0,0.0,0.0,0.0,0.0,174
89446c3499bffff,1,0.0,2.0,0.0,1.0,3.0,0.0,0.0,1.0,0.0,0.0,0.0,0.0,0.0,0.0,0.0,0.0,0
89446c34c0bffff,1,0.0,2.0,0.0,0.0,4.0,0.0,1.0,1.0,0.0,0.0,0.0,0.0,0.0,0.0,0.0,0.0,0
89446c34c17ffff,1,1.0,2.0,0.0,0.0,10.0,0.0,0.0,1.0,0.0,0.0,0.0,0.0,0.0,0.0,0.0,0.0,0
89446c34d27ffff,1,0.0,2.0,0.0,0.0,10.0,0.0,0.0,0.0,0.0,0.0,0.0,0.0,0.0,0.0,0.0,0.0,0
89446c34d83ffff,9,4.0,2.4444444444444446,0.3333333333333333,0.1111111111111111,10.0,0.1111111111111111,0.0,0.2222222222222222,0.0,0.0,0.0,0.0,0.0,0.0,0.0,0.0,7
89446c34d87ffff,5,0.0,2.8,0.0,0.2,10.0,0.0,0.0,0.0,0.0,0.0,0.0,0.0,0.0,0.0,0.0,0.0,20
89446c34d9bffff,2,1.0,2.5,0.0,0.0,10.0,0.0,0.0,0.0,0.0,0.0,0.0,0.0,0.0,0.0,0.0,0.0,10
89446c34da3ffff,1,1.0,2.0,0.0,0.0,10.0,0.0,0.0,0.0,0.0,0.0,0.0,0.0,0.0,0.0,0.0,0.0,14
89446c34da7ffff,3,0.0,3.0,0.0,0.0,10.0,0.0,0.0,0.0,0.0,0.0,0.0,0.0,0.0,0.0,0.0,0.0,4
89446c34db3ffff,3,0.0,2.6666666666666665,0.0,0.0,10.0,0.0,0.0,0.0,0.0,0.0,0.0,0.0,0.0,0.0,0.0,0.0,14
89446c34dbbffff,8,3.0,1.875,0.125,0.25,7.875,0.0,0.0,0.375,0.0,0.25,0.0,0.0,0.0,0.0,0.0,0.0,9
89446c35043ffff,1,0.0,2.0,1.0,0.0,10.0,0.0,0.0,0.0,0.0,0.0,0.0,0.0,0.0,0.0,0.0,0.0,70
89446c35047ffff,6,2.0,2.0,0.16666666666666666,0.0,10.0,0.0,0.0,0.0,0.0,0.0,0.0,0.0,0.0,0.0,0.0,0.0,54
89446c3504bffff,4,2.0,2.0,0.25,0.25,7.25,0.0,0.0,0.0,0.0,0.0,0.0,0.0,0.0,0.0,0.0,0.0,107
89446c3504fffff,41,16.0,2.0,0.24390243902439024,0.12195121951219512,8.584146341463414,0.0,0.0,0.926829268292683,0.0,0.0,0.0,0.0,0.0,0.0,0.0,0.0,37
89446c3505bffff,19,9.0,2.0,0.3684210526315789,0.15789473684210525,8.842105263157896,0.0,0.0,0.0,0.0,0.0,0.0,0.0,0.0,0.0,0.0,0.0,31
89446c3506bffff,4,3.0,2.0,0.25,0.25,7.75,0.0,0.0,0.25,0.5,0.0,0.0,0.0,0.0,0.0,0.0,0.0,6
89446c35073ffff,6,3.0,2.0,0.16666666666666666,0.0,8.166666666666666,0.0,1.0,1.0,0.0,0.0,0.0,0.0,0.0,0.0,0.0,0.0,12
89446c3507bffff,6,4.0,2.0,0.3333333333333333,0.0,8.375,0.0,0.0,0.0,0.3333333333333333,0.0,0.0,0.0,0.0,0.0,0.0,0.0,57
89446c350a3ffff,1,0.0,2.0,0.0,0.0,10.0,0.0,0.0,0.0,0.0,0.0,0.0,0.0,0.0,0.0,0.0,0.0,0
89446c35133ffff,1,0.0,2.0,0.0,0.0,10.0,0.0,0.0,0.0,0.0,0.0,0.0,0.0,0.0,0.0,0.0,0.0,0
89446c3518bffff,1,0.0,2.0,0.0,0.0,10.0,0.0,0.0,0.0,0.0,0.0,0.0,0.0,0.0,0.0,0.0,0.0,0
89446c351c3ffff,1,1.0,2.0,1.0,0.0,10.0,0.0,0.0,0.0,0.0,0.0,0.0,0.0,0.0,0.0,0.0,0.0,0
89446c35207ffff,13,8.0,2.3076923076923075,0.5384615384615384,0.0,9.076923076923077,0.0,0.0,0.0,0.0,0.0,0.0,0.0,0.0,0.0,0.0,0.0,118
89446c35213ffff,267,68.0,2.7340823970037453,0.27715355805243447,0.0749063670411985,9.165168539325842,0.0,0.0,0.12734082397003746,0.0,0.0,0.0,0.0,0.0,0.0,0.0,0.0,215
89446c35217ffff,72,12.0,2.736111111111111,0.3611111111111111,0.08333333333333333,9.239583333333334,0.041666666666666664,0.0,0.0,0.0,0.0,0.0,0.0,0.0,0.0,0.0,0.0,377
89446c35223ffff,26,18.0,2.8076923076923075,0.23076923076923078,0.15384615384615385,8.846153846153847,0.0,0.0,0.0,0.0,0.0,0.0,0.0,0.0,0.0,0.0,0.0,198
89446c3522fffff,157,42.0,2.78343949044586,0.2802547770700637,0.08280254777070063,9.19171974522293,0.01910828025477707,0.06369426751592357,0.3885350318471338,0.0,0.08917197452229299,0.0,0.0,0.0,0.0,0.0,0.0,41
89446c35233ffff,6,3.0,2.1666666666666665,0.16666666666666666,0.0,8.833333333333334,0.0,0.0,0.0,0.16666666666666666,0.0,0.0,0.0,0.0,0.0,0.0,0.0,104
89446c3523bffff,35,35.0,2.057142857142857,0.6857142857142857,0.02857142857142857,9.114285714285714,0.4857142857142857,0.0,0.0,0.0,0.0,0.0,0.0,0.0,0.0,0.0,0.0,45
89446c3527bffff,1,0.0,2.0,0.0,0.0,10.0,0.0,0.0,1.0,0.0,0.0,0.0,0.0,0.0,0.0,0.0,0.0,0
89446c35283ffff,12,5.0,2.0,0.25,0.3333333333333333,6.6875,0.0,0.0,0.0,0.0,0.0,0.0,0.0,0.0,0.0,0.0,0.0,181
89446c3528bffff,50,32.0,2.66,0.34,0.14,8.91,0.0,0.0,0.0,0.04,0.0,0.0,0.0,0.0,0.0,0.0,0.0,384
89446c3528fffff,90,26.0,2.011111111111111,0.13333333333333333,0.022222222222222223,8.972222222222221,0.0,0.6777777777777778,0.8111111111111111,0.1111111111111111,0.0,0.0,0.0,0.0,0.0,0.0,0.0,403
89446c35293ffff,3,0.0,2.0,0.0,0.0,10.0,0.0,0.0,0.0,0.0,0.0,0.0,0.0,0.0,0.0,0.0,0.0,108
89446c35297ffff,26,10.0,2.0,0.38461538461538464,0.11538461538461539,8.028846153846153,0.0,0.0,0.0,0.9230769230769231,0.0,0.0,0.0,0.0,0.0,0.0,0.0,38
89446c3529bffff,12,8.0,2.8333333333333335,0.25,0.0,10.0,0.0,0.0,0.0,0.0,0.0,0.0,0.0,0.0,0.0,0.0,0.0,113
89446c352abffff,5,3.0,2.0,0.2,0.0,7.3,0.0,0.0,0.0,0.2,0.0,0.0,0.0,0.0,0.0,0.0,0.0,118
89446c352afffff,25,11.0,2.0,0.36,0.08,9.02,0.0,0.0,0.0,0.08,0.0,0.0,0.0,0.0,0.0,0.0,0.0,13
89446c352b3ffff,20,4.0,2.0,0.3,0.0,9.3,0.0,0.0,0.1,0.0,0.0,0.0,0.0,0.0,0.0,0.0,0.0,47
89446c352bbffff,2,2.0,2.0,0.5,0.0,10.0,0.0,1.0,1.0,0.0,0.0,0.0,0.0,0.0,0.0,0.0,0.0,187
89446c352c7ffff,3,1.0,2.0,0.3333333333333333,0.0,6.333333333333333,0.0,0.0,0.0,1.0,0.0,0.0,0.0,0.0,0.0,0.0,0.0,317
89446c35313ffff,1,1.0,2.0,0.0,0.0,10.0,0.0,0.0,1.0,0.0,0.0,0.0,0.0,0.0,0.0,0.0,0.0,1
89446c3534bffff,24,3.0,2.875,0.2916666666666667,0.041666666666666664,8.645833333333334,0.7916666666666666,0.0,0.0,0.0,0.0,0.0,0.0,0.0,0.0,0.0,0.0,34
89446c3535bffff,2,2.0,2.0,0.0,0.0,7.0,0.0,1.0,1.0,0.0,1.0,0.0,0.0,0.0,0.0,0.0,0.0,194
89446c3538bffff,1,1.0,2.0,0.0,0.0,9.0,0.0,0.0,0.0,0.0,0.0,0.0,0.0,0.0,0.0,0.0,0.0,1
89446c353c3ffff,1,1.0,2.0,0.0,0.0,10.0,0.0,0.0,0.0,1.0,0.0,0.0,0.0,0.0,0.0,0.0,0.0,3
89446c353cbffff,1,1.0,2.0,1.0,0.0,10.0,0.0,0.0,0.0,1.0,0.0,0.0,0.0,0.0,0.0,0.0,0.0,3
89446c353dbffff,2,0.0,2.0,0.5,0.0,8.5,0.0,0.0,0.0,1.0,0.0,0.0,0.0,0.0,0.0,0.0,0.0,27
89446c3540bffff,7,5.0,2.0,0.42857142857142855,0.0,9.571428571428571,0.0,0.0,0.0,0.0,0.0,0.0,0.0,0.0,0.0,0.0,0.0,17
89446c35417ffff,24,10.0,2.375,0.3333333333333333,0.08333333333333333,9.708333333333334,0.0,0.0,0.0,0.0,0.0,0.0,0.0,0.0,0.0,0.0,0.0,1
89446c35427ffff,1,0.0,2.0,0.0,0.0,10.0,0.0,0.0,0.0,0.0,0.0,0.0,0.0,0.0,0.0,0.0,0.0,0
89446c3542bffff,3,0.0,2.0,0.0,0.0,10.0,0.0,0.0,0.0,1.0,0.0,0.0,0.0,0.0,0.0,0.0,0.0,11
89446c35443ffff,12,8.0,2.1666666666666665,0.25,0.16666666666666666,8.833333333333334,0.0,0.0,0.0,0.0,0.0,0.0,0.0,0.0,0.0,0.0,0.0,229
89446c35447ffff,1,0.0,2.0,1.0,0.0,10.0,0.0,0.0,0.0,0.0,0.0,0.0,0.0,0.0,0.0,0.0,0.0,54
89446c3544bffff,77,49.0,2.012987012987013,0.23376623376623376,0.14285714285714285,8.770779220779222,0.0,0.06493506493506493,0.12987012987012986,0.0,0.06493506493506493,0.0,0.0,0.0,0.0,0.0,0.0,185
89446c3544fffff,18,4.0,2.0,0.16666666666666666,0.1111111111111111,9.11111111111111,0.0,0.0,0.0,0.2222222222222222,0.0,0.0,0.0,0.0,0.0,0.0,0.0,128
89446c35457ffff,7,2.0,2.4285714285714284,0.42857142857142855,0.0,8.6,0.0,0.0,0.0,0.0,0.0,0.0,0.0,0.0,0.0,0.0,0.0,20
89446c3545bffff,126,12.0,2.015873015873016,0.30158730158730157,0.11904761904761904,8.867460317460317,0.0,0.0,0.1746031746031746,0.0,0.746031746031746,0.0,0.0,0.0,0.0,0.0,0.0,99
89446c35463ffff,8,1.0,2.0,0.125,0.125,9.25,0.0,0.0,0.875,0.0,0.0,0.0,0.0,0.0,0.0,0.0,0.0,21
89446c35473ffff,9,4.0,2.0,0.3333333333333333,0.0,9.777777777777779,0.0,0.0,0.0,0.1111111111111111,0.0,0.0,0.0,0.0,0.0,0.0,0.0,28
89446c35477ffff,11,1.0,2.0,0.2727272727272727,0.09090909090909091,10.0,0.0,0.0,0.8181818181818182,0.18181818181818182,0.0,0.0,0.0,0.0,0.0,0.0,0.0,20
89446c3547bffff,1,0.0,2.0,0.0,0.0,10.0,0.0,0.0,0.0,0.0,0.0,0.0,0.0,0.0,0.0,0.0,0.0,54
89446c354a3ffff,66,19.0,2.1818181818181817,0.3333333333333333,0.09090909090909091,8.387692307692308,0.0,0.0,0.16666666666666666,0.0,0.07575757575757576,0.0,0.0,0.0,0.0,0.0,0.0,93
89446c354abffff,1,0.0,2.0,0.0,0.0,10.0,0.0,0.0,0.0,0.0,0.0,0.0,0.0,0.0,0.0,0.0,0.0,90
89446c354b7ffff,92,25.0,2.0760869565217392,0.30434782608695654,0.15217391304347827,8.626086956521739,0.0,0.0,0.05434782608695652,0.010869565217391304,0.0,0.0,0.0,0.0,0.0,0.0,0.043478260869565216,70
89446c35513ffff,3,1.0,2.0,0.3333333333333333,0.3333333333333333,7.0,0.0,0.0,1.0,0.0,0.0,0.0,0.0,0.0,0.0,0.0,0.0,3
89446c3558bffff,1,0.0,2.0,0.0,1.0,10.0,0.0,0.0,1.0,0.0,0.0,0.0,0.0,0.0,0.0,0.0,0.0,7
89446c3558fffff,2,1.0,2.0,0.5,0.0,10.0,0.0,0.0,0.0,0.0,0.0,0.0,0.0,0.0,0.0,0.0,0.0,4
89446c355d7ffff,2,0.0,2.0,0.5,0.0,10.0,0.0,0.0,0.5,0.0,0.0,0.0,0.0,0.0,0.0,0.0,0.0,1
89446c35603ffff,5,0.0,2.0,0.2,0.0,8.0,0.0,0.0,0.0,0.0,0.0,0.0,0.0,0.0,0.0,0.0,0.0,277
89446c35607ffff,2,0.0,2.0,0.5,0.0,10.0,0.0,0.0,0.0,0.0,0.0,0.0,0.0,0.0,0.0,0.0,0.0,82
89446c3560bffff,241,63.0,2.6556016597510372,0.3775933609958506,0.0954356846473029,9.079128630705394,0.004149377593360996,0.012448132780082987,0.23651452282157676,0.0,0.0,0.0,0.0,0.0,0.0,0.0,0.0,176
89446c3560fffff,34,8.0,2.0,0.2647058823529412,0.11764705882352941,9.382352941176471,0.0,0.0,0.8529411764705882,0.0,0.0,0.0,0.0,0.0,0.0,0.0,0.0,344
89446c3562bffff,10,4.0,2.0,0.3,0.0,9.4,0.0,0.0,0.0,0.0,0.0,0.0,0.0,0.0,0.0,0.0,0.0,67
89446c3563bffff,16,5.0,2.0,0.25,0.0,9.21875,0.0,0.0,0.0,0.0,0.0,0.0,0.0,0.0,0.0,0.0,0.0,46
89446c35647ffff,20,6.0,2.0,0.25,0.25,9.075,0.0,0.0,0.7,0.0,0.0,0.0,0.0,0.0,0.0,0.0,0.0,409
89446c3564bffff,1,0.0,2.0,1.0,0.0,10.0,0.0,1.0,1.0,0.0,0.0,0.0,0.0,0.0,0.0,0.0,0.0,107
89446c3564fffff,51,10.0,2.0,0.17647058823529413,0.0784313725490196,8.919607843137255,0.0,0.9411764705882353,0.9411764705882353,0.0,0.0,0.0,0.0,0.0,0.0,0.0,0.0,53
89446c35657ffff,37,15.0,2.324324324324324,0.2702702702702703,0.21621621621621623,8.756756756756756,0.02702702702702703,0.0,0.0,0.0,0.0,0.0,0.0,0.0,0.0,0.0,0.0,407
89446c3565bffff,20,3.0,2.0,0.1,0.05,8.9025,0.0,0.0,1.0,0.0,0.0,0.0,0.0,0.0,0.0,0.0,0.0,116
89446c35663ffff,3,1.0,2.6666666666666665,0.0,0.0,10.0,0.0,0.0,0.0,0.0,0.0,0.0,0.0,0.0,0.0,0.0,0.0,128
89446c35667ffff,48,11.0,2.6041666666666665,0.3541666666666667,0.08333333333333333,8.979166666666666,0.020833333333333332,0.0,0.0,0.0,0.0,0.0,0.0,0.0,0.0,0.0,0.0,28
89446c35673ffff,80,37.0,2.625,0.3625,0.1,8.830625000000001,0.3,0.0,0.05,0.0,0.0,0.0,0.0,0.0,0.0,0.0,0.0,298
89446c35683ffff,88,28.0,2.102272727272727,0.17045454545454544,0.11363636363636363,8.989772727272728,0.045454545454545456,0.0,0.32954545454545453,0.0,0.056818181818181816,0.0,0.0,0.0,0.0,0.0,0.0,56
89446c3568bffff,44,15.0,2.2954545454545454,0.2727272727272727,0.11363636363636363,9.357954545454545,0.22727272727272727,0.0,0.022727272727272728,0.0,0.045454545454545456,0.0,0.0,0.0,0.0,0.0,0.0,97
89446c3568fffff,2,0.0,2.0,0.0,0.0,10.0,0.0,0.0,0.0,1.0,0.0,0.0,0.0,0.0,0.0,0.0,0.0,132
89446c35697ffff,10,1.0,2.1,0.2,0.1,8.42,0.0,0.0,0.0,0.0,0.0,0.0,0.0,0.0,0.0,0.0,0.0,291
89446c356a3ffff,18,8.0,2.0,0.3888888888888889,0.16666666666666666,7.888888888888889,0.0,0.0,0.0,0.0,0.0,0.0,0.0,0.0,0.0,0.0,0.0,69
89446c356a7ffff,3,3.0,2.0,0.6666666666666666,0.0,9.0,0.0,0.0,0.0,0.0,0.0,0.0,0.0,0.0,0.0,0.0,0.0,38
89446c356abffff,27,10.0,2.037037037037037,0.25925925925925924,0.07407407407407407,8.592592592592593,0.0,0.0,0.0,0.4444444444444444,0.0,0.0,0.0,0.0,0.0,0.0,0.0,22
89446c356afffff,2,2.0,2.0,0.0,0.0,10.0,0.0,0.0,0.0,0.0,0.0,0.0,0.0,0.0,0.0,0.0,0.0,48
89446c356b3ffff,19,8.0,2.0,0.10526315789473684,0.05263157894736842,9.105263157894736,0.0,0.0,0.0,0.8947368421052632,0.0,0.0,0.0,0.0,0.0,0.0,0.0,131
89446c356b7ffff,18,1.0,2.0,0.4444444444444444,0.0,9.722222222222221,0.0,0.0,1.0,0.0,0.0,0.0,0.0,0.0,0.0,0.0,0.0,59
89446c356c3ffff,14,6.0,2.2857142857142856,0.21428571428571427,0.07142857142857142,8.285714285714286,0.0,0.0,0.07142857142857142,0.0,0.0,0.0,0.0,0.0,0.0,0.0,0.0,439
89446c356c7ffff,7,1.0,2.2857142857142856,0.2857142857142857,0.2857142857142857,8.857142857142858,0.0,0.0,0.0,0.0,0.0,0.0,0.0,0.0,0.0,0.0,0.0,204
89446c356cbffff,243,40.0,2.567901234567901,0.2551440329218107,0.11522633744855967,9.281069958847738,0.6296296296296297,0.0,0.0823045267489712,0.0,0.0,0.0,0.0,0.0,0.0,0.0,0.0,303
89446c356cfffff,146,92.0,2.5753424657534247,0.2876712328767123,0.13013698630136986,9.051369863013699,0.07534246575342465,0.0,0.03424657534246575,0.0,0.0,0.0,0.0,0.0,0.0,0.0,0.0,301
89446c356d3ffff,14,6.0,2.0,0.2857142857142857,0.07142857142857142,8.571428571428571,0.0,0.0,0.0,0.0,0.0,0.0,0.0,0.0,0.0,0.0,0.0,76
89446c356dbffff,29,20.0,2.310344827586207,0.4482758620689655,0.13793103448275862,9.379310344827585,0.10344827586206896,0.0,0.0,0.034482758620689655,0.0,0.0,0.0,0.0,0.0,0.13793103448275862,0.0,320
89446c35a77ffff,1,0.0,2.0,1.0,0.0,10.0,0.0,0.0,0.0,0.0,0.0,0.0,0.0,0.0,0.0,0.0,0.0,0
89446c35ac3ffff,1,0.0,2.0,1.0,0.0,10.0,0.0,0.0,0.0,0.0,0.0,0.0,0.0,0.0,0.0,0.0,0.0,3
89446c35acbffff,2,0.0,2.5,0.0,0.0,10.0,0.0,0.0,0.0,0.0,0.0,0.0,0.0,0.0,0.0,0.0,0.0,2
89446c35ad7ffff,1,1.0,2.0,0.0,0.0,7.0,0.0,0.0,1.0,0.0,0.0,0.0,0.0,0.0,0.0,0.0,0.0,1
89446c35c07ffff,1,0.0,2.0,0.0,0.0,2.5,0.0,0.0,1.0,0.0,0.0,0.0,0.0,0.0,0.0,0.0,0.0,3
89446c35c0fffff,1,0.0,3.0,1.0,0.0,6.0,0.0,0.0,0.0,0.0,0.0,0.0,0.0,0.0,0.0,0.0,0.0,3
89446c35c3bffff,2,2.0,2.0,0.5,0.0,10.0,0.0,0.0,1.0,0.0,0.0,0.0,0.0,0.0,0.0,0.0,0.0,2
89446c35c63ffff,1,0.0,2.0,0.0,0.0,10.0,0.0,0.0,1.0,0.0,0.0,0.0,0.0,0.0,0.0,0.0,0.0,0
89446c35d43ffff,1,0.0,2.0,0.0,0.0,10.0,0.0,0.0,0.0,0.0,0.0,0.0,0.0,0.0,0.0,0.0,0.0,0
89446c35e03ffff,1,0.0,2.0,0.0,0.0,10.0,0.0,0.0,0.0,0.0,0.0,0.0,0.0,0.0,0.0,0.0,0.0,0
89446c35e23ffff,3,1.0,2.6666666666666665,0.0,0.0,7.333333333333333,0.0,0.3333333333333333,0.3333333333333333,0.0,0.3333333333333333,0.0,0.0,0.0,0.0,0.0,0.0,5
89446c35e37ffff,4,0.0,2.0,0.0,0.0,5.8,0.0,0.0,0.0,0.0,0.0,0.0,0.0,0.0,0.0,0.0,0.0,3
89446c35e3bffff,1,0.0,2.0,0.0,0.0,10.0,0.0,0.0,0.0,0.0,0.0,0.0,0.0,0.0,0.0,0.0,1.0,3
89446c35ea7ffff,1,0.0,2.0,0.0,0.0,10.0,0.0,1.0,1.0,0.0,0.0,0.0,0.0,0.0,0.0,0.0,0.0,0
89446c3600bffff,1,0.0,2.0,0.0,0.0,3.0,0.0,0.0,0.0,0.0,0.0,0.0,0.0,0.0,0.0,0.0,0.0,0
89446c3602bffff,1,0.0,2.0,0.0,0.0,10.0,0.0,0.0,0.0,0.0,0.0,0.0,0.0,0.0,0.0,0.0,0.0,0
89446c36083ffff,13,2.0,2.3846153846153846,0.38461538461538464,0.23076923076923078,9.76923076923077,0.6153846153846154,0.0,0.0,0.0,0.0,0.0,0.0,0.0,0.0,0.0,0.0,2
89446c36093ffff,2,0.0,2.0,0.5,0.0,10.0,0.0,0.0,0.0,0.0,0.0,0.0,0.0,0.0,0.0,0.0,0.0,13
89446c360a3ffff,2,0.0,2.0,0.0,0.0,10.0,0.0,0.0,0.0,0.0,0.0,0.0,0.0,0.0,0.0,0.0,0.0,118
89446c360afffff,2,1.0,2.0,0.0,0.0,9.5,0.0,0.0,0.0,0.0,0.0,0.0,0.0,0.0,0.0,0.0,0.0,4
89446c360bbffff,116,34.0,2.0258620689655173,0.2672413793103448,0.07758620689655173,8.904310344827588,0.0,0.0,0.29310344827586204,0.0,0.0,0.0,0.0,0.0,0.0,0.0,0.0,2
89446c36143ffff,1,0.0,2.0,0.0,0.0,10.0,0.0,0.0,0.0,0.0,0.0,0.0,0.0,0.0,0.0,0.0,0.0,114
89446c3614bffff,2,2.0,2.0,0.5,0.0,10.0,0.0,0.0,0.0,0.0,0.0,0.0,0.0,0.0,0.0,0.0,0.0,107
89446c3614fffff,102,28.0,2.107843137254902,0.28431372549019607,0.08823529411764706,9.28921568627451,0.0,0.0,0.06862745098039216,0.0,0.0,0.0,0.0,0.0,0.0,0.0,0.0,7
89446c36153ffff,10,3.0,2.5,0.5,0.1,9.6,0.0,0.0,0.0,0.0,0.0,0.0,0.0,0.0,0.0,0.0,0.0,14
89446c361cbffff,13,5.0,2.3076923076923075,0.3076923076923077,0.07692307692307693,8.63076923076923,0.15384615384615385,0.0,0.0,0.0,0.0,0.0,0.0,0.0,0.0,0.0,0.0,12
89446c361dbffff,2,2.0,2.0,1.0,0.0,9.0,0.0,0.0,0.0,0.0,0.0,0.0,0.0,0.0,0.0,0.0,0.0,15
89446c3622bffff,1,1.0,2.0,0.0,0.0,9.0,0.0,0.0,0.0,0.0,0.0,0.0,0.0,0.0,0.0,0.0,0.0,0
89446c36307ffff,123,30.0,2.048780487804878,0.22764227642276422,0.0975609756097561,9.447560975609756,0.0,0.032520325203252036,0.032520325203252036,0.0,0.04065040650406504,0.0,0.0,0.0,0.0,0.0,0.0,6
89446c3630fffff,2,1.0,2.0,0.0,0.0,10.0,0.0,0.0,0.0,0.0,0.0,0.0,0.0,0.0,0.0,0.0,0.0,128
89446c36323ffff,13,5.0,2.0,0.07692307692307693,0.0,9.0,0.0,0.0,0.0,0.0,0.0,0.0,0.0,0.0,0.0,0.0,0.0,1
89446c3632fffff,1,1.0,2.0,0.0,1.0,4.0,0.0,0.0,0.0,0.0,0.0,0.0,0.0,0.0,0.0,0.0,0.0,15
89446c36373ffff,5,3.0,2.2,0.0,0.2,8.4,0.4,0.0,0.0,0.0,0.0,0.0,0.0,0.0,0.0,0.0,0.0,4
89446c3637bffff,2,1.0,2.0,1.0,0.5,10.0,0.0,0.0,0.0,0.0,0.0,0.0,0.0,0.0,0.0,0.0,0.0,127
89446c363a3ffff,24,11.0,2.125,0.25,0.125,9.583333333333334,0.5416666666666666,0.0,0.0,0.0,0.0,0.0,0.0,0.0,0.0,0.0,0.0,9
89446c363abffff,4,2.0,2.25,0.5,0.25,7.95,0.0,0.0,0.0,0.0,0.0,0.0,0.0,0.0,0.0,0.0,0.0,148
89446c363b3ffff,4,0.0,2.25,0.0,0.25,8.5,0.0,0.0,0.0,0.0,0.0,0.0,0.0,0.0,0.0,0.0,0.0,129
89446c363bbffff,1,1.0,2.0,0.0,0.0,10.0,0.0,0.0,0.0,0.0,0.0,0.0,0.0,0.0,0.0,0.0,0.0,32
89446c3640fffff,72,25.0,2.0,0.18055555555555555,0.09722222222222222,8.577083333333333,0.0,0.0,0.375,0.0,0.0,0.0,0.0,0.0,0.0,0.0,0.1388888888888889,11
89446c36413ffff,54,18.0,2.1296296296296298,0.2222222222222222,0.07407407407407407,9.37037037037037,0.2962962962962963,0.18518518518518517,0.2037037037037037,0.0,0.0,0.0,0.0,0.0,0.0,0.0,0.0,3
89446c3641bffff,1,0.0,2.0,0.0,0.0,10.0,0.0,0.0,0.0,0.0,0.0,0.0,0.0,0.0,0.0,0.0,0.0,54
89446c36477ffff,11,2.0,2.090909090909091,0.2727272727272727,0.09090909090909091,8.545454545454545,0.0,0.0,0.0,0.0,0.0,0.0,0.0,0.0,0.0,0.0,0.0,72
89446c36483ffff,19,8.0,2.0526315789473686,0.47368421052631576,0.10526315789473684,8.68421052631579,0.10526315789473684,0.0,0.2631578947368421,0.0,0.0,0.0,0.0,0.0,0.0,0.0,0.0,162
89446c3648bffff,2,0.0,2.0,0.5,0.0,5.4,0.0,0.0,0.0,0.0,0.0,0.0,0.0,0.0,0.0,0.0,0.0,97
89446c36493ffff,6,2.0,2.1666666666666665,0.3333333333333333,0.0,10.0,0.0,0.0,0.0,0.0,0.0,0.0,0.0,0.0,0.0,0.0,0.0,189
89446c36497ffff,130,51.0,2.0615384615384613,0.23846153846153847,0.14615384615384616,8.767441860465116,0.0,0.0,0.05384615384615385,0.0,0.0,0.0,0.0,0.0,0.0,0.0,0.0,39
89446c3649bffff,24,21.0,2.125,0.6666666666666666,0.125,8.197916666666666,0.25,0.0,0.0,0.0,0.0,0.0,0.0,0.0,0.0,0.0,0.0,69
89446c364d3ffff,2,0.0,2.0,0.0,0.0,10.0,0.0,0.0,0.5,0.0,0.0,0.0,0.0,0.0,0.0,0.0,0.0,50
89446c36507ffff,1,0.0,2.0,0.0,0.0,9.0,0.0,0.0,0.0,0.0,0.0,0.0,0.0,0.0,0.0,0.0,0.0,0
89446c36567ffff,2,0.0,2.0,0.0,0.0,10.0,0.0,0.0,0.0,0.0,0.0,0.0,0.0,0.0,0.0,0.0,0.0,0
89446c3664bffff,1,0.0,2.0,1.0,0.0,8.0,0.0,0.0,0.0,0.0,0.0,0.0,0.0,0.0,0.0,0.0,0.0,0
89446c366dbffff,1,1.0,2.0,1.0,0.0,10.0,0.0,0.0,0.0,1.0,0.0,0.0,0.0,0.0,0.0,0.0,0.0,0
89446c36817ffff,1,0.0,2.0,1.0,1.0,2.0,0.0,0.0,0.0,1.0,0.0,0.0,0.0,0.0,0.0,0.0,0.0,0
89446c3683bffff,1,1.0,2.0,0.0,0.0,10.0,0.0,0.0,1.0,0.0,0.0,0.0,0.0,0.0,0.0,0.0,0.0,0
89446c36927ffff,3,0.0,2.0,0.0,0.0,10.0,0.0,0.0,0.0,0.0,0.0,0.0,0.0,0.0,0.0,0.0,0.0,0
89446c36a03ffff,27,11.0,2.037037037037037,0.18518518518518517,0.1111111111111111,8.796296296296296,0.0,0.07407407407407407,0.7037037037037037,0.14814814814814814,0.0,0.0,0.0,0.0,0.0,0.0,0.0,9
89446c36a0bffff,1,0.0,2.0,0.0,0.0,10.0,0.0,0.0,0.0,0.0,0.0,0.0,0.0,0.0,0.0,0.0,0.0,45
89446c36a0fffff,1,1.0,2.0,0.0,0.0,10.0,0.0,0.0,0.0,0.0,0.0,0.0,0.0,0.0,0.0,0.0,0.0,30
89446c36a17ffff,1,0.0,2.0,0.0,0.0,10.0,0.0,0.0,0.0,0.0,0.0,0.0,0.0,0.0,0.0,0.0,0.0,35
89446c36a1bffff,6,4.0,2.0,0.0,0.0,5.716666666666666,0.0,0.0,0.0,0.0,0.0,0.0,0.0,0.0,0.0,0.0,0.0,46
89446c36a23ffff,19,5.0,2.3157894736842106,0.3157894736842105,0.3157894736842105,8.583333333333334,0.0,0.0,0.21052631578947367,0.0,0.0,0.0,0.0,0.0,0.0,0.0,0.0,5
89446c36a27ffff,1,0.0,2.0,0.0,0.0,10.0,0.0,0.0,0.0,0.0,0.0,0.0,0.0,0.0,0.0,0.0,0.0,22
89446c36a33ffff,2,0.0,3.0,0.0,0.0,10.0,1.0,0.0,0.0,0.0,0.0,0.0,0.0,0.0,0.0,0.0,0.0,26
89446c36a3bffff,2,1.0,2.0,0.5,0.0,8.5,0.0,0.0,0.0,0.0,0.0,0.0,0.0,0.0,0.0,0.0,0.0,22
89446c36a43ffff,11,4.0,2.0,0.2727272727272727,0.0,8.436363636363636,0.0,0.0,0.0,0.45454545454545453,0.0,0.0,0.0,0.0,0.0,0.0,0.0,28
89446c36a47ffff,4,2.0,2.0,0.25,0.0,9.5,0.0,0.0,0.0,0.75,0.0,0.0,0.0,0.0,0.0,0.0,0.0,19
89446c36a4bffff,4,2.0,2.0,0.25,0.0,8.75,0.0,0.0,0.0,0.75,0.0,0.0,0.0,0.0,0.0,0.0,0.0,71
89446c36a53ffff,7,1.0,2.0,0.14285714285714285,0.2857142857142857,9.0,0.0,0.0,0.0,0.7142857142857143,0.0,0.0,0.0,0.0,0.0,0.0,0.0,238
89446c36a57ffff,7,4.0,2.0,0.5714285714285714,0.0,9.0,0.0,0.0,0.0,0.5714285714285714,0.0,0.0,0.0,0.0,0.0,0.0,0.0,39
89446c36a5bffff,6,5.0,2.0,0.5,0.16666666666666666,7.833333333333333,0.0,0.0,0.0,0.0,0.0,0.0,0.0,0.0,0.0,0.0,0.0,146
89446c36a83ffff,8,3.0,2.0,0.125,0.0,10.0,0.0,0.0,1.0,0.0,0.0,0.0,0.0,0.0,0.0,0.0,0.0,9
89446c36a87ffff,1,0.0,2.0,0.0,0.0,10.0,0.0,0.0,0.0,0.0,0.0,0.0,0.0,0.0,0.0,0.0,0.0,11
89446c36a8bffff,4,2.0,2.0,0.0,0.25,8.75,0.0,0.0,0.0,0.0,0.0,0.0,0.0,0.0,0.0,0.0,0.0,18
89446c36a8fffff,3,1.0,2.0,0.0,0.0,9.666666666666666,0.0,0.0,0.0,0.0,0.0,0.0,0.0,0.0,0.0,0.0,0.0,14
89446c36a9bffff,1,0.0,2.0,1.0,0.0,8.0,0.0,0.0,0.0,1.0,0.0,0.0,0.0,0.0,0.0,0.0,0.0,18
89446c36aabffff,5,3.0,2.0,0.6,0.0,9.8,0.0,0.0,1.0,0.0,0.0,0.0,0.0,0.0,0.0,0.0,0.0,3
89446c36ac3ffff,3,2.0,2.0,0.3333333333333333,0.0,10.0,0.0,0.0,0.0,0.3333333333333333,0.0,0.0,0.0,0.0,0.0,0.0,0.0,254
89446c36ac7ffff,1,0.0,2.0,0.0,0.0,6.0,0.0,0.0,0.0,0.0,0.0,0.0,0.0,0.0,0.0,0.0,0.0,28
89446c36acbffff,149,27.0,2.0,0.18791946308724833,0.040268456375838924,9.197297297297297,0.0,0.087248322147651,0.087248322147651,0.0,0.087248322147651,0.0,0.0,0.0,0.0,0.0,0.0,105
89446c36acfffff,10,5.0,2.0,0.1,0.2,9.0,0.0,0.0,0.0,0.2,0.0,0.0,0.0,0.0,0.0,0.0,0.0,173
89446c36ad3ffff,81,23.0,2.0123456790123457,0.20987654320987653,0.04938271604938271,9.00925925925926,0.0,0.0,0.9506172839506173,0.0,0.0,0.0,0.0,0.0,0.0,0.0,0.0,17
89446c36ad7ffff,5,0.0,2.0,0.0,0.0,8.2,0.0,0.0,0.0,0.0,0.0,0.0,0.0,0.0,0.0,0.0,0.0,91
89446c36adbffff,8,2.0,2.0,0.25,0.0,10.0,0.0,0.0,0.0,1.0,0.0,0.0,0.0,0.0,0.0,0.0,0.0,304
89446c36b43ffff,15,2.0,2.1333333333333333,0.13333333333333333,0.0,8.333333333333334,0.26666666666666666,0.0,0.5333333333333333,0.0,0.0,0.0,0.0,0.0,0.0,0.0,0.0,3
89446c36b5bffff,3,1.0,2.3333333333333335,0.3333333333333333,0.3333333333333333,6.833333333333333,0.0,0.0,0.0,0.0,0.0,0.0,0.0,0.0,0.0,0.0,0.0,16
89446c36b63ffff,2,0.0,3.5,0.5,0.0,8.0,1.0,0.0,0.0,0.0,0.0,0.0,0.0,0.0,0.0,0.0,0.0,9
89446c36b67ffff,1,1.0,2.0,0.0,0.0,10.0,0.0,0.0,0.0,0.0,0.0,0.0,0.0,0.0,0.0,0.0,0.0,4
89446c36b6bffff,1,0.0,2.0,1.0,0.0,10.0,0.0,0.0,0.0,1.0,0.0,0.0,0.0,0.0,0.0,0.0,0.0,9
89446c36b7bffff,7,4.0,2.0,0.5714285714285714,0.2857142857142857,6.885714285714286,0.0,0.14285714285714285,0.14285714285714285,0.0,0.14285714285714285,0.0,0.0,0.0,0.0,0.0,0.0,3
89446c36bc3ffff,1,0.0,2.0,0.0,0.0,10.0,0.0,0.0,0.0,0.0,0.0,0.0,0.0,0.0,0.0,0.0,0.0,0
89446c36c1bffff,12,6.0,2.6666666666666665,0.16666666666666666,0.0,9.75,0.0,0.0,0.8333333333333334,0.0,0.0,0.0,0.0,0.0,0.0,0.0,0.0,0
89446c36c97ffff,1,0.0,2.0,1.0,0.0,10.0,0.0,0.0,1.0,0.0,0.0,0.0,0.0,0.0,0.0,0.0,0.0,1
89446c36d0bffff,1,1.0,2.0,0.0,0.0,8.0,0.0,0.0,1.0,0.0,0.0,0.0,0.0,0.0,0.0,0.0,0.0,0
89446c36e07ffff,5,1.0,2.8,0.4,0.0,9.0,0.0,0.2,0.4,0.2,0.2,0.0,0.0,0.0,0.0,0.0,0.0,0
89446c36e2bffff,1,1.0,2.0,1.0,0.0,10.0,0.0,0.0,0.0,0.0,0.0,0.0,0.0,0.0,0.0,0.0,0.0,2
89446c36e4bffff,1,0.0,2.0,0.0,0.0,10.0,0.0,0.0,0.0,0.0,0.0,0.0,0.0,0.0,0.0,0.0,0.0,3
89446c36e63ffff,6,3.0,2.0,0.16666666666666666,0.0,6.333333333333333,0.0,0.0,0.0,0.0,0.0,0.0,0.0,0.0,0.0,0.0,0.0,3
89446c36e6fffff,1,0.0,2.0,0.0,0.0,10.0,0.0,0.0,0.0,0.0,0.0,0.0,0.0,0.0,0.0,0.0,0.0,93
89446c36e77ffff,2,2.0,2.0,0.5,0.0,10.0,0.0,0.0,0.0,0.0,0.0,0.0,0.0,0.0,0.0,0.0,0.0,7
89446c37003ffff,3,0.0,2.6666666666666665,0.0,0.0,10.0,0.0,0.0,0.6666666666666666,0.0,0.0,0.0,0.0,0.0,0.0,0.0,0.0,4
89446c3701bffff,4,1.0,2.0,0.25,0.25,8.0,0.0,0.0,0.0,0.0,1.0,0.0,0.0,0.0,0.0,0.0,0.0,3
89446c37033ffff,4,0.0,2.0,0.0,0.25,6.75,0.0,0.0,0.75,0.0,0.0,0.0,0.0,0.0,0.0,0.0,0.0,3
89446c37037ffff,2,0.0,2.0,0.0,0.0,10.0,0.0,0.0,1.0,0.0,0.0,0.0,0.0,0.0,0.0,0.0,0.0,7
89446c3708fffff,3,1.0,2.0,0.0,0.0,10.0,0.0,0.0,0.0,0.0,0.0,0.0,0.0,0.0,0.0,0.0,0.0,0
89446c370abffff,1,0.0,2.0,0.0,0.0,10.0,0.0,0.0,0.0,1.0,0.0,0.0,0.0,0.0,0.0,0.0,0.0,4
89446c370cbffff,2,2.0,2.0,1.0,0.0,10.0,0.0,0.0,0.5,0.5,0.0,0.0,0.0,0.0,0.0,0.0,0.0,3
89446c37107ffff,2,1.0,2.5,0.0,0.0,8.5,0.0,0.0,1.0,0.0,0.0,0.0,0.0,0.0,0.0,0.0,0.0,5
89446c3711bffff,3,0.0,2.0,0.0,0.0,10.0,0.0,0.0,1.0,0.0,0.0,0.0,0.0,0.0,0.0,0.0,0.0,0
89446c37133ffff,5,2.0,2.8,0.4,0.0,10.0,0.0,0.8,0.8,0.0,0.0,0.0,0.0,0.0,0.0,0.0,0.0,5
89446c37137ffff,2,0.0,2.5,0.0,0.0,10.0,0.0,1.0,1.0,0.0,0.0,0.0,0.0,0.0,0.0,0.0,0.0,12
89446c3715bffff,1,0.0,2.0,1.0,0.0,0.2,0.0,0.0,1.0,0.0,0.0,0.0,0.0,0.0,0.0,0.0,0.0,0
89446c37173ffff,1,0.0,2.0,0.0,0.0,10.0,0.0,0.0,0.0,0.0,0.0,0.0,0.0,0.0,0.0,0.0,0.0,1
89446c37177ffff,1,0.0,2.0,0.0,0.0,10.0,0.0,0.0,1.0,0.0,0.0,0.0,0.0,0.0,0.0,0.0,0.0,1
89446c3718bffff,3,0.0,2.0,0.6666666666666666,0.0,10.0,0.0,0.0,1.0,0.0,0.0,0.0,0.0,0.0,0.0,0.0,0.0,8
89446c3718fffff,1,0.0,2.0,0.0,0.0,4.0,0.0,0.0,0.0,0.0,0.0,0.0,0.0,0.0,0.0,0.0,0.0,3
89446c37193ffff,1,1.0,2.0,0.0,0.0,10.0,0.0,0.0,0.0,0.0,0.0,0.0,0.0,0.0,0.0,0.0,0.0,13
89446c37197ffff,1,1.0,2.0,0.0,0.0,10.0,0.0,0.0,0.0,0.0,0.0,0.0,0.0,0.0,0.0,0.0,0.0,1
89446c3719bffff,7,0.0,2.0,0.14285714285714285,0.0,10.0,0.0,0.0,0.0,0.0,0.0,0.0,0.0,0.0,0.0,0.0,0.0,13
89446c371afffff,1,1.0,2.0,0.0,0.0,10.0,0.0,0.0,1.0,0.0,0.0,0.0,0.0,0.0,0.0,0.0,0.0,7
89446c371cbffff,3,0.0,2.0,0.3333333333333333,0.0,10.0,0.0,0.0,1.0,0.0,0.0,0.0,0.0,0.0,0.0,0.0,0.0,2
89446c37253ffff,1,0.0,2.0,1.0,0.0,10.0,0.0,0.0,0.0,1.0,0.0,0.0,0.0,0.0,0.0,0.0,0.0,1
89446c37257ffff,1,0.0,2.0,0.0,0.0,10.0,0.0,0.0,1.0,0.0,0.0,0.0,0.0,0.0,0.0,0.0,0.0,1
89446c37277ffff,1,0.0,2.0,0.0,0.0,10.0,0.0,0.0,1.0,0.0,0.0,0.0,0.0,0.0,0.0,0.0,0.0,0
89446c37323ffff,25,10.0,2.2,0.4,0.2,8.5,0.16,0.0,0.0,0.0,0.0,0.0,0.0,0.0,0.0,0.0,0.0,84
89446c3732bffff,68,21.0,2.2205882352941178,0.35294117647058826,0.07352941176470588,9.345588235294118,0.0,0.0,0.0,0.0,0.0,0.0,0.0,0.0,0.0,0.0,0.0,37
89446c37337ffff,12,7.0,2.25,0.25,0.08333333333333333,9.0,0.0,0.0,0.0,0.0,0.0,0.0,0.0,0.0,0.0,0.0,0.0,193
89446c3733bffff,4,0.0,2.0,0.25,0.25,10.0,0.0,0.0,0.0,0.0,0.0,0.0,0.0,0.0,0.0,0.0,0.0,101
89446c3735bffff,1,0.0,2.0,0.0,0.0,10.0,0.0,0.0,0.0,0.0,0.0,0.0,0.0,0.0,0.0,0.0,0.0,0
89446c37363ffff,38,12.0,2.1578947368421053,0.15789473684210525,0.10526315789473684,9.06578947368421,0.42105263157894735,0.0,0.0,0.0,0.0,0.0,0.0,0.0,0.0,0.0,0.0,12
89446c3736bffff,3,0.0,2.0,0.3333333333333333,0.0,10.0,0.0,0.0,0.0,0.0,0.0,0.0,0.0,0.0,0.0,0.0,0.0,131
89446c37377ffff,8,5.0,2.0,0.375,0.0,7.625,0.0,0.0,0.0,0.0,0.0,0.0,0.0,0.0,0.0,0.0,0.0,110
89446c3737bffff,1,0.0,3.0,1.0,0.0,0.8,0.0,0.0,0.0,0.0,0.0,0.0,0.0,0.0,0.0,0.0,0.0,133
89446c3739bffff,1,0.0,2.0,0.0,0.0,10.0,0.0,1.0,0.0,1.0,0.0,0.0,0.0,0.0,0.0,0.0,0.0,0
89446c37403ffff,5,2.0,2.0,0.4,0.0,10.0,0.0,0.0,0.0,0.0,0.0,0.0,0.0,0.0,0.0,0.0,0.0,28
89446c37407ffff,1,0.0,2.0,0.0,0.0,10.0,0.0,0.0,0.0,0.0,0.0,0.0,0.0,0.0,0.0,0.0,0.0,9
89446c3740bffff,27,3.0,2.0,0.14814814814814814,0.037037037037037035,9.25925925925926,0.0,0.9259259259259259,0.9259259259259259,0.0,0.0,0.0,0.0,0.0,0.0,0.0,0.0,8
89446c37443ffff,14,5.0,2.0,0.14285714285714285,0.0,10.0,0.0,0.0,0.0,0.0,0.0,0.0,0.0,0.0,0.0,0.0,0.0,12
89446c37457ffff,1,0.0,2.0,0.0,0.0,10.0,0.0,0.0,0.0,0.0,0.0,0.0,0.0,0.0,0.0,0.0,0.0,44
89446c3745bffff,11,0.0,2.0,0.18181818181818182,0.09090909090909091,10.0,0.0,0.0,0.0,0.0,0.0,0.0,0.0,0.0,0.0,0.0,0.0,24
89446c37473ffff,2,2.0,2.0,0.5,0.5,5.375,0.0,1.0,1.0,0.0,0.0,0.0,0.0,0.0,0.0,0.0,0.0,28
89446c37477ffff,1,1.0,2.0,0.0,0.0,10.0,0.0,0.0,0.0,1.0,0.0,0.0,0.0,0.0,0.0,0.0,0.0,2
89446c37483ffff,10,3.0,2.0,0.2,0.4,8.7,0.0,0.0,0.0,0.0,0.0,0.0,0.0,0.0,0.0,0.0,0.0,7
89446c37487ffff,1,1.0,2.0,0.0,0.0,10.0,0.0,0.0,0.0,0.0,0.0,0.0,0.0,0.0,0.0,0.0,0.0,15
89446c3749bffff,6,2.0,2.0,0.3333333333333333,0.5,6.666666666666667,0.0,0.0,0.0,0.0,0.0,0.0,0.0,0.0,0.0,0.0,0.0,13
89446c374a3ffff,1,0.0,2.0,1.0,0.0,10.0,0.0,0.0,0.0,0.0,0.0,0.0,0.0,0.0,0.0,0.0,0.0,13
89446c374a7ffff,3,2.0,2.0,0.0,0.0,10.0,0.0,0.0,0.0,0.0,0.0,0.0,0.0,0.0,0.0,0.0,0.0,51
89446c374abffff,4,2.0,2.0,0.75,0.25,7.5,0.0,0.0,0.0,0.0,0.0,0.0,0.0,0.0,0.0,0.0,0.0,8
89446c374afffff,1,1.0,2.0,1.0,0.0,10.0,0.0,0.0,0.0,0.0,0.0,0.0,0.0,0.0,0.0,0.0,0.0,12
89446c374bbffff,5,1.0,2.0,0.2,0.2,10.0,0.0,0.0,0.0,0.0,0.0,0.0,0.0,0.0,0.0,0.0,0.0,6
89446c374cbffff,1,1.0,2.0,1.0,0.0,10.0,0.0,0.0,0.0,0.0,0.0,0.0,0.0,0.0,0.0,0.0,0.0,6
89446c374cfffff,3,2.0,2.0,1.0,0.0,3.8333333333333335,0.0,1.0,0.0,0.0,0.0,0.0,0.0,0.0,0.0,0.0,0.0,2
89446c374d3ffff,8,1.0,2.0,0.125,0.125,10.0,0.0,0.75,0.75,0.0,0.0,0.0,0.0,0.0,0.0,0.0,0.0,8
89446c374d7ffff,1,1.0,2.0,0.0,0.0,10.0,0.0,0.0,0.0,0.0,0.0,0.0,0.0,0.0,0.0,0.0,0.0,14
89446c374dbffff,1,1.0,2.0,1.0,0.0,10.0,0.0,0.0,0.0,0.0,0.0,0.0,0.0,0.0,0.0,0.0,0.0,13
89446c37503ffff,3,1.0,2.0,0.0,0.3333333333333333,9.0,0.0,0.0,0.0,0.0,0.0,0.0,0.0,0.0,0.0,0.0,0.0,33
89446c3750bffff,25,3.0,2.0,0.36,0.08,8.324,0.0,0.0,0.92,0.0,0.0,0.0,0.0,0.0,0.0,0.0,0.0,13
89446c3751bffff,8,3.0,2.0,0.125,0.0,8.0,0.0,0.0,1.0,0.0,0.0,0.0,0.0,0.0,0.0,0.0,0.0,31
89446c37553ffff,3,1.0,2.0,0.6666666666666666,0.0,10.0,0.0,0.0,0.0,0.0,0.0,0.0,0.0,0.0,0.0,0.0,0.0,1
89446c37563ffff,12,5.0,2.0,0.25,0.08333333333333333,8.208333333333334,0.0,0.0,0.9166666666666666,0.0,0.0,0.0,0.0,0.0,0.0,0.0,0.0,11
89446c37567ffff,5,4.0,2.0,0.0,0.0,7.4,0.0,0.0,0.0,1.0,0.0,0.0,0.0,0.0,0.0,0.0,0.0,24
89446c3756fffff,4,2.0,2.0,0.5,0.25,9.25,0.0,0.0,0.0,1.0,0.0,0.0,0.0,0.0,0.0,0.0,0.0,24
89446c37573ffff,2,0.0,2.0,0.0,0.0,8.5,0.0,0.0,0.0,1.0,0.0,0.0,0.0,0.0,0.0,0.0,0.0,37
89446c37583ffff,1,1.0,2.0,0.0,0.0,8.0,0.0,0.0,0.0,0.0,0.0,0.0,0.0,0.0,0.0,0.0,0.0,4
89446c37593ffff,3,1.0,2.0,0.3333333333333333,0.3333333333333333,10.0,0.0,0.0,0.0,0.0,0.0,0.0,0.0,0.0,0.0,0.0,0.0,10
89446c3759bffff,1,1.0,2.0,0.0,0.0,5.0,0.0,0.0,0.0,0.0,0.0,0.0,0.0,0.0,0.0,0.0,0.0,7
89446c375c3ffff,3,1.0,2.0,0.3333333333333333,0.0,10.0,0.0,0.0,0.0,0.0,0.0,0.0,0.0,0.0,0.0,0.0,0.0,21
89446c375c7ffff,2,1.0,2.0,0.0,0.0,10.0,0.0,0.0,0.0,0.0,0.0,0.0,0.0,0.0,0.0,0.0,0.0,13
89446c375cfffff,1,1.0,2.0,1.0,0.0,0.5,0.0,0.0,0.0,0.0,0.0,0.0,0.0,0.0,0.0,0.0,0.0,16
89446c375d3ffff,13,5.0,2.0,0.23076923076923078,0.07692307692307693,8.192307692307692,0.0,0.0,0.0,0.0,0.0,0.0,0.0,0.0,0.0,0.0,0.0,43
89446c375d7ffff,1,0.0,2.0,1.0,1.0,10.0,0.0,0.0,0.0,0.0,0.0,0.0,0.0,0.0,0.0,0.0,0.0,19
89446c375dbffff,4,3.0,2.0,0.25,0.0,10.0,0.0,0.0,0.0,0.0,0.0,0.0,0.0,0.0,0.0,0.0,0.0,20
89446c37607ffff,1,0.0,2.0,0.0,0.0,10.0,0.0,0.0,0.0,0.0,0.0,0.0,0.0,0.0,0.0,0.0,0.0,15
89446c37613ffff,7,1.0,2.0,0.2857142857142857,0.0,9.0,0.0,0.0,0.0,0.0,0.0,0.0,0.0,0.0,0.0,0.0,0.0,19
89446c37617ffff,10,0.0,2.0,0.0,0.0,9.7,0.0,0.0,0.0,0.0,0.0,0.0,0.0,0.0,0.0,0.0,0.0,10
89446c37633ffff,4,2.0,2.25,0.25,0.0,9.25,0.0,0.5,0.5,0.0,0.0,0.0,0.0,0.0,0.0,0.0,0.0,6
89446c37637ffff,3,1.0,2.3333333333333335,0.3333333333333333,0.0,9.0,0.0,0.0,0.3333333333333333,0.0,0.0,0.0,0.0,0.0,0.0,0.0,0.0,7
89446c37673ffff,1,0.0,4.0,1.0,0.0,9.0,0.0,0.0,0.0,0.0,0.0,0.0,0.0,0.0,0.0,0.0,0.0,4
89446c37677ffff,2,0.0,2.0,0.5,0.0,10.0,0.0,0.0,0.0,1.0,0.0,0.0,0.0,0.0,0.0,0.0,0.0,1
89446c3767bffff,2,0.0,3.0,0.5,0.0,9.5,0.0,0.0,0.5,0.5,0.0,0.0,0.0,0.0,0.0,0.0,0.0,1
89446c37687ffff,4,3.0,2.0,1.0,0.0,10.0,0.0,0.0,0.0,0.0,0.0,0.0,0.0,0.0,0.0,0.0,0.0,10
89446c3768bffff,3,2.0,2.0,0.3333333333333333,0.0,7.666666666666667,0.0,0.0,0.0,0.0,0.0,0.0,0.0,0.0,0.0,0.0,0.0,22
89446c3768fffff,1,1.0,2.0,0.0,0.0,10.0,0.0,0.0,0.0,0.0,0.0,0.0,0.0,0.0,0.0,0.0,0.0,24
89446c37693ffff,3,1.0,2.0,0.6666666666666666,0.3333333333333333,7.0,0.0,0.0,0.0,0.0,0.0,0.0,0.0,0.0,0.0,0.0,0.0,17
89446c37697ffff,9,3.0,2.0,0.2222222222222222,0.2222222222222222,9.0,0.0,0.0,0.0,0.5555555555555556,0.0,0.0,0.0,0.0,0.0,0.0,0.0,18
89446c3769bffff,5,3.0,2.0,0.0,0.0,10.0,0.0,0.0,0.0,0.2,0.0,0.0,0.0,0.0,0.0,0.0,0.0,12
89446c376abffff,1,0.0,2.0,0.0,0.0,10.0,0.0,0.0,1.0,0.0,0.0,0.0,0.0,0.0,0.0,0.0,0.0,16
89446c376afffff,1,0.0,2.0,0.0,0.0,10.0,0.0,1.0,1.0,0.0,0.0,0.0,0.0,0.0,0.0,0.0,0.0,8
89446c376c3ffff,32,8.0,2.0,0.25,0.125,9.21875,0.0,0.90625,0.65625,0.3125,0.0,0.0,0.0,0.0,0.0,0.0,0.03125,22
89446c376c7ffff,5,1.0,2.0,0.2,0.0,10.0,0.0,0.0,0.0,0.8,0.0,0.0,0.0,0.0,0.0,0.0,0.0,46
89446c376d3ffff,11,3.0,2.0,0.0,0.18181818181818182,9.136363636363637,0.0,0.09090909090909091,0.0,0.6363636363636364,0.0,0.0,0.0,0.0,0.0,0.0,0.0,50
89446c376d7ffff,4,1.0,2.0,0.75,0.0,10.0,0.0,0.5,0.5,0.5,0.0,0.0,0.0,0.0,0.0,0.0,0.0,56
89446c376dbffff,2,1.0,2.0,0.5,0.0,10.0,0.0,0.0,0.0,0.0,0.0,0.0,0.0,0.0,0.0,0.0,0.0,52
89446c38023ffff,8,2.0,2.125,0.125,0.0,8.1875,0.375,0.0,0.0,0.5,0.0,0.0,0.0,0.0,0.0,0.0,0.0,4
89446c3802fffff,1,0.0,3.0,1.0,0.0,9.0,0.0,0.0,0.0,0.0,0.0,0.0,0.0,0.0,0.0,0.0,0.0,45
89446c38033ffff,3,2.0,2.0,0.6666666666666666,0.3333333333333333,0.5,0.0,0.0,0.0,0.0,0.0,0.0,0.0,0.0,0.0,0.0,0.0,11
89446c3806fffff,13,4.0,2.0,0.5384615384615384,0.0,10.0,0.0,0.0,0.9230769230769231,0.0,0.0,0.0,0.0,0.0,0.0,0.0,0.0,12
89446c38087ffff,14,7.0,2.142857142857143,0.42857142857142855,0.42857142857142855,6.607142857142857,0.0,0.0,0.0,0.0,0.0,0.0,0.0,0.0,0.0,0.0,0.0,1
89446c380abffff,3,3.0,2.3333333333333335,0.6666666666666666,0.0,9.0,0.0,0.0,0.0,0.0,0.0,0.0,0.0,0.0,0.0,0.0,0.0,4
89446c380bbffff,1,0.0,2.0,0.0,1.0,1.0,0.0,0.0,0.0,0.0,0.0,0.0,0.0,0.0,0.0,0.0,0.0,17
89446c3814bffff,2,1.0,2.0,0.0,0.5,6.5,0.0,0.0,0.0,0.0,0.0,0.0,0.0,0.0,0.0,0.0,0.0,33
89446c3814fffff,7,0.0,2.2857142857142856,0.42857142857142855,0.2857142857142857,8.357142857142858,0.0,0.0,0.0,0.0,0.0,0.0,0.0,0.0,0.0,0.0,0.0,3
89446c3815bffff,26,10.0,2.1923076923076925,0.2692307692307692,0.2692307692307692,8.011538461538462,0.0,0.0,0.15384615384615385,0.0,0.0,0.0,0.0,0.0,0.0,0.0,0.0,3
89446c38163ffff,3,0.0,2.3333333333333335,0.3333333333333333,0.0,9.0,0.0,0.0,0.0,0.0,0.0,0.0,0.0,0.0,0.0,0.0,0.0,5
89446c38177ffff,4,1.0,2.0,0.25,0.0,10.0,0.0,0.0,0.5,0.0,0.0,0.0,0.0,0.0,0.0,0.0,0.0,3
89446c3817bffff,1,0.0,2.0,1.0,0.0,10.0,0.0,0.0,0.0,0.0,0.0,0.0,0.0,0.0,0.0,0.0,0.0,10
89446c38203ffff,1,1.0,2.0,0.0,0.0,10.0,0.0,0.0,0.0,0.0,0.0,0.0,0.0,0.0,0.0,0.0,0.0,7
89446c38207ffff,2,1.0,2.0,1.0,0.0,10.0,0.0,0.0,0.0,0.0,0.0,0.0,0.0,0.0,0.0,0.0,0.0,5
89446c3820bffff,4,1.0,2.25,0.5,0.0,9.25,0.0,0.75,0.0,0.0,0.0,0.0,0.0,0.0,0.0,0.0,0.0,2
89446c3820fffff,1,0.0,2.0,0.0,0.0,10.0,0.0,0.0,0.0,0.0,0.0,0.0,0.0,0.0,0.0,0.0,0.0,7
89446c38227ffff,10,2.0,2.0,0.2,0.1,8.61,0.0,1.0,1.0,0.0,0.0,0.0,0.0,0.0,0.0,0.0,0.0,17
89446c3822fffff,1,0.0,2.0,0.0,0.0,10.0,0.0,0.0,0.0,0.0,0.0,0.0,0.0,0.0,0.0,0.0,0.0,18
89446c38233ffff,3,0.0,2.0,0.3333333333333333,0.0,10.0,0.0,0.0,0.0,0.0,0.0,0.0,0.0,0.0,0.0,0.0,0.0,10
89446c38237ffff,8,1.0,2.0,0.125,0.125,9.0,0.0,0.0,1.0,0.0,0.0,0.0,0.0,0.0,0.0,0.0,0.0,13
89446c38253ffff,1,0.0,2.0,0.0,0.0,7.0,0.0,0.0,0.0,0.0,0.0,0.0,0.0,0.0,0.0,0.0,0.0,0
89446c3834bffff,9,4.0,2.0,0.4444444444444444,0.0,7.861111111111111,0.0,1.0,1.0,0.0,0.0,0.0,0.0,0.0,0.0,0.0,0.0,9
89446c3835bffff,8,0.0,2.0,0.5,0.0,9.75,0.0,0.0,0.0,0.875,0.0,0.0,0.0,0.0,0.0,0.0,0.0,20
89446c38383ffff,1,1.0,2.0,1.0,0.0,10.0,0.0,0.0,0.0,0.0,0.0,0.0,0.0,0.0,0.0,0.0,0.0,23
89446c38393ffff,11,5.0,2.0,0.2727272727272727,0.0,10.0,0.0,1.0,1.0,0.0,0.0,0.0,0.0,0.0,0.0,0.0,0.0,14
89446c3839bffff,12,3.0,2.0,0.16666666666666666,0.16666666666666666,7.916666666666667,0.0,0.0,0.0,1.0,0.0,0.0,0.0,0.0,0.0,0.0,0.0,25
89446c383cfffff,3,2.0,2.0,0.3333333333333333,0.3333333333333333,8.666666666666666,0.0,0.0,0.0,0.0,0.0,0.0,0.0,0.0,0.0,0.0,0.0,0
89446c38407ffff,5,1.0,2.0,0.0,0.8,4.8,0.0,0.0,0.8,0.0,0.0,0.0,0.0,0.0,0.0,0.0,0.0,10
89446c38417ffff,3,3.0,2.0,0.6666666666666666,0.0,10.0,0.0,0.0,0.0,0.0,0.0,0.0,0.0,0.0,0.0,0.0,0.0,10
89446c38423ffff,37,13.0,2.054054054054054,0.32432432432432434,0.5405405405405406,7.486486486486487,0.0,0.1891891891891892,0.1891891891891892,0.0,0.0,0.0,0.0,0.0,0.0,0.0,0.0,8
89446c3842fffff,5,4.0,2.4,0.8,0.0,9.4,0.8,0.0,0.0,0.0,0.0,0.0,0.0,0.0,0.0,0.0,0.0,37
89446c38433ffff,3,1.0,2.6666666666666665,0.0,0.3333333333333333,5.333333333333333,0.0,0.0,0.0,0.0,0.0,0.0,0.0,0.0,0.0,0.0,0.0,46
89446c3848bffff,21,4.0,2.0,0.3333333333333333,0.09523809523809523,8.642857142857142,0.0,0.0,0.3333333333333333,0.0,0.0,0.0,0.0,0.0,0.0,0.0,0.0,2
89446c3848fffff,1,0.0,2.0,0.0,0.0,8.0,0.0,0.0,0.0,0.0,0.0,0.0,0.0,0.0,0.0,0.0,0.0,24
89446c384abffff,4,2.0,2.0,0.5,0.0,10.0,0.0,0.0,0.25,0.0,0.0,0.0,0.0,0.0,0.0,0.0,0.0,11
89446c384d3ffff,5,1.0,2.2,0.6,0.2,9.2,0.8,0.0,0.0,0.0,0.0,0.0,0.0,0.0,0.0,0.0,0.0,1
89446c384d7ffff,1,0.0,2.0,1.0,0.0,10.0,0.0,0.0,0.0,0.0,0.0,0.0,0.0,0.0,0.0,0.0,0.0,26
89446c3864bffff,2,0.0,2.0,0.0,0.5,8.5,0.0,0.0,0.0,0.0,0.0,0.0,0.0,0.0,0.0,0.0,0.0,2
89446c39587ffff,2,0.0,2.0,0.0,0.0,10.0,0.0,0.0,0.0,0.5,0.0,0.0,0.0,0.0,0.0,0.0,0.0,2
89446c3980bffff,1,0.0,2.0,0.0,0.0,10.0,0.0,0.0,0.0,0.0,0.0,0.0,0.0,0.0,0.0,0.0,0.0,2
89446c3980fffff,1,0.0,2.0,0.0,0.0,10.0,0.0,0.0,0.0,0.0,0.0,0.0,0.0,0.0,0.0,0.0,0.0,1
89446c39817ffff,2,1.0,2.0,0.0,0.0,10.0,0.0,0.0,0.0,0.0,0.0,0.0,0.0,0.0,0.0,0.0,0.0,10
89446c3981bffff,1,1.0,2.0,0.0,0.0,10.0,0.0,0.0,0.0,0.0,0.0,0.0,0.0,0.0,0.0,0.0,0.0,1
89446c39887ffff,11,3.0,2.0,0.09090909090909091,0.0,8.727272727272727,0.0,0.0,1.0,0.0,0.0,0.0,0.0,0.0,0.0,0.0,0.0,11
89446c3988bffff,2,2.0,2.0,0.5,0.5,5.5,0.0,0.0,0.0,0.0,0.0,0.0,0.0,0.0,0.0,0.0,0.0,0
89446c39897ffff,1,1.0,2.0,1.0,0.0,10.0,0.0,0.0,0.0,0.0,0.0,0.0,0.0,0.0,0.0,0.0,0.0,16
89446c398a3ffff,1,1.0,2.0,0.0,0.0,7.0,0.0,0.0,0.0,0.0,0.0,0.0,0.0,0.0,0.0,0.0,0.0,10
89446c398bbffff,10,3.0,2.0,0.3,0.1,8.4,0.0,0.0,0.6,0.0,0.0,0.0,0.0,0.0,0.0,0.0,0.0,14
89446c39c87ffff,1,1.0,2.0,0.0,0.0,10.0,0.0,0.0,0.0,0.0,0.0,0.0,0.0,0.0,0.0,0.0,0.0,9
89446c39ca3ffff,3,1.0,2.0,0.0,0.0,10.0,0.0,0.0,1.0,0.0,0.0,0.0,0.0,0.0,0.0,0.0,0.0,1
89446c39cafffff,1,1.0,2.0,1.0,0.0,10.0,0.0,0.0,0.0,0.0,0.0,0.0,0.0,0.0,0.0,0.0,0.0,3
89446c39d53ffff,1,1.0,2.0,0.0,0.0,10.0,0.0,0.0,0.0,0.0,0.0,0.0,0.0,0.0,0.0,0.0,0.0,6
89446c39d57ffff,1,0.0,2.0,0.0,0.0,10.0,0.0,0.0,0.0,0.0,0.0,0.0,0.0,0.0,0.0,0.0,0.0,1
89446c39d5bffff,5,3.0,2.0,0.2,0.0,8.040000000000001,0.0,0.0,0.8,0.0,0.0,0.0,0.0,0.0,0.0,0.0,0.0,2
89446c3a083ffff,11,2.0,2.0,0.7272727272727273,0.09090909090909091,8.636363636363637,0.0,0.0,0.0,0.0,0.0,0.0,0.0,0.0,0.0,0.0,0.0,14
89446c3a087ffff,3,0.0,2.0,0.3333333333333333,0.0,10.0,0.0,0.0,0.0,0.0,0.0,0.0,0.0,0.0,0.0,0.0,0.0,45
89446c3a093ffff,3,1.0,2.0,0.6666666666666666,0.6666666666666666,5.5,0.0,0.0,0.0,0.0,0.0,0.0,0.0,0.0,0.0,0.0,0.0,19
89446c3a097ffff,7,4.0,2.0,0.42857142857142855,0.0,10.0,0.0,0.0,0.0,0.0,0.0,0.0,0.0,0.0,0.0,0.0,0.0,45
89446c3a09bffff,1,0.0,2.0,0.0,0.0,10.0,0.0,0.0,0.0,0.0,0.0,0.0,0.0,0.0,0.0,0.0,0.0,15
89446c3a0b3ffff,2,2.0,2.0,0.5,0.0,8.5,0.0,0.0,0.0,0.0,0.0,0.0,0.0,0.0,0.0,0.0,0.0,28
89446c3a0d7ffff,1,0.0,2.0,0.0,1.0,7.0,0.0,0.0,1.0,0.0,0.0,0.0,0.0,0.0,0.0,0.0,0.0,1
89446c3a1b7ffff,32,7.0,2.0,0.21875,0.09375,8.734375,0.0,0.0,0.0,1.0,0.0,0.0,0.0,0.0,0.0,0.0,0.0,3
89446c3a20bffff,1,1.0,2.0,0.0,0.0,10.0,0.0,0.0,0.0,0.0,0.0,0.0,0.0,0.0,0.0,0.0,0.0,0
89446c3a307ffff,1,0.0,2.0,0.0,0.0,10.0,0.0,0.0,0.0,0.0,0.0,0.0,0.0,0.0,0.0,0.0,0.0,0
89446c3a4abffff,7,3.0,2.0,0.0,0.0,9.571428571428571,0.0,0.0,0.0,1.0,0.0,0.0,0.0,0.0,0.0,0.0,0.0,0
89446c3a4d7ffff,5,0.0,2.0,0.2,0.0,9.2,0.0,0.0,1.0,0.0,0.0,0.0,0.0,0.0,0.0,0.0,0.0,0
89446c3a503ffff,4,0.0,2.0,0.5,0.0,10.0,0.0,0.0,0.0,0.0,0.0,0.0,0.0,0.0,0.0,0.0,0.0,8
89446c3a507ffff,5,3.0,2.0,0.4,0.0,10.0,0.0,0.0,0.0,0.0,0.0,0.0,0.0,0.0,0.0,0.0,0.0,33
89446c3a513ffff,1,1.0,2.0,1.0,0.0,10.0,0.0,0.0,0.0,0.0,0.0,0.0,0.0,0.0,0.0,0.0,0.0,16
89446c3a517ffff,2,0.0,2.0,0.0,0.0,8.5,0.0,0.0,0.0,0.0,0.0,0.0,0.0,0.0,0.0,0.0,0.0,33
89446c3a527ffff,8,4.0,2.0,0.5,0.0,9.0,0.0,0.0,0.0,0.0,0.0,0.0,0.0,0.0,0.0,0.0,0.0,27
89446c3a52bffff,1,0.0,2.0,0.0,0.0,10.0,0.0,0.0,0.0,0.0,0.0,0.0,0.0,0.0,0.0,0.0,0.0,12
89446c3a52fffff,1,1.0,2.0,1.0,0.0,10.0,0.0,0.0,0.0,0.0,0.0,0.0,0.0,0.0,0.0,0.0,0.0,9
89446c3a533ffff,7,3.0,2.0,0.42857142857142855,0.14285714285714285,9.571428571428571,0.0,0.0,0.0,0.0,0.0,0.0,0.0,0.0,0.0,0.0,0.0,33
89446c3a537ffff,1,1.0,2.0,1.0,0.0,10.0,0.0,0.0,0.0,0.0,0.0,0.0,0.0,0.0,0.0,0.0,0.0,69
89446c3a53bffff,3,2.0,2.0,0.6666666666666666,0.0,10.0,0.0,0.0,0.0,0.0,0.0,0.0,0.0,0.0,0.0,0.0,0.0,19
89446c3a547ffff,1,1.0,2.0,1.0,0.0,10.0,0.0,0.0,0.0,0.0,0.0,0.0,0.0,0.0,0.0,0.0,0.0,0
89446c3a54bffff,25,4.0,2.0,0.28,0.12,8.8,0.0,0.0,0.32,0.6,0.0,0.0,0.0,0.0,0.0,0.0,0.0,15
89446c3a55bffff,3,3.0,2.0,0.6666666666666666,0.3333333333333333,5.666666666666667,0.0,0.0,0.0,0.0,0.0,0.0,0.0,0.0,0.0,0.0,0.0,32
89446c3a567ffff,2,1.0,2.0,0.0,0.0,10.0,0.0,0.0,0.0,0.0,0.0,0.0,0.0,0.0,0.0,0.0,0.0,7
89446c3a577ffff,6,6.0,2.0,0.3333333333333333,0.0,8.833333333333334,0.0,0.0,0.0,0.0,0.0,0.0,0.0,0.0,0.0,0.0,0.0,6
89446c3a583ffff,3,0.0,2.0,0.3333333333333333,0.0,9.0,0.0,0.0,0.0,0.0,0.0,0.0,0.0,0.0,0.0,0.0,0.0,27
89446c3a587ffff,8,4.0,2.0,0.5,0.125,10.0,0.0,0.0,0.0,0.0,0.0,0.0,0.0,0.0,0.0,0.0,0.0,48
89446c3a58bffff,2,2.0,2.0,0.0,0.0,10.0,0.0,0.0,0.0,0.0,0.0,0.0,0.0,0.0,0.0,0.0,0.0,25
89446c3a58fffff,6,3.0,2.0,0.0,0.0,10.0,0.0,0.0,0.0,0.0,0.0,0.0,0.0,0.0,0.0,0.0,0.0,16
89446c3a597ffff,3,3.0,2.0,0.0,0.0,10.0,0.0,0.0,0.0,0.0,0.0,0.0,0.0,0.0,0.0,0.0,0.0,59
89446c3a59bffff,8,3.0,2.0,0.25,0.0,10.0,0.0,0.0,0.0,0.0,0.0,0.0,0.0,0.0,0.0,0.0,0.0,15
89446c3a5a3ffff,119,26.0,2.0,0.20168067226890757,0.09243697478991597,8.997478991596639,0.0,0.05042016806722689,0.8571428571428571,0.0,0.0,0.0,0.0,0.0,0.0,0.0,0.0,32
89446c3a5a7ffff,2,2.0,2.0,0.0,0.0,10.0,0.0,0.0,0.0,0.0,0.0,0.0,0.0,0.0,0.0,0.0,0.0,177
89446c3a5abffff,17,7.0,2.0,0.5294117647058824,0.17647058823529413,9.294117647058824,0.0,0.0,0.0,0.0,0.0,0.0,0.0,0.0,0.0,0.0,0.0,140
89446c3a5afffff,7,1.0,2.0,0.14285714285714285,0.0,9.0,0.0,0.0,0.0,0.0,0.0,0.0,0.0,0.0,0.0,0.0,0.0,177
89446c3a5b3ffff,6,6.0,2.0,0.6666666666666666,0.0,10.0,0.0,0.0,0.0,0.0,0.0,0.0,0.0,0.0,0.0,0.0,0.0,160
89446c3a5c7ffff,2,2.0,2.0,0.5,0.5,10.0,0.0,0.0,0.0,0.0,0.0,0.0,0.0,0.0,0.0,0.0,0.0,8
89446c3a5d3ffff,1,0.0,2.0,1.0,0.0,10.0,0.0,0.0,0.0,0.0,0.0,0.0,0.0,0.0,0.0,0.0,0.0,5
89446c3a5d7ffff,5,1.0,2.0,0.2,0.2,9.4,0.0,0.0,0.0,0.0,0.0,0.0,0.0,0.0,0.0,0.0,0.0,13
89446c3a693ffff,8,4.0,2.625,0.25,0.0,10.0,0.0,0.0,0.875,0.0,0.0,0.0,0.0,0.0,0.0,0.0,0.0,0
89446c3a6cbffff,1,0.0,4.0,0.0,0.0,10.0,0.0,1.0,1.0,0.0,0.0,1.0,0.0,0.0,0.0,0.0,0.0,0
89446c3ac4fffff,2,0.0,2.0,0.0,0.0,10.0,0.0,1.0,0.0,1.0,1.0,0.0,0.0,0.0,0.0,0.0,0.0,0
89446c3ac53ffff,1,1.0,2.0,1.0,0.0,10.0,0.0,0.0,0.0,0.0,0.0,0.0,0.0,0.0,0.0,0.0,0.0,0
89446c3acdbffff,3,3.0,2.0,1.0,0.0,9.0,0.0,0.0,0.0,0.0,0.0,0.0,0.0,0.0,0.0,0.0,0.0,0
89446c3ad03ffff,3,1.0,2.0,0.6666666666666666,0.3333333333333333,5.733333333333333,0.0,0.0,0.0,0.0,0.0,0.0,0.0,0.0,0.0,0.0,0.0,4
89446c3ad13ffff,1,0.0,2.0,0.0,0.0,10.0,0.0,0.0,0.0,0.0,0.0,0.0,0.0,0.0,0.0,0.0,0.0,9
89446c3ad17ffff,3,1.0,2.0,0.0,0.0,10.0,0.0,0.0,0.0,0.0,0.0,0.0,0.0,0.0,0.0,0.0,0.0,14
89446c3ad33ffff,1,1.0,2.0,0.0,1.0,6.0,0.0,0.0,0.0,0.0,0.0,0.0,0.0,0.0,0.0,0.0,0.0,1
89446c3ad83ffff,1,1.0,2.0,0.0,0.0,10.0,0.0,0.0,0.0,0.0,0.0,0.0,0.0,0.0,0.0,0.0,0.0,3
89446c3ad8fffff,3,1.0,2.0,0.3333333333333333,0.0,10.0,0.0,0.0,0.0,0.0,0.0,0.0,0.0,0.0,0.0,0.0,0.0,11
89446c3ada3ffff,1,0.0,2.0,0.0,0.0,10.0,0.0,0.0,0.0,0.0,0.0,0.0,0.0,0.0,0.0,0.0,0.0,28
89446c3ada7ffff,1,1.0,2.0,0.0,0.0,10.0,0.0,0.0,0.0,1.0,1.0,0.0,0.0,0.0,0.0,0.0,0.0,2
89446c3adabffff,1,1.0,2.0,0.0,0.0,10.0,0.0,0.0,0.0,0.0,0.0,0.0,0.0,0.0,0.0,0.0,0.0,11
89446c3adb3ffff,20,8.0,2.05,0.15,0.05,7.715000000000001,0.0,0.0,0.65,0.0,0.0,0.0,0.0,0.0,0.0,0.0,0.0,13
89446c3adbbffff,6,2.0,2.0,0.16666666666666666,0.16666666666666666,8.416666666666666,0.0,0.0,0.0,0.0,0.0,0.0,0.0,0.0,0.0,0.0,0.0,28
89446c3b057ffff,1,1.0,2.0,0.0,0.0,8.0,0.0,0.0,0.0,0.0,0.0,0.0,0.0,0.0,0.0,0.0,0.0,0
89446c3b1b3ffff,20,9.0,2.0,0.25,0.25,7.6875,0.0,0.0,0.0,0.0,0.0,0.0,0.0,0.0,0.0,0.0,0.0,0
89446c3b523ffff,4,0.0,2.25,0.5,0.25,9.5,0.0,0.0,0.0,0.0,0.0,0.0,0.0,0.0,0.0,0.0,0.0,3
89446c3b52fffff,1,0.0,3.0,0.0,0.0,10.0,0.0,0.0,0.0,0.0,0.0,0.0,0.0,0.0,0.0,0.0,0.0,4
89446c3b533ffff,2,1.0,2.0,0.5,0.0,10.0,0.0,0.5,0.5,0.0,0.0,0.0,0.0,0.0,0.0,0.0,0.0,26
89446c3b583ffff,36,25.0,2.0833333333333335,0.25,0.16666666666666666,9.194444444444445,0.0,0.0,0.5277777777777778,0.0,0.0,0.0,0.0,0.0,0.0,0.0,0.0,8
89446c3b58fffff,7,2.0,2.2857142857142856,0.42857142857142855,0.14285714285714285,9.571428571428571,0.5714285714285714,0.0,0.0,0.0,0.0,0.0,0.0,0.0,0.0,0.0,0.0,37
89446c3b59bffff,1,0.0,3.0,1.0,0.0,9.0,0.0,0.0,0.0,0.0,0.0,0.0,0.0,0.0,0.0,0.0,0.0,36
89446c3b5abffff,22,7.0,2.090909090909091,0.4090909090909091,0.13636363636363635,8.431818181818182,0.0,0.045454545454545456,0.2727272727272727,0.0,0.0,0.0,0.0,0.0,0.0,0.0,0.0,3
89446c3b5bbffff,1,0.0,2.0,0.0,1.0,3.0,0.0,0.0,0.0,0.0,0.0,0.0,0.0,0.0,0.0,0.0,0.0,29
89446c3b66bffff,1,0.0,2.0,0.0,0.0,10.0,0.0,0.0,0.0,0.0,0.0,0.0,0.0,0.0,0.0,0.0,0.0,0
89446c3b677ffff,3,0.0,3.3333333333333335,0.6666666666666666,0.0,10.0,0.0,0.0,0.0,0.0,0.0,0.0,0.0,0.0,0.0,0.0,0.0,0
89446c3b6afffff,1,1.0,2.0,0.0,0.0,10.0,0.0,0.0,0.0,0.0,0.0,0.0,0.0,0.0,0.0,0.0,0.0,0
89446ca0067ffff,2,2.0,2.0,0.5,0.0,10.0,0.0,0.0,0.0,1.0,0.0,0.0,0.0,0.0,0.0,0.0,0.0,21
89446ca0127ffff,15,8.0,2.0,0.4,0.06666666666666667,8.933333333333334,0.0,0.0,0.8666666666666667,0.0,0.0,0.0,0.0,0.0,0.0,0.0,0.0,16
89446ca014fffff,3,3.0,2.0,0.0,0.0,10.0,0.0,0.0,0.0,0.0,0.0,0.0,0.0,0.0,0.0,0.0,0.0,32
89446ca0163ffff,13,6.0,2.0,0.07692307692307693,0.07692307692307693,9.538461538461538,0.0,0.0,0.07692307692307693,0.0,0.0,0.0,0.0,0.0,0.0,0.0,0.0,18
89446ca016bffff,2,2.0,2.0,0.5,0.0,10.0,0.0,0.0,0.0,0.0,0.0,0.0,0.0,0.0,0.0,0.0,0.0,51
89446ca016fffff,11,1.0,2.0,0.0,0.0,9.454545454545455,0.0,0.0,0.0,0.0,0.0,0.0,0.0,0.0,0.0,0.0,0.0,27
89446ca017bffff,5,4.0,2.0,0.2,0.0,9.0,0.0,0.0,0.0,0.0,0.0,0.0,0.0,0.0,0.0,0.0,0.0,28
89446ca0203ffff,2,0.0,2.0,0.0,0.0,10.0,0.0,0.0,0.0,0.0,0.0,0.0,0.0,0.0,0.0,0.0,0.0,162
89446ca0207ffff,1,1.0,2.0,1.0,0.0,10.0,0.0,0.0,0.0,0.0,0.0,0.0,0.0,0.0,0.0,0.0,0.0,13
89446ca020bffff,145,39.0,2.0413793103448277,0.2206896551724138,0.05517241379310345,9.398275862068965,0.04827586206896552,0.0,0.06896551724137931,0.0,0.0,0.0,0.0,0.0,0.0,0.0,0.0,66
89446ca020fffff,6,1.0,2.1666666666666665,0.0,0.0,9.666666666666666,0.0,0.0,0.0,0.0,0.0,0.0,0.0,0.0,0.0,0.0,0.0,154
89446ca0213ffff,2,2.0,2.0,0.0,0.0,9.5,0.0,0.0,0.0,0.0,0.0,0.0,0.0,0.0,0.0,0.0,0.0,10
89446ca021bffff,8,1.0,2.0,0.125,0.0,8.9375,0.0,0.0,0.125,0.0,0.0,0.0,0.0,0.0,0.0,0.0,0.0,170
89446ca0223ffff,103,63.0,2.0485436893203883,0.20388349514563106,0.05825242718446602,9.16747572815534,0.7766990291262136,0.04854368932038835,0.05825242718446602,0.0,0.038834951456310676,0.0,0.0,0.0,0.0,0.0,0.0,140
89446ca0227ffff,131,20.0,2.053435114503817,0.22900763358778625,0.09923664122137404,9.242748091603053,0.07633587786259542,0.19083969465648856,0.29770992366412213,0.0,0.16030534351145037,0.0,0.0,0.0,0.0,0.0,0.0,134
89446ca022bffff,1,1.0,2.0,0.0,0.0,10.0,0.0,0.0,0.0,0.0,0.0,0.0,0.0,0.0,0.0,0.0,0.0,122
89446ca022fffff,4,2.0,2.0,0.25,0.0,10.0,0.0,1.0,1.0,0.0,1.0,0.0,0.0,0.0,0.0,0.0,0.0,248
89446ca0233ffff,1,1.0,2.0,1.0,0.0,10.0,0.0,0.0,0.0,0.0,0.0,0.0,0.0,0.0,0.0,0.0,0.0,109
89446ca0237ffff,1,1.0,2.0,0.0,0.0,10.0,0.0,0.0,0.0,0.0,0.0,0.0,0.0,0.0,0.0,0.0,0.0,256
89446ca023bffff,2,1.0,2.0,0.0,0.0,10.0,0.0,0.0,0.0,0.0,0.0,0.0,0.0,0.0,0.0,0.0,0.0,112
89446ca0243ffff,1,1.0,2.0,0.0,0.0,10.0,0.0,0.0,0.0,0.0,0.0,0.0,0.0,0.0,0.0,0.0,0.0,57
89446ca0247ffff,25,7.0,2.0,0.16,0.08,9.208333333333334,0.0,0.0,0.84,0.0,0.0,0.0,0.0,0.0,0.0,0.0,0.0,178
89446ca024bffff,2,1.0,2.0,0.0,0.0,10.0,0.0,0.0,0.0,0.0,0.0,0.0,0.0,0.0,0.0,0.0,0.0,21
89446ca024fffff,5,1.0,2.0,0.0,0.0,10.0,0.0,0.0,0.0,0.0,0.0,0.0,0.0,0.0,0.0,0.0,0.0,42
89446ca0253ffff,4,3.0,2.25,0.0,0.0,8.75,0.0,0.0,0.0,0.0,0.0,0.0,0.0,0.0,0.0,0.0,0.0,32
89446ca0257ffff,21,14.0,2.0,0.2857142857142857,0.047619047619047616,7.392857142857143,0.0,0.0,0.047619047619047616,0.0,0.0,0.0,0.0,0.0,0.0,0.0,0.0,183
89446ca0263ffff,2,1.0,2.0,0.5,0.0,10.0,0.0,0.0,0.0,0.0,0.0,0.0,0.0,0.0,0.0,0.0,0.0,11
89446ca026fffff,5,1.0,2.0,0.4,0.2,7.2,0.0,0.0,0.0,0.0,0.0,0.0,0.0,0.0,0.0,0.0,0.0,48
89446ca0273ffff,4,2.0,2.0,0.25,0.0,10.0,0.0,0.0,0.0,0.0,0.0,0.0,0.0,0.0,0.0,0.0,0.0,180
89446ca027bffff,2,1.0,2.0,0.0,0.0,10.0,0.0,0.0,0.0,0.0,0.0,0.0,0.0,0.0,0.0,0.0,0.0,38
89446ca02abffff,2,0.0,2.0,0.0,0.0,10.0,0.0,0.0,0.0,0.0,0.0,0.0,0.0,0.0,0.0,0.0,0.0,3
89446ca02bbffff,1,0.0,2.0,0.0,0.0,10.0,0.0,0.0,0.0,0.0,0.0,0.0,0.0,0.0,0.0,0.0,0.0,2
89446ca0303ffff,4,0.0,2.0,0.25,0.0,9.5,0.0,0.0,0.0,0.0,0.0,0.0,0.0,0.0,0.0,0.0,0.0,55
89446ca0307ffff,7,2.0,2.0,0.2857142857142857,0.0,10.0,0.0,0.0,0.0,0.0,0.0,0.0,0.0,0.0,0.0,0.0,0.0,55
89446ca030bffff,11,2.0,2.272727272727273,0.36363636363636365,0.09090909090909091,9.909090909090908,0.0,0.0,0.0,0.0,0.0,0.0,0.0,0.0,0.0,0.0,0.0,256
89446ca030fffff,6,0.0,2.1666666666666665,0.16666666666666666,0.0,10.0,0.0,0.0,0.0,0.0,0.0,0.0,0.0,0.0,0.0,0.0,0.0,45
89446ca0313ffff,15,8.0,2.2666666666666666,0.4666666666666667,0.13333333333333333,8.8,0.13333333333333333,0.0,0.0,0.0,0.0,0.0,0.0,0.0,0.0,0.0,0.0,193
89446ca031bffff,16,3.0,2.25,0.25,0.0625,9.4375,0.0,0.0,0.0,0.0,0.0,0.0,0.0,0.0,0.0,0.0,0.0,70
89446ca0323ffff,34,12.0,2.0,0.3235294117647059,0.058823529411764705,9.088235294117647,0.0,0.0,0.0,0.0,0.0,0.0,0.0,0.0,0.0,0.0,0.0,50
89446ca032fffff,27,9.0,2.0,0.25925925925925924,0.18518518518518517,8.016666666666666,0.0,0.0,0.0,0.0,0.0,0.0,0.0,0.0,0.0,0.0,0.0,95
89446ca0333ffff,18,4.0,2.0,0.3333333333333333,0.0,9.61111111111111,0.0,0.6666666666666666,0.0,0.6666666666666666,0.0,0.0,0.0,0.0,0.0,0.0,0.0,75
89446ca0337ffff,3,1.0,2.0,0.0,0.0,8.333333333333334,0.0,0.0,0.0,0.0,0.0,0.0,0.0,0.0,0.0,0.0,0.0,70
89446ca033bffff,2,2.0,2.0,1.0,0.0,10.0,0.0,1.0,0.0,1.0,0.0,0.0,0.0,0.0,0.0,0.0,0.0,71
89446ca0343ffff,6,3.0,2.0,0.16666666666666666,0.0,10.0,0.16666666666666666,0.0,0.0,0.0,0.0,0.0,0.0,0.0,0.0,0.0,0.0,225
89446ca0347ffff,211,41.0,2.3838862559241707,0.2985781990521327,0.04265402843601896,9.04780487804878,0.004739336492890996,0.0,0.11848341232227488,0.0,0.0,0.0,0.0,0.0,0.0,0.0,0.0,41
89446ca0353ffff,10,7.0,2.0,0.3,0.0,9.3,0.0,0.0,0.0,0.0,0.0,0.0,0.0,0.0,0.0,0.0,0.0,160
89446ca0357ffff,4,0.0,2.5,0.5,0.25,9.25,0.0,0.0,0.0,0.0,0.0,0.0,0.0,0.0,0.0,0.0,0.0,257
89446ca0363ffff,48,18.0,2.0625,0.3541666666666667,0.0625,9.479166666666666,0.0,0.0,0.0,0.0,0.0,0.0,0.0,0.0,0.0,0.0,0.0,76
89446ca036bffff,14,2.0,2.0,0.14285714285714285,0.07142857142857142,9.071428571428571,0.0,0.0,0.0,0.0,0.0,0.0,0.0,0.0,0.0,0.0,0.0,133
89446ca036fffff,36,11.0,2.111111111111111,0.3611111111111111,0.027777777777777776,9.48611111111111,0.3611111111111111,0.0,0.0,0.0,0.0,0.0,0.0,0.0,0.0,0.0,0.0,149
89446ca0373ffff,15,6.0,2.0,0.06666666666666667,0.06666666666666667,9.733333333333333,0.4,0.0,0.0,0.0,0.0,0.0,0.0,0.0,0.0,0.0,0.0,287
89446ca0377ffff,6,1.0,2.0,0.0,0.16666666666666666,9.333333333333334,0.0,0.0,0.0,0.0,0.0,0.0,0.0,0.0,0.0,0.0,0.0,71
89446ca037bffff,5,2.0,2.2,0.4,0.0,9.2,0.0,0.0,0.0,0.0,0.0,0.0,0.0,0.0,0.0,0.0,0.0,302
89446ca0383ffff,55,28.0,2.3636363636363638,0.18181818181818182,0.07272727272727272,9.174545454545456,0.0,0.0,0.2909090909090909,0.0,0.0,0.0,0.0,0.0,0.0,0.0,0.0,173
89446ca0387ffff,12,5.0,2.0,0.25,0.0,10.0,0.0,0.0,0.0,0.0,0.0,0.0,0.0,0.0,0.0,0.0,0.0,211
89446ca038bffff,100,33.0,2.29,0.28,0.07,9.31,0.0,0.0,0.13,0.0,0.0,0.0,0.0,0.0,0.0,0.0,0.0,158
89446ca038fffff,40,38.0,2.0,0.3,0.0,9.925,0.0,0.0,0.0,0.0,0.0,0.0,0.0,0.0,0.0,0.0,0.0,281
89446ca0393ffff,6,2.0,2.8333333333333335,0.5,0.16666666666666666,9.0,0.6666666666666666,0.0,0.0,0.0,0.0,0.0,0.0,0.0,0.0,0.0,0.0,72
89446ca039bffff,15,3.0,2.0,0.06666666666666667,0.0,9.146666666666667,0.0,0.7333333333333333,0.7333333333333333,0.0,0.0,0.0,0.0,0.0,0.0,0.0,0.0,163
89446ca03a7ffff,8,4.0,2.0,0.375,0.0,9.75,0.0,0.0,0.0,0.0,0.0,0.0,0.0,0.0,0.0,0.0,0.0,28
89446ca03abffff,25,3.0,2.0,0.2,0.04,9.88,0.0,0.0,0.0,0.0,0.0,0.0,0.0,0.0,0.0,0.0,0.0,128
89446ca03afffff,4,0.0,2.0,0.25,0.0,10.0,0.0,0.0,0.0,0.0,0.0,0.0,0.0,0.0,0.0,0.0,0.0,62
89446ca03b3ffff,17,7.0,2.0,0.23529411764705882,0.058823529411764705,8.941176470588236,0.0,0.0,0.0,0.0,0.0,0.0,0.0,0.0,0.0,0.0,0.0,124
89446ca03b7ffff,10,6.0,2.0,0.0,0.0,9.7,0.0,0.0,0.0,0.0,0.0,0.0,0.0,0.0,0.0,0.0,0.0,35
89446ca03bbffff,99,41.0,2.01010101010101,0.16161616161616163,0.04040404040404041,9.648484848484848,0.0,0.0,0.0,0.0,0.0,0.0,0.0,0.0,0.0,0.0,0.0,94
89446ca03c3ffff,20,5.0,2.0,0.05,0.1,8.725,0.0,0.0,0.0,0.0,0.0,0.0,0.0,0.0,0.0,0.0,0.0,58
89446ca03c7ffff,33,15.0,2.0,0.12121212121212122,0.09090909090909091,9.06060606060606,0.0,0.030303030303030304,0.8181818181818182,0.0,0.0,0.0,0.0,0.0,0.0,0.0,0.0,154
89446ca03cbffff,16,10.0,2.0,0.5,0.1875,8.6875,0.0,0.0,0.0,0.0,0.0,0.0,0.0,0.0,0.0,0.0,0.0,170
89446ca03cfffff,3,1.0,2.0,0.3333333333333333,0.0,10.0,0.0,0.0,0.0,0.0,0.0,0.0,0.0,0.0,0.0,0.0,0.0,99
89446ca03d3ffff,1,1.0,2.0,1.0,0.0,10.0,0.0,0.0,0.0,0.0,0.0,0.0,0.0,0.0,0.0,0.0,0.0,25
89446ca03dbffff,5,2.0,2.0,0.2,0.0,10.0,0.0,0.0,0.0,0.0,0.0,0.0,0.0,0.0,0.0,0.0,0.0,38
89446ca0803ffff,76,15.0,2.0,0.21052631578947367,0.15789473684210525,8.901315789473685,0.0,0.0,0.8947368421052632,0.0,0.0,0.0,0.0,0.0,0.0,0.0,0.0,26
89446ca080bffff,4,2.0,2.0,0.5,0.0,10.0,0.0,0.0,0.0,0.0,0.0,0.0,0.0,0.0,0.0,0.0,0.0,109
89446ca080fffff,8,4.0,2.0,0.25,0.0,10.0,0.0,0.0,0.0,0.0,0.0,0.0,0.0,0.0,0.0,0.0,0.0,94
89446ca0813ffff,4,1.0,2.0,0.25,0.0,10.0,0.0,0.0,0.0,0.0,0.0,0.0,0.0,0.0,0.0,0.0,0.0,97
89446ca0817ffff,1,0.0,2.0,0.0,0.0,10.0,0.0,0.0,0.0,0.0,0.0,0.0,0.0,0.0,0.0,0.0,0.0,81
89446ca081bffff,9,7.0,2.0,0.0,0.0,10.0,0.0,0.0,0.0,0.0,0.0,0.0,0.0,0.0,0.0,0.0,0.0,109
89446ca0823ffff,2,1.0,2.0,0.5,0.0,10.0,0.0,0.0,0.0,0.0,0.0,0.0,0.0,0.0,0.0,0.0,0.0,27
89446ca0827ffff,10,6.0,2.1,0.3,0.0,8.8,0.0,0.0,0.0,0.0,0.0,0.0,0.0,0.0,0.0,0.0,0.0,105
89446ca082bffff,4,1.0,2.0,0.25,0.25,7.75,0.0,0.0,0.0,0.0,0.0,0.0,0.0,0.0,0.0,0.0,0.0,25
89446ca082fffff,2,1.0,2.0,0.0,0.0,10.0,0.0,0.0,0.0,0.0,0.0,0.0,0.0,0.0,0.0,0.0,0.0,123
89446ca0833ffff,2,2.0,2.0,0.5,0.0,9.5,0.0,0.0,0.0,0.0,0.0,0.0,0.0,0.0,0.0,0.0,0.0,14
89446ca0837ffff,8,1.0,2.0,0.125,0.0,8.975,0.0,0.0,0.0,0.0,0.0,0.0,0.0,0.0,0.0,0.0,0.0,19
89446ca083bffff,1,0.0,2.0,0.0,0.0,10.0,0.0,0.0,0.0,0.0,0.0,0.0,0.0,0.0,0.0,0.0,0.0,28
89446ca0843ffff,74,26.0,2.0,0.16216216216216217,0.05405405405405406,9.48918918918919,0.0,0.0,0.7972972972972973,0.0,0.0,0.0,0.0,0.0,0.0,0.0,0.0,51
89446ca084bffff,10,3.0,2.0,0.1,0.0,9.9,0.0,0.0,0.0,0.0,0.0,0.0,0.0,0.0,0.0,0.0,0.0,206
89446ca084fffff,7,4.0,2.0,0.2857142857142857,0.42857142857142855,8.0,0.0,0.0,0.0,0.2857142857142857,0.0,0.0,0.0,0.0,0.0,0.0,0.0,104
89446ca0853ffff,13,6.0,2.0,0.07692307692307693,0.0,9.923076923076923,0.0,0.0,0.0,0.0,0.0,0.0,0.0,0.0,0.0,0.0,0.0,113
89446ca0857ffff,15,2.0,2.0,0.13333333333333333,0.0,9.866666666666667,0.0,0.0,0.0,0.0,0.0,0.0,0.0,0.0,0.0,0.0,0.0,108
89446ca085bffff,6,5.0,2.0,0.8333333333333334,0.0,10.0,0.0,0.0,0.0,0.0,0.0,0.0,0.0,0.0,0.0,0.0,0.0,180
89446ca0867ffff,4,3.0,2.0,0.5,0.25,8.75,0.0,0.0,0.0,0.0,0.0,0.0,0.0,0.0,0.0,0.0,0.0,118
89446ca086bffff,9,2.0,2.111111111111111,0.1111111111111111,0.1111111111111111,9.777777777777779,0.0,0.0,0.0,0.8888888888888888,0.0,0.0,0.0,0.0,0.0,0.0,0.0,39
89446ca086fffff,2,1.0,2.0,0.5,0.0,9.5,0.0,0.0,0.0,0.0,0.0,0.0,0.0,0.0,0.0,0.0,0.0,126
89446ca0873ffff,1,1.0,2.0,1.0,0.0,10.0,0.0,0.0,0.0,0.0,0.0,0.0,0.0,0.0,0.0,0.0,0.0,25
89446ca0877ffff,12,4.0,2.0,0.08333333333333333,0.0,9.666666666666666,0.0,0.0,0.0,0.0,0.0,0.0,0.0,0.0,0.0,0.0,0.0,18
89446ca087bffff,1,1.0,2.0,1.0,0.0,10.0,0.0,0.0,0.0,0.0,0.0,0.0,0.0,0.0,0.0,0.0,0.0,34
89446ca088bffff,9,4.0,2.0,0.4444444444444444,0.0,9.11111111111111,0.0,0.0,0.0,0.0,0.0,0.0,0.0,0.0,0.0,0.0,0.0,41
89446ca0893ffff,1,1.0,2.0,1.0,0.0,0.75,0.0,0.0,0.0,0.0,0.0,0.0,0.0,0.0,0.0,0.0,0.0,23
89446ca0897ffff,2,2.0,2.0,0.5,0.5,7.5,0.0,0.0,1.0,0.0,0.0,0.0,0.0,0.0,0.0,0.0,0.0,14
89446ca089bffff,6,1.0,2.0,0.6666666666666666,0.0,8.5,0.0,0.0,0.0,0.0,0.0,0.0,0.0,0.0,0.0,0.0,0.0,52
89446ca08a3ffff,4,2.0,2.0,0.0,0.25,7.125,0.0,0.0,1.0,0.0,0.0,0.0,0.0,0.0,0.0,0.0,0.0,3
89446ca08abffff,1,0.0,2.0,0.0,1.0,10.0,0.0,0.0,0.0,0.0,0.0,0.0,0.0,0.0,0.0,0.0,0.0,9
89446ca08afffff,2,2.0,2.0,0.0,0.0,10.0,0.0,0.5,0.0,0.0,0.0,0.0,0.0,0.0,0.0,0.0,0.0,15
89446ca08c3ffff,7,2.0,2.142857142857143,0.14285714285714285,0.0,9.285714285714286,0.0,0.0,0.0,0.0,0.0,0.0,0.0,0.0,0.0,0.0,0.0,117
89446ca08c7ffff,2,1.0,2.0,0.0,0.0,8.0,0.0,0.0,0.0,0.0,0.0,0.0,0.0,0.0,0.0,0.0,0.0,66
89446ca08cbffff,9,2.0,2.0,0.4444444444444444,0.0,10.0,0.0,0.0,0.0,0.0,0.0,0.0,0.0,0.0,0.0,0.0,0.0,36
89446ca08cfffff,8,1.0,2.0,0.125,0.125,9.875,0.0,0.0,0.0,0.0,0.0,0.0,0.0,0.0,0.0,0.0,0.0,55
89446ca08d3ffff,62,21.0,2.0,0.1935483870967742,0.14516129032258066,8.883064516129032,0.0,0.0,0.9838709677419355,0.0,0.0,0.0,0.0,0.0,0.0,0.0,0.0,90
89446ca08d7ffff,29,10.0,2.0,0.3103448275862069,0.2413793103448276,9.321428571428571,0.0,0.0,0.0,0.0,0.0,0.0,0.0,0.0,0.0,0.0,0.0,99
89446ca08dbffff,7,2.0,2.0,0.42857142857142855,0.0,10.0,0.0,0.0,0.0,0.0,0.0,0.0,0.0,0.0,0.0,0.0,0.0,168
89446ca0923ffff,1,0.0,2.0,1.0,1.0,6.0,0.0,1.0,0.0,0.0,0.0,0.0,0.0,0.0,0.0,0.0,0.0,2
89446ca092bffff,1,0.0,2.0,0.0,0.0,10.0,0.0,0.0,0.0,0.0,0.0,0.0,0.0,0.0,0.0,0.0,0.0,60
89446ca0937ffff,1,0.0,2.0,0.0,0.0,10.0,0.0,0.0,0.0,0.0,0.0,0.0,0.0,0.0,0.0,0.0,0.0,5
89446ca0943ffff,3,1.0,2.0,0.0,0.0,8.666666666666666,0.0,0.0,0.0,0.0,0.0,0.0,0.0,0.0,0.0,0.0,0.0,102
89446ca094bffff,2,2.0,2.0,0.0,0.0,7.0,0.0,0.0,0.0,0.0,0.0,0.0,0.0,0.0,0.0,0.0,0.0,115
89446ca094fffff,6,2.0,2.0,0.0,0.16666666666666666,7.283333333333334,0.0,0.0,0.0,0.0,0.0,0.0,0.0,0.0,0.0,0.0,0.0,24
89446ca0953ffff,2,1.0,2.0,0.5,0.0,5.5,0.0,0.0,0.0,0.0,0.0,0.0,0.0,0.0,0.0,0.0,0.0,110
89446ca0957ffff,4,3.0,2.0,0.5,0.0,10.0,0.0,0.0,0.0,0.0,0.0,0.0,0.0,0.0,0.0,0.0,0.0,7
89446ca095bffff,88,17.0,2.0,0.19318181818181818,0.03409090909090909,9.326704545454545,0.0,0.0,0.8409090909090909,0.0,0.0,0.0,0.0,0.0,0.0,0.0,0.011363636363636364,34
89446ca0963ffff,4,1.0,2.25,0.25,0.0,9.5,0.25,0.0,0.0,0.0,0.0,0.0,0.0,0.0,0.0,0.0,0.0,63
89446ca0967ffff,55,15.0,2.036363636363636,0.2909090909090909,0.05454545454545454,9.163636363636364,0.0,0.0,0.6181818181818182,0.01818181818181818,0.0,0.0,0.0,0.0,0.0,0.0,0.0,11
89446ca096bffff,3,2.0,2.0,0.3333333333333333,0.0,9.333333333333334,0.0,0.0,0.0,0.0,0.0,0.0,0.0,0.0,0.0,0.0,0.0,82
89446ca0977ffff,4,1.0,2.25,0.25,0.0,10.0,0.0,0.0,0.0,0.0,0.0,0.0,0.0,0.0,0.0,0.0,0.0,60
89446ca097bffff,1,1.0,2.0,0.0,1.0,10.0,0.0,0.0,0.0,0.0,0.0,0.0,0.0,0.0,0.0,0.0,0.0,30
89446ca09c3ffff,1,0.0,2.0,1.0,0.0,10.0,0.0,0.0,0.0,0.0,0.0,0.0,0.0,0.0,0.0,0.0,0.0,5
89446ca09cbffff,3,2.0,2.0,0.3333333333333333,0.0,10.0,0.0,0.0,0.0,0.0,0.0,0.0,0.0,0.0,0.0,0.0,0.0,23
89446ca09cfffff,2,0.0,2.0,0.0,0.0,10.0,0.0,0.0,0.0,0.0,0.0,0.0,0.0,0.0,0.0,0.0,0.0,10
89446ca0a03ffff,1,1.0,2.0,1.0,0.0,10.0,0.0,0.0,0.0,0.0,0.0,0.0,0.0,1.0,1.0,0.0,0.0,12
89446ca0a07ffff,2,2.0,2.0,0.5,0.0,10.0,0.0,0.0,0.0,0.0,0.0,0.0,0.0,0.0,0.0,0.0,0.0,99
89446ca0a0bffff,2,1.0,2.0,0.5,0.5,10.0,0.0,0.0,0.0,0.0,0.0,0.0,0.0,0.0,0.0,0.0,0.0,24
89446ca0a0fffff,4,3.0,2.0,0.25,0.0,9.25,0.0,0.0,0.0,0.0,0.0,0.0,0.0,0.0,0.0,0.0,0.0,73
89446ca0a13ffff,3,3.0,2.0,1.0,0.0,6.75,0.0,0.0,0.0,0.0,0.0,0.0,0.0,0.0,0.0,0.0,0.0,9
89446ca0a17ffff,1,1.0,2.0,0.0,1.0,1.0,0.0,0.0,0.0,0.0,0.0,0.0,0.0,0.0,0.0,0.0,0.0,41
89446ca0a23ffff,164,95.0,2.0,0.2073170731707317,0.07317073170731707,9.663109756097562,0.0,0.75,0.5365853658536586,0.0,0.0,0.0,0.0,0.0,0.0,0.0,0.0,126
89446ca0a27ffff,16,9.0,2.0,0.1875,0.0625,10.0,0.0,0.0,0.0,0.0,0.0,0.0,0.0,0.0,0.0,0.0,0.0,222
89446ca0a2bffff,1,0.0,2.0,1.0,0.0,10.0,0.0,0.0,0.0,0.0,0.0,0.0,0.0,0.0,0.0,0.0,0.0,238
89446ca0a33ffff,27,27.0,2.0,0.2222222222222222,0.037037037037037035,9.518518518518519,0.0,0.25925925925925924,0.0,0.0,0.0,0.0,0.0,0.0,0.0,0.0,0.0,273
89446ca0a37ffff,41,33.0,2.0,0.12195121951219512,0.04878048780487805,9.75609756097561,0.0,0.2682926829268293,0.0,0.0,0.0,0.0,0.0,0.0,0.0,0.0,0.14634146341463414,221
89446ca0a3bffff,41,18.0,2.0,0.12195121951219512,0.21951219512195122,8.914634146341463,0.0,0.7073170731707317,0.7073170731707317,0.0,0.0,0.0,0.0,0.0,0.0,0.0,0.0,225
89446ca0a43ffff,8,4.0,2.0,0.125,0.0,10.0,0.0,0.125,0.0,0.0,0.0,0.0,0.0,0.0,0.0,0.0,0.0,76
89446ca0a47ffff,5,0.0,2.0,0.6,0.0,10.0,0.0,0.0,0.0,0.0,0.0,0.0,0.0,0.0,0.0,0.0,0.2,158
89446ca0a4bffff,2,2.0,2.0,0.5,0.0,10.0,0.0,0.0,0.0,0.0,0.0,0.0,0.0,0.0,0.0,0.0,0.0,58
89446ca0a4fffff,44,38.0,2.0,0.022727272727272728,0.09090909090909091,9.954545454545455,0.0,0.18181818181818182,0.0,0.0,0.0,0.0,0.0,0.0,0.0,0.0,0.0,317
89446ca0a53ffff,11,4.0,2.0,0.2727272727272727,0.09090909090909091,8.840909090909092,0.0,0.0,0.0,0.0,0.0,0.0,0.0,0.0,0.0,0.0,0.0,55
89446ca0a57ffff,14,3.0,2.0,0.21428571428571427,0.07142857142857142,9.571428571428571,0.0,0.0,0.0,0.0,0.0,0.0,0.0,0.0,0.0,0.0,0.7857142857142857,44
89446ca0a63ffff,115,31.0,2.0,0.14782608695652175,0.06956521739130435,9.691304347826087,0.0,0.9391304347826087,0.9304347826086956,0.0,0.0,0.0,0.0,0.0,0.0,0.0,0.0,137
89446ca0a67ffff,2,1.0,2.0,0.0,0.0,10.0,0.0,0.0,0.0,0.0,0.0,0.0,0.0,0.0,0.0,0.0,0.0,164
89446ca0a6bffff,7,6.0,2.0,0.7142857142857143,0.14285714285714285,9.428571428571429,0.0,0.0,0.0,0.0,0.0,0.0,0.0,0.0,0.0,0.0,0.0,446
89446ca0a6fffff,11,7.0,2.0,0.36363636363636365,0.09090909090909091,8.85,0.0,0.0,0.0,0.0,0.0,0.0,0.0,0.0,0.0,0.0,0.0,154
89446ca0a77ffff,27,12.0,2.0,0.2962962962962963,0.07407407407407407,9.88888888888889,0.0,1.0,0.0,0.0,0.0,0.0,0.0,0.0,0.0,0.0,0.0,163
89446ca0a7bffff,90,90.0,2.0,0.022222222222222223,0.15555555555555556,9.944444444444445,0.0,0.4666666666666667,0.022222222222222223,0.0,0.0,0.0,0.0,0.0,0.0,0.0,0.0,379
89446ca0a83ffff,18,7.0,2.0,0.2222222222222222,0.0,10.0,0.0,0.0,0.05555555555555555,0.0,0.0,0.0,0.0,0.0,0.0,0.0,0.2222222222222222,151
89446ca0a87ffff,35,28.0,2.0,0.2857142857142857,0.0,9.635714285714286,0.0,0.0,0.2571428571428571,0.2571428571428571,0.0,0.0,0.0,0.0,0.0,0.0,0.0,122
89446ca0a8bffff,1,0.0,2.0,0.0,0.0,10.0,0.0,0.0,0.0,0.0,0.0,0.0,0.0,0.0,0.0,0.0,0.0,56
89446ca0a8fffff,2,0.0,2.0,0.5,0.0,7.5,0.0,0.0,0.0,0.0,0.0,0.0,0.0,0.0,0.0,0.0,0.0,66
89446ca0a93ffff,24,16.0,2.0,0.08333333333333333,0.041666666666666664,8.880434782608695,0.0,0.0,0.0,0.0,0.0,0.0,0.0,0.0,0.0,0.0,0.0,115
89446ca0a97ffff,82,27.0,2.0,0.18292682926829268,0.08536585365853659,9.257317073170732,0.0,0.0,0.8902439024390244,0.0,0.0,0.0,0.0,0.0,0.0,0.0,0.0,93
89446ca0a9bffff,7,0.0,2.0,0.14285714285714285,0.0,10.0,0.0,0.0,0.0,0.0,0.0,0.0,0.0,0.0,0.0,0.0,0.0,69
89446ca0aa3ffff,1,1.0,2.0,0.0,0.0,10.0,0.0,0.0,0.0,0.0,0.0,0.0,0.0,0.0,0.0,0.0,0.0,57
89446ca0aa7ffff,5,1.0,2.0,0.4,0.0,9.8,0.0,0.0,0.4,0.0,0.0,0.0,0.0,0.0,0.0,0.0,0.0,52
89446ca0aabffff,25,9.0,2.0,0.24,0.04,9.36,0.0,0.88,0.0,0.0,0.0,0.0,0.0,0.0,0.0,0.0,0.0,39
89446ca0ab3ffff,2,1.0,2.0,0.5,0.0,10.0,0.0,0.0,0.0,0.0,0.0,0.0,0.0,0.0,0.0,0.0,0.0,78
89446ca0ab7ffff,17,4.0,2.0,0.35294117647058826,0.058823529411764705,9.0,0.0,0.0,0.0,0.5294117647058824,0.0,0.0,0.0,0.0,0.0,0.0,0.0,25
89446ca0abbffff,8,1.0,2.0,0.25,0.0,10.0,0.0,0.0,0.0,0.0,0.0,0.0,0.0,0.0,0.0,0.0,0.0,66
89446ca0ac3ffff,7,2.0,2.0,0.42857142857142855,0.0,9.428571428571429,0.0,0.0,0.0,0.0,0.0,0.0,0.0,0.0,0.0,0.0,0.0,147
89446ca0ac7ffff,4,1.0,2.0,0.5,0.25,10.0,0.0,0.0,0.0,0.0,0.0,0.0,0.0,0.0,0.0,0.0,0.0,51
89446ca0acbffff,14,9.0,2.0,0.2857142857142857,0.0,10.0,0.0,0.0,0.0,0.0,0.0,0.0,0.0,0.0,0.0,0.0,0.0,300
89446ca0acfffff,18,7.0,2.0,0.3333333333333333,0.1111111111111111,8.833333333333334,0.0,0.0,0.0,0.0,0.0,0.0,0.0,0.0,0.0,0.0,0.0,50
89446ca0ad3ffff,17,9.0,2.0,0.4117647058823529,0.11764705882352941,9.529411764705882,0.0,0.0,0.0,0.0,0.0,0.0,0.0,0.0,0.0,0.0,0.0,111
89446ca0ad7ffff,22,6.0,2.0,0.4090909090909091,0.09090909090909091,9.627272727272727,0.0,0.0,0.0,0.0,0.0,0.0,0.0,0.0,0.0,0.0,0.0,39
89446ca0adbffff,72,12.0,2.0277777777777777,0.19444444444444445,0.05555555555555555,9.402777777777779,0.0,0.0,0.9444444444444444,0.0,0.0,0.0,0.0,0.0,0.0,0.0,0.0,256
89446ca0b03ffff,1,0.0,2.0,0.0,0.0,10.0,0.0,0.0,0.0,0.0,0.0,0.0,0.0,0.0,0.0,0.0,0.0,154
89446ca0b07ffff,91,37.0,2.010989010989011,0.17582417582417584,0.054945054945054944,9.417582417582418,0.0,0.0,0.6483516483516484,0.0,0.0,0.0,0.0,0.0,0.0,0.0,0.0,70
89446ca0b0bffff,14,13.0,2.0,0.2857142857142857,0.0,9.071428571428571,0.0,0.0,0.0,0.0,0.0,0.0,0.0,0.0,0.0,0.0,0.0,71
89446ca0b0fffff,20,15.0,2.05,0.15,0.0,9.85,0.1,0.0,0.0,0.0,0.0,0.0,0.0,0.0,0.0,0.0,0.0,115
89446ca0b17ffff,29,5.0,2.0,0.20689655172413793,0.0,9.144827586206896,0.0,0.0,0.9655172413793104,0.0,0.0,0.0,0.0,0.0,0.0,0.0,0.0,108
89446ca0b23ffff,1,0.0,2.0,0.0,1.0,1.8,0.0,0.0,0.0,0.0,0.0,0.0,0.0,0.0,0.0,0.0,0.0,63
89446ca0b2bffff,17,4.0,2.0,0.35294117647058826,0.0,9.235294117647058,0.0,0.0,0.0,0.0,0.0,0.0,0.0,0.0,0.0,0.0,0.0,45
89446ca0b2fffff,31,10.0,2.0,0.1935483870967742,0.03225806451612903,9.241935483870968,0.0,0.0,0.8387096774193549,0.0,0.0,0.0,0.0,0.0,0.0,0.0,0.0,42
89446ca0b33ffff,3,2.0,2.0,0.6666666666666666,0.0,10.0,0.0,0.0,0.0,0.0,0.0,0.0,0.0,0.0,0.0,0.0,0.0,123
89446ca0b37ffff,4,3.0,2.0,0.0,0.0,10.0,0.0,0.0,0.0,0.0,0.0,0.0,0.0,0.0,0.0,0.0,0.0,35
89446ca0b3bffff,8,2.0,2.0,0.125,0.0,10.0,0.0,0.0,0.0,0.0,0.0,0.0,0.0,0.0,0.0,0.0,0.0,133
89446ca0b43ffff,3,2.0,2.0,0.3333333333333333,0.0,10.0,0.0,0.0,0.0,0.0,0.0,0.0,0.0,0.0,0.0,0.0,0.0,153
89446ca0b47ffff,40,7.0,2.025,0.3,0.075,9.775,0.0,0.0,0.5,0.0,0.0,0.0,0.0,0.0,0.0,0.0,0.0,93
89446ca0b4bffff,23,8.0,2.0,0.391304347826087,0.08695652173913043,8.91304347826087,0.0,0.0,0.7391304347826086,0.17391304347826086,0.0,0.0,0.0,0.0,0.0,0.0,0.0,95
89446ca0b4fffff,66,19.0,2.015151515151515,0.24242424242424243,0.22727272727272727,8.811363636363636,0.0,0.0,0.7727272727272727,0.0,0.0,0.0,0.0,0.0,0.0,0.0,0.0,68
89446ca0b57ffff,10,1.0,2.0,0.0,0.0,9.9,0.0,0.0,0.8,0.0,0.0,0.0,0.0,0.0,0.0,0.0,0.0,58
89446ca0b5bffff,14,5.0,2.0,0.2857142857142857,0.14285714285714285,8.428571428571429,0.0,0.0,0.6428571428571429,0.0,0.0,0.0,0.0,0.0,0.0,0.0,0.0,43
89446ca0b67ffff,1,1.0,2.0,0.0,0.0,10.0,0.0,0.0,0.0,0.0,0.0,0.0,0.0,0.0,0.0,0.0,0.0,28
89446ca0b6bffff,1,1.0,2.0,1.0,0.0,10.0,0.0,0.0,0.0,0.0,0.0,0.0,0.0,0.0,0.0,0.0,0.0,37
89446ca0b6fffff,1,0.0,2.0,1.0,0.0,10.0,0.0,0.0,0.0,0.0,0.0,0.0,0.0,0.0,0.0,0.0,0.0,44
89446ca0b77ffff,1,0.0,2.0,0.0,0.0,10.0,0.0,0.0,0.0,0.0,0.0,0.0,0.0,0.0,0.0,0.0,0.0,46
89446ca0b83ffff,14,3.0,2.0,0.14285714285714285,0.21428571428571427,8.714285714285714,0.0,0.0,0.0,0.0,0.0,0.0,0.0,0.0,0.0,0.0,0.0,128
89446ca0b87ffff,2,0.0,2.0,0.0,0.0,10.0,0.0,0.0,0.0,0.0,0.0,0.0,0.0,0.0,0.0,0.0,0.0,39
89446ca0b8bffff,8,1.0,2.0,0.0,0.125,10.0,0.0,0.0,0.875,0.0,0.0,0.0,0.0,0.0,0.0,0.0,0.0,116
89446ca0b8fffff,3,0.0,2.0,0.0,0.0,10.0,0.0,0.0,0.0,0.0,0.0,0.0,0.0,0.0,0.0,0.0,0.0,57
89446ca0b93ffff,4,3.0,2.25,0.5,0.0,9.0,0.0,0.0,0.0,0.0,0.0,0.0,0.0,0.0,0.0,0.0,0.5,135
89446ca0b97ffff,15,4.0,2.0,0.26666666666666666,0.06666666666666667,9.8,0.0,0.0,0.0,0.0,0.0,0.0,0.0,0.0,0.0,0.0,0.0,112
89446ca0b9bffff,96,17.0,2.0104166666666665,0.16666666666666666,0.041666666666666664,9.30625,0.0,0.0,0.8541666666666666,0.0,0.0,0.0,0.0,0.0,0.0,0.0,0.0,35
89446ca0ba3ffff,12,4.0,2.0,0.08333333333333333,0.25,9.416666666666666,0.0,0.0,0.0,0.0,0.0,0.0,0.0,0.0,0.0,0.0,0.0,101
89446ca0ba7ffff,60,13.0,2.033333333333333,0.35,0.13333333333333333,9.533333333333333,0.0,0.0,0.2833333333333333,0.0,0.0,0.0,0.0,0.0,0.0,0.0,0.0,60
89446ca0babffff,9,4.0,2.0,0.1111111111111111,0.0,9.555555555555555,0.0,0.0,0.0,0.0,0.0,0.0,0.0,0.0,0.0,0.0,0.0,149
89446ca0bafffff,10,2.0,2.0,0.2,0.1,9.6,0.0,0.0,0.0,0.0,0.0,0.0,0.0,0.0,0.0,0.0,0.0,106
89446ca0bb3ffff,1,1.0,2.0,0.0,0.0,10.0,0.0,0.0,0.0,0.0,0.0,0.0,0.0,0.0,0.0,0.0,0.0,43
89446ca0bb7ffff,17,1.0,2.0,0.17647058823529413,0.058823529411764705,8.764705882352942,0.0,0.0,0.0,0.0,0.0,0.0,0.0,0.0,0.0,0.0,0.0,83
89446ca0bbbffff,4,1.0,2.0,0.25,0.0,10.0,0.0,0.0,0.0,0.0,0.0,0.0,0.0,0.0,0.0,0.0,0.0,56
89446ca0bc3ffff,82,20.0,2.0,0.21951219512195122,0.10975609756097561,9.018292682926829,0.0,0.0,0.9024390243902439,0.0,0.0,0.0,0.0,0.0,0.0,0.0,0.0,32
89446ca0bcbffff,3,0.0,2.0,0.3333333333333333,0.0,10.0,0.0,0.0,0.0,0.0,0.0,0.0,0.0,0.0,0.0,0.0,1.0,151
89446ca0bcfffff,1,1.0,2.0,0.0,0.0,5.0,0.0,0.0,0.0,0.0,0.0,0.0,0.0,0.0,0.0,0.0,0.0,95
89446ca0bd3ffff,14,4.0,2.0,0.14285714285714285,0.21428571428571427,8.928571428571429,0.0,0.0,0.0,0.0,0.0,0.0,0.0,0.0,0.0,0.0,0.0,112
89446ca0bd7ffff,3,3.0,2.0,0.3333333333333333,0.0,10.0,0.0,0.0,0.0,0.0,0.0,0.0,0.0,0.0,0.0,0.0,0.0,202
89446ca0bdbffff,11,4.0,2.0,0.18181818181818182,0.18181818181818182,9.909090909090908,0.0,0.0,0.0,0.0,0.0,0.0,0.0,0.0,0.0,0.0,0.0,145
89446ca0c03ffff,2,1.0,2.0,0.0,0.5,10.0,0.0,0.0,0.0,0.0,0.0,0.0,0.0,0.0,0.0,0.0,0.0,27
89446ca0c07ffff,1,1.0,2.0,0.0,0.0,10.0,0.0,0.0,0.0,0.0,0.0,0.0,0.0,0.0,0.0,0.0,0.0,4
89446ca0c0bffff,2,1.0,2.0,0.0,0.0,10.0,0.0,0.0,0.0,0.0,0.0,0.0,0.0,0.0,0.0,0.0,0.0,35
89446ca0c0fffff,2,1.0,2.0,0.0,1.0,6.25,0.0,0.0,0.0,0.0,0.0,0.0,0.0,0.0,0.0,0.0,0.0,18
89446ca0c13ffff,20,9.0,2.0,0.15,0.0,8.725,0.0,0.0,0.0,0.0,0.0,0.0,0.0,0.0,0.0,0.0,0.0,22
89446ca0c1bffff,2,2.0,2.0,0.0,0.0,10.0,0.0,0.0,0.0,0.0,0.0,0.0,0.0,0.0,0.0,0.0,0.0,32
89446ca0c2bffff,2,2.0,2.0,0.5,0.0,10.0,0.0,0.0,0.0,0.0,0.0,0.0,0.0,0.0,0.0,0.0,0.0,15
89446ca0c2fffff,13,3.0,2.0,0.3076923076923077,0.0,10.0,0.0,0.0,1.0,0.0,0.0,0.0,0.0,0.0,0.0,0.0,0.0,5
89446ca0c43ffff,21,5.0,2.0,0.09523809523809523,0.047619047619047616,9.714285714285714,0.0,0.0,0.5714285714285714,0.0,0.0,0.0,0.0,0.0,0.0,0.0,0.0,32
89446ca0c47ffff,17,8.0,2.0,0.17647058823529413,0.11764705882352941,9.705882352941176,0.0,0.0,0.0,0.0,0.0,0.0,0.0,0.0,0.0,0.0,0.0,40
89446ca0c4bffff,2,0.0,2.0,0.0,0.5,9.0,0.0,0.0,0.0,0.0,0.0,0.0,0.0,0.0,0.0,0.0,0.0,45
89446ca0c4fffff,3,0.0,2.0,0.3333333333333333,0.0,10.0,0.0,0.0,0.0,0.0,0.0,0.0,0.0,0.0,0.0,0.0,0.0,50
89446ca0c53ffff,2,0.0,2.0,0.0,0.0,10.0,0.0,0.0,0.0,0.0,0.0,0.0,0.0,0.0,0.0,0.0,0.0,53
89446ca0c5bffff,8,3.0,2.0,0.25,0.0,9.0,0.0,0.0,0.0,0.0,0.0,0.0,0.0,0.0,0.0,0.0,0.0,40
89446ca0c6bffff,2,1.0,2.0,0.5,0.0,10.0,0.0,0.0,0.0,0.0,0.0,0.0,0.0,0.0,0.0,0.0,0.0,112
89446ca0c6fffff,13,4.0,2.0,0.3076923076923077,0.0,9.615384615384615,0.0,0.0,0.0,0.0,0.0,0.0,0.0,0.0,0.0,0.0,0.0,99
89446ca0c73ffff,12,4.0,2.0,0.25,0.16666666666666666,8.75,0.0,0.0,0.0,0.0,0.0,0.0,0.0,0.0,0.0,0.0,0.0,24
89446ca0c77ffff,1,0.0,2.0,0.0,0.0,10.0,0.0,0.0,0.0,0.0,0.0,0.0,0.0,0.0,0.0,0.0,0.0,16
89446ca0c7bffff,2,0.0,2.0,0.0,0.0,9.5,0.0,0.0,0.0,0.0,0.0,0.0,0.0,0.0,0.0,0.0,0.0,37
89446ca0c87ffff,1,0.0,2.0,0.0,0.0,10.0,0.0,0.0,0.0,0.0,0.0,0.0,0.0,0.0,0.0,0.0,0.0,29
89446ca0c8fffff,13,7.0,2.0,0.15384615384615385,0.0,8.653846153846153,0.0,0.0,0.0,0.0,0.0,0.0,0.0,0.0,0.0,0.0,0.0,21
89446ca0cb3ffff,16,0.0,2.0,0.1875,0.0,9.6875,0.0,0.0,1.0,0.0,0.0,0.0,0.0,0.0,0.0,0.0,0.0,1
89446ca0cc7ffff,5,0.0,2.0,0.0,0.0,10.0,0.0,0.0,0.0,0.0,0.0,0.0,0.0,0.0,0.0,0.0,0.0,25
89446ca0ccbffff,6,1.0,2.0,0.16666666666666666,0.16666666666666666,9.833333333333334,0.0,0.0,0.0,0.0,0.0,0.0,0.0,0.0,0.0,0.0,0.0,20
89446ca0ccfffff,3,1.0,2.0,0.0,0.0,10.0,0.0,0.0,0.0,0.0,0.0,0.0,0.0,0.0,0.0,0.0,0.0,15
89446ca0d0bffff,1,0.0,2.0,0.0,0.0,10.0,0.0,0.0,0.0,0.0,0.0,0.0,0.0,0.0,0.0,0.0,0.0,1
89446ca0d43ffff,1,0.0,2.0,0.0,0.0,10.0,0.0,0.0,0.0,0.0,0.0,0.0,0.0,0.0,0.0,0.0,0.0,1
89446ca0d57ffff,1,1.0,2.0,1.0,0.0,9.0,0.0,0.0,1.0,0.0,0.0,0.0,0.0,0.0,0.0,0.0,0.0,2
89446ca0d6bffff,1,0.0,2.0,0.0,1.0,10.0,0.0,0.0,1.0,0.0,0.0,0.0,0.0,0.0,0.0,0.0,0.0,0
89446ca0da3ffff,1,0.0,2.0,0.0,0.0,10.0,0.0,0.0,0.0,0.0,0.0,0.0,0.0,0.0,0.0,0.0,0.0,2
89446ca0da7ffff,1,0.0,2.0,0.0,0.0,10.0,0.0,0.0,0.0,0.0,0.0,0.0,0.0,0.0,0.0,0.0,0.0,1
89446ca0dabffff,1,0.0,2.0,0.0,0.0,10.0,0.0,0.0,0.0,0.0,0.0,0.0,0.0,0.0,0.0,0.0,0.0,1
89446ca0dc7ffff,1,0.0,2.0,1.0,0.0,10.0,0.0,0.0,0.0,0.0,0.0,0.0,0.0,0.0,0.0,0.0,0.0,0
89446ca0e03ffff,19,8.0,2.0,0.3157894736842105,0.10526315789473684,8.894736842105264,0.0,0.0,0.0,0.0,0.0,0.0,0.0,0.0,0.0,0.0,0.0,216
89446ca0e07ffff,92,23.0,2.010869565217391,0.2717391304347826,0.06521739130434782,9.467391304347826,0.0,0.0,0.9130434782608695,0.0,0.0,0.0,0.0,0.0,0.0,0.0,0.0,130
89446ca0e0bffff,44,18.0,2.0,0.1590909090909091,0.022727272727272728,9.613636363636363,0.0,0.0,0.0,0.0,0.0,0.0,0.0,0.0,0.0,0.0,0.0,121
89446ca0e0fffff,8,4.0,2.0,0.125,0.0,9.625,0.0,0.0,0.0,0.0,0.0,0.0,0.0,0.0,0.0,0.0,0.0,166
89446ca0e13ffff,10,4.0,2.0,0.2,0.3,8.9,0.0,0.0,0.0,0.0,0.0,0.0,0.0,0.0,0.0,0.0,0.0,95
89446ca0e17ffff,55,48.0,2.0,0.10909090909090909,0.0,9.75,0.0,0.0,0.0,0.0,0.0,0.0,0.0,0.0,0.0,0.0,0.0,181
89446ca0e1bffff,7,3.0,2.0,0.5714285714285714,0.0,10.0,0.0,0.0,0.0,0.0,0.0,0.0,0.0,0.0,0.0,0.0,0.0,159
89446ca0e27ffff,1,0.0,2.0,0.0,0.0,10.0,0.0,0.0,0.0,0.0,0.0,0.0,0.0,0.0,0.0,0.0,0.0,28
89446ca0e2bffff,7,3.0,2.0,0.2857142857142857,0.0,9.714285714285714,0.0,0.0,0.0,0.0,0.0,0.0,0.0,0.0,0.0,0.0,0.0,35
89446ca0e3bffff,8,3.0,2.0,0.375,0.0,8.875,0.0,0.0,0.0,0.0,0.0,0.0,0.0,0.0,0.0,0.0,0.0,109
89446ca0e43ffff,75,40.0,2.0,0.17333333333333334,0.04,9.586666666666666,0.0,0.0,0.7466666666666667,0.0,0.0,0.0,0.0,0.0,0.0,0.0,0.0,307
89446ca0e4bffff,180,114.0,2.0055555555555555,0.3333333333333333,0.05,9.719444444444445,0.0,0.0,0.4444444444444444,0.0,0.0,0.0,0.0,0.0,0.0,0.0,0.0,162
89446ca0e4fffff,6,2.0,2.0,0.16666666666666666,0.0,7.7,0.0,0.0,0.0,0.0,0.0,0.0,0.0,0.0,0.0,0.0,0.0,297
89446ca0e53ffff,4,1.0,2.0,0.75,0.0,9.5,0.0,0.0,0.0,0.0,0.0,0.0,0.0,0.0,0.0,0.0,0.0,198
89446ca0e57ffff,86,24.0,2.0,0.23255813953488372,0.05813953488372093,9.220930232558139,0.0,0.0,0.7906976744186046,0.0,0.0,0.0,0.0,0.0,0.0,0.0,0.0,130
89446ca0e5bffff,31,30.0,2.0,0.0967741935483871,0.0,9.653225806451612,0.0,0.0,0.0,0.0,0.0,0.0,0.0,0.0,0.0,0.0,0.0,314
89446ca0e63ffff,1,0.0,2.0,0.0,0.0,10.0,0.0,0.0,0.0,0.0,0.0,0.0,0.0,0.0,0.0,0.0,0.0,11
89446ca0e67ffff,1,0.0,2.0,0.0,0.0,10.0,0.0,0.0,0.0,0.0,0.0,0.0,0.0,0.0,0.0,0.0,0.0,44
89446ca0e6bffff,1,1.0,2.0,0.0,0.0,8.0,0.0,0.0,0.0,0.0,0.0,0.0,0.0,0.0,0.0,0.0,0.0,47
89446ca0e6fffff,3,0.0,2.0,0.0,0.0,10.0,0.0,0.0,0.0,0.0,0.0,0.0,0.0,0.0,0.0,0.0,0.0,49
89446ca0e73ffff,1,1.0,2.0,0.0,0.0,1.0,0.0,0.0,0.0,0.0,0.0,0.0,0.0,0.0,0.0,0.0,0.0,58
89446ca0e77ffff,2,0.0,2.0,0.5,0.0,10.0,0.0,0.0,0.0,0.0,0.0,0.0,0.0,0.0,0.0,0.0,0.0,26
89446ca0e7bffff,3,0.0,2.0,0.0,0.0,10.0,0.0,0.0,0.0,0.0,0.0,0.0,0.0,0.0,0.0,0.0,0.0,26
89446ca0e83ffff,4,3.0,2.0,0.5,0.0,9.5,0.0,0.0,0.0,0.0,0.0,0.0,0.0,0.0,0.0,0.0,0.0,28
89446ca0e87ffff,8,6.0,2.0,0.125,0.125,8.375,0.0,0.0,0.0,0.0,0.0,0.0,0.0,0.0,0.0,0.0,0.0,31
89446ca0e8bffff,4,3.0,2.0,0.25,0.0,10.0,0.0,0.0,0.0,0.0,0.0,0.0,0.0,0.0,0.0,0.0,0.0,32
89446ca0e8fffff,10,5.0,2.0,0.5,0.0,9.6,0.0,0.0,0.0,0.0,0.0,0.0,0.0,0.0,0.0,0.0,0.0,91
89446ca0e9bffff,6,0.0,2.0,0.5,0.0,10.0,0.0,0.0,0.0,0.0,0.0,0.0,0.0,0.0,0.0,0.0,0.0,21
89446ca0ea3ffff,8,6.0,2.0,0.125,0.125,10.0,0.0,0.0,0.0,0.0,0.0,0.0,0.0,0.0,0.0,0.0,0.0,148
89446ca0ea7ffff,32,10.0,2.0,0.21875,0.03125,9.8125,0.0,0.0,0.0,0.0,0.0,0.0,0.0,0.0,0.0,0.0,0.0625,140
89446ca0eabffff,40,17.0,2.0,0.225,0.125,8.395,0.0,0.0,0.0,0.0,0.0,0.0,0.0,0.0,0.0,0.0,0.0,223
89446ca0eafffff,58,18.0,2.0,0.20689655172413793,0.1206896551724138,9.21551724137931,0.0,0.0,0.8620689655172413,0.0,0.0,0.0,0.0,0.0,0.0,0.0,0.0,87
89446ca0eb3ffff,5,3.0,2.0,0.8,0.0,8.1,0.0,0.0,0.0,0.0,0.0,0.0,0.0,0.0,0.0,0.0,0.0,34
89446ca0eb7ffff,3,0.0,2.0,0.0,0.0,10.0,0.0,0.0,0.0,0.0,0.0,0.0,0.0,0.0,0.0,0.0,0.0,52
89446ca0ebbffff,10,5.0,2.0,0.2,0.1,9.5,0.0,0.0,0.0,0.0,0.0,0.0,0.0,0.0,0.0,0.0,0.0,126
89446ca0ec3ffff,5,0.0,2.0,0.2,0.0,9.4,0.0,0.0,0.0,0.0,0.0,0.0,0.0,0.0,0.0,0.0,0.0,20
89446ca0ecbffff,6,2.0,2.0,0.16666666666666666,0.16666666666666666,8.166666666666666,0.0,0.0,0.0,0.0,0.0,0.0,0.0,0.0,0.0,0.0,0.0,20
89446ca0ed3ffff,4,2.0,2.0,0.25,0.0,8.75,0.0,0.0,0.0,0.0,0.0,0.0,0.0,0.0,0.0,0.0,0.0,36
89446ca0ed7ffff,2,0.0,2.0,0.0,0.0,9.0,0.0,0.0,0.0,0.0,0.0,0.0,0.0,0.0,0.0,0.0,0.0,30
89446ca0edbffff,8,3.0,2.0,0.5,0.0,8.75,0.0,0.0,0.0,0.0,0.0,0.0,0.0,0.0,0.0,0.0,0.0,30
89446ca1003ffff,9,5.0,2.0,0.3333333333333333,0.0,8.88888888888889,0.0,0.0,0.0,0.0,0.0,0.0,0.0,0.0,0.0,0.0,0.1111111111111111,45
89446ca1007ffff,5,3.0,2.0,0.4,0.0,9.0,0.0,0.0,0.0,0.0,0.0,0.0,0.0,0.0,0.0,0.0,0.0,49
89446ca100bffff,22,11.0,2.0454545454545454,0.45454545454545453,0.0,9.727272727272727,0.0,0.0,0.0,0.0,0.0,0.0,0.0,0.0,0.0,0.0,0.0,66
89446ca1013ffff,9,5.0,2.0,0.1111111111111111,0.0,8.5,0.1111111111111111,0.0,0.0,0.0,0.0,0.0,0.0,0.0,0.0,0.0,0.0,27
89446ca1017ffff,1,0.0,2.0,0.0,0.0,10.0,0.0,0.0,0.0,0.0,0.0,0.0,0.0,0.0,0.0,0.0,0.0,44
89446ca101bffff,8,1.0,2.0,0.25,0.125,8.6875,0.0,0.0,0.0,0.0,0.0,0.0,0.0,0.0,0.0,0.0,0.0,82
89446ca1023ffff,40,12.0,2.0,0.2,0.05,9.073684210526316,0.0,0.0,0.0,0.0,0.0,0.0,0.0,0.0,0.0,0.0,0.0,97
89446ca1027ffff,8,3.0,2.0,0.25,0.125,8.0625,0.0,0.0,0.0,0.0,0.0,0.0,0.0,0.0,0.0,0.0,0.0,99
89446ca102bffff,8,4.0,2.0,0.5,0.0,8.625,0.0,0.0,0.0,0.0,0.0,0.0,0.0,0.0,0.0,0.0,0.0,74
89446ca102fffff,3,1.0,2.0,1.0,0.0,9.333333333333334,0.0,0.0,0.0,0.0,0.0,0.0,0.0,0.0,0.0,0.0,0.0,64
89446ca1033ffff,2,0.0,2.0,0.0,0.0,8.0,0.0,0.0,0.0,0.0,0.0,0.0,0.0,0.0,0.0,0.0,0.0,140
89446ca1037ffff,52,8.0,2.0,0.19230769230769232,0.019230769230769232,8.504901960784315,0.0,0.0,0.9615384615384616,0.0,0.0,0.0,0.0,0.0,0.0,0.0,0.0,67
89446ca103bffff,24,11.0,2.0,0.20833333333333334,0.0,9.541666666666666,0.0,0.0,0.7083333333333334,0.0,0.0,0.0,0.0,0.0,0.0,0.0,0.0,59
89446ca1043ffff,2,0.0,2.0,0.0,0.5,6.0,0.0,0.0,0.0,0.0,0.0,0.0,0.0,0.0,0.0,0.0,0.0,45
89446ca1047ffff,5,4.0,2.0,0.6,0.2,8.2,0.0,0.0,0.0,0.0,0.0,0.0,0.0,0.0,0.0,0.0,0.0,74
89446ca104bffff,5,1.0,2.0,0.4,0.0,8.2,0.0,0.0,0.0,0.0,0.0,0.0,0.0,0.0,0.0,0.0,0.0,66
89446ca104fffff,2,2.0,2.0,1.0,0.0,10.0,0.0,0.0,0.0,0.0,0.0,0.0,0.0,0.0,0.0,0.0,0.0,30
89446ca1057ffff,32,6.0,2.0,0.21875,0.03125,8.81875,0.0,0.03125,1.0,0.0,0.0,0.03125,0.0,0.0,0.0,0.0,0.0,44
89446ca105bffff,1,1.0,2.0,0.0,0.0,10.0,0.0,0.0,0.0,0.0,0.0,0.0,0.0,0.0,0.0,0.0,0.0,9
89446ca1063ffff,31,7.0,2.0,0.1935483870967742,0.06451612903225806,7.156666666666666,0.0,0.0,0.9354838709677419,0.0,0.0,0.0,0.0,0.0,0.0,0.0,0.0,36
89446ca1067ffff,2,0.0,2.0,0.0,0.0,10.0,0.0,0.0,0.0,0.0,0.0,0.0,0.0,0.0,0.0,0.0,0.0,58
89446ca106bffff,1,1.0,2.0,1.0,0.0,10.0,0.0,0.0,0.0,0.0,0.0,0.0,0.0,0.0,0.0,0.0,0.0,61
89446ca106fffff,13,3.0,2.0,0.38461538461538464,0.15384615384615385,6.892307692307692,0.0,0.0,0.0,0.0,0.0,0.0,0.0,0.0,0.0,0.0,0.0,43
89446ca1073ffff,12,3.0,2.0,0.3333333333333333,0.0,8.116666666666667,0.0,0.0,0.0,0.0,0.0,0.0,0.0,0.0,0.0,0.0,0.0,66
89446ca1077ffff,4,1.0,2.0,0.25,0.0,9.0,0.0,0.0,0.0,0.0,0.0,0.0,0.0,0.0,0.0,0.0,0.0,77
89446ca107bffff,4,1.0,2.0,0.25,0.0,9.5,0.0,0.0,0.0,0.75,0.0,0.0,0.0,0.0,0.0,0.0,0.0,59
89446ca1083ffff,1,1.0,2.0,0.0,0.0,7.0,0.0,0.0,0.0,0.0,0.0,0.0,0.0,0.0,0.0,0.0,0.0,32
89446ca1087ffff,5,3.0,2.0,0.0,0.4,8.1,0.2,0.0,0.0,0.0,0.0,0.0,0.0,0.0,0.0,0.0,0.0,86
89446ca108fffff,6,2.0,2.0,0.0,0.0,9.666666666666666,0.0,0.0,0.0,0.0,0.0,0.0,0.0,0.0,0.0,0.0,0.0,18
89446ca1093ffff,12,5.0,2.0,0.08333333333333333,0.08333333333333333,7.458333333333333,0.0,0.0,0.0,0.0,0.0,0.0,0.0,0.0,0.0,0.0,0.0,32
89446ca1097ffff,1,0.0,2.0,0.0,0.0,10.0,0.0,0.0,0.0,0.0,0.0,0.0,0.0,0.0,0.0,0.0,0.0,98
89446ca109bffff,8,3.0,2.0,0.125,0.0,9.625,0.0,0.0,0.0,0.0,0.0,0.0,0.0,0.0,0.0,0.0,0.0,16
89446ca10a3ffff,19,5.0,2.0,0.21052631578947367,0.0,9.722222222222221,0.0,0.0,0.8947368421052632,0.0,0.0,0.0,0.0,0.0,0.0,0.0,0.0,38
89446ca10abffff,13,5.0,2.0,0.38461538461538464,0.15384615384615385,9.153846153846153,0.0,0.0,0.0,0.0,0.0,0.0,0.0,0.0,0.0,0.0,0.0,35
89446ca10afffff,6,2.0,2.0,0.5,0.16666666666666666,9.5,0.0,0.0,0.0,0.0,0.0,0.0,0.0,0.0,0.0,0.0,0.0,94
89446ca10b3ffff,17,9.0,2.0588235294117645,0.17647058823529413,0.0,9.0625,0.0,0.0,0.47058823529411764,0.0,0.0,0.0,0.0,0.0,0.0,0.0,0.0,85
89446ca10bbffff,2,0.0,2.0,1.0,0.0,10.0,0.0,0.0,0.0,0.0,0.0,0.0,0.0,0.0,0.0,0.0,0.0,61
89446ca10c3ffff,5,2.0,2.0,0.0,0.0,10.0,0.0,0.4,0.0,0.0,0.0,0.0,0.0,0.0,0.0,0.0,0.0,34
89446ca10c7ffff,3,3.0,2.0,0.0,0.0,10.0,0.0,0.0,0.0,0.0,0.0,0.0,0.0,0.0,0.0,0.0,0.0,29
89446ca10cbffff,2,0.0,2.0,0.0,0.0,10.0,0.0,0.0,0.0,0.0,0.0,0.0,0.0,0.0,0.0,0.0,0.0,16
89446ca10cfffff,7,3.0,2.0,0.0,0.0,10.0,0.0,0.0,0.0,0.0,0.0,0.0,0.0,0.0,0.0,0.0,0.0,50
89446ca10d3ffff,20,8.0,2.05,0.2,0.1,9.4,0.0,0.95,0.95,0.05,0.0,0.0,0.0,0.0,0.0,0.0,0.0,8
89446ca10dbffff,2,1.0,2.0,0.5,0.0,10.0,0.0,0.0,0.0,0.5,0.0,0.0,0.0,0.0,0.0,0.0,0.0,30
89446ca1107ffff,10,3.0,2.0,0.3,0.1,8.0,0.0,0.8,0.0,0.0,0.0,0.0,0.0,0.0,0.0,0.8,0.0,23
89446ca110fffff,4,1.0,2.0,0.25,0.25,10.0,0.0,1.0,0.0,1.0,0.0,0.0,0.0,0.0,0.0,0.0,0.0,26
89446ca111bffff,1,1.0,2.0,0.0,0.0,10.0,0.0,0.0,0.0,0.0,0.0,0.0,0.0,0.0,0.0,0.0,0.0,6
89446ca1127ffff,21,6.0,2.0,0.23809523809523808,0.047619047619047616,9.526315789473685,0.0,0.0,0.0,0.0,0.0,0.0,0.0,0.0,0.0,0.0,0.0,54
89446ca112bffff,6,3.0,2.0,0.5,0.16666666666666666,7.840000000000001,0.0,0.0,0.0,0.0,0.0,0.0,0.0,0.0,0.0,0.0,0.0,13
89446ca1133ffff,18,15.0,2.0555555555555554,0.4444444444444444,0.0,8.833333333333334,0.0,0.3888888888888889,0.0,0.0,0.0,0.0,0.0,0.0,0.0,0.0,0.2222222222222222,98
89446ca1137ffff,13,6.0,2.0,0.07692307692307693,0.07692307692307693,8.384615384615385,0.0,0.0,0.0,0.0,0.0,0.0,0.0,0.0,0.0,0.0,0.0,116
89446ca113bffff,1,0.0,2.0,0.0,0.0,9.0,0.0,0.0,0.0,0.0,0.0,0.0,0.0,0.0,0.0,0.0,0.0,40
89446ca1143ffff,26,9.0,2.0,0.38461538461538464,0.15384615384615385,7.107692307692308,0.0,0.0,0.9230769230769231,0.0,0.0,0.0,0.0,0.0,0.0,0.0,0.0,158
89446ca1147ffff,27,7.0,2.0,0.18518518518518517,0.0,9.25925925925926,0.0,0.7777777777777778,0.7777777777777778,0.0,0.0,0.0,0.0,0.0,0.0,0.8148148148148148,0.0,175
89446ca114fffff,129,40.0,2.0,0.17829457364341086,0.06976744186046512,9.025590551181102,0.0,0.9689922480620154,0.7751937984496124,0.0,0.0,0.0,0.0,0.0,0.0,0.0,0.0,101
89446ca1157ffff,1,1.0,2.0,0.0,0.0,10.0,0.0,0.0,0.0,0.0,0.0,0.0,0.0,0.0,0.0,0.0,0.0,58
89446ca115bffff,1,1.0,2.0,0.0,0.0,10.0,0.0,0.0,0.0,0.0,0.0,0.0,0.0,0.0,0.0,0.0,0.0,43
89446ca1163ffff,1,0.0,2.0,0.0,0.0,6.0,0.0,1.0,0.0,1.0,0.0,0.0,0.0,0.0,0.0,0.0,0.0,25
89446ca116bffff,2,1.0,2.0,0.5,0.0,10.0,0.0,0.0,0.0,0.0,0.0,0.0,0.0,0.0,0.0,0.0,0.0,68
89446ca116fffff,2,1.0,2.0,0.5,0.0,10.0,0.0,0.0,0.0,0.0,0.0,0.0,0.0,0.0,0.0,0.0,0.0,44
89446ca1173ffff,13,4.0,2.0,0.15384615384615385,0.0,9.846153846153847,0.0,0.9230769230769231,0.0,0.6923076923076923,0.0,0.0,0.0,0.0,0.0,0.0,0.0,40
89446ca1177ffff,2,1.0,2.0,0.5,0.0,10.0,0.0,0.0,0.0,0.0,0.0,0.0,0.0,0.0,0.0,0.0,0.0,25
89446ca117bffff,6,5.0,2.0,0.3333333333333333,0.0,9.833333333333334,0.0,0.0,0.0,0.0,0.0,0.0,0.0,0.0,0.0,0.0,0.0,203
89446ca1183ffff,2,1.0,2.0,0.5,0.0,5.9,0.0,0.0,0.0,0.0,0.0,0.0,0.0,0.0,0.0,0.0,0.0,30
89446ca118bffff,1,0.0,2.0,1.0,0.0,8.0,0.0,0.0,0.0,0.0,0.0,0.0,0.0,0.0,0.0,0.0,0.0,35
89446ca118fffff,3,1.0,2.0,0.0,0.0,10.0,0.0,0.0,0.0,0.0,0.0,0.0,0.0,0.0,0.0,0.0,0.0,9
89446ca1193ffff,2,1.0,2.0,0.0,0.5,7.5,0.0,0.0,0.0,0.0,0.0,0.0,0.0,0.0,0.0,0.0,0.0,52
89446ca1197ffff,5,2.0,2.0,0.2,0.0,9.2,0.0,0.0,0.0,0.0,0.0,0.0,0.0,0.0,0.0,0.0,0.0,32
89446ca119bffff,19,9.0,2.0,0.42105263157894735,0.15789473684210525,9.210526315789474,0.0,0.0,0.0,0.0,0.0,0.0,0.0,0.0,0.0,0.0,0.0,28
89446ca11a3ffff,7,4.0,2.0,0.42857142857142855,0.0,10.0,0.0,0.0,0.0,0.0,0.0,0.0,0.0,0.0,0.0,0.0,0.0,92
89446ca11afffff,74,17.0,2.0,0.1891891891891892,0.02702702702702703,9.163888888888888,0.0,0.0,0.7567567567567568,0.0,0.0,0.0,0.0,0.0,0.0,0.0,0.0,39
89446ca11b3ffff,10,1.0,2.0,0.3,0.0,9.7,0.0,0.0,0.0,0.0,0.0,0.0,0.0,0.0,0.0,0.0,0.0,22
89446ca11b7ffff,2,1.0,2.0,0.0,0.0,10.0,0.0,0.0,0.0,0.0,0.0,0.0,0.0,0.0,0.0,0.0,0.0,24
89446ca11bbffff,6,3.0,2.0,0.0,0.0,10.0,0.0,0.0,0.0,0.0,0.0,0.0,0.0,0.0,0.0,0.0,0.0,20
89446ca11c3ffff,11,1.0,2.0,0.18181818181818182,0.0,8.9,0.0,0.0,0.0,0.0,0.0,0.0,0.0,0.0,0.0,0.0,0.0,31
89446ca11c7ffff,1,1.0,2.0,1.0,0.0,10.0,0.0,0.0,0.0,0.0,0.0,0.0,0.0,0.0,0.0,0.0,0.0,27
89446ca11cbffff,3,2.0,2.0,0.0,0.3333333333333333,9.333333333333334,0.0,0.0,0.0,0.0,0.0,0.0,0.0,0.0,0.0,0.0,0.0,83
89446ca11cfffff,4,2.0,2.0,0.5,0.25,10.0,0.0,0.0,0.0,0.0,0.0,0.0,0.0,0.0,0.0,0.0,0.0,17
89446ca11d3ffff,5,5.0,2.0,0.6,0.2,10.0,0.0,0.0,0.0,0.0,0.0,0.0,0.0,0.0,0.0,0.0,0.0,42
89446ca11d7ffff,10,4.0,2.0,0.2,0.0,7.75,0.0,0.0,0.0,0.0,0.0,0.0,0.0,0.0,0.0,0.0,0.0,50
89446ca11dbffff,8,7.0,2.0,0.25,0.0,8.78125,0.0,0.0,0.0,0.0,0.0,0.0,0.0,0.0,0.0,0.0,0.0,77
89446ca120bffff,1,0.0,2.0,1.0,0.0,10.0,0.0,0.0,0.0,0.0,0.0,0.0,0.0,0.0,0.0,0.0,0.0,19
89446ca1213ffff,4,0.0,2.0,0.0,0.0,9.75,0.0,0.0,0.0,0.0,0.0,0.0,0.0,0.0,0.0,0.0,0.0,20
89446ca121bffff,13,4.0,2.1538461538461537,0.46153846153846156,0.07692307692307693,7.5,0.0,0.8461538461538461,0.0,0.0,0.0,0.0,0.0,0.0,0.0,0.0,0.0,13
89446ca1223ffff,12,2.0,2.0,0.08333333333333333,0.08333333333333333,7.2,0.0,0.75,0.0,0.0,0.0,0.0,0.0,0.0,0.0,0.0,0.0,51
89446ca1227ffff,5,3.0,2.0,0.4,0.2,8.4,0.0,0.0,0.0,0.0,0.0,0.0,0.0,0.0,0.0,0.0,0.0,72
89446ca122fffff,6,1.0,2.0,0.0,0.0,7.833333333333333,0.0,1.0,0.0,0.0,0.0,0.0,0.0,0.16666666666666666,0.16666666666666666,0.0,0.0,76
89446ca1233ffff,6,0.0,2.0,0.3333333333333333,0.0,8.166666666666666,0.0,1.0,0.0,0.0,0.0,0.0,0.0,0.0,0.0,0.0,0.0,59
89446ca1237ffff,28,11.0,2.0,0.32142857142857145,0.03571428571428571,8.864285714285714,0.0,0.9285714285714286,0.8214285714285714,0.0,0.0,0.0,0.0,0.0,0.0,0.0,0.5357142857142857,34
89446ca123bffff,6,2.0,2.0,0.3333333333333333,0.16666666666666666,9.5,0.0,0.8333333333333334,0.0,0.0,0.0,0.0,0.0,0.0,0.0,0.0,0.0,23
89446ca1243ffff,107,43.0,2.0,0.205607476635514,0.028037383177570093,9.216190476190476,0.0,0.2523364485981308,0.9532710280373832,0.0,0.0,0.24299065420560748,0.0,0.0,0.0,0.0,0.0,70
89446ca124bffff,1,1.0,2.0,0.0,0.0,10.0,0.0,0.0,0.0,0.0,0.0,0.0,0.0,0.0,0.0,0.0,0.0,161
89446ca124fffff,48,1.0,2.0208333333333335,0.22916666666666666,0.020833333333333332,7.897872340425532,0.0,0.9375,0.8541666666666666,0.0,0.0,0.875,0.0,0.0,0.0,0.0,0.0,156
89446ca1253ffff,14,3.0,2.0,0.2857142857142857,0.0,8.246153846153847,0.0,0.0,0.0,0.0,0.0,0.0,0.0,0.0,0.0,0.0,0.0,159
89446ca1257ffff,5,3.0,2.0,0.0,0.0,7.0,0.0,0.6,0.0,0.0,0.0,0.0,0.0,0.0,0.0,0.0,0.0,135
89446ca125bffff,2,2.0,2.0,1.0,0.5,10.0,0.0,0.0,0.0,1.0,0.0,0.0,0.0,0.0,0.0,0.0,0.0,126
89446ca1267ffff,6,4.0,2.0,0.5,0.0,8.375,0.0,0.8333333333333334,0.0,0.0,0.0,0.0,0.0,0.0,0.0,0.0,0.0,13
89446ca126fffff,3,1.0,2.0,0.0,0.0,10.0,0.0,1.0,0.0,0.0,0.0,0.0,0.0,0.0,0.0,0.0,0.0,53
89446ca1273ffff,1,1.0,2.0,1.0,0.0,10.0,0.0,1.0,0.0,0.0,0.0,0.0,0.0,0.0,0.0,0.0,0.0,48
89446ca1277ffff,5,0.0,2.0,0.0,0.0,8.6,0.0,1.0,0.0,0.0,0.0,0.0,0.0,1.0,1.0,0.0,0.0,13
89446ca127bffff,42,13.0,2.0,0.19047619047619047,0.07142857142857142,8.410714285714286,0.0,0.9047619047619048,0.9523809523809523,0.0,0.0,0.0,0.0,0.0,0.0,0.0,0.0,51
89446ca1283ffff,1,0.0,2.0,0.0,0.0,4.0,0.0,0.0,0.0,0.0,0.0,0.0,0.0,0.0,0.0,0.0,0.0,66
89446ca1287ffff,54,15.0,2.0185185185185186,0.2962962962962963,0.037037037037037035,9.148148148148149,0.0,0.46296296296296297,0.7777777777777778,0.0,0.07407407407407407,0.12962962962962962,0.0,0.0,0.0,0.0,0.0,22
89446ca128fffff,4,3.0,2.0,0.25,0.0,10.0,0.0,0.0,0.0,0.0,0.0,0.0,0.0,0.0,0.0,0.0,0.0,64
89446ca1293ffff,5,1.0,2.0,0.4,0.4,9.4,0.0,0.0,0.0,0.0,0.0,0.0,0.0,0.0,0.0,0.0,0.0,13
89446ca1297ffff,1,1.0,2.0,0.0,0.0,7.0,0.0,0.0,0.0,0.0,0.0,0.0,0.0,0.0,0.0,0.0,0.0,67
89446ca129bffff,2,1.0,2.0,0.5,0.0,10.0,0.0,0.0,0.0,0.0,0.0,0.0,0.0,0.0,0.0,0.0,0.0,24
89446ca12a3ffff,28,13.0,2.0,0.14285714285714285,0.03571428571428571,9.22,0.0,0.6785714285714286,0.6785714285714286,0.0,0.0,0.0,0.0,0.0,0.0,0.0,0.0,34
89446ca12a7ffff,2,2.0,2.0,0.0,0.0,10.0,0.0,0.0,0.0,0.0,0.0,0.0,0.0,0.0,0.0,0.0,0.0,51
89446ca12abffff,5,3.0,2.0,0.6,0.0,10.0,0.0,0.2,0.0,0.0,0.0,0.0,0.0,0.0,0.0,0.0,0.0,47
89446ca12afffff,8,3.0,2.0,0.375,0.25,8.625,0.0,0.75,0.0,0.0,0.0,0.0,0.0,0.0,0.0,0.0,0.0,72
89446ca12b3ffff,6,1.0,2.1666666666666665,0.3333333333333333,0.0,9.833333333333334,0.0,0.0,0.0,0.0,0.0,0.0,0.0,0.0,0.0,0.0,0.0,102
89446ca12b7ffff,8,3.0,2.0,0.125,0.0,9.875,0.0,0.0,0.0,0.75,0.0,0.0,0.0,0.0,0.0,0.0,0.0,43
89446ca12bbffff,5,3.0,2.0,0.4,0.0,10.0,0.0,0.0,0.0,0.0,0.0,0.0,0.0,0.0,0.0,0.0,0.0,97
89446ca12c3ffff,1,1.0,2.0,0.0,0.0,10.0,0.0,0.0,0.0,0.0,0.0,0.0,0.0,0.0,0.0,0.0,0.0,81
89446ca12c7ffff,3,2.0,2.0,0.3333333333333333,0.0,10.0,0.0,0.0,0.0,0.0,0.0,0.0,0.0,0.0,0.0,0.0,0.0,24
89446ca12cbffff,43,13.0,2.0,0.16279069767441862,0.023255813953488372,8.988095238095237,0.0,0.0,0.8372093023255814,0.0,0.0,0.0,0.0,0.0,0.0,0.0,0.0,43
89446ca12d3ffff,4,1.0,2.0,0.25,0.25,6.875,0.0,0.0,0.0,0.0,0.0,0.0,0.0,0.0,0.0,0.0,0.0,37
89446ca12d7ffff,6,2.0,2.0,0.6666666666666666,0.0,7.333333333333333,0.0,0.0,0.0,0.0,0.0,0.0,0.0,0.0,0.0,0.0,0.0,14
89446ca12dbffff,25,9.0,2.0,0.28,0.0,9.3,0.0,0.0,0.0,0.0,0.0,0.0,0.0,0.0,0.0,0.0,0.0,69
89446ca1303ffff,5,0.0,2.0,0.4,0.0,8.8,0.0,0.0,0.0,0.0,0.0,0.0,0.0,0.0,0.0,0.0,0.0,37
89446ca130fffff,5,1.0,2.0,0.2,0.0,10.0,0.0,0.0,0.0,0.0,0.0,0.0,0.0,0.0,0.0,0.0,0.0,44
89446ca1313ffff,3,0.0,2.0,0.0,0.0,9.666666666666666,0.0,1.0,0.0,0.0,0.0,0.0,0.0,0.0,0.0,0.0,0.0,61
89446ca1317ffff,2,0.0,2.0,0.0,0.0,10.0,0.0,0.0,0.0,0.0,0.0,0.0,0.0,0.0,0.0,0.0,0.0,40
89446ca131bffff,27,10.0,2.0,0.18518518518518517,0.07407407407407407,8.903846153846153,0.0,0.8888888888888888,0.8888888888888888,0.0,0.0,0.0,0.0,0.0,0.0,0.0,0.0,19
89446ca1323ffff,2,2.0,2.0,0.0,0.0,7.0,0.0,0.0,0.0,0.0,0.0,0.0,0.0,0.0,0.0,0.0,0.0,30
89446ca1327ffff,7,1.0,2.0,0.42857142857142855,0.0,8.714285714285714,0.0,0.14285714285714285,0.0,0.14285714285714285,0.0,0.0,0.0,0.0,0.0,0.0,0.0,25
89446ca132bffff,1,0.0,2.0,0.0,0.0,10.0,0.0,0.0,0.0,0.0,0.0,0.0,0.0,0.0,0.0,0.0,0.0,43
89446ca1333ffff,1,0.0,2.0,0.0,0.0,10.0,0.0,0.0,0.0,0.0,0.0,0.0,0.0,0.0,0.0,0.0,0.0,29
89446ca1337ffff,15,8.0,2.0,0.26666666666666666,0.06666666666666667,8.08,0.0,0.8,0.0,0.0,0.0,0.0,0.0,0.0,0.0,0.0,0.0,32
89446ca133bffff,6,2.0,2.0,0.16666666666666666,0.0,8.5,0.0,0.16666666666666666,0.0,0.0,0.0,0.0,0.0,0.0,0.0,0.0,0.0,36
89446ca1343ffff,1,0.0,2.0,0.0,0.0,6.0,0.0,1.0,0.0,0.0,0.0,0.0,0.0,0.0,0.0,0.0,0.0,27
89446ca134bffff,1,1.0,2.0,1.0,0.0,10.0,0.0,0.0,0.0,0.0,0.0,0.0,0.0,0.0,0.0,0.0,0.0,60
89446ca1353ffff,8,3.0,2.0,0.375,0.0,7.55625,0.0,0.5,0.0,0.0,0.0,0.0,0.0,0.0,0.0,0.0,0.0,28
89446ca135bffff,18,4.0,2.0,0.2222222222222222,0.0,8.655555555555557,0.0,0.9444444444444444,0.0,0.0,0.0,0.0,0.0,0.0,0.0,0.0,0.0,57
89446ca1363ffff,1,1.0,2.0,0.0,0.0,10.0,0.0,0.0,0.0,0.0,0.0,0.0,0.0,0.0,0.0,0.0,0.0,47
89446ca1367ffff,7,1.0,2.0,0.2857142857142857,0.2857142857142857,8.285714285714286,0.0,0.42857142857142855,0.0,0.0,0.0,0.0,0.0,0.0,0.0,0.0,0.0,40
89446ca1373ffff,6,3.0,2.0,0.5,0.0,9.333333333333334,0.0,1.0,0.0,0.0,0.0,0.0,0.0,0.0,0.0,0.0,0.0,40
89446ca1377ffff,27,11.0,2.037037037037037,0.3333333333333333,0.0,9.5,0.0,0.8148148148148148,0.8148148148148148,0.0,0.0,0.0,0.0,0.0,0.0,0.0,0.0,26
89446ca137bffff,7,3.0,2.0,0.14285714285714285,0.14285714285714285,8.416666666666666,0.0,0.8571428571428571,0.0,0.0,0.0,0.0,0.0,0.0,0.0,0.0,0.0,11
89446ca1383ffff,1,1.0,2.0,0.0,0.0,10.0,0.0,0.0,0.0,0.0,0.0,0.0,0.0,0.0,0.0,0.0,0.0,74
89446ca1387ffff,46,12.0,2.0,0.32608695652173914,0.043478260869565216,8.512222222222222,0.0,0.9782608695652174,0.5217391304347826,0.0,0.0,0.0,0.0,0.0,0.0,0.0,0.0,49
89446ca138bffff,1,1.0,2.0,0.0,1.0,10.0,0.0,0.0,0.0,0.0,0.0,0.0,0.0,0.0,0.0,0.0,0.0,36
89446ca138fffff,19,6.0,2.0,0.42105263157894735,0.0,8.544444444444444,0.0,0.9473684210526315,0.0,0.0,0.0,0.0,0.0,0.0,0.0,0.0,0.0,65
89446ca1393ffff,1,0.0,2.0,0.0,0.0,10.0,0.0,0.0,0.0,0.0,0.0,0.0,0.0,0.0,0.0,0.0,0.0,21
89446ca1397ffff,6,1.0,2.0,0.6666666666666666,0.0,8.333333333333334,0.0,0.0,0.0,0.0,0.0,0.0,0.0,0.0,0.0,0.0,0.0,52
89446ca139bffff,1,1.0,2.0,0.0,0.0,10.0,0.0,0.0,0.0,0.0,0.0,0.0,0.0,0.0,0.0,0.0,0.0,23
89446ca13a3ffff,2,1.0,2.0,0.0,0.0,9.5,0.0,0.0,0.0,0.0,0.0,0.0,0.0,0.0,0.0,0.0,0.0,68
89446ca13a7ffff,8,3.0,2.0,0.375,0.0,8.9375,0.0,0.0,0.0,0.0,0.0,0.0,0.0,0.0,0.0,0.0,0.0,70
89446ca13abffff,1,1.0,2.0,0.0,0.0,10.0,0.0,0.0,0.0,0.0,0.0,0.0,0.0,0.0,0.0,0.0,0.0,22
89446ca13afffff,5,3.0,2.0,0.6,0.0,9.8,0.0,0.0,0.0,0.0,0.0,0.0,0.0,0.0,0.0,0.0,0.0,37
89446ca13b3ffff,11,5.0,2.0,0.0,0.18181818181818182,8.636363636363637,0.0,1.0,0.0,0.0,0.0,0.0,0.0,0.0,0.0,0.0,0.45454545454545453,220
89446ca13b7ffff,31,4.0,2.032258064516129,0.0967741935483871,0.0,8.806451612903226,0.0,0.0,0.4838709677419355,0.0,0.0,0.0,0.0,0.0,0.0,0.0,0.0,158
89446ca13bbffff,12,4.0,2.0,0.25,0.08333333333333333,9.25,0.0,0.9166666666666666,0.9166666666666666,0.0,0.0,0.0,0.0,0.0,0.0,0.0,0.0,81
89446ca13c7ffff,7,2.0,2.0,0.14285714285714285,0.0,6.771428571428571,0.0,0.0,0.0,0.0,0.0,0.0,0.0,0.0,0.0,0.0,0.0,40
89446ca13cfffff,4,2.0,2.0,1.0,0.0,10.0,0.0,1.0,0.0,0.0,0.0,0.0,0.0,0.0,0.0,0.0,0.0,42
89446ca13d3ffff,3,2.0,2.0,0.0,0.3333333333333333,7.333333333333333,0.0,0.0,0.0,0.0,0.0,0.0,0.0,0.0,0.0,0.0,0.0,24
89446ca13d7ffff,5,3.0,2.0,0.0,0.0,9.8,0.0,0.0,0.0,0.0,0.0,0.0,0.0,0.0,0.0,0.0,0.0,25
89446ca13dbffff,3,1.0,2.3333333333333335,0.0,0.0,7.333333333333333,0.0,0.0,0.0,0.0,0.0,0.0,0.0,0.0,0.0,0.0,0.0,41
89446ca140bffff,7,3.0,2.142857142857143,0.7142857142857143,0.14285714285714285,9.142857142857142,0.0,0.0,0.0,0.0,0.0,0.0,0.0,0.0,0.0,0.0,0.0,117
89446ca140fffff,7,2.0,2.2857142857142856,0.14285714285714285,0.0,9.142857142857142,0.14285714285714285,0.0,0.0,0.0,0.0,0.0,0.0,0.0,0.0,0.0,0.0,15
89446ca1423ffff,63,5.0,2.015873015873016,0.07936507936507936,0.047619047619047616,9.4015873015873,0.0,0.0,0.09523809523809523,0.0,0.0,0.0,0.0,0.0,0.0,0.0,0.0,77
89446ca142fffff,20,3.0,2.0,0.3,0.05,9.25,0.0,0.0,0.7,0.0,0.0,0.0,0.0,0.0,0.0,0.0,0.0,77
89446ca1433ffff,35,18.0,2.0,0.17142857142857143,0.02857142857142857,8.835714285714285,0.0,0.0,0.2,0.0,0.0,0.0,0.0,0.0,0.0,0.0,0.0,85
89446ca1437ffff,18,7.0,2.2222222222222223,0.2777777777777778,0.1111111111111111,9.5,0.05555555555555555,0.0,0.0,0.0,0.0,0.0,0.0,0.0,0.0,0.0,0.0,114
89446ca143bffff,4,3.0,2.25,0.0,0.5,7.25,0.0,0.0,0.0,0.0,0.0,0.0,0.0,0.0,0.0,0.0,0.0,106
89446ca1443ffff,41,21.0,2.073170731707317,0.24390243902439024,0.0975609756097561,8.74390243902439,0.0,0.0,0.5365853658536586,0.0,0.0,0.0,0.0,0.0,0.0,0.0,0.0,146
89446ca144fffff,4,3.0,2.0,0.25,0.0,9.25,0.0,0.0,0.0,0.0,0.0,0.0,0.0,0.0,0.0,0.0,0.0,57
89446ca1453ffff,15,5.0,2.0,0.4,0.2,7.833333333333333,0.0,0.0,0.8,0.0,0.0,0.0,0.0,0.0,0.0,0.0,0.0,171
89446ca1457ffff,107,34.0,2.05607476635514,0.22429906542056074,0.102803738317757,8.861682242990655,0.0,0.0,0.4485981308411215,0.0,0.0,0.0,0.0,0.0,0.0,0.0,0.0,63
89446ca145bffff,20,13.0,2.3,0.15,0.25,8.7375,0.0,0.0,0.0,0.0,0.0,0.0,0.0,0.0,0.0,0.0,0.0,67
89446ca1463ffff,1,0.0,2.0,0.0,0.0,10.0,0.0,0.0,0.0,0.0,0.0,0.0,0.0,0.0,0.0,0.0,0.0,22
89446ca1467ffff,2,0.0,2.0,0.5,0.0,10.0,0.0,0.0,0.0,0.0,0.0,0.0,0.0,0.0,0.0,0.0,0.0,23
89446ca146fffff,1,1.0,2.0,0.0,0.0,10.0,0.0,0.0,0.0,0.0,0.0,0.0,0.0,0.0,0.0,0.0,0.0,31
89446ca1473ffff,3,3.0,2.0,0.3333333333333333,0.0,10.0,0.0,0.0,0.0,0.0,0.0,0.0,0.0,0.0,0.0,0.0,0.0,31
89446ca1477ffff,1,0.0,2.0,1.0,1.0,10.0,0.0,0.0,0.0,0.0,0.0,0.0,0.0,0.0,0.0,0.0,0.0,17
89446ca147bffff,15,6.0,2.0,0.2,0.06666666666666667,8.733333333333333,0.0,0.0,1.0,0.0,0.0,0.0,0.0,0.0,0.0,0.0,0.0,9
89446ca1503ffff,9,2.0,2.3333333333333335,0.2222222222222222,0.0,9.875,0.7777777777777778,0.0,0.0,0.0,0.0,0.0,0.0,0.0,0.0,0.0,0.0,29
89446ca1507ffff,4,0.0,2.5,0.5,0.25,7.6875,0.0,0.0,0.0,0.0,0.0,0.0,0.0,0.0,0.0,0.0,0.0,11
89446ca150fffff,1,0.0,2.0,0.0,0.0,10.0,0.0,0.0,0.0,0.0,0.0,0.0,0.0,0.0,0.0,0.0,0.0,14
89446ca151bffff,24,8.0,2.25,0.20833333333333334,0.16666666666666666,8.177083333333334,0.0,0.0,0.20833333333333334,0.0,0.0,0.0,0.0,0.0,0.0,0.0,0.0,101
89446ca1523ffff,7,0.0,2.5714285714285716,0.2857142857142857,0.0,8.0,0.0,0.0,0.0,0.0,0.0,0.0,0.0,0.0,0.0,0.0,0.0,38
89446ca1527ffff,10,6.0,2.0,0.2,0.0,8.444444444444445,0.0,0.0,0.3,0.0,0.0,0.0,0.0,0.0,0.0,0.0,0.0,38
89446ca152fffff,26,7.0,2.0,0.11538461538461539,0.0,8.892307692307693,0.0,0.0,0.9615384615384616,0.0,0.0,0.0,0.0,0.0,0.0,0.0,0.0,24
89446ca1537ffff,1,0.0,2.0,0.0,0.0,10.0,0.0,0.0,1.0,0.0,0.0,0.0,0.0,0.0,0.0,0.0,0.0,17
89446ca153bffff,1,0.0,3.0,1.0,0.0,9.0,0.0,0.0,0.0,0.0,0.0,0.0,0.0,0.0,0.0,0.0,0.0,12
89446ca1543ffff,8,4.0,2.0,0.25,0.0,7.928571428571429,0.75,0.0,0.0,0.0,0.0,0.0,0.0,0.0,0.0,0.0,0.0,74
89446ca154bffff,59,12.0,2.0,0.23728813559322035,0.01694915254237288,9.257627118644068,0.0,0.03389830508474576,0.8135593220338984,0.0,0.0,0.03389830508474576,0.0,0.0,0.0,0.0,0.0,32
89446ca1553ffff,3,0.0,2.0,0.3333333333333333,0.0,9.666666666666666,0.0,0.0,0.0,0.0,0.0,0.0,0.0,0.0,0.0,0.0,0.0,105
89446ca1557ffff,11,0.0,2.0,0.36363636363636365,0.0,9.9,0.0,0.0,0.0,0.0,0.0,0.0,0.0,0.0,0.0,0.0,0.0,104
89446ca155bffff,1,1.0,2.0,0.0,0.0,10.0,0.0,0.0,0.0,0.0,0.0,0.0,0.0,0.0,0.0,0.0,0.0,91
89446ca156fffff,13,4.0,2.0,0.15384615384615385,0.15384615384615385,9.307692307692308,0.0,0.0,0.0,0.0,0.0,0.0,0.0,0.0,0.0,0.0,0.0,34
89446ca157bffff,1,0.0,2.0,0.0,0.0,10.0,0.0,0.0,0.0,0.0,0.0,0.0,0.0,0.0,0.0,0.0,0.0,0
89446ca15c7ffff,12,1.0,2.1666666666666665,0.25,0.16666666666666666,7.833333333333333,0.0,0.0,0.0,0.0,0.0,0.0,0.0,0.0,0.0,0.0,0.0,93
89446ca15cbffff,16,11.0,2.125,0.375,0.125,9.25,0.0,0.0,0.0,0.0,0.0,0.0,0.0,0.0,0.0,0.0,0.0,90
89446ca15cfffff,69,32.0,2.0434782608695654,0.3333333333333333,0.11594202898550725,8.481884057971014,0.0,0.0,0.391304347826087,0.0,0.0,0.0,0.0,0.0,0.0,0.0,0.0,66
89446ca1603ffff,1,0.0,2.0,0.0,0.0,10.0,0.0,0.0,0.0,0.0,0.0,0.0,0.0,0.0,0.0,0.0,0.0,10
89446ca1613ffff,2,1.0,2.0,0.5,0.0,10.0,0.0,0.0,0.0,0.0,0.0,0.0,0.0,0.0,0.0,0.0,0.0,15
89446ca1617ffff,2,2.0,2.0,0.5,0.0,10.0,0.0,0.0,0.0,0.0,0.0,0.0,0.0,0.0,0.0,0.0,0.0,3
89446ca161bffff,6,2.0,2.0,0.0,0.0,9.0,0.0,1.0,0.0,0.0,0.0,0.0,0.0,0.0,0.0,0.0,0.0,6
89446ca1623ffff,2,2.0,2.0,0.5,0.0,8.5,0.0,0.0,0.0,0.0,0.0,0.0,0.0,0.0,0.0,0.0,0.0,11
89446ca162fffff,1,0.0,2.0,0.0,0.0,10.0,0.0,0.0,0.0,0.0,0.0,0.0,0.0,0.0,0.0,0.0,0.0,9
89446ca1633ffff,3,1.0,2.3333333333333335,0.0,0.0,5.933333333333334,0.0,0.0,0.0,1.0,0.0,0.0,0.0,0.0,0.0,0.0,0.0,10
89446ca1637ffff,2,0.0,2.0,0.5,0.0,8.5,0.0,0.0,0.0,0.0,0.0,0.0,0.0,0.0,0.0,0.0,0.0,10
89446ca163bffff,5,2.0,2.0,0.4,0.0,7.6,0.0,0.0,0.0,0.0,0.0,0.0,0.0,0.0,0.0,0.0,0.0,5
89446ca1643ffff,1,1.0,2.0,1.0,0.0,10.0,0.0,0.0,0.0,0.0,0.0,0.0,0.0,0.0,0.0,0.0,0.0,60
89446ca1647ffff,1,1.0,2.0,0.0,0.0,5.0,0.0,0.0,0.0,0.0,0.0,0.0,0.0,0.0,0.0,0.0,0.0,22
89446ca164bffff,15,4.0,2.0,0.26666666666666666,0.13333333333333333,9.6,0.0,0.0,0.0,0.0,0.0,0.0,0.0,0.0,0.0,0.0,0.0,136
89446ca164fffff,2,1.0,2.0,0.5,0.0,4.375,0.0,0.0,0.5,0.0,0.0,0.0,0.0,0.0,0.0,0.0,0.0,114
89446ca1653ffff,2,1.0,2.0,0.0,0.0,8.5,0.0,0.0,0.0,0.0,0.0,0.0,0.0,0.0,0.0,0.0,0.0,79
89446ca1657ffff,2,1.0,2.0,0.0,0.0,10.0,0.0,0.0,0.0,0.0,0.0,0.0,0.0,0.0,0.0,0.0,0.0,10
89446ca165bffff,38,12.0,2.0,0.23684210526315788,0.05263157894736842,8.618421052631579,0.0,0.0,0.0,0.0,0.0,0.0,0.0,0.0,0.0,0.0,0.0,50
89446ca1663ffff,2,0.0,2.0,0.0,0.0,10.0,0.0,0.0,0.0,0.0,0.0,0.0,0.0,0.0,0.0,0.0,0.0,29
89446ca1667ffff,8,5.0,2.0,0.25,0.125,8.625,0.0,0.0,0.0,0.0,0.0,0.0,0.0,0.0,0.0,0.0,0.0,13
89446ca166fffff,4,2.0,2.0,0.0,0.25,10.0,0.0,0.0,0.0,0.0,0.0,0.0,0.0,0.0,0.0,0.0,0.0,22
89446ca1673ffff,13,3.0,2.0,0.3076923076923077,0.0,9.538461538461538,0.0,0.15384615384615385,0.8461538461538461,0.0,0.0,0.0,0.0,0.0,0.0,0.0,0.0,7
89446ca167bffff,4,2.0,2.0,0.25,0.0,8.0,0.0,0.0,0.0,0.25,0.0,0.0,0.0,0.0,0.0,0.0,0.0,23
89446ca1683ffff,5,2.0,2.0,0.6,0.0,9.4,0.0,0.0,0.0,0.0,0.0,0.0,0.0,0.0,0.0,0.0,0.0,11
89446ca168bffff,5,3.0,2.0,0.4,0.0,8.040000000000001,0.0,0.0,0.0,0.0,0.0,0.0,0.0,0.0,0.0,0.0,0.0,11
89446ca1693ffff,5,2.0,2.0,0.4,0.0,9.4,0.0,0.0,0.0,0.0,0.0,0.0,0.0,0.0,0.0,0.0,0.0,53
89446ca169bffff,1,0.0,2.0,0.0,1.0,10.0,0.0,0.0,0.0,0.0,0.0,0.0,0.0,0.0,0.0,0.0,0.0,17
89446ca16afffff,1,1.0,2.0,0.0,0.0,10.0,0.0,0.0,0.0,1.0,0.0,0.0,0.0,0.0,0.0,0.0,0.0,7
89446ca16b7ffff,1,1.0,2.0,1.0,0.0,7.0,1.0,0.0,0.0,0.0,0.0,0.0,0.0,0.0,0.0,0.0,0.0,19
89446ca16c7ffff,1,0.0,2.0,0.0,0.0,10.0,0.0,1.0,0.0,0.0,0.0,0.0,0.0,0.0,0.0,0.0,0.0,15
89446ca16cbffff,7,6.0,2.0,0.42857142857142855,0.14285714285714285,8.857142857142858,0.0,0.0,0.0,0.0,0.0,0.0,0.0,0.0,0.0,0.0,0.0,70
89446ca16d7ffff,2,0.0,2.0,0.0,0.0,10.0,0.0,0.0,0.0,0.0,0.0,0.0,0.0,0.0,0.0,0.0,0.0,7
89446ca1803ffff,92,22.0,2.0,0.1956521739130435,0.11956521739130435,8.182558139534883,0.0,0.0,0.8152173913043478,0.0,0.0,0.0,0.0,0.0,0.0,0.0,0.0,67
89446ca1807ffff,8,4.0,2.0,0.5,0.125,8.65,0.0,0.0,0.0,0.0,0.0,0.0,0.0,0.0,0.0,0.0,0.0,173
89446ca180bffff,14,5.0,2.0,0.21428571428571427,0.07142857142857142,9.714285714285714,0.0,0.0,0.0,0.0,0.0,0.0,0.0,0.0,0.0,0.0,0.0,229
89446ca180fffff,8,6.0,2.0,0.25,0.0,8.5,0.0,0.0,0.0,0.0,0.0,0.0,0.0,0.0,0.0,0.0,0.0,148
89446ca1813ffff,1,1.0,2.0,0.0,1.0,9.0,0.0,0.0,0.0,0.0,0.0,0.0,0.0,0.0,0.0,0.0,0.0,171
89446ca1817ffff,17,4.0,2.0,0.23529411764705882,0.058823529411764705,8.71875,0.0,0.0,0.0,0.0,0.0,0.0,0.0,0.0,0.0,0.0,0.0,140
89446ca181bffff,19,13.0,2.526315789473684,0.2631578947368421,0.10526315789473684,9.277777777777779,0.05263157894736842,0.0,0.47368421052631576,0.0,0.0,0.0,0.0,0.0,0.0,0.0,0.0,255
89446ca1823ffff,6,4.0,2.0,0.5,0.0,9.333333333333334,0.0,0.0,0.0,0.0,0.0,0.0,0.0,0.0,0.0,0.0,0.0,42
89446ca1827ffff,3,2.0,2.0,0.0,0.0,10.0,0.0,0.0,0.0,0.0,0.0,0.0,0.0,0.0,0.0,0.0,0.0,44
89446ca182bffff,8,2.0,2.0,0.125,0.0,7.75,0.0,0.0,0.0,0.0,0.0,0.0,0.0,0.0,0.0,0.0,0.0,106
89446ca182fffff,2,0.0,2.0,0.5,0.0,10.0,0.0,0.0,0.0,0.0,0.0,0.0,0.0,0.0,0.0,0.0,0.0,239
89446ca1833ffff,6,1.0,2.0,0.16666666666666666,0.16666666666666666,5.4399999999999995,0.0,0.0,0.0,0.0,0.0,0.0,0.0,0.0,0.0,0.0,0.0,71
89446ca1837ffff,5,2.0,2.0,0.0,0.0,8.8,0.0,0.0,0.0,0.0,0.0,0.0,0.0,0.0,0.0,0.0,0.0,23
89446ca183bffff,18,4.0,2.0,0.16666666666666666,0.1111111111111111,9.352941176470589,0.0,0.0,0.7222222222222222,0.0,0.0,0.0,0.0,0.0,0.0,0.0,0.0,45
89446ca1843ffff,72,25.0,2.4583333333333335,0.3055555555555556,0.06944444444444445,8.508695652173913,0.0,0.4305555555555556,0.6527777777777778,0.0,0.0,0.0,0.0,0.0,0.0,0.0,0.0,196
89446ca1847ffff,95,29.0,2.336842105263158,0.3157894736842105,0.06315789473684211,8.291208791208792,0.0,0.21052631578947367,0.4631578947368421,0.0,0.0,0.0,0.0,0.0,0.0,0.0,0.0,168
89446ca184bffff,31,6.0,2.0,0.16129032258064516,0.06451612903225806,8.866666666666667,0.0,0.0,0.7741935483870968,0.0,0.0,0.0,0.0,0.0,0.0,0.0,0.0,143
89446ca184fffff,58,19.0,2.6379310344827585,0.3620689655172414,0.06896551724137931,8.839655172413794,0.034482758620689655,0.0,0.0,0.0,0.0,0.0,0.0,0.0,0.0,0.0,0.0,215
89446ca1853ffff,4,1.0,2.0,0.0,0.0,8.75,0.0,0.0,0.0,0.0,0.0,0.0,0.0,0.0,0.0,0.0,0.0,195
89446ca1857ffff,8,3.0,2.875,0.25,0.0,8.875,0.0,0.0,0.0,0.0,0.0,0.0,0.0,0.0,0.0,0.0,0.0,305
89446ca1863ffff,6,1.0,2.0,0.16666666666666666,0.0,9.833333333333334,0.0,0.0,0.0,0.6666666666666666,0.0,0.0,0.0,0.0,0.0,0.0,0.0,29
89446ca1867ffff,2,0.0,2.0,0.5,0.0,5.5,0.0,0.0,0.0,0.0,0.0,0.0,0.0,0.0,0.0,0.0,0.0,101
89446ca186fffff,2,1.0,2.0,0.0,0.0,7.5,0.0,0.0,0.0,0.5,0.0,0.0,0.0,0.0,0.0,0.0,0.0,55
89446ca1873ffff,7,6.0,2.0,0.2857142857142857,0.14285714285714285,9.142857142857142,0.0,0.0,0.0,0.0,0.0,0.0,0.0,0.0,0.0,0.0,0.0,141
89446ca1877ffff,9,6.0,2.0,0.1111111111111111,0.0,9.88888888888889,0.0,0.0,0.0,0.0,0.0,0.0,0.0,0.0,0.0,0.0,0.0,49
89446ca187bffff,9,5.0,2.0,0.2222222222222222,0.1111111111111111,9.666666666666666,0.0,0.0,0.0,0.0,0.0,0.0,0.0,0.0,0.0,0.0,0.0,170
89446ca1887ffff,1,1.0,2.0,0.0,0.0,10.0,0.0,0.0,0.0,0.0,0.0,0.0,0.0,0.0,0.0,0.0,0.0,9
89446ca188fffff,4,4.0,2.0,0.5,0.25,9.5,0.0,0.0,0.0,0.0,0.0,0.0,0.0,0.0,0.0,0.0,0.0,22
89446ca1893ffff,1,1.0,2.0,0.0,0.0,10.0,0.0,0.0,0.0,0.0,0.0,0.0,0.0,0.0,0.0,0.0,0.0,270
89446ca189bffff,6,6.0,2.1666666666666665,0.3333333333333333,0.0,9.333333333333334,0.0,0.0,0.0,0.0,0.0,0.0,0.0,0.0,0.0,0.0,0.0,50
89446ca18a3ffff,23,6.0,2.0,0.21739130434782608,0.08695652173913043,8.630434782608695,0.0,0.0,0.0,0.0,0.0,0.0,0.0,0.0,0.0,0.0,0.0,64
89446ca18a7ffff,2,1.0,2.0,0.5,0.0,10.0,0.0,0.0,0.0,0.0,0.0,0.0,0.0,0.0,0.0,0.0,0.0,136
89446ca18abffff,32,9.0,2.0,0.28125,0.03125,9.3125,0.0,0.0,0.40625,0.0,0.0,0.0,0.0,0.0,0.0,0.0,0.0,59
89446ca18afffff,2,0.0,2.0,0.0,0.0,10.0,0.0,0.0,0.0,0.0,0.0,0.0,0.0,0.0,0.0,0.0,0.0,69
89446ca18b3ffff,2,2.0,2.0,1.0,0.0,10.0,0.0,0.0,0.0,0.0,0.0,0.0,0.0,0.0,0.0,0.0,0.0,80
89446ca18b7ffff,23,9.0,2.0,0.21739130434782608,0.043478260869565216,8.954545454545455,0.0,0.0,0.0,0.0,0.0,0.0,0.0,0.0,0.0,0.0,0.0,199
89446ca18bbffff,3,2.0,2.0,0.3333333333333333,0.0,10.0,0.0,0.0,0.0,0.0,0.0,0.0,0.0,0.0,0.0,0.0,0.0,79
89446ca18c3ffff,6,4.0,2.0,0.16666666666666666,0.3333333333333333,8.0,0.0,0.0,0.0,0.0,0.0,0.0,0.0,0.0,0.0,0.0,0.0,169
89446ca18c7ffff,39,18.0,2.58974358974359,0.3076923076923077,0.10256410256410256,8.973684210526315,0.0,0.0,0.0,0.0,0.0,0.0,0.0,0.0,0.0,0.0,0.0,132
89446ca18cbffff,10,3.0,2.0,0.1,0.1,7.3,0.0,0.0,0.0,0.0,0.0,0.0,0.0,0.0,0.0,0.0,0.0,126
89446ca18cfffff,101,38.0,2.366336633663366,0.2376237623762376,0.019801980198019802,9.260204081632653,0.0,0.0,0.39603960396039606,0.0,0.0,0.0,0.0,0.0,0.0,0.0,0.0,86
89446ca18d3ffff,3,1.0,2.0,0.6666666666666666,0.0,6.6000000000000005,0.0,0.0,0.0,0.0,0.0,0.0,0.0,0.0,0.0,0.0,0.0,118
89446ca18d7ffff,5,2.0,2.2,0.0,0.0,9.6,0.0,0.0,0.0,0.0,0.0,0.0,0.0,0.0,0.0,0.0,0.0,54
89446ca18dbffff,11,7.0,2.0,0.36363636363636365,0.18181818181818182,8.7,0.0,0.0,0.0,0.09090909090909091,0.0,0.0,0.0,0.0,0.0,0.0,0.0,100
89446ca1903ffff,291,80.0,2.0103092783505154,0.1718213058419244,0.08247422680412371,9.319655172413793,0.0,0.0,0.570446735395189,0.0,0.0,0.0,0.0,0.0,0.0,0.0,0.0,132
89446ca1907ffff,5,2.0,2.0,0.0,0.0,10.0,0.0,0.8,0.0,1.0,0.0,0.0,0.0,0.0,0.0,0.0,0.0,383
89446ca190bffff,19,5.0,2.0526315789473686,0.3157894736842105,0.10526315789473684,9.117647058823529,0.0,0.0,0.0,0.5263157894736842,0.0,0.0,0.0,0.0,0.0,0.0,0.0,406
89446ca190fffff,5,1.0,2.0,0.2,0.0,8.1,0.0,0.0,0.0,0.0,0.0,0.0,0.0,0.0,0.0,0.0,0.0,343
89446ca1913ffff,16,11.0,2.0625,0.4375,0.125,7.875,0.0,0.0,0.0,0.0,0.0,0.0,0.0,0.0,0.0,0.0,0.0,420
89446ca1917ffff,70,37.0,2.0,0.21428571428571427,0.04285714285714286,9.82857142857143,0.0,0.0,0.7142857142857143,0.0,0.0,0.0,0.0,0.0,0.0,0.0,0.0,351
89446ca191bffff,17,8.0,2.0,0.5882352941176471,0.058823529411764705,9.529411764705882,0.0,0.0,0.0,0.0,0.0,0.0,0.0,0.0,0.0,0.0,0.0,431
89446ca1927ffff,15,5.0,2.0,0.13333333333333333,0.0,9.466666666666667,0.0,0.8666666666666667,0.8666666666666667,0.0,0.0,0.0,0.0,0.0,0.0,0.0,0.0,59
89446ca192bffff,20,4.0,2.15,0.1,0.0,9.5,0.85,0.0,0.0,0.0,0.0,0.0,0.0,0.0,0.0,0.0,0.0,267
89446ca192fffff,35,10.0,2.0,0.2,0.11428571428571428,8.957142857142857,0.02857142857142857,0.9142857142857143,0.8857142857142857,0.0,0.0,0.0,0.0,0.0,0.0,0.0,0.0,242
89446ca1937ffff,5,0.0,2.0,0.0,0.2,9.4,0.0,0.0,0.0,0.0,0.0,0.0,0.0,0.0,0.0,0.0,0.0,28
89446ca193bffff,17,5.0,2.0588235294117645,0.29411764705882354,0.0,10.0,0.0,0.17647058823529413,0.0,0.0,0.0,0.0,0.0,0.0,0.0,0.0,0.0,41
89446ca1943ffff,85,17.0,2.0,0.17647058823529413,0.023529411764705882,8.623809523809523,0.0,0.0,0.5647058823529412,0.15294117647058825,0.0,0.0,0.0,0.0,0.0,0.0,0.0,132
89446ca1947ffff,9,4.0,2.0,0.2222222222222222,0.0,9.875,0.0,0.0,0.0,0.0,0.0,0.0,0.0,0.0,0.0,0.0,0.0,202
89446ca194fffff,13,6.0,2.0,0.3076923076923077,0.07692307692307693,7.846153846153846,0.0,0.0,0.0,0.0,0.0,0.0,0.0,0.0,0.0,0.0,0.0,133
89446ca1953ffff,5,1.0,2.0,0.0,0.0,9.8,0.0,0.0,0.0,0.0,0.0,0.0,0.0,0.0,0.0,0.0,0.0,199
89446ca1957ffff,84,7.0,2.0238095238095237,0.17857142857142858,0.047619047619047616,8.975903614457831,0.0,0.0,0.9642857142857143,0.0,0.0,0.0,0.0,0.0,0.0,0.0,0.0,136
89446ca195bffff,21,8.0,2.0476190476190474,0.19047619047619047,0.047619047619047616,8.790000000000001,0.0,0.0,0.6666666666666666,0.0,0.0,0.0,0.0,0.0,0.0,0.0,0.0,227
89446ca1963ffff,21,0.0,2.0,0.0,0.0,8.2,0.0,0.0,0.0,1.0,0.0,0.0,0.0,0.0,0.0,0.0,0.0,58
89446ca1967ffff,15,4.0,2.0,0.13333333333333333,0.0,9.357142857142858,0.0,0.0,0.0,0.8666666666666667,0.0,0.0,0.0,0.0,0.0,0.0,0.0,275
89446ca196bffff,2,0.0,2.0,0.5,0.0,10.0,0.0,0.0,0.0,0.0,0.0,0.0,0.0,0.0,0.0,0.0,1.0,163
89446ca196fffff,29,7.0,2.0,0.1724137931034483,0.10344827586206896,8.257142857142856,0.0,0.0,1.0,0.0,0.0,0.0,0.0,0.0,0.0,0.0,0.0,144
89446ca1977ffff,11,0.0,2.0,0.18181818181818182,0.18181818181818182,7.45,0.0,0.0,0.0,0.0,0.0,0.0,0.0,0.0,0.0,0.0,0.0,78
89446ca197bffff,1,0.0,2.0,0.0,0.0,5.0,0.0,0.0,0.0,0.0,0.0,0.0,0.0,0.0,0.0,0.0,0.0,83
89446ca1987ffff,2,1.0,2.0,0.5,0.0,10.0,0.0,0.0,0.0,0.0,0.0,0.0,0.0,0.0,0.0,0.0,0.0,45
89446ca198bffff,22,6.0,2.1818181818181817,0.4090909090909091,0.09090909090909091,9.772727272727273,0.045454545454545456,0.0,0.0,0.0,0.0,0.0,0.0,0.0,0.0,0.0,0.0,65
89446ca199bffff,28,15.0,2.0,0.32142857142857145,0.10714285714285714,9.257142857142856,0.03571428571428571,0.0,0.0,0.0,0.0,0.0,0.0,0.0,0.0,0.0,0.0,41
89446ca19a3ffff,37,11.0,2.0,0.10810810810810811,0.08108108108108109,9.432432432432432,0.0,0.0,0.8648648648648649,0.0,0.0,0.0,0.0,0.0,0.0,0.0,0.0,255
89446ca19a7ffff,4,3.0,2.0,0.75,0.0,7.25,0.0,0.0,0.0,0.0,0.0,0.0,0.0,0.0,0.0,0.0,0.0,277
89446ca19b3ffff,4,3.0,2.0,0.5,0.0,7.75,0.0,0.0,1.0,0.0,0.0,0.0,0.0,0.0,0.0,0.0,0.0,332
89446ca19b7ffff,208,133.0,2.0,0.16346153846153846,0.09615384615384616,9.170432692307692,0.0,0.0,0.4567307692307692,0.0,0.0,0.0,0.0,0.0,0.0,0.0,0.0,186
89446ca19bbffff,39,39.0,2.0,0.358974358974359,0.07692307692307693,10.0,0.0,0.0,0.0,0.0,0.0,0.0,0.0,0.0,0.0,0.0,0.0,113
89446ca19c3ffff,6,1.0,2.0,0.3333333333333333,0.0,9.833333333333334,0.0,0.0,0.0,0.0,0.0,0.0,0.0,0.0,0.0,0.0,0.0,47
89446ca19c7ffff,20,4.0,2.0,0.15,0.15,9.5625,0.0,0.0,0.0,0.0,0.0,0.0,0.0,0.0,0.0,0.0,0.0,63
89446ca19cbffff,5,1.0,2.0,0.0,0.2,8.2,0.0,0.0,0.0,0.0,0.0,0.0,0.0,0.0,0.0,0.0,0.0,21
89446ca19cfffff,1,0.0,2.0,0.0,0.0,10.0,0.0,0.0,0.0,0.0,0.0,0.0,0.0,0.0,0.0,0.0,0.0,137
89446ca19d3ffff,19,3.0,2.0,0.21052631578947367,0.10526315789473684,8.88888888888889,0.0,0.0,0.0,0.0,0.0,0.0,0.0,0.0,0.0,0.0,0.0,82
89446ca19d7ffff,1,1.0,2.0,1.0,0.0,10.0,0.0,0.0,0.0,0.0,0.0,0.0,0.0,0.0,0.0,0.0,0.0,99
89446ca19dbffff,1,0.0,2.0,0.0,0.0,9.0,0.0,0.0,0.0,0.0,0.0,0.0,0.0,0.0,0.0,0.0,0.0,39
89446ca1a03ffff,4,3.0,2.0,0.25,0.0,10.0,0.0,0.0,0.0,0.0,0.0,0.0,0.0,0.0,0.0,0.0,0.0,36
89446ca1a07ffff,1,0.0,2.0,0.0,0.0,6.0,0.0,0.0,0.0,0.0,0.0,0.0,0.0,0.0,0.0,0.0,0.0,341
89446ca1a0bffff,4,0.0,2.0,0.5,0.0,8.25,0.0,0.0,0.0,0.0,0.0,0.0,0.0,0.0,0.0,0.0,0.0,27
89446ca1a0fffff,7,4.0,2.0,0.5714285714285714,0.0,10.0,0.0,0.0,0.0,0.0,0.0,0.0,0.0,0.0,0.0,0.0,0.0,231
89446ca1a13ffff,5,5.0,2.0,0.2,0.0,10.0,0.0,0.0,0.0,0.0,0.0,0.0,0.0,0.0,0.0,0.0,0.0,63
89446ca1a17ffff,19,9.0,2.0,0.2631578947368421,0.0,8.36111111111111,0.0,0.0,0.2631578947368421,0.0,0.0,0.0,0.0,0.0,0.0,0.0,0.0,154
89446ca1a23ffff,13,4.0,2.0,0.15384615384615385,0.0,9.015384615384615,0.0,0.0,1.0,0.0,0.0,0.0,0.0,0.0,0.0,0.0,0.0,301
89446ca1a27ffff,18,4.0,2.0,0.3333333333333333,0.0,9.444444444444445,0.0,0.0,0.0,0.8888888888888888,0.0,0.0,0.0,0.0,0.0,0.0,0.0,221
89446ca1a2fffff,10,5.0,2.0,0.3,0.1,7.15,0.0,0.7,0.7,0.1,0.0,0.0,0.0,0.0,0.0,0.0,0.0,100
89446ca1a33ffff,5,2.0,2.6,0.4,0.0,10.0,0.0,0.0,0.0,0.0,0.0,0.0,0.0,0.0,0.0,0.0,0.0,433
89446ca1a37ffff,106,41.0,2.009433962264151,0.3113207547169811,0.0660377358490566,8.802403846153847,0.0,0.0,0.7547169811320755,0.0,0.0,0.0,0.0,0.0,0.0,0.0,0.0,82
89446ca1a3bffff,162,43.0,2.4753086419753085,0.2777777777777778,0.024691358024691357,8.982467532467533,0.0,0.0,0.8209876543209876,0.0,0.22839506172839505,0.0,0.0,0.0,0.0,0.0,0.0,82
89446ca1a43ffff,3,3.0,2.0,0.0,0.0,8.666666666666666,0.0,0.0,0.0,0.0,0.0,0.0,0.0,0.0,0.0,0.0,0.0,32
89446ca1a47ffff,2,2.0,2.0,1.0,0.5,8.5,0.0,0.0,0.0,0.0,0.0,0.0,0.0,0.0,0.0,0.0,0.0,50
89446ca1a4bffff,11,8.0,2.0,0.45454545454545453,0.0,9.3,0.0,0.0,0.0,0.0,0.0,0.0,0.0,0.0,0.0,0.0,0.0,48
89446ca1a4fffff,2,0.0,2.0,0.0,0.0,8.0,0.0,0.0,0.0,0.0,0.0,0.0,0.0,0.0,0.0,0.0,0.0,68
89446ca1a53ffff,5,3.0,2.0,0.4,0.0,9.0,0.0,0.0,0.0,0.0,0.0,0.0,0.0,0.0,0.0,0.0,0.0,28
89446ca1a57ffff,10,5.0,2.0,0.3,0.1,9.3,0.0,0.5,0.0,0.0,0.0,0.0,0.0,0.0,0.0,0.0,0.0,16
89446ca1a5bffff,2,0.0,2.5,0.5,0.0,10.0,0.0,0.0,0.0,0.0,0.0,0.0,0.0,0.0,0.0,0.0,0.0,90
89446ca1a63ffff,5,3.0,2.0,0.2,0.0,9.8,0.0,1.0,0.0,0.8,0.0,0.0,0.0,0.0,0.0,0.0,0.0,136
89446ca1a67ffff,18,13.0,2.111111111111111,0.3333333333333333,0.05555555555555555,8.708333333333334,0.0,0.0,0.0,0.0,0.0,0.0,0.0,0.0,0.0,0.0,0.0,100
89446ca1a6bffff,15,2.0,2.0,0.06666666666666667,0.06666666666666667,9.414285714285715,0.0,1.0,0.0,1.0,0.0,0.0,0.0,0.0,0.0,0.0,0.0,80
89446ca1a6fffff,16,12.0,2.0625,0.3125,0.0,9.078125,0.0,0.0,0.0,0.0,0.0,0.0,0.0,0.0,0.0,0.0,0.0,68
89446ca1a73ffff,4,4.0,2.0,0.75,0.25,6.25,0.0,0.0,0.25,0.0,0.0,0.0,0.0,0.0,0.0,0.0,0.0,101
89446ca1a77ffff,56,20.0,2.5892857142857144,0.375,0.03571428571428571,9.445454545454545,0.0,0.0,0.17857142857142858,0.0,0.0,0.0,0.0,0.0,0.0,0.0,0.0,196
89446ca1a7bffff,27,11.0,2.0,0.2962962962962963,0.037037037037037035,8.346153846153847,0.0,0.8518518518518519,0.7777777777777778,0.0,0.0,0.0,0.0,0.0,0.0,0.0,0.0,48
89446ca1a83ffff,10,2.0,2.0,0.1,0.1,8.8,0.0,0.0,0.0,1.0,0.0,0.0,0.0,0.0,0.0,0.0,0.0,54
89446ca1a8bffff,38,11.0,2.0,0.4473684210526316,0.13157894736842105,9.319444444444445,0.0,0.8421052631578947,0.8421052631578947,0.0,0.0,0.0,0.0,0.0,0.0,0.0,0.0,37
89446ca1a93ffff,2,2.0,2.0,0.5,0.0,10.0,0.0,0.0,0.0,0.5,0.0,0.0,0.0,0.0,0.0,0.0,0.0,60
89446ca1a97ffff,9,3.0,2.0,0.1111111111111111,0.1111111111111111,7.7555555555555555,0.0,0.2222222222222222,0.0,0.2222222222222222,0.0,0.0,0.0,0.0,0.0,0.0,0.0,45
89446ca1a9bffff,5,1.0,2.0,0.4,0.0,10.0,0.0,0.0,0.0,0.0,0.0,0.0,0.0,0.0,0.0,0.0,0.0,165
89446ca1aa3ffff,22,18.0,2.090909090909091,0.3181818181818182,0.18181818181818182,9.333333333333334,0.0,0.0,0.0,0.0,0.0,0.0,0.0,0.0,0.0,0.0,0.0,162
89446ca1aa7ffff,3,1.0,2.0,0.6666666666666666,0.0,6.75,0.0,0.0,0.0,0.0,0.0,0.0,0.0,0.0,0.0,0.0,0.0,38
89446ca1aabffff,144,37.0,2.6319444444444446,0.2986111111111111,0.0763888888888889,8.770652173913042,0.04861111111111111,0.5069444444444444,0.5069444444444444,0.0,0.0,0.0,0.0,0.0,0.0,0.0,0.006944444444444444,54
89446ca1aafffff,7,2.0,2.0,0.14285714285714285,0.14285714285714285,9.857142857142858,0.0,0.0,0.0,0.0,0.0,0.0,0.0,0.0,0.0,0.0,0.0,281
89446ca1ab3ffff,4,2.0,2.25,0.25,0.0,9.666666666666666,0.0,0.0,0.0,0.0,0.0,0.0,0.0,0.0,0.0,0.0,0.0,115
89446ca1ab7ffff,4,3.0,2.0,0.25,0.0,6.5,0.0,0.0,0.0,0.0,0.0,0.0,0.0,0.0,0.0,0.0,0.0,96
89446ca1ac3ffff,7,2.0,2.0,0.14285714285714285,0.14285714285714285,8.833333333333334,0.0,1.0,0.0,0.0,0.0,0.0,0.0,0.0,0.0,0.0,0.0,109
89446ca1ac7ffff,2,1.0,2.0,0.5,0.0,5.125,0.0,0.5,0.5,0.0,0.0,0.0,0.0,0.0,0.0,0.0,0.0,67
89446ca1acbffff,5,3.0,2.0,0.8,0.0,8.16,0.0,0.0,0.0,0.0,0.0,0.0,0.0,0.0,0.0,0.0,0.0,112
89446ca1acfffff,2,0.0,2.0,0.0,0.0,8.0,0.0,0.5,0.0,0.0,0.0,0.0,0.0,0.5,0.5,0.0,0.0,29
89446ca1ad3ffff,20,9.0,2.0,0.1,0.05,8.852631578947367,0.0,0.5,0.0,0.5,0.0,0.0,0.0,0.0,0.0,0.0,0.0,164
89446ca1ad7ffff,15,6.0,2.0,0.3333333333333333,0.0,6.266666666666667,0.0,0.0,0.0,0.0,0.06666666666666667,0.0,0.0,0.0,0.0,0.0,0.0,145
89446ca1adbffff,65,29.0,2.0,0.18461538461538463,0.06153846153846154,9.515625,0.0,0.23076923076923078,0.49230769230769234,0.0,0.0,0.0,0.0,0.0,0.0,0.0,0.0,66
89446ca1b03ffff,1,0.0,2.0,0.0,0.0,10.0,0.0,0.0,0.0,0.0,0.0,0.0,0.0,0.0,0.0,0.0,0.0,21
89446ca1b07ffff,5,2.0,2.0,0.6,0.0,9.0,0.0,0.0,0.0,1.0,0.0,0.0,0.0,0.0,0.0,0.0,0.0,365
89446ca1b0bffff,9,4.0,2.0,0.7777777777777778,0.0,10.0,0.0,0.0,0.0,0.7777777777777778,0.0,0.0,0.0,0.0,0.0,0.0,0.0,60
89446ca1b0fffff,6,1.0,2.1666666666666665,0.16666666666666666,0.0,9.833333333333334,0.0,0.0,0.0,0.0,0.0,0.0,0.0,0.0,0.0,0.0,0.0,132
89446ca1b17ffff,1,1.0,2.0,1.0,0.0,10.0,0.0,0.0,0.0,0.0,0.0,0.0,0.0,0.0,0.0,0.0,0.0,127
89446ca1b23ffff,59,57.0,2.0,0.11864406779661017,0.03389830508474576,8.14655172413793,0.0,0.9322033898305084,0.0,0.0,0.0,0.0,0.0,0.0,0.0,0.0,0.0,446
89446ca1b27ffff,125,42.0,2.0,0.248,0.088,8.130165289256198,0.0,0.84,0.824,0.024,0.0,0.0,0.0,0.0,0.0,0.0,0.0,253
89446ca1b2fffff,5,4.0,2.0,0.8,0.0,10.0,0.0,0.0,0.0,0.0,0.0,0.0,0.0,0.0,0.0,0.0,0.0,342
89446ca1b33ffff,197,138.0,2.0,0.19796954314720813,0.015228426395939087,9.516410256410257,0.0,0.43147208121827413,0.43147208121827413,0.0,0.0,0.0,0.0,0.0,0.0,0.0,0.0,329
89446ca1b37ffff,70,15.0,2.0428571428571427,0.22857142857142856,0.05714285714285714,8.658823529411764,0.0,0.0,0.7714285714285715,0.0,0.0,0.0,0.0,0.0,0.0,0.0,0.0,432
89446ca1b3bffff,49,24.0,2.0,0.1836734693877551,0.02040816326530612,8.575510204081633,0.0,0.0,0.5918367346938775,0.0,0.0,0.0,0.0,0.0,0.0,0.0,0.0,298
89446ca1b43ffff,20,10.0,2.0,0.45,0.0,9.65,0.0,0.0,0.0,0.35,0.0,0.0,0.0,0.0,0.0,0.0,0.0,216
89446ca1b47ffff,16,16.0,2.0,0.6875,0.125,9.133333333333333,0.0,0.0,0.0,0.0625,0.0,0.0,0.0,0.0,0.0,0.0,0.0,216
89446ca1b4bffff,1,0.0,2.0,0.0,0.0,10.0,0.0,0.0,0.0,0.0,0.0,0.0,0.0,0.0,0.0,0.0,0.0,257
89446ca1b4fffff,145,78.0,2.0,0.1793103448275862,0.020689655172413793,8.167142857142858,0.0,0.5586206896551724,0.496551724137931,0.09655172413793103,0.0,0.0,0.0,0.0,0.0,0.0,0.0,237
89446ca1b53ffff,28,11.0,2.0,0.25,0.07142857142857142,9.703703703703704,0.0,0.0,0.6071428571428571,0.0,0.0,0.0,0.0,0.0,0.0,0.0,0.0,104
89446ca1b5bffff,26,9.0,2.0,0.23076923076923078,0.038461538461538464,9.1,0.0,0.0,0.0,0.9230769230769231,0.0,0.0,0.0,0.0,0.0,0.0,0.0,110
89446ca1b63ffff,26,8.0,2.0,0.11538461538461539,0.07692307692307693,8.832,0.038461538461538464,0.0,0.4230769230769231,0.0,0.0,0.0,0.0,0.0,0.0,0.0,0.0,109
89446ca1b67ffff,3,2.0,2.0,0.3333333333333333,0.0,10.0,0.0,0.0,0.0,0.0,0.0,0.0,0.0,0.0,0.0,0.0,0.0,91
89446ca1b6bffff,17,10.0,2.0,0.11764705882352941,0.058823529411764705,9.764705882352942,0.0,0.0,0.0,0.0,0.0,0.0,0.0,0.0,0.0,0.0,0.0,246
89446ca1b6fffff,16,7.0,2.0,0.25,0.0,9.5625,0.0,0.0,0.0,0.9375,0.0,0.0,0.0,0.0,0.0,0.0,0.0,94
89446ca1b73ffff,37,7.0,2.0,0.1891891891891892,0.10810810810810811,8.797297297297296,0.0,0.0,0.6486486486486487,0.0,0.0,0.0,0.0,0.0,0.0,0.0,0.0,93
89446ca1b77ffff,31,13.0,2.0,0.25806451612903225,0.0967741935483871,8.748387096774193,0.0,0.0,0.0,0.0,0.0,0.0,0.0,0.0,0.0,0.0,0.0,121
89446ca1b7bffff,5,5.0,2.0,0.2,0.2,9.2,0.0,0.0,0.0,0.0,0.0,0.0,0.0,0.0,0.0,0.0,0.0,417
89446ca1b83ffff,12,5.0,2.0,0.25,0.25,8.666666666666666,0.0,0.0,0.0,0.25,0.0,0.0,0.0,0.0,0.0,0.0,0.0,244
89446ca1b87ffff,33,6.0,2.0,0.3333333333333333,0.030303030303030304,8.872727272727273,0.0,0.0,0.7272727272727273,0.0,0.0,0.0,0.0,0.0,0.0,0.0,0.0,154
89446ca1b8fffff,3,2.0,2.0,0.3333333333333333,0.0,10.0,0.0,0.0,0.0,0.0,0.0,0.0,0.0,0.0,0.0,0.0,0.0,53
89446ca1b93ffff,69,62.0,2.0,0.13043478260869565,0.07246376811594203,9.0,0.0,0.0,0.0,0.0,0.0,0.0,0.0,0.0,0.0,0.0,0.0,163
89446ca1b97ffff,132,40.0,2.0,0.25757575757575757,0.06060606060606061,8.72290076335878,0.0,0.0,0.8560606060606061,0.0,0.0,0.0,0.0,0.0,0.0,0.0,0.0,137
89446ca1b9bffff,7,2.0,2.0,0.2857142857142857,0.0,9.571428571428571,0.0,0.0,0.0,0.0,0.0,0.0,0.0,0.0,0.0,0.0,0.0,121
89446ca1ba3ffff,27,13.0,2.0,0.18518518518518517,0.07407407407407407,9.326923076923077,0.0,0.0,0.0,0.0,0.0,0.0,0.0,0.0,0.0,0.0,0.0,192
89446ca1ba7ffff,1,1.0,2.0,0.0,0.0,10.0,0.0,0.0,0.0,0.0,0.0,0.0,0.0,0.0,0.0,0.0,0.0,189
89446ca1babffff,111,58.0,2.0,0.3063063063063063,0.018018018018018018,9.110454545454544,0.0,0.38738738738738737,0.38738738738738737,0.08108108108108109,0.0,0.0,0.0,0.0,0.0,0.0,0.0,272
89446ca1bafffff,35,24.0,2.0,0.34285714285714286,0.05714285714285714,9.705882352941176,0.0,0.0,0.0,0.0,0.0,0.0,0.0,0.0,0.0,0.0,0.0,420
89446ca1bb7ffff,38,7.0,2.0,0.21052631578947367,0.05263157894736842,8.82972972972973,0.0,0.0,0.0,0.0,0.0,0.0,0.0,0.0,0.0,0.0,0.0,44
89446ca1bbbffff,7,1.0,2.0,0.2857142857142857,0.0,9.714285714285714,0.0,0.0,0.0,0.0,0.0,0.0,0.0,0.0,0.0,0.0,0.0,175
89446ca1bc3ffff,40,10.0,2.0,0.275,0.025,8.56578947368421,0.0,0.0,0.0,0.2,0.0,0.0,0.0,0.0,0.0,0.0,0.0,96
89446ca1bc7ffff,15,5.0,2.0,0.4,0.06666666666666667,8.346666666666668,0.0,0.0,0.0,0.6,0.0,0.0,0.0,0.0,0.0,0.0,0.0,78
89446ca1bcbffff,38,24.0,2.0,0.13157894736842105,0.05263157894736842,9.478947368421052,0.0,0.0,0.0,0.5263157894736842,0.0,0.0,0.0,0.0,0.0,0.0,0.0,195
89446ca1bcfffff,2,2.0,2.0,1.0,0.0,10.0,0.0,0.0,0.0,0.0,0.0,0.0,0.0,0.0,0.0,0.0,0.0,121
89446ca1bd3ffff,4,2.0,2.0,0.25,0.0,9.5,0.0,0.0,0.0,0.0,0.0,0.0,0.0,0.0,0.0,0.0,0.0,82
89446ca1bd7ffff,36,14.0,2.0,0.2222222222222222,0.05555555555555555,9.0,0.0,0.0,0.8611111111111112,0.0,0.0,0.0,0.0,0.0,0.0,0.0,0.0,68
89446ca1bdbffff,1,1.0,2.0,1.0,0.0,5.0,0.0,0.0,0.0,0.0,0.0,0.0,0.0,0.0,0.0,0.0,0.0,198
89446ca1c03ffff,3,2.0,2.0,0.3333333333333333,0.0,7.0,0.0,0.0,0.0,0.0,0.0,0.0,0.0,0.0,0.0,0.0,0.0,11
89446ca1c0fffff,1,1.0,2.0,0.0,0.0,10.0,0.0,0.0,0.0,0.0,0.0,0.0,0.0,0.0,0.0,0.0,0.0,32
89446ca1c13ffff,4,3.0,2.0,0.25,0.0,10.0,0.0,0.0,0.0,0.0,0.0,0.0,0.0,0.0,0.0,0.0,0.0,13
89446ca1c17ffff,1,1.0,2.0,0.0,0.0,10.0,0.0,0.0,0.0,0.0,0.0,0.0,0.0,0.0,0.0,0.0,0.0,8
89446ca1c1bffff,5,2.0,2.0,0.6,0.0,8.6,0.0,0.0,0.0,0.0,0.0,0.0,0.0,0.0,0.0,0.0,0.0,22
89446ca1c23ffff,61,21.0,2.1639344262295084,0.2786885245901639,0.11475409836065574,8.503333333333334,0.0,0.6557377049180327,0.5901639344262295,0.0,0.0,0.0,0.0,0.0,0.0,0.0,0.0,278
89446ca1c27ffff,8,5.0,2.0,0.125,0.0,9.25,0.0,0.0,0.0,0.0,0.0,0.0,0.0,0.0,0.0,0.0,0.0,174
89446ca1c2bffff,220,54.0,2.5,0.2636363636363636,0.045454545454545456,8.773364485981308,0.013636363636363636,0.6772727272727272,0.7,0.03636363636363636,0.0,0.0,0.0,0.0,0.0,0.0,0.0,127
89446ca1c33ffff,36,20.0,2.3333333333333335,0.4166666666666667,0.08333333333333333,8.661111111111111,0.05555555555555555,0.0,0.0,0.0,0.0,0.0,0.0,0.0,0.0,0.0,0.0,87
89446ca1c37ffff,1,1.0,3.0,0.0,1.0,3.0,0.0,0.0,0.0,0.0,0.0,0.0,0.0,0.0,0.0,0.0,0.0,209
89446ca1c3bffff,13,3.0,2.0,0.15384615384615385,0.0,7.770833333333333,0.0,0.0,0.0,0.0,0.0,0.0,0.0,0.0,0.0,0.0,0.0,326
89446ca1c43ffff,4,3.0,2.0,0.75,0.0,10.0,0.0,0.0,0.0,0.0,0.0,0.0,0.0,0.0,0.0,0.0,0.0,156
89446ca1c47ffff,15,2.0,2.066666666666667,0.2,0.0,9.666666666666666,0.0,0.0,0.0,0.0,0.0,0.0,0.0,0.0,0.0,0.0,0.0,140
89446ca1c4fffff,100,37.0,2.0,0.17,0.11,9.0825,0.0,0.03,0.75,0.0,0.0,0.0,0.0,0.0,0.0,0.0,0.0,52
89446ca1c53ffff,2,1.0,2.0,0.0,0.0,9.5,0.0,0.0,0.0,0.0,0.0,0.0,0.0,0.0,0.0,0.0,0.0,78
89446ca1c57ffff,2,0.0,2.0,0.0,0.0,10.0,0.0,0.0,0.0,0.0,0.0,0.0,0.0,0.0,0.0,0.0,0.0,38
89446ca1c5bffff,37,13.0,2.027027027027027,0.2972972972972973,0.02702702702702703,8.64054054054054,0.0,0.0,0.7567567567567568,0.0,0.0,0.0,0.0,0.0,0.0,0.0,0.0,28
89446ca1c63ffff,17,3.0,2.0,0.29411764705882354,0.0,8.253333333333334,0.0,0.0,0.0,0.29411764705882354,0.17647058823529413,0.0,0.0,0.0,0.0,0.0,0.0,104
89446ca1c67ffff,44,12.0,2.1363636363636362,0.20454545454545456,0.06818181818181818,8.420454545454545,0.0,0.1590909090909091,0.4090909090909091,0.36363636363636365,0.0,0.0,0.0,0.0,0.0,0.0,0.0,252
89446ca1c6bffff,18,3.0,2.0,0.2777777777777778,0.16666666666666666,8.977777777777778,0.0,0.9444444444444444,0.0,0.0,0.0,0.0,0.0,0.0,0.0,0.0,0.0,124
89446ca1c73ffff,8,6.0,2.0,0.375,0.0,8.875,0.0,0.0,0.0,0.0,0.0,0.0,0.0,0.0,0.0,0.0,0.0,67
89446ca1c77ffff,8,2.0,2.0,0.125,0.125,7.25,0.0,0.0,0.0,0.75,0.0,0.0,0.0,0.0,0.0,0.0,0.0,303
89446ca1c7bffff,26,7.0,2.0,0.34615384615384615,0.07692307692307693,9.576923076923077,0.0,0.0,0.4230769230769231,0.0,0.0,0.0,0.0,0.0,0.0,0.0,0.0,158
89446ca1c8bffff,2,0.0,2.0,0.0,0.5,10.0,0.0,0.0,0.0,0.0,0.0,0.0,0.0,0.0,0.0,0.0,0.0,21
89446ca1c8fffff,1,0.0,2.0,0.0,1.0,1.8,0.0,0.0,0.0,0.0,0.0,0.0,0.0,0.0,0.0,0.0,0.0,7
89446ca1c93ffff,13,4.0,2.0,0.07692307692307693,0.0,10.0,0.0,0.0,0.0,0.0,0.0,0.0,0.0,0.0,0.0,0.0,0.0,19
89446ca1c9bffff,14,3.0,2.0,0.42857142857142855,0.0,9.785714285714286,0.0,0.0,0.9285714285714286,0.0,0.0,0.0,0.0,0.0,0.0,0.0,0.0,21
89446ca1ca3ffff,15,3.0,2.8666666666666667,0.5333333333333333,0.0,9.4,0.06666666666666667,0.0,0.0,0.0,0.0,0.0,0.0,0.0,0.0,0.0,0.0,26
89446ca1cafffff,12,5.0,2.1666666666666665,0.3333333333333333,0.16666666666666666,8.191666666666666,0.0,0.08333333333333333,0.0,0.5,0.0,0.0,0.0,0.0,0.0,0.0,0.0,56
89446ca1cb7ffff,14,8.0,2.7857142857142856,0.35714285714285715,0.2857142857142857,8.5,0.2857142857142857,0.0,0.0,0.0,0.0,0.0,0.0,0.0,0.0,0.0,0.0,34
89446ca1cc3ffff,4,2.0,2.0,0.0,0.0,10.0,0.0,0.0,0.0,0.0,0.0,0.0,0.0,0.0,0.0,0.0,0.0,48
89446ca1cc7ffff,1,1.0,2.0,0.0,0.0,10.0,0.0,0.0,0.0,0.0,0.0,0.0,0.0,0.0,0.0,0.0,0.0,28
89446ca1ccbffff,2,2.0,2.0,1.0,0.0,10.0,0.0,0.0,0.0,0.0,0.0,0.0,0.0,0.0,0.0,0.0,0.0,53
89446ca1ccfffff,12,4.0,2.0,0.16666666666666666,0.0,9.666666666666666,0.0,0.0,0.0,0.0,0.0,0.0,0.0,0.0,0.0,0.0,0.0,16
89446ca1cd3ffff,31,6.0,2.032258064516129,0.12903225806451613,0.0967741935483871,9.451612903225806,0.0,0.0,0.0,0.0,0.0,0.0,0.0,0.0,0.0,0.0,0.0,11
89446ca1cd7ffff,1,1.0,2.0,1.0,0.0,10.0,0.0,0.0,0.0,0.0,0.0,0.0,0.0,0.0,0.0,0.0,0.0,57
89446ca1cdbffff,1,0.0,2.0,0.0,0.0,10.0,0.0,0.0,0.0,0.0,0.0,0.0,0.0,0.0,0.0,0.0,0.0,124
89446ca1d03ffff,26,11.0,2.0,0.3076923076923077,0.038461538461538464,9.684615384615386,0.0,0.0,0.0,0.0,0.0,0.0,0.0,0.0,0.0,0.0,0.0,126
89446ca1d07ffff,1,0.0,2.0,0.0,0.0,10.0,0.0,0.0,0.0,0.0,0.0,0.0,0.0,0.0,0.0,0.0,0.0,198
89446ca1d0bffff,47,37.0,2.0,0.2127659574468085,0.06382978723404255,9.617021276595745,0.0,0.0,0.0,0.0,0.0,0.0,0.0,0.0,0.0,0.0,0.0,131
89446ca1d0fffff,29,14.0,2.0344827586206895,0.3793103448275862,0.13793103448275862,9.258620689655173,0.0,0.0,0.0,0.0,0.0,0.0,0.0,0.0,0.0,0.0,0.0,577
89446ca1d13ffff,12,8.0,2.0,0.3333333333333333,0.08333333333333333,9.25,0.0,0.0,0.0,0.0,0.0,0.0,0.0,0.0,0.0,0.0,0.0,470
89446ca1d17ffff,18,7.0,2.0,0.2222222222222222,0.1111111111111111,9.777777777777779,0.0,0.0,0.0,0.0,0.0,0.0,0.0,0.0,0.0,0.0,0.0,48
89446ca1d1bffff,19,5.0,2.0,0.3684210526315789,0.10526315789473684,8.81578947368421,0.0,0.0,0.0,0.0,0.0,0.0,0.0,0.0,0.0,0.0,0.0,151
89446ca1d23ffff,74,40.0,2.027027027027027,0.22972972972972974,0.08108108108108109,9.304054054054054,0.0,0.0,0.0,0.0,0.0,0.0,0.0,0.0,0.0,0.0,0.0,315
89446ca1d27ffff,1,0.0,2.0,1.0,0.0,10.0,0.0,0.0,0.0,0.0,0.0,0.0,0.0,0.0,0.0,0.0,0.0,290
89446ca1d33ffff,22,14.0,2.0,0.36363636363636365,0.18181818181818182,8.772727272727273,0.0,0.0,0.0,0.0,0.0,0.0,0.0,0.0,0.0,0.0,0.0,390
89446ca1d37ffff,191,73.0,2.0,0.29842931937172773,0.08376963350785341,9.442105263157895,0.0,0.0,0.7853403141361257,0.0,0.0,0.0,0.0,0.0,0.0,0.0,0.0,204
89446ca1d3bffff,101,36.0,2.00990099009901,0.2376237623762376,0.06930693069306931,9.529702970297029,0.0,0.0,0.6534653465346535,0.0,0.0,0.0,0.0,0.0,0.0,0.0,0.0,484
89446ca1d43ffff,16,7.0,2.0,0.4375,0.0,9.8125,0.0,0.0,0.0,0.0,0.0,0.0,0.0,0.0,0.0,0.0,0.0,67
89446ca1d47ffff,5,3.0,2.0,0.6,0.0,9.75,0.0,0.0,0.0,0.0,0.0,0.0,0.0,0.0,0.0,0.0,0.0,219
89446ca1d4fffff,30,6.0,2.0,0.2,0.03333333333333333,9.133333333333333,0.0,0.0,0.0,0.0,0.0,0.0,0.0,0.0,0.0,0.0,0.0,120
89446ca1d53ffff,13,7.0,2.0,0.3076923076923077,0.07692307692307693,8.115384615384615,0.0,0.0,0.0,0.0,0.0,0.0,0.0,0.0,0.0,0.0,0.0,147
89446ca1d57ffff,8,4.0,2.0,0.625,0.125,8.875,0.0,0.0,0.0,0.0,0.0,0.0,0.0,0.0,0.0,0.0,0.0,116
89446ca1d5bffff,11,7.0,2.0,0.18181818181818182,0.0,8.818181818181818,0.0,0.0,0.0,0.9090909090909091,0.0,0.0,0.0,0.0,0.0,0.0,0.0,37
89446ca1d63ffff,78,27.0,2.0256410256410255,0.2948717948717949,0.02564102564102564,9.474358974358974,0.0,0.0,0.41025641025641024,0.0,0.0,0.0,0.0,0.0,0.0,0.0,0.0,562
89446ca1d67ffff,14,6.0,2.0714285714285716,0.21428571428571427,0.07142857142857142,10.0,0.0,0.0,0.0,0.0,0.0,0.0,0.0,0.0,0.0,0.0,0.0,468
89446ca1d6bffff,68,23.0,1.9852941176470589,0.2647058823529412,0.014705882352941176,8.958823529411765,0.0,0.0,0.8088235294117647,0.0,0.0,0.0,0.0,0.0,0.0,0.0,0.0,200
89446ca1d6fffff,4,0.0,2.0,0.25,0.0,9.5,0.0,0.0,0.0,0.0,0.0,0.0,0.0,0.0,0.0,0.0,0.0,208
89446ca1d73ffff,44,33.0,2.0454545454545454,0.22727272727272727,0.045454545454545456,9.795454545454545,0.20454545454545456,0.0,0.0,0.0,0.0,0.0,0.0,0.0,0.0,0.0,0.0,591
89446ca1d77ffff,358,112.0,2.016759776536313,0.23743016759776536,0.0670391061452514,9.355307262569832,0.0,0.0,0.0446927374301676,0.0,0.0,0.0,0.0,0.0,0.0,0.0,0.0,266
89446ca1d7bffff,74,32.0,2.0,0.2972972972972973,0.02702702702702703,8.773611111111112,0.0,0.0,0.8243243243243243,0.0,0.0,0.0,0.0,0.0,0.0,0.0,0.0,248
89446ca1d83ffff,46,43.0,2.0,0.2608695652173913,0.10869565217391304,9.402173913043478,0.0,0.0,0.0,0.0,0.0,0.0,0.0,0.0,0.0,0.0,0.0,415
89446ca1d8bffff,362,110.0,2.0193370165745854,0.20441988950276244,0.09944751381215469,9.313812154696132,0.0055248618784530384,0.0,0.055248618784530384,0.0,0.0,0.0,0.0,0.0,0.0,0.0,0.0,160
89446ca1d8fffff,3,2.0,2.0,0.0,0.0,10.0,0.0,0.0,0.0,0.0,0.0,0.0,0.0,0.0,0.0,0.0,0.0,442
89446ca1d93ffff,2,0.0,2.0,0.0,0.0,10.0,0.0,0.0,0.0,0.0,0.0,0.0,0.0,0.0,0.0,0.0,0.0,121
89446ca1d97ffff,28,21.0,2.0,0.03571428571428571,0.03571428571428571,10.0,0.0,0.0,0.07142857142857142,0.0,0.0,0.0,0.0,0.0,0.0,0.0,0.0,286
89446ca1d9bffff,20,12.0,2.05,0.2,0.05,9.75,0.15,0.0,0.0,0.0,0.0,0.0,0.0,0.0,0.0,0.0,0.0,483
89446ca1da3ffff,13,5.0,2.0,0.23076923076923078,0.23076923076923078,9.153846153846153,0.0,0.0,0.0,0.0,0.0,0.0,0.0,0.0,0.0,0.0,0.0,72
89446ca1da7ffff,6,1.0,2.0,0.16666666666666666,0.3333333333333333,8.083333333333334,0.0,0.0,0.0,0.0,0.0,0.0,0.0,0.0,0.0,0.0,0.0,141
89446ca1dabffff,2,1.0,2.5,0.5,0.0,5.125,0.0,0.0,0.0,0.0,0.0,0.0,0.0,0.5,0.5,0.0,0.0,79
89446ca1dafffff,21,8.0,2.0,0.14285714285714285,0.09523809523809523,9.571428571428571,0.0,0.0,0.0,0.0,0.0,0.0,0.0,0.0,0.0,0.0,0.0,306
89446ca1db3ffff,22,10.0,2.0,0.09090909090909091,0.045454545454545456,9.590909090909092,0.0,0.0,0.0,0.0,0.0,0.0,0.0,0.0,0.0,0.0,0.0,220
89446ca1db7ffff,17,8.0,2.1176470588235294,0.11764705882352941,0.11764705882352941,8.647058823529411,0.0,0.0,0.0,0.0,0.0,0.0,0.0,0.0,0.0,0.0,0.0,51
89446ca1dbbffff,4,2.0,2.0,0.0,0.0,10.0,0.0,0.0,0.0,0.0,0.0,0.0,0.0,0.25,0.25,0.0,0.0,58
89446ca1dc3ffff,133,26.0,2.0150375939849625,0.14285714285714285,0.06015037593984962,8.649230769230769,0.0,0.9624060150375939,0.518796992481203,0.43609022556390975,0.0,0.0,0.0,0.0,0.0,0.0,0.0,217
89446ca1dc7ffff,42,10.0,2.119047619047619,0.2857142857142857,0.023809523809523808,9.142857142857142,0.47619047619047616,0.0,0.0,0.0,0.0,0.0,0.0,0.0,0.0,0.0,0.0,579
89446ca1dcbffff,88,20.0,2.0,0.17045454545454544,0.10227272727272728,8.142528735632183,0.0,0.9772727272727273,0.5113636363636364,0.4431818181818182,0.0,0.0,0.0,0.0,0.0,0.0,0.0,175
89446ca1dcfffff,16,6.0,2.0,0.4375,0.25,8.8125,0.0,0.0,0.0,0.0,0.0,0.0,0.0,0.0,0.0,0.0,0.0,303
89446ca1dd3ffff,30,4.0,2.0,0.16666666666666666,0.13333333333333333,8.248275862068965,0.0,0.0,0.0,0.0,0.0,0.0,0.0,0.0,0.0,0.0,0.0,224
89446ca1dd7ffff,37,9.0,2.054054054054054,0.3783783783783784,0.02702702702702703,9.675675675675675,0.0,0.13513513513513514,0.5675675675675675,0.0,0.0,0.0,0.0,0.0,0.0,0.0,0.0,623
89446ca1ddbffff,4,2.0,2.0,0.75,0.0,7.1875,0.0,0.0,0.0,0.0,0.0,0.0,0.0,0.0,0.0,0.0,0.0,264
89446ca1e03ffff,3,1.0,2.0,0.6666666666666666,0.0,9.333333333333334,0.0,0.0,0.0,0.0,0.0,0.0,0.0,0.0,0.0,0.0,0.0,19
89446ca1e07ffff,1,0.0,2.0,0.0,0.0,9.0,0.0,0.0,0.0,0.0,0.0,0.0,0.0,0.0,0.0,0.0,0.0,19
89446ca1e0fffff,1,1.0,2.0,1.0,0.0,10.0,0.0,0.0,0.0,0.0,0.0,0.0,0.0,0.0,1.0,0.0,0.0,12
89446ca1e13ffff,6,1.0,2.0,0.6666666666666666,0.0,9.833333333333334,0.0,0.0,0.0,0.16666666666666666,0.0,0.0,0.0,0.0,0.0,0.0,0.0,24
89446ca1e1bffff,11,2.0,2.090909090909091,0.09090909090909091,0.09090909090909091,8.35,0.0,0.0,0.7272727272727273,0.0,0.0,0.0,0.0,0.0,0.0,0.0,0.0,148
89446ca1e23ffff,3,2.0,2.0,0.3333333333333333,0.0,9.0,0.0,0.0,0.0,0.0,0.0,0.0,0.0,0.0,0.0,0.0,0.0,28
89446ca1e27ffff,4,0.0,2.0,0.5,0.0,5.1,0.0,0.0,0.0,0.0,0.0,0.0,0.0,0.0,0.0,0.0,0.0,19
89446ca1e2bffff,7,5.0,2.0,0.5714285714285714,0.14285714285714285,8.833333333333334,0.0,0.0,0.0,0.0,0.0,0.0,0.0,0.0,0.0,0.0,0.0,42
89446ca1e2fffff,2,2.0,2.0,1.0,0.0,10.0,0.0,0.0,0.0,0.5,0.0,0.0,0.0,0.0,0.0,0.0,0.0,25
89446ca1e33ffff,7,2.0,2.0,0.2857142857142857,0.2857142857142857,7.033333333333334,0.0,0.14285714285714285,0.0,0.14285714285714285,0.0,0.0,0.0,0.0,0.0,0.0,0.0,15
89446ca1e3bffff,8,2.0,2.0,0.125,0.125,8.625,0.0,0.25,0.0,0.25,0.0,0.0,0.0,0.0,0.0,0.0,0.0,19
89446ca1e43ffff,1,1.0,2.0,0.0,0.0,10.0,0.0,0.0,0.0,0.0,0.0,0.0,0.0,0.0,0.0,0.0,0.0,156
89446ca1e47ffff,26,10.0,2.0,0.19230769230769232,0.038461538461538464,9.302083333333334,0.0,0.0,0.0,0.8461538461538461,0.0,0.0,0.0,0.0,0.0,0.0,0.0,133
89446ca1e4bffff,6,3.0,2.0,0.0,0.16666666666666666,7.033333333333334,0.0,0.0,0.0,0.5,0.0,0.0,0.0,0.0,0.0,0.0,0.0,21
89446ca1e4fffff,5,2.0,2.0,0.6,0.0,8.36,0.0,0.0,0.0,0.4,0.0,0.0,0.0,0.0,0.0,0.0,0.0,47
89446ca1e57ffff,118,44.0,2.0084745762711864,0.13559322033898305,0.06779661016949153,8.865625,0.0,0.7203389830508474,0.7203389830508474,0.0,0.0,0.0,0.0,0.0,0.0,0.0,0.0,59
89446ca1e5bffff,1,0.0,2.0,0.0,0.0,7.0,0.0,1.0,0.0,1.0,0.0,0.0,0.0,0.0,0.0,0.0,0.0,20
89446ca1e63ffff,21,9.0,2.0,0.19047619047619047,0.0,9.789473684210526,0.0,0.42857142857142855,0.0,0.42857142857142855,0.0,0.0,0.0,0.0,0.0,0.0,0.0,110
89446ca1e67ffff,27,14.0,2.0,0.2222222222222222,0.0,9.444444444444445,0.0,0.4444444444444444,0.4444444444444444,0.4074074074074074,0.0,0.0,0.0,0.0,0.0,0.0,0.0,108
89446ca1e6bffff,1,0.0,2.0,0.0,0.0,10.0,0.0,1.0,0.0,1.0,0.0,0.0,0.0,0.0,0.0,0.0,0.0,130
89446ca1e6fffff,73,16.0,2.0,0.2328767123287671,0.0410958904109589,8.42,0.0,0.7808219178082192,0.7808219178082192,0.0,0.0,0.0,0.0,0.0,0.0,0.0,0.0,89
89446ca1e7bffff,9,1.0,2.0,0.3333333333333333,0.0,8.88888888888889,0.0,0.0,0.0,0.6666666666666666,0.0,0.0,0.0,0.0,0.0,0.0,0.0,57
89446ca1e87ffff,2,1.0,2.0,0.5,0.0,8.0,0.0,0.0,0.0,0.0,0.0,0.0,0.0,0.0,0.0,0.0,0.0,17
89446ca1e8bffff,1,1.0,2.0,0.0,0.0,10.0,0.0,0.0,0.0,0.0,0.0,0.0,0.0,0.0,0.0,0.0,0.0,36
89446ca1e8fffff,9,3.0,2.0,0.1111111111111111,0.2222222222222222,8.355555555555556,0.0,0.0,0.0,0.0,0.0,0.0,0.0,0.0,0.0,0.0,0.0,9
89446ca1e93ffff,10,3.0,2.0,0.0,0.0,9.1,0.0,0.0,0.0,0.0,0.0,0.0,0.0,0.0,0.0,0.0,0.0,16
89446ca1e97ffff,1,0.0,2.0,0.0,0.0,10.0,0.0,0.0,0.0,0.0,0.0,0.0,0.0,0.0,0.0,0.0,0.0,49
89446ca1e9bffff,9,4.0,2.0,0.2222222222222222,0.0,8.88888888888889,0.0,0.0,0.0,0.0,0.0,0.0,0.0,0.0,0.0,0.0,0.0,25
89446ca1ea7ffff,78,40.0,2.0,0.08974358974358974,0.038461538461538464,8.778205128205128,0.0,0.0,0.717948717948718,0.0,0.0,0.0,0.0,0.0,0.0,0.0,0.0,35
89446ca1eafffff,3,3.0,2.0,0.0,0.0,10.0,0.0,0.0,0.0,0.0,0.0,0.0,0.0,0.0,0.0,0.0,0.0,96
89446ca1eb3ffff,7,4.0,2.0,0.0,0.0,9.833333333333334,0.0,0.0,0.0,0.0,0.0,0.0,0.0,0.0,0.0,0.0,0.0,102
89446ca1ec3ffff,35,10.0,2.0,0.17142857142857143,0.17142857142857143,8.071428571428571,0.0,0.8571428571428571,0.8571428571428571,0.0,0.0,0.0,0.0,0.0,0.0,0.0,0.0,70
89446ca1ecbffff,7,5.0,2.0,0.14285714285714285,0.0,9.0,0.0,0.0,0.0,0.0,0.0,0.0,0.0,0.0,0.0,0.0,0.0,88
89446ca1ecfffff,21,10.0,2.0,0.14285714285714285,0.14285714285714285,8.452380952380953,0.0,0.0,0.0,0.0,0.0,0.0,0.0,0.0,0.0,0.0,0.0,171
89446ca1ed3ffff,20,7.0,2.0,0.25,0.1,9.375,0.0,0.0,0.0,0.0,0.0,0.0,0.0,0.0,0.0,0.0,0.0,69
89446ca1ed7ffff,12,3.0,2.0,0.25,0.0,9.666666666666666,0.0,0.0,0.0,0.5833333333333334,0.0,0.0,0.0,0.0,0.0,0.0,0.0,67
89446ca1edbffff,10,4.0,2.0,0.4,0.2,8.4,0.0,0.1,0.1,0.0,0.0,0.0,0.0,0.0,0.0,0.0,0.0,90
89446ca4353ffff,1,0.0,2.0,1.0,0.0,10.0,0.0,0.0,0.0,0.0,0.0,0.0,0.0,0.0,0.0,0.0,0.0,1
89446ca43cfffff,1,0.0,2.0,1.0,0.0,10.0,0.0,0.0,0.0,0.0,0.0,0.0,0.0,0.0,0.0,0.0,0.0,1
89446ca454bffff,1,0.0,2.0,0.0,0.0,6.0,0.0,0.0,0.0,1.0,0.0,0.0,0.0,0.0,0.0,0.0,0.0,0
89446ca4613ffff,3,2.0,2.0,0.3333333333333333,0.3333333333333333,8.333333333333334,0.0,0.0,0.0,1.0,0.0,0.0,0.0,0.0,0.0,0.0,0.0,3
89446ca461bffff,3,2.0,2.0,0.6666666666666666,0.6666666666666666,7.333333333333333,0.0,0.0,0.6666666666666666,0.0,0.0,0.0,0.0,0.0,0.0,0.0,0.0,25
89446ca4653ffff,1,0.0,2.0,0.0,0.0,10.0,0.0,0.0,0.0,0.0,0.0,0.0,0.0,0.0,0.0,0.0,0.0,22
89446ca46cfffff,22,1.0,2.0,0.22727272727272727,0.22727272727272727,8.55909090909091,0.0,0.0,1.0,0.0,0.0,0.0,0.0,0.0,0.0,0.0,0.0,4
89446ca4a7bffff,1,0.0,2.0,0.0,0.0,9.0,0.0,0.0,1.0,0.0,0.0,0.0,0.0,0.0,0.0,0.0,0.0,0
89446ca5003ffff,25,6.0,2.0,0.32,0.08,9.64,0.0,0.0,0.0,0.0,0.0,0.0,0.0,0.0,0.0,0.0,0.04,45
89446ca5007ffff,1,0.0,2.0,1.0,0.0,10.0,0.0,0.0,1.0,0.0,0.0,0.0,0.0,0.0,0.0,0.0,0.0,27
89446ca500fffff,1,0.0,2.0,0.0,0.0,10.0,0.0,0.0,0.0,0.0,0.0,0.0,0.0,0.0,0.0,0.0,0.0,27
89446ca5013ffff,42,11.0,2.0,0.2857142857142857,0.14285714285714285,9.136585365853659,0.0,0.0,0.7380952380952381,0.0,0.0,0.0,0.0,0.0,0.0,0.0,0.0,235
89446ca501bffff,1,1.0,2.0,0.0,0.0,10.0,0.0,0.0,0.0,0.0,0.0,0.0,0.0,0.0,0.0,0.0,0.0,91
89446ca502bffff,2,0.0,2.0,0.0,0.0,10.0,0.0,0.0,0.0,0.0,0.0,0.0,0.0,0.0,0.0,0.0,0.0,76
89446ca503bffff,1,0.0,2.0,0.0,0.0,10.0,0.0,0.0,0.0,0.0,0.0,0.0,0.0,0.0,0.0,0.0,0.0,4
89446ca5053ffff,1,0.0,2.0,0.0,0.0,10.0,0.0,0.0,0.0,0.0,0.0,0.0,0.0,0.0,0.0,0.0,0.0,23
89446ca5057ffff,1,0.0,2.0,0.0,0.0,10.0,0.0,0.0,0.0,0.0,0.0,0.0,0.0,0.0,0.0,0.0,0.0,2
89446ca505bffff,1,1.0,2.0,1.0,0.0,6.0,0.0,0.0,0.0,0.0,0.0,0.0,0.0,0.0,0.0,0.0,0.0,10
89446ca5063ffff,1,0.0,2.0,0.0,0.0,10.0,0.0,0.0,0.0,0.0,0.0,0.0,0.0,0.0,0.0,0.0,0.0,0
89446ca5083ffff,11,0.0,2.0,0.18181818181818182,0.09090909090909091,9.818181818181818,0.0,0.0,0.9090909090909091,0.0,0.0,0.0,0.0,0.0,0.0,0.0,0.0,220
89446ca5087ffff,10,3.0,2.0,0.1,0.0,8.9,0.0,0.9,0.9,0.0,0.0,0.0,0.0,0.0,0.0,0.0,0.0,13
89446ca508bffff,186,45.0,2.010752688172043,0.1774193548387097,0.11827956989247312,9.420698924731182,0.0,0.8870967741935484,0.8870967741935484,0.0,0.0,0.0,0.0,0.0,0.0,0.0,0.0,96
89446ca5093ffff,3,0.0,2.0,0.3333333333333333,0.0,10.0,0.0,0.0,0.0,1.0,0.0,0.0,0.0,0.0,0.0,0.0,0.0,119
89446ca5097ffff,1,0.0,2.0,0.0,0.0,10.0,0.0,0.0,0.0,0.0,0.0,0.0,0.0,0.0,0.0,0.0,0.0,57
89446ca509bffff,20,6.0,2.0,0.3,0.0,9.65,0.0,0.0,0.85,0.0,0.0,0.0,0.0,0.0,0.0,0.0,0.0,269
89446ca50c3ffff,10,3.0,2.1,0.4,0.1,10.0,0.0,0.0,1.0,0.0,0.0,0.0,0.0,0.0,0.0,0.0,0.0,44
89446ca50c7ffff,23,9.0,2.0,0.34782608695652173,0.043478260869565216,9.869565217391305,0.0,0.0,0.9565217391304348,0.0,0.0,0.0,0.0,0.0,0.0,0.0,0.0,239
89446ca50cbffff,12,6.0,2.0,0.08333333333333333,0.08333333333333333,9.416666666666666,0.0,0.0,0.0,0.4166666666666667,0.0,0.0,0.0,0.0,0.0,0.0,0.0,31
89446ca50d3ffff,2,1.0,2.0,0.0,0.0,6.25,0.0,0.0,0.0,0.0,0.0,0.0,0.0,0.0,0.0,0.0,0.0,30
89446ca50dbffff,7,6.0,2.0,0.42857142857142855,0.0,8.857142857142858,0.0,0.0,0.0,0.0,0.0,0.0,0.0,0.0,0.0,0.0,0.0,38
89446ca5203ffff,9,4.0,2.0,0.2222222222222222,0.2222222222222222,9.666666666666666,0.0,0.0,0.0,0.0,0.0,0.0,0.0,0.0,0.0,0.0,0.0,48
89446ca5207ffff,6,0.0,2.0,0.3333333333333333,0.16666666666666666,9.166666666666666,0.0,0.0,0.0,0.0,0.0,0.0,0.0,0.0,0.0,0.0,0.0,134
89446ca520bffff,1,0.0,2.0,0.0,0.0,10.0,0.0,0.0,0.0,0.0,0.0,0.0,0.0,0.0,0.0,0.0,0.0,43
89446ca520fffff,24,8.0,2.0,0.16666666666666666,0.0,9.875,0.0,0.0,0.75,0.0,0.0,0.0,0.0,0.0,0.0,0.0,0.0,28
89446ca5213ffff,13,4.0,2.0,0.15384615384615385,0.0,8.246153846153847,0.0,0.0,0.0,0.23076923076923078,0.0,0.0,0.0,0.0,0.0,0.0,0.0,19
89446ca5217ffff,1,1.0,2.0,0.0,0.0,8.0,0.0,0.0,0.0,0.0,0.0,0.0,0.0,0.0,0.0,0.0,0.0,79
89446ca521bffff,3,0.0,2.0,0.0,0.3333333333333333,10.0,0.0,0.0,0.0,0.0,0.0,0.0,0.0,0.0,0.0,0.0,0.0,38
89446ca5223ffff,26,6.0,2.0,0.15384615384615385,0.15384615384615385,8.238461538461538,0.0,0.0,0.0,0.5384615384615384,0.0,0.0,0.0,0.0,0.0,0.0,0.0,115
89446ca5227ffff,11,7.0,2.0,0.2727272727272727,0.18181818181818182,8.727272727272727,0.0,0.0,0.0,0.8181818181818182,0.0,0.0,0.0,0.0,0.0,0.0,0.0,54
89446ca522bffff,10,1.0,2.0,0.3,0.2,8.48,0.0,0.0,0.0,0.0,0.0,0.0,0.0,0.0,0.0,0.0,0.0,43
89446ca522fffff,8,4.0,2.0,0.375,0.125,9.625,0.0,0.0,0.0,0.0,0.0,0.0,0.0,0.0,0.0,0.0,0.0,64
89446ca5233ffff,75,22.0,2.026666666666667,0.2,0.02666666666666667,9.68,0.0,0.0,0.96,0.0,0.0,0.0,0.0,0.0,0.0,0.0,0.0,61
89446ca5237ffff,4,0.0,2.0,0.0,0.0,8.25,0.0,0.0,0.0,0.0,0.0,0.0,0.0,0.0,0.0,0.0,0.0,126
89446ca523bffff,7,5.0,2.0,0.14285714285714285,0.14285714285714285,8.678571428571429,0.0,0.0,0.0,0.0,0.0,0.0,0.0,0.0,0.0,0.0,0.0,142
89446ca5243ffff,1,1.0,2.0,1.0,0.0,0.5,0.0,0.0,0.0,0.0,0.0,0.0,0.0,0.0,0.0,0.0,0.0,75
89446ca5247ffff,1,1.0,2.0,0.0,0.0,10.0,0.0,0.0,0.0,0.0,0.0,0.0,0.0,0.0,0.0,0.0,0.0,56
89446ca524bffff,3,1.0,2.0,0.3333333333333333,0.0,8.0,0.0,0.0,0.0,0.0,0.0,0.0,0.0,0.0,0.0,0.0,0.0,84
89446ca524fffff,43,8.0,2.0,0.20930232558139536,0.06976744186046512,9.55813953488372,0.0,0.8372093023255814,0.8372093023255814,0.11627906976744186,0.0,0.0,0.0,0.0,0.0,0.0,0.0,43
89446ca5257ffff,2,0.0,2.0,0.0,0.0,10.0,0.0,0.0,0.0,0.0,0.0,0.0,0.0,0.0,0.0,0.0,0.0,19
89446ca525bffff,26,5.0,2.0,0.07692307692307693,0.11538461538461539,9.807692307692308,0.0,0.0,0.0,0.0,0.0,0.0,0.0,0.0,0.0,0.0,0.0,29
89446ca5263ffff,3,3.0,2.0,0.0,0.0,9.666666666666666,0.0,0.0,0.0,0.0,0.0,0.0,0.0,0.0,0.0,0.0,0.0,13
89446ca526bffff,3,2.0,2.0,0.3333333333333333,0.0,10.0,0.0,0.0,0.0,0.0,0.0,0.0,0.0,0.0,0.0,0.0,0.0,34
89446ca5273ffff,4,1.0,2.0,0.0,0.0,8.75,0.0,0.0,0.0,0.25,0.0,0.0,0.0,0.0,0.0,0.0,0.0,35
89446ca5277ffff,1,1.0,2.0,1.0,0.0,10.0,0.0,0.0,0.0,0.0,0.0,0.0,0.0,0.0,0.0,0.0,0.0,48
89446ca527bffff,5,3.0,2.2,0.0,0.2,9.0,0.0,0.0,0.0,0.0,0.0,0.0,0.0,0.0,0.0,0.0,0.0,79
89446ca5283ffff,23,11.0,2.0,0.21739130434782608,0.08695652173913043,9.608695652173912,0.0,0.9130434782608695,0.0,0.9130434782608695,0.0,0.0,0.0,0.0,0.0,0.0,0.0,46
89446ca5287ffff,1,1.0,2.0,0.0,0.0,10.0,0.0,0.0,0.0,0.0,0.0,0.0,0.0,0.0,0.0,0.0,0.0,58
89446ca528fffff,6,1.0,2.0,0.3333333333333333,0.16666666666666666,9.166666666666666,0.0,0.0,0.0,1.0,0.0,0.0,0.0,0.0,0.0,0.0,0.0,65
89446ca5293ffff,37,37.0,2.0,0.32432432432432434,0.0,10.0,0.0,0.0,0.0,0.0,0.0,0.0,0.0,0.0,0.0,0.0,0.0,238
89446ca529bffff,2,1.0,2.0,0.0,0.0,10.0,0.0,0.0,0.0,0.0,0.0,0.0,0.0,0.0,0.0,0.0,0.0,111
89446ca52a7ffff,1,0.0,2.0,1.0,1.0,2.5,0.0,0.0,0.0,0.0,0.0,0.0,0.0,0.0,0.0,0.0,0.0,23
89446ca52abffff,18,11.0,2.0,0.2222222222222222,0.05555555555555555,9.61111111111111,0.0,0.0,0.0,0.6666666666666666,0.0,0.0,0.0,0.0,0.0,0.0,0.0,109
89446ca52b3ffff,2,2.0,2.0,0.0,0.0,10.0,0.0,0.0,0.0,0.0,0.0,0.0,0.0,0.0,0.0,0.0,0.0,28
89446ca52bbffff,27,8.0,2.0,0.3333333333333333,0.1111111111111111,8.833333333333334,0.0,0.0,0.0,0.8518518518518519,0.0,0.0,0.0,0.0,0.0,0.0,0.0,28
89446ca52cfffff,13,2.0,2.0,0.23076923076923078,0.15384615384615385,9.153846153846153,0.0,0.0,0.0,0.0,0.0,0.0,0.0,0.0,0.0,0.0,0.0,5
89446ca52d3ffff,5,1.0,2.0,0.0,0.0,10.0,0.0,0.0,0.0,0.0,0.0,0.0,0.0,0.0,0.0,0.0,0.0,29
89446ca52d7ffff,1,1.0,2.0,1.0,1.0,10.0,0.0,0.0,0.0,0.0,0.0,0.0,0.0,0.0,0.0,0.0,0.0,7
89446ca5303ffff,1,1.0,2.0,0.0,1.0,10.0,0.0,0.0,0.0,0.0,0.0,0.0,0.0,0.0,0.0,0.0,0.0,32
89446ca5307ffff,31,11.0,2.0,0.22580645161290322,0.0967741935483871,9.566666666666666,0.0,0.0,0.967741935483871,0.0,0.0,0.0,0.0,0.0,0.0,0.0,0.0,3
89446ca5317ffff,1,0.0,3.0,0.0,0.0,10.0,0.0,0.0,0.0,0.0,0.0,0.0,0.0,0.0,0.0,0.0,0.0,52
89446ca5323ffff,15,5.0,2.0,0.4666666666666667,0.13333333333333333,9.666666666666666,0.0,0.0,0.0,0.0,0.0,0.0,0.0,0.0,0.0,0.0,0.0,77
89446ca532bffff,10,2.0,2.0,0.0,0.0,9.9,0.0,0.0,0.0,0.0,0.0,0.0,0.0,0.0,0.0,0.0,0.0,88
89446ca532fffff,66,18.0,2.0303030303030303,0.30303030303030304,0.07575757575757576,9.340909090909092,0.0,0.0,0.8939393939393939,0.0,0.0,0.0,0.0,0.0,0.0,0.0,0.0,26
89446ca533bffff,1,0.0,2.0,1.0,0.0,10.0,0.0,0.0,0.0,0.0,0.0,0.0,0.0,0.0,0.0,0.0,0.0,56
89446ca5343ffff,1,1.0,2.0,0.0,0.0,10.0,0.0,0.0,0.0,0.0,0.0,0.0,0.0,0.0,0.0,0.0,0.0,19
89446ca534bffff,1,0.0,2.0,1.0,0.0,10.0,0.0,0.0,0.0,0.0,0.0,0.0,0.0,0.0,0.0,0.0,0.0,41
89446ca534fffff,1,1.0,2.0,0.0,0.0,10.0,0.0,0.0,0.0,0.0,0.0,0.0,0.0,0.0,0.0,0.0,0.0,2
89446ca5353ffff,3,2.0,2.0,0.0,0.3333333333333333,8.333333333333334,0.0,0.0,0.0,0.0,0.0,0.0,0.0,0.0,0.0,0.0,0.0,27
89446ca5357ffff,1,0.0,2.0,0.0,1.0,9.0,0.0,0.0,0.0,0.0,0.0,0.0,0.0,0.0,0.0,0.0,0.0,5
89446ca535bffff,13,2.0,2.0,0.15384615384615385,0.0,9.461538461538462,0.0,0.0,1.0,0.0,0.0,0.0,0.0,0.0,0.0,0.0,0.0,27
89446ca5363ffff,3,1.0,2.0,0.0,0.0,8.333333333333334,0.0,0.0,0.0,0.0,0.0,0.0,0.0,0.0,0.0,0.0,0.0,7
89446ca5367ffff,5,2.0,2.0,0.2,0.0,10.0,0.0,0.0,0.0,0.0,0.0,0.0,0.0,0.0,0.0,0.0,0.0,15
89446ca536fffff,1,1.0,2.0,0.0,0.0,10.0,0.0,0.0,0.0,0.0,0.0,0.0,0.0,0.0,0.0,0.0,0.0,9
89446ca5373ffff,1,1.0,2.0,0.0,0.0,6.0,0.0,0.0,0.0,0.0,0.0,0.0,0.0,0.0,0.0,0.0,0.0,3
89446ca5383ffff,7,3.0,2.0,0.14285714285714285,0.14285714285714285,8.714285714285714,0.0,0.0,0.0,0.0,0.0,0.0,0.0,0.0,0.0,0.0,0.0,110
89446ca538fffff,20,5.0,2.0,0.15,0.15,9.26,0.0,0.0,1.0,0.0,0.0,0.0,0.0,0.0,0.0,0.0,0.0,8
89446ca5393ffff,75,23.0,2.0,0.22666666666666666,0.2,8.963999999999999,0.0,0.0,0.9733333333333334,0.0,0.0,0.0,0.0,0.0,0.0,0.0,0.0,24
89446ca539bffff,15,4.0,2.0,0.13333333333333333,0.0,9.366666666666667,0.0,0.0,0.0,0.0,0.0,0.0,0.0,0.0,0.0,0.0,0.0,83
89446ca53c3ffff,2,1.0,2.0,0.0,0.0,10.0,0.0,0.0,0.0,0.0,0.0,0.0,0.0,0.0,0.0,0.0,0.0,26
89446ca53c7ffff,1,1.0,2.0,0.0,0.0,10.0,0.0,0.0,0.0,0.0,0.0,0.0,0.0,0.0,0.0,0.0,0.0,4
89446ca53cfffff,1,0.0,2.0,0.0,0.0,10.0,0.0,0.0,0.0,0.0,0.0,0.0,0.0,0.0,0.0,0.0,0.0,7
89446ca53d3ffff,9,3.0,2.0,0.0,0.0,9.11111111111111,0.0,0.0,0.0,0.0,0.0,0.0,0.0,0.0,0.0,0.0,0.0,18
89446ca53d7ffff,1,1.0,2.0,1.0,0.0,10.0,0.0,0.0,0.0,0.0,0.0,0.0,0.0,0.0,0.0,0.0,0.0,27
89446ca53dbffff,14,5.0,2.0,0.0,0.07142857142857142,8.8,0.0,0.0,0.0,0.0,0.0,0.0,0.0,0.0,0.0,0.0,0.0,16
89446ca540bffff,11,6.0,2.1818181818181817,0.18181818181818182,0.0,9.909090909090908,0.0,0.0,0.9090909090909091,0.0,0.0,0.0,0.0,0.0,0.0,0.0,0.0,13
89446ca541bffff,1,1.0,2.0,0.0,0.0,10.0,0.0,0.0,0.0,0.0,0.0,0.0,0.0,0.0,0.0,0.0,0.0,11
89446ca5423ffff,9,5.0,2.0,0.3333333333333333,0.0,8.166666666666666,0.0,0.0,0.0,0.5555555555555556,0.0,0.0,0.0,0.0,0.0,0.0,0.0,24
89446ca5427ffff,5,1.0,2.2,0.2,0.2,6.959999999999999,0.0,0.0,0.0,0.0,0.0,0.0,0.0,0.0,0.0,0.0,0.0,51
89446ca542bffff,9,4.0,2.0,0.0,0.0,9.666666666666666,0.0,0.0,0.0,0.6666666666666666,0.0,0.0,0.0,0.0,0.0,0.0,0.0,92
89446ca542fffff,10,1.0,2.0,0.3,0.1,9.7,0.0,0.0,0.0,0.0,0.0,0.0,0.0,0.0,0.0,0.0,0.0,49
89446ca5463ffff,7,3.0,2.0,0.2857142857142857,0.2857142857142857,9.857142857142858,0.0,0.0,0.14285714285714285,0.0,0.0,0.0,0.0,0.0,0.0,0.0,0.0,86
89446ca5467ffff,68,13.0,2.0,0.23529411764705882,0.10294117647058823,9.602941176470589,0.0,0.0,1.0,0.0,0.0,0.0,0.0,0.0,0.0,0.0,0.0,42
89446ca546bffff,3,2.0,2.0,0.0,0.0,7.666666666666667,0.0,0.0,0.0,0.0,0.0,0.0,0.0,0.0,0.0,0.0,0.0,19
89446ca546fffff,1,0.0,2.0,0.0,0.0,10.0,0.0,0.0,0.0,0.0,0.0,0.0,0.0,0.0,0.0,0.0,1.0,100
89446ca5473ffff,12,5.0,2.0,0.25,0.08333333333333333,10.0,0.0,0.0,0.0,1.0,0.0,0.0,0.0,0.0,0.0,0.0,0.0,20
89446ca5477ffff,2,2.0,2.0,0.0,0.0,10.0,0.0,0.0,0.0,0.0,0.0,0.0,0.0,0.0,0.0,0.0,0.0,96
89446ca5487ffff,1,0.0,2.0,0.0,0.0,10.0,0.0,0.0,0.0,0.0,0.0,0.0,0.0,0.0,0.0,0.0,0.0,0
89446ca54b7ffff,4,2.0,2.25,0.5,0.5,7.5,0.0,0.0,1.0,0.0,0.0,0.0,0.0,0.0,0.0,0.0,0.0,0
89446ca54c3ffff,21,10.0,2.0952380952380953,0.19047619047619047,0.09523809523809523,8.428571428571429,0.0,0.0,0.0,0.0,0.0,0.0,0.0,0.0,0.0,0.0,0.0,38
89446ca54cbffff,4,1.0,2.25,0.25,0.0,10.0,1.0,0.0,0.0,0.0,0.0,0.0,0.0,0.0,0.0,0.0,0.0,22
89446ca54d7ffff,34,5.0,2.088235294117647,0.2647058823529412,0.058823529411764705,9.0,0.0,0.0,0.14705882352941177,0.0,0.0,0.0,0.0,0.0,0.0,0.0,0.0,21
89446ca551bffff,1,0.0,2.0,1.0,1.0,2.5,0.0,0.0,0.0,0.0,0.0,0.0,0.0,0.0,0.0,0.0,0.0,0
89446ca554bffff,1,0.0,2.0,0.0,0.0,10.0,0.0,0.0,0.0,0.0,0.0,0.0,0.0,0.0,0.0,0.0,0.0,33
89446ca555bffff,22,6.0,2.0,0.18181818181818182,0.13636363636363635,8.761363636363637,0.0,0.0,0.9545454545454546,0.0,0.0,0.0,0.0,0.0,0.0,0.0,0.0,17
89446ca5597ffff,3,1.0,2.0,0.3333333333333333,0.0,10.0,0.0,0.0,0.0,1.0,0.0,0.0,0.0,0.0,0.0,0.0,0.0,0
89446ca55cbffff,10,7.0,2.0,0.8,0.0,9.1,0.0,0.0,0.0,0.7,0.0,0.0,0.0,0.0,0.0,0.0,0.0,6
89446ca55dbffff,1,0.0,2.0,0.0,0.0,10.0,0.0,0.0,0.0,0.0,0.0,0.0,0.0,0.0,0.0,0.0,0.0,10
89446ca5603ffff,5,1.0,2.0,0.2,0.0,10.0,0.0,0.0,0.0,0.0,0.0,0.0,0.0,0.0,0.0,0.0,0.0,21
89446ca5607ffff,4,1.0,2.0,0.5,0.25,9.25,0.0,0.0,1.0,0.0,0.0,0.0,0.0,0.0,0.0,0.0,0.0,13
89446ca560bffff,16,4.0,2.0,0.125,0.0625,9.1375,0.0,0.0,0.8125,0.0,0.0,0.0,0.0,0.0,0.0,0.0,0.0,17
89446ca561bffff,1,1.0,2.0,0.0,0.0,10.0,0.0,0.0,0.0,0.0,0.0,0.0,0.0,0.0,0.0,0.0,0.0,48
89446ca5623ffff,15,9.0,2.0,0.0,0.0,10.0,0.0,0.0,0.4,0.4666666666666667,0.0,0.0,0.0,0.0,0.0,0.0,0.0,180
89446ca5627ffff,9,1.0,2.0,0.1111111111111111,0.1111111111111111,9.333333333333334,0.0,0.0,0.0,0.1111111111111111,0.0,0.0,0.0,0.0,0.0,0.0,0.0,33
89446ca562bffff,163,96.0,2.0061349693251533,0.3067484662576687,0.06748466257668712,9.640797546012271,0.0,0.0,0.50920245398773,0.2147239263803681,0.0,0.0,0.0,0.0,0.0,0.0,0.0,106
89446ca5637ffff,4,1.0,2.0,0.0,0.0,9.25,0.0,0.0,0.0,0.0,0.0,0.0,0.0,0.0,0.0,0.0,0.0,44
89446ca563bffff,4,4.0,2.0,0.0,0.25,7.5625,0.0,0.0,0.0,0.0,0.0,0.0,0.0,0.0,0.0,0.0,0.0,182
89446ca5643ffff,1,0.0,2.0,0.0,0.0,10.0,0.0,0.0,0.0,0.0,0.0,0.0,0.0,0.0,0.0,0.0,0.0,12
89446ca564bffff,1,0.0,2.0,1.0,0.0,10.0,0.0,0.0,0.0,0.0,0.0,0.0,0.0,0.0,0.0,0.0,0.0,87
89446ca564fffff,1,1.0,2.0,1.0,1.0,9.0,0.0,0.0,0.0,0.0,0.0,0.0,0.0,0.0,0.0,0.0,0.0,11
89446ca5653ffff,2,1.0,2.0,0.0,0.0,6.5,0.0,0.0,0.0,0.0,0.0,0.0,0.0,0.0,0.0,0.0,0.0,13
89446ca5657ffff,6,5.0,2.0,0.0,0.0,10.0,0.0,0.0,0.0,0.0,0.0,0.0,0.0,0.0,0.0,0.0,0.0,21
89446ca565bffff,2,2.0,2.0,0.0,0.0,10.0,0.0,0.0,0.0,0.0,0.0,0.0,0.0,0.0,0.0,0.0,0.0,54
89446ca5663ffff,10,6.0,2.0,0.5,0.1,9.05,0.0,0.0,0.4,0.1,0.0,0.0,0.0,0.0,0.0,0.0,0.0,86
89446ca5667ffff,50,29.0,2.0,0.28,0.04,9.68,0.0,0.0,0.52,0.0,0.0,0.0,0.0,0.0,0.0,0.0,0.0,212
89446ca566bffff,28,7.0,2.0,0.21428571428571427,0.10714285714285714,8.946428571428571,0.0,0.0,0.9285714285714286,0.0,0.0,0.0,0.0,0.0,0.0,0.0,0.0,18
89446ca5673ffff,5,2.0,2.0,0.2,0.0,8.8,0.0,0.0,0.0,0.0,0.0,0.0,0.0,0.0,0.0,0.0,0.0,29
89446ca567bffff,3,3.0,2.0,0.6666666666666666,0.0,10.0,0.0,0.0,0.0,0.0,0.0,0.0,0.0,0.0,0.0,0.0,0.0,44
89446ca568bffff,25,8.0,2.04,0.16,0.0,9.1,0.0,0.0,0.0,0.0,0.0,0.0,0.0,0.0,0.0,0.0,0.0,25
89446ca569bffff,2,1.0,2.0,0.0,0.0,8.0,0.0,0.0,0.0,0.0,0.0,0.0,0.0,0.0,0.0,0.0,0.0,83
89446ca56a7ffff,9,3.0,2.111111111111111,0.0,0.0,9.555555555555555,0.0,0.0,0.6666666666666666,0.0,0.0,0.0,0.0,0.0,0.0,0.0,0.0,13
89446ca56abffff,4,2.0,2.0,0.0,0.25,9.25,0.0,0.0,0.25,0.0,0.0,0.0,0.0,0.0,0.0,0.0,0.0,5
89446ca56afffff,1,1.0,2.0,1.0,0.0,10.0,0.0,0.0,0.0,0.0,0.0,0.0,0.0,0.0,0.0,0.0,0.0,24
89446ca56b3ffff,2,2.0,2.0,0.5,0.0,10.0,0.0,0.0,0.0,0.0,0.0,0.0,0.0,0.0,0.0,0.0,0.0,0
89446ca56c3ffff,1,1.0,2.0,0.0,0.0,10.0,0.0,0.0,0.0,0.0,0.0,0.0,0.0,0.0,0.0,0.0,0.0,45
89446ca56c7ffff,20,7.0,2.0,0.2,0.2,8.2,0.0,0.0,0.85,0.0,0.0,0.0,0.0,0.0,0.0,0.0,0.0,31
89446ca56cbffff,3,2.0,2.0,0.0,0.0,8.666666666666666,0.0,0.0,0.0,0.0,0.0,0.0,0.0,0.0,0.0,0.0,0.0,26
89446ca56cfffff,1,0.0,2.0,0.0,0.0,10.0,0.0,0.0,0.0,0.0,0.0,0.0,0.0,0.0,0.0,0.0,0.0,33
89446ca56d7ffff,3,2.0,2.0,0.0,0.3333333333333333,10.0,0.0,0.0,0.0,0.0,0.0,0.0,0.0,0.0,0.0,0.0,0.0,48
89446ca56dbffff,18,7.0,2.0,0.3333333333333333,0.05555555555555555,7.888888888888889,0.0,0.0,0.0,0.6111111111111112,0.0,0.0,0.0,0.0,0.0,0.0,0.0,78
89446ca5807ffff,1,1.0,2.0,0.0,0.0,7.0,0.0,0.0,0.0,0.0,0.0,0.0,0.0,0.0,0.0,0.0,0.0,51
89446ca5817ffff,5,3.0,2.0,0.4,0.2,8.2,0.0,0.0,0.0,0.0,0.0,0.0,0.0,0.0,0.0,0.0,0.0,39
89446ca5827ffff,1,0.0,2.0,0.0,0.0,9.0,0.0,0.0,0.0,0.0,0.0,0.0,0.0,0.0,0.0,0.0,0.0,4
89446ca582fffff,3,2.0,2.0,0.3333333333333333,0.3333333333333333,8.666666666666666,0.0,0.0,1.0,0.0,0.0,0.0,0.0,0.0,0.0,0.0,0.0,1
89446ca5833ffff,38,10.0,2.0,0.15789473684210525,0.07894736842105263,8.175675675675675,0.0,0.0,1.0,0.0,0.0,0.0,0.0,0.0,0.0,0.0,0.0,10
89446ca5837ffff,1,1.0,2.0,1.0,0.0,7.0,0.0,0.0,0.0,0.0,0.0,0.0,0.0,0.0,0.0,0.0,0.0,42
89446ca5883ffff,1,1.0,2.0,1.0,0.0,6.0,0.0,0.0,0.0,0.0,0.0,0.0,0.0,0.0,0.0,0.0,0.0,244
89446ca5887ffff,53,10.0,2.018867924528302,0.20754716981132076,0.0,7.690196078431373,0.0,0.9622641509433962,0.9622641509433962,0.0,0.0,0.0,0.0,0.0,0.0,0.0,0.0,146
89446ca588bffff,9,1.0,2.0,0.4444444444444444,0.1111111111111111,6.777777777777778,0.0,0.0,0.0,1.0,0.0,0.0,0.0,0.0,0.0,0.0,0.0,60
89446ca5893ffff,21,8.0,2.9523809523809526,0.23809523809523808,0.09523809523809523,9.19047619047619,0.0,0.09523809523809523,0.09523809523809523,0.0,0.0,0.0,0.0,0.0,0.0,0.0,0.0,168
89446ca5897ffff,113,42.0,2.911504424778761,0.1504424778761062,0.08849557522123894,9.410714285714286,0.008849557522123894,0.02654867256637168,0.02654867256637168,0.0,0.0,0.0,0.0,0.0,0.0,0.0,0.0,99
89446ca589bffff,48,14.0,2.3541666666666665,0.2916666666666667,0.020833333333333332,9.366666666666667,0.0,0.0,0.0,0.0,0.0,0.0,0.0,0.0,0.0,0.0,0.0,42
89446ca58abffff,8,4.0,2.0,0.25,0.125,8.875,0.0,0.0,0.0,0.0,0.0,0.0,0.0,0.0,0.0,0.0,0.0,74
89446ca58b3ffff,2,0.0,2.0,0.5,0.0,8.0,0.0,0.0,0.0,0.0,0.0,0.0,0.0,0.0,0.0,0.0,0.0,84
89446ca58b7ffff,1,0.0,2.0,0.0,0.0,8.0,0.0,0.0,0.0,0.0,0.0,0.0,0.0,0.0,0.0,0.0,0.0,3
89446ca58bbffff,30,10.0,2.0,0.23333333333333334,0.16666666666666666,7.633333333333334,0.0,0.0,0.8333333333333334,0.0,0.0,0.0,0.0,0.0,0.0,0.0,0.0,68
89446ca58c3ffff,3,0.0,2.0,0.3333333333333333,0.0,8.0,0.0,0.0,0.0,0.0,0.0,0.0,0.0,0.0,0.0,0.0,0.0,22
89446ca58c7ffff,1,1.0,2.0,0.0,0.0,9.0,0.0,0.0,0.0,0.0,0.0,0.0,0.0,0.0,0.0,0.0,0.0,22
89446ca58cbffff,3,2.0,2.0,0.0,0.0,10.0,0.0,0.0,0.0,0.0,0.0,0.0,0.0,0.0,0.0,0.0,0.0,9
89446ca58d3ffff,6,2.0,2.5,0.3333333333333333,0.0,8.25,0.0,0.0,0.0,0.0,0.0,0.0,0.0,0.0,0.0,0.0,0.0,16
89446ca58d7ffff,10,0.0,3.1,0.4,0.0,8.23,0.0,0.0,0.0,0.0,0.0,0.0,0.0,0.0,0.0,0.0,0.0,68
89446ca58dbffff,2,1.0,3.0,0.0,0.0,10.0,0.0,0.0,0.0,0.0,0.0,0.0,0.0,0.0,0.0,0.0,0.0,57
89446ca594bffff,3,3.0,2.0,0.0,0.0,8.0,0.0,0.0,1.0,0.0,0.0,0.0,0.0,0.0,0.0,0.0,0.0,0
89446ca598fffff,1,1.0,2.0,0.0,0.0,9.0,0.0,0.0,1.0,0.0,0.0,0.0,0.0,0.0,0.0,0.0,1.0,0
89446ca599bffff,7,2.0,2.0,0.7142857142857143,0.0,7.857142857142857,0.0,0.0,0.8571428571428571,0.0,0.0,0.0,0.0,0.0,0.0,0.0,0.0,5
89446ca59d7ffff,5,1.0,2.0,0.2,0.0,9.0,0.0,0.0,0.0,1.0,0.0,0.0,0.0,0.0,0.0,0.0,0.0,7
89446ca59dbffff,3,1.0,2.0,0.3333333333333333,0.0,10.0,0.0,0.0,0.0,0.6666666666666666,0.0,0.0,0.0,0.0,0.0,0.0,0.0,1
89446ca5a4fffff,1,0.0,2.0,1.0,0.0,10.0,0.0,0.0,0.0,0.0,0.0,0.0,0.0,0.0,0.0,0.0,0.0,1
89446ca5a53ffff,2,0.0,2.0,0.5,0.0,9.0,0.0,0.0,0.0,0.0,0.0,0.0,0.0,0.0,0.0,0.0,0.0,0
89446ca5b53ffff,3,2.0,2.0,0.0,0.3333333333333333,7.0,0.0,0.0,0.0,0.0,0.0,0.0,0.0,0.0,0.0,0.0,0.0,2
89446ca5b5bffff,2,1.0,2.0,0.0,0.0,7.5,0.0,0.0,0.0,0.0,0.0,0.0,0.0,0.0,0.0,0.0,0.0,3
89446ca5c2fffff,6,3.0,2.3333333333333335,0.16666666666666666,0.0,10.0,0.0,0.3333333333333333,0.3333333333333333,0.0,0.0,0.0,0.0,0.0,0.0,0.0,0.0,152
89446ca5c6fffff,1,1.0,2.0,0.0,0.0,10.0,0.0,0.0,0.0,0.0,0.0,0.0,0.0,0.0,0.0,0.0,0.0,64
89446ca5c77ffff,2,1.0,2.0,1.0,0.0,5.5,0.0,0.0,0.0,0.0,0.0,0.0,0.0,0.0,0.0,0.0,0.0,0
89446ca5d03ffff,4,0.0,2.25,0.0,0.0,10.0,0.0,0.0,1.0,0.0,0.0,0.0,0.0,0.0,0.0,0.0,0.0,134
89446ca5d07ffff,1,1.0,2.0,1.0,0.0,10.0,0.0,0.0,0.0,0.0,0.0,0.0,0.0,0.0,0.0,0.0,0.0,31
89446ca5d0fffff,4,0.0,2.0,0.25,0.0,9.75,0.0,0.0,1.0,0.0,0.0,0.0,0.0,0.0,0.0,0.0,0.0,5
89446ca5d13ffff,91,35.0,2.8241758241758244,0.27472527472527475,0.15384615384615385,9.118681318681318,0.0,0.0,0.06593406593406594,0.0,0.0,0.0,0.0,0.0,0.0,0.0,0.0,42
89446ca5d17ffff,23,5.0,2.4782608695652173,0.17391304347826086,0.21739130434782608,9.456521739130435,0.0,0.0,0.0,0.0,0.0,0.0,0.0,0.0,0.0,0.0,0.0,101
89446ca5d1bffff,15,6.0,2.6666666666666665,0.2,0.0,9.413333333333332,0.2,0.0,0.0,0.0,0.0,0.0,0.0,0.0,0.0,0.0,0.0,105
89446ca5d53ffff,16,3.0,2.8125,0.1875,0.125,9.75,0.0,0.0,0.0,0.0,0.0,0.0,0.0,0.0,0.0,0.0,0.0,28
89446ca5d57ffff,10,1.0,2.9,0.3,0.1,9.18,0.0,0.0,0.0,0.0,0.0,0.0,0.0,0.0,0.0,0.0,0.0,31
89446ca5d5bffff,18,9.0,2.8333333333333335,0.2222222222222222,0.0,9.333333333333334,0.4444444444444444,0.0,0.0,0.0,0.0,0.0,0.0,0.0,0.0,0.0,0.0,135
89446ca5d63ffff,4,1.0,2.0,0.25,0.0,5.55,0.0,0.0,0.0,0.25,0.0,0.0,0.0,0.0,0.0,0.0,0.0,1
89446ca5d6bffff,1,0.0,2.0,0.0,0.0,10.0,0.0,0.0,0.0,0.0,0.0,0.0,0.0,0.0,0.0,0.0,0.0,5
89446ca5da3ffff,4,2.0,2.0,0.5,0.0,10.0,0.0,0.0,0.0,0.0,0.0,0.0,0.0,0.0,0.0,0.0,0.0,54
89446ca5da7ffff,3,2.0,2.0,0.3333333333333333,0.0,4.666666666666667,0.0,0.3333333333333333,1.0,0.0,0.0,0.0,0.0,0.0,0.0,0.0,0.0,46
89446ca5db3ffff,4,2.0,2.5,0.5,0.0,9.25,0.0,0.0,0.0,0.0,0.0,0.0,0.0,0.0,0.0,0.0,0.0,51
89446ca5db7ffff,42,4.0,2.9047619047619047,0.35714285714285715,0.14285714285714285,9.55952380952381,0.7619047619047619,0.0,0.07142857142857142,0.0,0.0,0.0,0.0,0.0,0.0,0.0,0.0,11
89446ca5dbbffff,5,3.0,2.0,0.2,0.0,9.2,0.0,0.0,0.0,0.0,0.0,0.0,0.0,0.0,0.0,0.0,0.0,31
89446ca5e0fffff,6,3.0,2.5,0.5,0.0,8.333333333333334,0.0,0.16666666666666666,0.0,0.0,0.0,0.0,0.0,0.0,0.0,0.0,0.0,69
89446ca5e23ffff,11,2.0,2.0,0.0,0.0,7.8,0.0,0.7272727272727273,0.8181818181818182,0.0,0.0,0.0,0.0,0.0,0.0,0.0,0.0,163
89446ca5e27ffff,1,0.0,2.0,0.0,0.0,10.0,0.0,0.0,0.0,0.0,0.0,0.0,0.0,0.0,0.0,0.0,0.0,17
89446ca5e33ffff,118,56.0,2.830508474576271,0.2457627118644068,0.05084745762711865,9.398305084745763,0.0,0.1271186440677966,0.1864406779661017,0.0,0.0,0.0,0.0,0.0,0.0,0.0,0.0,97
89446ca5e37ffff,3,1.0,3.0,0.0,0.0,10.0,0.0,0.0,0.0,0.0,0.0,0.0,0.0,0.0,0.0,0.0,0.0,177
89446ca5e3bffff,41,5.0,2.6097560975609757,0.2926829268292683,0.024390243902439025,9.048780487804878,0.926829268292683,0.0,0.0,0.0,0.0,0.0,0.0,0.0,0.0,0.0,0.0,152
89446ca5e4bffff,12,3.0,2.0,0.16666666666666666,0.0,9.5,0.0,0.0,0.0,0.0,0.0,0.0,0.0,0.0,0.0,0.0,0.0,320
89446ca5e4fffff,13,2.0,2.5384615384615383,0.5384615384615384,0.07692307692307693,9.0,0.0,0.0,0.0,0.0,0.0,0.0,0.0,0.0,0.0,0.0,0.0,281
89446ca5e67ffff,8,2.0,2.125,0.25,0.125,6.025,0.0,0.0,0.0,0.0,0.0,0.0,0.0,0.0,0.0,0.0,0.0,17
89446ca5e6bffff,19,9.0,2.0,0.3157894736842105,0.05263157894736842,6.5552631578947365,0.0,0.0,0.0,0.9473684210526315,0.0,0.0,0.0,0.0,0.0,0.0,0.0,16
89446ca5e73ffff,11,9.0,2.1818181818181817,0.8181818181818182,0.09090909090909091,9.545454545454545,0.0,0.45454545454545453,0.0,0.0,0.0,0.0,0.0,0.0,0.0,0.0,0.0,35
89446ca5e77ffff,17,7.0,2.0,0.17647058823529413,0.0,8.9375,0.0,0.0,0.0,0.0,0.0,0.0,0.0,0.0,0.0,0.0,0.0,66
89446ca5e7bffff,12,6.0,2.25,0.4166666666666667,0.0,8.958333333333334,0.0,0.0,0.0,0.0,0.0,0.0,0.0,0.0,0.0,0.0,0.0,44
89446ca5eafffff,42,11.0,2.5,0.2857142857142857,0.11904761904761904,9.09047619047619,0.0,0.0,0.0,0.0,0.0,0.0,0.0,0.0,0.0,0.0,0.0,123
89446ca7017ffff,1,0.0,2.0,0.0,0.0,10.0,0.0,0.0,0.0,0.0,0.0,0.0,0.0,0.0,0.0,0.0,0.0,0
89446ca7047ffff,1,1.0,2.0,1.0,0.0,10.0,0.0,0.0,0.0,0.0,0.0,0.0,0.0,0.0,0.0,0.0,0.0,0
89446ca705bffff,1,0.0,2.0,0.0,0.0,10.0,0.0,0.0,0.0,0.0,0.0,0.0,0.0,0.0,0.0,0.0,0.0,0
89446ca715bffff,1,0.0,2.0,1.0,0.0,10.0,0.0,0.0,0.0,0.0,0.0,0.0,0.0,0.0,0.0,0.0,0.0,0
89446ca717bffff,17,1.0,2.0,0.11764705882352941,0.058823529411764705,9.235294117647058,0.0,0.0,1.0,0.0,0.0,0.0,0.0,0.0,0.0,0.0,0.0,0
89446ca721bffff,1,1.0,2.0,0.0,0.0,10.0,0.0,0.0,0.0,0.0,0.0,0.0,0.0,0.0,0.0,0.0,0.0,0
89446ca7247ffff,1,0.0,2.0,0.0,0.0,10.0,0.0,0.0,0.0,0.0,0.0,0.0,0.0,0.0,0.0,0.0,0.0,0
89446ca726bffff,1,0.0,2.0,0.0,0.0,10.0,0.0,0.0,0.0,0.0,0.0,0.0,0.0,0.0,0.0,0.0,0.0,0
89446ca729bffff,1,0.0,2.0,0.0,1.0,10.0,0.0,0.0,0.0,0.0,0.0,0.0,0.0,0.0,0.0,0.0,0.0,0
89446ca72b3ffff,1,0.0,2.0,0.0,0.0,10.0,0.0,0.0,0.0,0.0,0.0,0.0,0.0,0.0,0.0,0.0,0.0,0
89446ca72cbffff,2,0.0,2.0,0.5,0.0,9.5,0.0,0.0,1.0,0.0,0.0,0.0,0.0,0.0,0.0,0.0,0.0,0
89446ca7313ffff,1,1.0,2.0,1.0,1.0,5.0,0.0,0.0,0.0,0.0,0.0,0.0,0.0,0.0,0.0,0.0,0.0,11
89446ca731bffff,11,3.0,2.0,0.36363636363636365,0.5454545454545454,7.2727272727272725,0.0,0.0,0.36363636363636365,0.0,0.0,0.0,0.0,0.0,0.0,0.0,0.0,6
89446ca732bffff,1,1.0,2.0,1.0,0.0,10.0,0.0,0.0,1.0,0.0,0.0,0.0,0.0,0.0,0.0,0.0,0.0,1
89446ca733bffff,1,1.0,2.0,1.0,0.0,10.0,0.0,0.0,0.0,0.0,0.0,0.0,0.0,0.0,0.0,0.0,0.0,1
89446ca7343ffff,3,2.0,2.0,0.3333333333333333,0.6666666666666666,7.0,0.0,0.0,0.0,0.0,0.0,0.0,0.0,0.0,0.0,0.0,0.0,21
89446ca7353ffff,1,0.0,2.0,0.0,1.0,4.0,0.0,0.0,0.0,0.0,0.0,0.0,0.0,0.0,0.0,0.0,0.0,23
89446ca7357ffff,5,1.0,2.2,0.4,0.0,10.0,0.2,0.0,0.0,0.0,0.0,0.0,0.0,0.0,0.0,0.0,0.0,15
89446ca735bffff,15,4.0,2.0,0.3333333333333333,0.3333333333333333,7.653333333333333,0.0,0.0,0.06666666666666667,0.0,0.0,0.0,0.0,0.0,0.0,0.0,0.0,4
89446ca73b3ffff,2,1.0,2.0,0.5,0.0,6.0,0.0,0.0,0.0,0.0,0.0,0.0,0.0,0.0,0.0,0.0,0.0,8
89446ca73bbffff,8,5.0,2.625,0.375,0.125,8.375,0.0,0.0,0.0,0.0,0.0,0.0,0.0,0.0,0.0,0.0,0.0,2
89446ca73dbffff,2,1.0,2.0,0.0,0.0,10.0,0.0,0.0,0.5,0.0,0.0,0.0,0.0,0.0,0.0,0.0,0.0,0
89446ca764fffff,2,0.0,2.0,0.5,0.0,10.0,0.0,0.0,1.0,0.0,0.0,0.0,0.0,0.0,0.0,0.0,0.0,1
89446ca767bffff,1,1.0,2.0,0.0,0.0,10.0,0.0,0.0,0.0,0.0,0.0,0.0,0.0,0.0,0.0,0.0,0.0,2
89446ca8003ffff,1,0.0,2.0,0.0,0.0,10.0,0.0,0.0,0.0,0.0,0.0,0.0,0.0,0.0,0.0,0.0,0.0,52
89446ca8007ffff,14,7.0,2.0714285714285716,0.14285714285714285,0.07142857142857142,7.589285714285714,0.0,0.7142857142857143,0.7142857142857143,0.21428571428571427,0.0,0.0,0.0,0.0,0.0,0.0,0.0,80
89446ca800bffff,2,1.0,2.0,0.0,0.0,9.0,0.0,0.0,0.0,0.5,0.0,0.0,0.0,0.0,0.0,0.0,0.0,36
89446ca800fffff,16,4.0,2.0,0.0625,0.125,8.625,0.0,0.0,1.0,0.0,0.0,0.0,0.0,0.0,0.0,0.0,0.0,28
89446ca8013ffff,11,2.0,2.0,0.0,0.09090909090909091,7.720000000000001,0.0,1.0,0.0,1.0,0.0,0.0,0.0,0.0,0.0,0.0,0.0,35
89446ca8017ffff,6,2.0,2.0,0.0,0.0,8.4,0.0,0.0,0.0,0.0,0.0,0.0,0.0,0.0,0.0,0.0,0.0,85
89446ca801bffff,3,0.0,2.0,0.0,0.0,7.166666666666667,0.0,0.0,0.0,1.0,0.0,0.0,0.0,0.0,0.0,0.0,0.0,36
89446ca8023ffff,40,5.0,2.0,0.15,0.1,8.9375,0.0,0.3,0.85,0.075,0.0,0.0,0.0,0.0,0.0,0.0,0.0,46
89446ca8027ffff,20,3.0,2.0,0.15,0.0,8.2,0.0,1.0,0.95,0.0,0.0,1.0,0.0,0.0,0.0,0.95,0.0,153
89446ca802bffff,1,0.0,2.0,0.0,0.0,10.0,0.0,0.0,0.0,1.0,0.0,0.0,0.0,0.0,0.0,0.0,0.0,74
89446ca802fffff,5,1.0,2.0,0.0,0.0,9.0,0.0,0.6,0.0,0.6,0.0,0.0,0.0,0.0,0.0,0.0,0.0,148
89446ca8033ffff,12,2.0,2.0,0.08333333333333333,0.0,8.727272727272727,0.0,0.0,0.0,0.6666666666666666,0.0,0.0,0.0,0.0,0.0,0.0,0.0,113
89446ca8037ffff,7,3.0,2.0,0.2857142857142857,0.0,9.0,0.0,0.0,0.0,0.0,0.0,0.0,0.0,0.0,0.0,0.0,0.0,93
89446ca803bffff,1,1.0,2.0,1.0,0.0,10.0,0.0,0.0,0.0,0.0,0.0,0.0,0.0,0.0,0.0,0.0,0.0,89
89446ca8043ffff,4,2.0,2.0,0.0,0.0,9.666666666666666,0.0,0.0,0.0,0.0,0.0,0.0,0.0,0.0,0.0,0.0,0.0,17
89446ca8047ffff,1,0.0,2.0,1.0,0.0,10.0,0.0,0.0,0.0,0.0,0.0,0.0,0.0,0.0,0.0,0.0,0.0,65
89446ca804fffff,1,1.0,2.0,1.0,0.0,10.0,0.0,0.0,0.0,0.0,0.0,0.0,0.0,0.0,0.0,0.0,0.0,73
89446ca8057ffff,11,6.0,2.0,0.2727272727272727,0.0,8.35,0.0,0.0,0.0,0.0,0.0,0.0,0.0,0.0,0.0,0.0,0.0,18
89446ca805bffff,4,1.0,2.0,0.0,0.0,8.75,0.0,0.0,0.0,0.0,0.0,0.0,0.0,0.0,0.0,0.0,0.0,62
89446ca8063ffff,1,0.0,2.0,1.0,0.0,10.0,0.0,0.0,0.0,0.0,0.0,0.0,0.0,0.0,0.0,0.0,0.0,117
89446ca8067ffff,3,2.0,2.0,0.0,0.0,9.666666666666666,0.0,0.0,0.0,0.0,0.0,0.0,0.0,0.0,0.0,0.0,0.0,105
89446ca806bffff,8,3.0,2.0,0.125,0.0,10.0,0.0,0.0,0.0,1.0,0.0,0.0,0.0,0.0,0.0,0.0,0.0,167
89446ca806fffff,53,14.0,2.0,0.16981132075471697,0.0,8.794117647058824,0.0,0.9622641509433962,0.9622641509433962,0.0,0.0,0.0,0.0,0.0,0.0,0.0,0.0,120
89446ca8073ffff,4,0.0,2.0,0.0,0.0,8.0,0.0,0.0,0.5,0.0,0.0,0.0,0.0,0.0,0.0,0.0,0.0,69
89446ca8077ffff,6,4.0,2.0,0.3333333333333333,0.0,9.333333333333334,0.0,0.0,0.0,0.0,0.0,0.0,0.0,0.0,0.0,0.0,0.0,26
89446ca807bffff,43,15.0,2.0,0.18604651162790697,0.06976744186046512,8.542857142857143,0.0,0.9069767441860465,0.9069767441860465,0.0,0.0,0.0,0.0,0.0,0.0,0.0,0.0,35
89446ca8083ffff,22,2.0,2.0,0.045454545454545456,0.13636363636363635,8.545454545454545,0.0,0.0,0.9545454545454546,0.0,0.0,0.0,0.0,0.0,0.0,0.0,0.0,72
89446ca8087ffff,6,3.0,2.0,0.16666666666666666,0.16666666666666666,9.0,0.0,0.8333333333333334,0.0,0.0,0.0,0.8333333333333334,0.0,0.0,0.0,0.5,0.0,53
89446ca808bffff,20,7.0,2.0,0.3,0.0,9.075,0.0,0.0,0.8,0.0,0.0,0.0,0.0,0.0,0.0,0.0,0.0,54
89446ca808fffff,2,1.0,2.0,0.0,0.0,10.0,0.0,0.0,0.0,0.0,0.0,0.0,0.0,0.0,0.0,0.0,0.0,78
89446ca8093ffff,22,9.0,2.0,0.22727272727272727,0.09090909090909091,9.409090909090908,0.0,0.0,0.0,0.0,0.0,0.0,0.0,0.0,0.0,0.0,0.0,112
89446ca8097ffff,16,4.0,2.0,0.0,0.0,8.325,0.0,0.875,0.75,0.0,0.0,0.875,0.0,0.0,0.0,0.25,0.0,71
89446ca809bffff,6,3.0,2.0,0.6666666666666666,0.0,9.0,0.0,0.0,0.0,0.8333333333333334,0.0,0.0,0.0,0.0,0.0,0.0,0.0,245
89446ca80a3ffff,31,5.0,2.0,0.25806451612903225,0.03225806451612903,8.893333333333334,0.0,0.7741935483870968,0.8709677419354839,0.0,0.0,0.7741935483870968,0.0,0.0,0.0,0.0,0.0,103
89446ca80a7ffff,28,6.0,2.0,0.10714285714285714,0.0,9.321428571428571,0.0,0.0,0.9285714285714286,0.0,0.0,0.0,0.0,0.0,0.0,0.0,0.0,137
89446ca80abffff,44,11.0,2.022727272727273,0.20454545454545456,0.045454545454545456,8.96046511627907,0.0,0.0,0.9090909090909091,0.0,0.0,0.0,0.0,0.0,0.0,0.0,0.0,83
89446ca80afffff,7,3.0,2.0,0.2857142857142857,0.0,6.428571428571429,0.0,0.5714285714285714,0.5714285714285714,0.0,0.0,0.5714285714285714,0.0,0.0,0.0,0.5714285714285714,0.5714285714285714,132
89446ca80b7ffff,11,5.0,2.0,0.18181818181818182,0.09090909090909091,8.909090909090908,0.0,0.0,0.0,0.0,0.0,0.0,0.0,0.0,0.0,0.0,0.0,95
89446ca80bbffff,13,4.0,2.0,0.23076923076923078,0.0,8.076923076923077,0.0,0.0,0.8461538461538461,0.0,0.0,0.0,0.0,0.0,0.0,0.0,0.0,89
89446ca80c3ffff,46,14.0,2.0,0.21739130434782608,0.021739130434782608,9.184444444444445,0.0,0.021739130434782608,0.32608695652173914,0.0,0.0,0.021739130434782608,0.0,0.0,0.0,0.0,0.0,26
89446ca80c7ffff,3,3.0,2.0,0.6666666666666666,0.0,10.0,0.0,0.6666666666666666,0.0,0.6666666666666666,0.0,0.0,0.0,0.3333333333333333,0.3333333333333333,0.0,0.3333333333333333,98
89446ca80cbffff,1,0.0,2.0,0.0,0.0,10.0,0.0,0.0,0.0,0.0,0.0,0.0,0.0,0.0,0.0,0.0,0.0,89
89446ca80cfffff,8,5.0,2.0,0.5,0.0,10.0,0.0,0.0,0.0,0.0,0.0,0.0,0.0,0.0,0.0,0.0,0.0,64
89446ca80d3ffff,4,2.0,2.0,0.5,0.0,10.0,0.0,0.0,0.0,0.0,0.0,0.0,0.0,0.0,0.0,0.0,0.0,287
89446ca80d7ffff,10,9.0,2.0,0.6,0.0,8.45,0.0,0.0,0.0,0.0,0.0,0.0,0.0,0.0,0.0,0.0,0.0,237
89446ca8103ffff,3,0.0,2.0,0.3333333333333333,0.3333333333333333,6.5,0.0,0.0,0.0,0.0,0.0,0.0,0.0,0.0,0.0,0.0,0.0,124
89446ca8107ffff,3,1.0,2.0,0.0,0.0,8.666666666666666,0.0,0.0,0.0,0.0,0.0,0.0,0.0,0.0,0.0,0.0,0.0,73
89446ca810bffff,3,2.0,2.0,0.3333333333333333,0.0,9.666666666666666,0.0,0.0,0.0,0.0,0.0,0.0,0.0,0.0,0.0,0.0,0.0,90
89446ca810fffff,2,0.0,2.0,0.5,0.0,9.5,0.0,0.0,0.0,0.0,0.0,0.0,0.0,0.0,0.0,0.0,0.0,57
89446ca8113ffff,15,1.0,2.0,0.06666666666666667,0.0,10.0,0.0,0.0,0.0,0.26666666666666666,0.0,0.0,0.0,0.0,0.0,0.0,0.0,132
89446ca8117ffff,45,12.0,2.022222222222222,0.1111111111111111,0.044444444444444446,9.167441860465116,0.0,0.0,0.6666666666666666,0.0,0.0,0.0,0.0,0.0,0.0,0.0,0.022222222222222223,64
89446ca811bffff,56,14.0,2.0,0.14285714285714285,0.07142857142857142,8.827777777777778,0.0,0.0,0.5178571428571429,0.21428571428571427,0.0,0.0,0.0,0.0,0.0,0.0,0.017857142857142856,57
89446ca812bffff,23,7.0,2.0,0.13043478260869565,0.043478260869565216,9.165217391304349,0.0,0.043478260869565216,0.17391304347826086,0.782608695652174,0.0,0.0,0.0,0.0,0.0,0.0,0.0,87
89446ca813bffff,23,6.0,2.0,0.17391304347826086,0.08695652173913043,9.30952380952381,0.0,0.0,0.5217391304347826,0.0,0.0,0.0,0.0,0.0,0.0,0.0,0.0,48
89446ca8143ffff,1,1.0,2.0,0.0,0.0,8.0,0.0,0.0,0.0,0.0,0.0,0.0,0.0,0.0,0.0,0.0,0.0,178
89446ca8147ffff,1,0.0,2.0,1.0,0.0,10.0,0.0,0.0,0.0,0.0,0.0,0.0,0.0,0.0,0.0,0.0,0.0,47
89446ca814bffff,53,20.0,2.0,0.2830188679245283,0.0,8.833333333333334,0.0,0.3584905660377358,0.660377358490566,0.0,0.0,0.32075471698113206,0.0,0.0,0.0,0.2830188679245283,0.7169811320754716,153
89446ca814fffff,4,1.0,2.0,0.0,0.0,10.0,0.0,0.0,0.0,0.25,0.0,0.0,0.0,0.0,0.0,0.0,0.0,98
89446ca8153ffff,67,20.0,2.0,0.16417910447761194,0.07462686567164178,8.965151515151517,0.0,0.6268656716417911,0.9253731343283582,0.0,0.0,0.0,0.0,0.0,0.0,0.04477611940298507,0.11940298507462686,83
89446ca8157ffff,23,6.0,2.0,0.08695652173913043,0.043478260869565216,9.065217391304348,0.0,0.08695652173913043,0.08695652173913043,0.21739130434782608,0.0,0.0,0.0,0.0,0.0,0.08695652173913043,0.043478260869565216,133
89446ca815bffff,30,15.0,2.0,0.43333333333333335,0.06666666666666667,8.248275862068965,0.0,0.0,0.5666666666666667,0.0,0.0,0.0,0.0,0.0,0.0,0.0,0.0,184
89446ca8163ffff,24,8.0,2.0,0.041666666666666664,0.125,7.891666666666667,0.0,0.9583333333333334,0.9583333333333334,0.0,0.0,0.0,0.0,0.0,0.0,0.0,0.0,70
89446ca8167ffff,17,11.0,2.0,0.17647058823529413,0.058823529411764705,9.647058823529411,0.0,0.47058823529411764,0.47058823529411764,0.17647058823529413,0.0,0.0,0.0,0.0,0.0,0.0,0.5294117647058824,123
89446ca816bffff,5,2.0,2.0,0.2,0.0,10.0,0.0,1.0,1.0,0.0,0.0,0.0,0.0,0.0,0.0,0.0,0.0,50
89446ca816fffff,12,1.0,2.0,0.16666666666666666,0.0,9.666666666666666,0.0,0.0,0.0,0.0,0.0,0.0,0.0,0.0,0.0,0.0,0.0,75
89446ca8173ffff,5,2.0,2.0,0.4,0.2,9.0,0.0,0.0,0.0,0.4,0.0,0.0,0.0,0.0,0.0,0.0,0.0,61
89446ca8177ffff,20,5.0,2.0,0.25,0.15,8.75,0.0,0.0,0.35,0.5,0.0,0.0,0.0,0.0,0.0,0.0,0.1,94
89446ca817bffff,11,1.0,2.0,0.09090909090909091,0.09090909090909091,7.363636363636363,0.0,0.0,0.5454545454545454,0.0,0.0,0.0,0.0,0.0,0.0,0.0,0.0,39
89446ca8187ffff,13,4.0,2.0,0.15384615384615385,0.07692307692307693,8.923076923076923,0.0,0.0,0.0,0.0,0.0,0.0,0.0,0.0,0.0,0.0,0.0,86
89446ca818bffff,5,5.0,2.0,0.6,0.2,10.0,0.0,0.0,0.0,0.0,0.0,0.0,0.0,0.0,0.0,0.0,0.0,83
89446ca818fffff,15,3.0,2.0,0.06666666666666667,0.13333333333333333,8.8,0.0,0.0,0.0,0.0,0.0,0.0,0.0,0.0,0.0,0.0,0.0,106
89446ca8193ffff,8,4.0,2.0,0.25,0.0,10.0,0.0,0.0,0.125,0.0,0.0,0.0,0.0,0.0,0.0,0.0,0.0,65
89446ca8197ffff,1,0.0,2.0,0.0,0.0,10.0,0.0,0.0,0.0,0.0,0.0,0.0,0.0,0.0,0.0,0.0,0.0,54
89446ca819bffff,42,13.0,2.0,0.19047619047619047,0.09523809523809523,8.178571428571429,0.0,0.6904761904761905,0.6904761904761905,0.0,0.0,0.0,0.0,0.0,0.0,0.0,0.0,25
89446ca81a3ffff,1,0.0,2.0,0.0,0.0,8.0,0.0,0.0,0.0,0.0,0.0,0.0,0.0,0.0,0.0,0.0,0.0,62
89446ca81b3ffff,31,9.0,2.0,0.03225806451612903,0.22580645161290322,9.5,0.0,0.0,0.6451612903225806,0.0,0.0,0.0,0.0,0.0,0.0,0.0,0.0,58
89446ca81b7ffff,3,1.0,2.0,0.3333333333333333,0.3333333333333333,10.0,0.0,0.0,0.0,0.0,0.0,0.0,0.0,0.0,0.0,0.0,0.0,36
89446ca81bbffff,28,20.0,2.0,0.17857142857142858,0.10714285714285714,8.660714285714286,0.0,0.35714285714285715,0.35714285714285715,0.0,0.0,0.0,0.0,0.0,0.0,0.0,0.0,105
89446ca81c3ffff,17,4.0,2.0,0.29411764705882354,0.0,8.205882352941176,0.0,0.23529411764705882,0.47058823529411764,0.4117647058823529,0.0,0.0,0.0,0.0,0.0,0.0,0.0,91
89446ca81c7ffff,8,2.0,2.0,0.0,0.0,10.0,0.0,0.0,0.0,0.625,0.0,0.0,0.0,0.0,0.0,0.0,0.0,101
89446ca81cbffff,4,2.0,2.0,0.0,0.0,9.5,0.0,0.0,0.0,0.0,0.0,0.0,0.0,0.0,0.0,0.0,0.0,126
89446ca81cfffff,5,1.0,2.0,0.0,0.2,9.0,0.0,0.0,0.0,0.0,0.0,0.0,0.0,0.0,0.0,0.0,0.0,175
89446ca81d3ffff,61,16.0,2.0163934426229506,0.11475409836065574,0.03278688524590164,8.437704918032788,0.0,0.8032786885245902,0.8032786885245902,0.06557377049180328,0.0,0.0,0.0,0.0,0.0,0.0,0.06557377049180328,81
89446ca81d7ffff,3,2.0,2.0,0.0,0.0,10.0,0.0,0.0,0.0,0.6666666666666666,0.0,0.0,0.0,0.0,0.0,0.0,0.0,139
89446ca81dbffff,10,3.0,2.0,0.3,0.1,7.92,0.0,0.1,0.8,0.0,0.0,0.1,0.0,0.0,0.0,0.0,0.0,124
89446ca8203ffff,61,26.0,2.0,0.19672131147540983,0.03278688524590164,9.134426229508197,0.0,0.0,0.4098360655737705,0.5081967213114754,0.0,0.0,0.0,0.0,0.0,0.0,0.0,205
89446ca8207ffff,37,20.0,2.189189189189189,0.24324324324324326,0.08108108108108109,9.405405405405405,0.2972972972972973,0.0,0.0,0.0,0.0,0.0,0.0,0.0,0.0,0.0,0.0,279
89446ca820bffff,9,4.0,2.0,0.2222222222222222,0.0,9.555555555555555,0.0,0.0,0.0,0.4444444444444444,0.0,0.0,0.0,0.0,0.0,0.0,0.0,108
89446ca820fffff,9,8.0,2.0,0.4444444444444444,0.1111111111111111,9.444444444444445,0.0,0.0,0.0,0.0,0.0,0.0,0.0,0.0,0.0,0.0,0.0,120
89446ca8213ffff,6,2.0,2.0,0.16666666666666666,0.0,10.0,0.0,0.0,0.0,0.0,0.0,0.0,0.0,0.0,0.0,0.0,0.0,277
89446ca8217ffff,143,46.0,2.111888111888112,0.21678321678321677,0.06993006993006994,8.946785714285713,0.0,0.0,0.6573426573426573,0.0,0.013986013986013986,0.0,0.0,0.0,0.0,0.0,0.0,264
89446ca821bffff,1,1.0,2.0,0.0,0.0,10.0,0.0,0.0,0.0,0.0,0.0,0.0,0.0,0.0,0.0,0.0,0.0,120
89446ca8223ffff,23,4.0,2.4347826086956523,0.043478260869565216,0.0,9.15,0.0,0.043478260869565216,0.0,0.0,0.0,0.0,0.0,0.0,0.0,0.0,0.0,69
89446ca8227ffff,42,13.0,2.0,0.19047619047619047,0.14285714285714285,8.3425,0.11904761904761904,0.3333333333333333,0.3333333333333333,0.0,0.0,0.0,0.0,0.0,0.0,0.0,0.0,175
89446ca822bffff,3,0.0,2.0,0.0,0.0,10.0,0.0,0.0,0.0,0.0,0.0,0.0,0.0,0.0,0.0,0.0,0.0,59
89446ca822fffff,9,2.0,2.0,0.1111111111111111,0.1111111111111111,9.5,0.0,0.0,0.0,0.0,0.0,0.0,0.0,0.0,0.0,0.0,0.0,163
89446ca8233ffff,7,5.0,2.142857142857143,0.2857142857142857,0.5714285714285714,8.714285714285714,0.14285714285714285,0.0,0.0,0.0,0.0,0.0,0.0,0.0,0.0,0.0,0.0,135
89446ca8237ffff,1,0.0,2.0,1.0,0.0,10.0,0.0,0.0,0.0,0.0,0.0,0.0,0.0,0.0,0.0,0.0,0.0,95
89446ca823bffff,7,2.0,2.0,0.2857142857142857,0.0,9.0,0.0,0.0,0.0,0.0,0.0,0.0,0.0,0.0,0.0,0.0,0.0,82
89446ca8243ffff,91,16.0,2.0,0.14285714285714285,0.054945054945054944,9.029069767441861,0.0,0.0,0.6373626373626373,0.1978021978021978,0.0,0.0,0.0,0.0,0.0,0.0,0.0,111
89446ca8247ffff,10,2.0,2.0,0.3,0.1,8.45,0.0,0.0,0.0,0.0,0.0,0.0,0.0,0.0,0.0,0.0,0.0,150
89446ca824bffff,21,5.0,2.0,0.2857142857142857,0.0,8.625,0.0,0.6666666666666666,0.6666666666666666,0.09523809523809523,0.0,0.0,0.0,0.0,0.0,0.0,0.0,163
89446ca824fffff,22,2.0,2.0,0.13636363636363635,0.045454545454545456,8.785714285714286,0.0,0.0,0.7272727272727273,0.0,0.0,0.0,0.0,0.0,0.0,0.0,0.0,128
89446ca8253ffff,21,3.0,2.0,0.23809523809523808,0.0,9.85,0.0,0.0,0.0,0.0,0.0,0.0,0.0,0.0,0.0,0.0,0.0,166
89446ca8257ffff,24,4.0,2.0,0.20833333333333334,0.0,8.9375,0.0,0.0,0.875,0.0,0.0,0.0,0.0,0.0,0.0,0.0,0.0,135
89446ca825bffff,13,7.0,2.0,0.38461538461538464,0.0,9.833333333333334,0.0,0.0,0.0,0.0,0.0,0.0,0.0,0.0,0.0,0.0,0.0,152
89446ca8263ffff,10,4.0,2.0,0.6,0.0,8.222222222222221,0.0,0.0,0.0,0.0,0.0,0.0,0.0,0.0,0.0,0.0,0.0,18
89446ca8267ffff,6,1.0,2.0,0.3333333333333333,0.0,7.833333333333333,0.0,0.3333333333333333,0.0,0.0,0.0,0.0,0.0,0.0,0.0,0.0,0.0,33
89446ca826bffff,3,1.0,2.0,0.0,0.3333333333333333,4.066666666666666,0.0,0.0,0.0,0.0,0.0,0.0,0.0,0.0,0.0,0.0,0.0,31
89446ca826fffff,2,2.0,2.0,1.0,0.0,10.0,0.0,0.0,0.0,0.0,0.0,0.0,0.0,0.0,0.0,0.0,0.0,41
89446ca8273ffff,3,3.0,2.0,0.6666666666666666,0.0,10.0,0.0,0.0,0.0,0.0,0.0,0.0,0.0,0.0,0.0,0.0,0.0,42
89446ca8277ffff,3,2.0,2.0,1.0,0.0,10.0,0.0,0.0,0.0,0.0,0.0,0.0,0.0,0.0,0.0,0.0,0.0,38
89446ca827bffff,1,0.0,2.0,0.0,0.0,10.0,0.0,0.0,0.0,0.0,0.0,0.0,0.0,0.0,0.0,0.0,0.0,48
89446ca8283ffff,28,11.0,2.2142857142857144,0.32142857142857145,0.07142857142857142,9.044444444444444,0.0,0.0,0.0,0.0,0.0,0.0,0.0,0.0,0.0,0.0,0.0,112
89446ca8287ffff,30,15.0,2.066666666666667,0.2,0.1,9.1,0.16666666666666666,0.0,0.0,0.0,0.0,0.0,0.0,0.0,0.0,0.0,0.0,163
89446ca828bffff,3,2.0,2.0,0.0,0.3333333333333333,9.666666666666666,0.0,0.0,0.0,0.0,0.0,0.0,0.0,0.0,0.0,0.0,0.0,106
89446ca828fffff,52,18.0,2.0384615384615383,0.2692307692307692,0.019230769230769232,8.968627450980392,0.0,0.0,0.19230769230769232,0.0,0.0,0.0,0.0,0.0,0.0,0.0,0.0,266
89446ca8293ffff,5,3.0,2.0,0.0,0.0,9.8,0.0,0.0,0.0,0.0,0.0,0.0,0.0,0.0,0.0,0.0,0.0,75
89446ca8297ffff,22,1.0,2.5454545454545454,0.2727272727272727,0.09090909090909091,8.894736842105264,0.0,0.0,0.0,0.0,0.0,0.0,0.0,0.0,0.0,0.0,0.0,87
89446ca82a3ffff,10,6.0,2.1,0.1,0.0,8.8,0.0,0.0,0.0,0.1,0.0,0.0,0.0,0.0,0.0,0.0,0.0,149
89446ca82a7ffff,1,0.0,2.0,0.0,0.0,10.0,0.0,1.0,0.0,0.0,0.0,0.0,0.0,0.0,0.0,0.0,0.0,105
89446ca82abffff,52,14.0,2.0,0.19230769230769232,0.019230769230769232,9.12,0.0,0.15384615384615385,0.36538461538461536,0.0,0.0,0.0,0.0,0.0,0.0,0.0,0.0,268
89446ca82afffff,15,2.0,2.066666666666667,0.2,0.2,7.442857142857143,0.0,0.0,0.0,1.0,0.0,0.0,0.0,0.0,0.0,0.0,0.0,74
89446ca82b3ffff,5,2.0,2.0,0.4,0.2,7.05,0.0,0.0,0.0,0.0,0.0,0.0,0.0,0.0,0.0,0.0,0.0,117
89446ca82b7ffff,20,10.0,2.0,0.4,0.0,8.65,0.0,0.45,0.0,0.0,0.0,0.45,0.0,0.0,0.0,0.0,0.0,68
89446ca82bbffff,56,10.0,2.017857142857143,0.125,0.017857142857142856,9.178571428571429,0.0,0.0,0.0,0.0,0.0,0.0,0.0,0.0,0.0,0.0,0.0,292
89446ca82c3ffff,9,2.0,2.0,0.1111111111111111,0.0,9.777777777777779,0.0,0.0,0.0,0.0,0.0,0.0,0.0,0.0,0.0,0.0,0.0,66
89446ca82c7ffff,17,2.0,2.0,0.29411764705882354,0.058823529411764705,9.875,0.0,0.0,0.0,0.0,0.0,0.0,0.0,0.0,0.0,0.0,0.0,25
89446ca82cbffff,29,8.0,2.0,0.2413793103448276,0.034482758620689655,9.062068965517241,0.0,0.0,0.6206896551724138,0.0,0.0,0.0,0.0,0.0,0.0,0.0,0.0,56
89446ca82cfffff,3,1.0,2.0,0.3333333333333333,0.0,7.066666666666666,0.0,0.0,0.0,0.0,0.0,0.0,0.0,0.0,0.0,0.0,0.0,101
89446ca82d3ffff,6,3.0,2.0,0.3333333333333333,0.0,10.0,0.0,0.0,0.0,0.0,0.0,0.0,0.0,0.0,0.0,0.0,0.0,78
89446ca82d7ffff,3,0.0,2.0,0.0,0.0,9.333333333333334,0.0,0.0,0.0,0.0,0.0,0.0,0.0,0.0,0.0,0.0,0.0,46
89446ca82dbffff,8,0.0,2.0,0.375,0.0,7.375,0.0,0.0,0.0,0.0,0.0,0.0,0.0,0.0,0.0,0.0,0.0,98
89446ca8307ffff,1,0.0,2.0,0.0,0.0,10.0,0.0,1.0,1.0,0.0,0.0,1.0,0.0,0.0,0.0,1.0,0.0,98
89446ca830bffff,3,1.0,2.0,0.0,0.0,9.0,0.0,0.0,0.0,0.0,0.0,0.0,0.0,0.0,0.0,0.0,0.0,28
89446ca830fffff,2,1.0,2.0,0.0,0.0,10.0,0.0,0.0,0.0,0.0,0.0,0.0,0.0,0.0,0.0,0.0,0.0,149
89446ca8317ffff,41,13.0,2.0,0.12195121951219512,0.07317073170731707,8.057894736842105,0.0,0.9024390243902439,0.8780487804878049,0.0,0.0,0.9024390243902439,0.0,0.0,0.0,0.8780487804878049,0.0,55
89446ca831bffff,4,0.0,2.0,0.25,0.0,7.75,0.0,0.75,0.0,0.0,0.0,0.0,0.0,0.0,0.0,0.0,0.0,6
89446ca8323ffff,2,0.0,2.0,0.0,0.0,10.0,0.0,0.5,0.0,0.0,0.0,0.0,0.0,0.0,0.0,0.0,0.0,55
89446ca8327ffff,5,0.0,2.0,0.0,0.0,8.4,0.0,0.0,0.2,0.0,0.0,0.0,0.0,0.0,0.0,0.0,0.0,45
89446ca832bffff,6,0.0,2.0,0.0,0.0,8.5,0.0,0.0,0.0,0.8333333333333334,0.0,0.0,0.0,0.0,0.0,0.0,0.0,185
89446ca8333ffff,1,0.0,2.0,0.0,0.0,10.0,0.0,0.0,0.0,0.0,0.0,0.0,0.0,0.0,0.0,0.0,0.0,70
89446ca8337ffff,13,2.0,2.0,0.0,0.0,9.384615384615385,0.0,0.46153846153846156,0.0,0.8461538461538461,0.0,0.0,0.0,0.0,0.0,0.0,0.0,20
89446ca833bffff,30,8.0,2.0,0.13333333333333333,0.03333333333333333,9.5,0.0,0.9666666666666667,0.9666666666666667,0.0,0.0,0.26666666666666666,0.0,0.0,0.0,0.23333333333333334,0.0,110
89446ca8343ffff,39,12.0,2.0,0.1282051282051282,0.07692307692307693,8.921052631578947,0.0,0.0,0.6666666666666666,0.23076923076923078,0.0,0.0,0.0,0.0,0.0,0.0,0.0,231
89446ca8347ffff,5,3.0,2.0,0.0,0.2,7.4,0.0,0.4,0.0,0.4,0.0,0.0,0.0,0.0,0.0,0.0,0.0,105
89446ca834bffff,54,10.0,2.4444444444444446,0.2222222222222222,0.018518518518518517,9.735849056603774,0.7222222222222222,0.0,0.0,0.07407407407407407,0.0,0.0,0.0,0.0,0.0,0.0,0.0,327
89446ca834fffff,35,7.0,2.0285714285714285,0.2,0.05714285714285714,7.95,0.0,0.0,0.5142857142857142,0.37142857142857144,0.0,0.0,0.0,0.0,0.0,0.0,0.0,296
89446ca8353ffff,57,15.0,2.0,0.24561403508771928,0.07017543859649122,8.947368421052632,0.0,0.7368421052631579,0.7368421052631579,0.0,0.0,0.0,0.0,0.0,0.0,0.0,0.0,169
89446ca835bffff,80,12.0,2.0375,0.3,0.0,9.256578947368421,0.125,0.0375,0.0375,0.0,0.0,0.0,0.0,0.0,0.0,0.0,0.0,205
89446ca8363ffff,35,12.0,2.0,0.11428571428571428,0.05714285714285714,8.628571428571428,0.0,0.9428571428571428,0.3142857142857143,0.5714285714285714,0.0,0.3142857142857143,0.0,0.0,0.0,0.3142857142857143,0.02857142857142857,222
89446ca8367ffff,48,10.0,2.0208333333333335,0.10416666666666667,0.10416666666666667,8.886956521739132,0.0,0.75,0.75,0.10416666666666667,0.0,0.125,0.0,0.0,0.0,0.0,0.125,193
89446ca836bffff,8,3.0,2.0,0.125,0.0,8.857142857142858,0.0,0.375,0.0,0.625,0.0,0.0,0.0,0.0,0.0,0.0,0.0,167
89446ca836fffff,40,15.0,2.0,0.125,0.05,8.555,0.0,0.725,0.675,0.2,0.0,0.5,0.0,0.0,0.0,0.0,0.1,245
89446ca8373ffff,17,7.0,2.0,0.0,0.23529411764705882,7.8125,0.0,1.0,0.0,0.9411764705882353,0.0,0.058823529411764705,0.0,0.0,0.0,0.0,0.5882352941176471,154
89446ca8377ffff,98,18.0,2.010204081632653,0.20408163265306123,0.061224489795918366,8.545360824742268,0.0,0.6938775510204082,0.41836734693877553,0.25510204081632654,0.16326530612244897,0.41836734693877553,0.0,0.0,0.0,0.030612244897959183,0.0,138
89446ca837bffff,11,2.0,2.090909090909091,0.18181818181818182,0.0,6.325,0.0,0.7272727272727273,0.0,1.0,0.0,0.0,0.0,0.0,0.0,0.0,0.0,134
89446ca8383ffff,10,3.0,2.0,0.1,0.2,8.222222222222221,0.0,0.3,0.0,0.6,0.0,0.0,0.0,0.0,0.0,0.0,0.2,155
89446ca8387ffff,48,15.0,2.0,0.125,0.020833333333333332,8.877777777777778,0.0,0.7083333333333334,0.7083333333333334,0.0,0.0,0.7083333333333334,0.0,0.0,0.0,0.0,0.041666666666666664,163
89446ca838bffff,17,7.0,2.0,0.11764705882352941,0.0,8.90625,0.0,0.7647058823529411,0.35294117647058826,0.0,0.0,0.0,0.0,0.0,0.0,0.0,0.0,77
89446ca838fffff,8,1.0,2.0,0.0,0.125,8.75,0.0,0.875,0.875,0.0,0.0,0.0,0.0,0.0,0.0,0.625,0.125,138
89446ca8393ffff,19,6.0,2.0,0.15789473684210525,0.0,9.0,0.0,0.5263157894736842,0.5263157894736842,0.0,0.0,0.0,0.0,0.0,0.0,0.0,0.0,82
89446ca8397ffff,38,10.0,2.0,0.07894736842105263,0.07894736842105263,7.655263157894736,0.0,0.8157894736842105,0.8421052631578947,0.07894736842105263,0.0,0.0,0.0,0.0,0.0,0.0,0.0,165
89446ca839bffff,25,6.0,2.0,0.16,0.08,8.737499999999999,0.0,0.8,0.72,0.04,0.0,0.0,0.0,0.0,0.0,0.0,0.0,136
89446ca83abffff,24,6.0,2.0,0.08333333333333333,0.041666666666666664,8.681818181818182,0.0,0.9166666666666666,0.9166666666666666,0.0,0.0,0.0,0.0,0.0,0.0,0.9166666666666666,0.375,65
89446ca83b3ffff,32,6.0,2.0,0.09375,0.03125,8.393548387096773,0.0,0.53125,0.8125,0.1875,0.0,0.0,0.0,0.0,0.0,0.0,0.0,127
89446ca83bbffff,22,12.0,2.0,0.3181818181818182,0.13636363636363635,8.585714285714285,0.0,0.5454545454545454,0.4090909090909091,0.0,0.0,0.5,0.0,0.0,0.0,0.13636363636363635,0.7272727272727273,153
89446ca83cbffff,5,1.0,2.0,0.2,0.0,7.2,0.0,0.0,0.0,0.2,0.0,0.0,0.0,0.0,0.0,0.0,0.0,106
89446ca83cfffff,3,0.0,2.0,0.0,0.0,9.666666666666666,0.0,0.3333333333333333,0.0,0.0,0.0,0.0,0.0,0.0,0.0,0.0,0.0,66
89446ca83d3ffff,49,16.0,2.0,0.12244897959183673,0.02040816326530612,9.5625,0.0,0.20408163265306123,0.9591836734693877,0.0,0.0,0.0,0.0,0.0,0.0,0.0,0.0,99
89446ca83d7ffff,34,10.0,2.0294117647058822,0.14705882352941177,0.0,9.021212121212121,0.0,0.9117647058823529,0.9411764705882353,0.0,0.8823529411764706,0.0,0.0,0.0,0.0,0.0,0.0,144
89446ca83dbffff,3,0.0,2.0,0.0,0.0,10.0,0.0,0.0,0.0,1.0,0.0,0.0,0.0,0.0,0.0,0.0,0.0,71
89446ca8403ffff,15,2.0,1.9333333333333333,0.2,0.0,9.285714285714286,0.0,0.06666666666666667,0.8,0.0,0.0,0.06666666666666667,0.0,0.0,0.0,0.0,0.0,53
89446ca8407ffff,10,5.0,2.0,0.2,0.0,9.2,0.0,0.9,1.0,0.0,0.0,0.9,0.0,0.0,0.0,0.1,0.0,40
89446ca840bffff,12,4.0,2.0,0.16666666666666666,0.0,9.666666666666666,0.0,0.75,0.25,0.4166666666666667,0.0,0.75,0.0,0.0,0.0,0.0,0.0,27
89446ca840fffff,12,4.0,2.0833333333333335,0.4166666666666667,0.0,9.363636363636363,0.0,0.75,0.0,0.9166666666666666,0.0,0.0,0.0,0.0,0.0,0.0,0.0,37
89446ca8413ffff,6,2.0,2.0,0.16666666666666666,0.16666666666666666,10.0,0.0,0.0,0.0,0.3333333333333333,0.0,0.0,0.0,0.0,0.0,0.0,0.0,34
89446ca8417ffff,13,0.0,2.0,0.23076923076923078,0.0,9.461538461538462,0.0,1.0,1.0,0.0,0.0,1.0,0.0,0.0,0.0,0.0,0.0,31
89446ca8423ffff,105,34.0,2.533333333333333,0.26666666666666666,0.08571428571428572,8.776442307692308,0.14285714285714285,0.38095238095238093,0.6095238095238096,0.0,0.17142857142857143,0.38095238095238093,0.0,0.0,0.0,0.0,0.0,75
89446ca8427ffff,1,1.0,3.0,0.0,1.0,10.0,0.0,0.0,0.0,0.0,0.0,0.0,0.0,0.0,0.0,0.0,0.0,319
89446ca842bffff,34,15.0,2.4411764705882355,0.17647058823529413,0.058823529411764705,9.029411764705882,0.0,0.058823529411764705,0.08823529411764706,0.0,0.029411764705882353,0.058823529411764705,0.0,0.0,0.0,0.0,0.0,161
89446ca842fffff,21,12.0,2.0,0.3333333333333333,0.0,8.666666666666666,0.0,0.7619047619047619,1.0,0.0,0.0,0.7619047619047619,0.0,0.0,0.0,0.0,0.0,178
89446ca8437ffff,19,9.0,2.526315789473684,0.2631578947368421,0.05263157894736842,9.631578947368421,0.0,0.0,0.0,0.0,0.0,0.0,0.0,0.0,0.0,0.0,0.0,270
89446ca8463ffff,12,7.0,2.0,0.3333333333333333,0.0,9.666666666666666,0.0,0.0,0.0,0.08333333333333333,0.0,0.0,0.0,0.0,0.0,0.0,0.0,184
89446ca8467ffff,13,6.0,2.1538461538461537,0.23076923076923078,0.0,9.0,0.0,0.0,0.0,0.0,0.0,0.0,0.0,0.0,0.0,0.0,0.0,232
89446ca846bffff,13,8.0,2.230769230769231,0.6153846153846154,0.07692307692307693,8.183333333333334,0.0,0.38461538461538464,0.0,0.38461538461538464,0.0,0.38461538461538464,0.0,0.0,0.0,0.0,0.0,234
89446ca846fffff,158,45.0,2.518987341772152,0.22784810126582278,0.05063291139240506,8.50632911392405,0.0,0.04430379746835443,0.4936708860759494,0.12658227848101267,0.03164556962025317,0.04430379746835443,0.0,0.0,0.0,0.0,0.0,58
89446ca848bffff,6,5.0,2.0,0.6666666666666666,0.0,9.833333333333334,0.0,0.0,0.0,0.0,0.0,0.0,0.0,0.0,0.0,0.0,0.0,12
89446ca8493ffff,2,2.0,2.0,1.0,0.0,10.0,0.0,0.0,0.0,0.0,0.0,0.0,0.0,0.0,0.0,0.0,0.0,62
89446ca849bffff,6,2.0,2.0,0.6666666666666666,0.0,9.833333333333334,0.0,0.16666666666666666,0.0,0.0,0.0,0.16666666666666666,0.0,0.0,0.0,0.0,0.0,58
89446ca84a3ffff,2,0.0,2.0,0.0,0.5,6.25,0.0,0.0,0.0,0.0,0.0,0.0,0.0,0.0,0.0,0.0,0.0,25
89446ca84a7ffff,23,5.0,2.0,0.17391304347826086,0.0,9.91304347826087,0.0,0.0,0.782608695652174,0.0,0.782608695652174,0.0,0.0,0.0,0.0,0.0,0.0,19
89446ca84afffff,1,0.0,2.0,1.0,0.0,10.0,0.0,0.0,0.0,0.0,0.0,0.0,0.0,0.0,0.0,0.0,0.0,48
89446ca84b7ffff,1,0.0,2.0,0.0,0.0,10.0,0.0,0.0,0.0,0.0,0.0,0.0,0.0,0.0,0.0,0.0,0.0,51
89446ca8503ffff,38,11.0,2.0,0.21052631578947367,0.13157894736842105,8.68421052631579,0.0,0.0,0.8421052631578947,0.0,0.0,0.0,0.0,0.0,0.0,0.0,0.0,79
89446ca8507ffff,1,1.0,2.0,1.0,0.0,10.0,0.0,0.0,0.0,0.0,0.0,0.0,0.0,0.0,0.0,0.0,0.0,91
89446ca850bffff,5,2.0,2.0,0.2,0.0,10.0,0.0,0.0,0.0,0.0,0.0,0.0,0.0,0.0,0.0,0.0,0.0,121
89446ca850fffff,26,14.0,2.0,0.2692307692307692,0.07692307692307693,7.961538461538462,0.0,0.0,0.5384615384615384,0.0,0.0,0.0,0.0,0.0,0.0,0.0,0.0,69
89446ca8513ffff,22,11.0,2.0,0.13636363636363635,0.18181818181818182,8.80909090909091,0.0,0.0,0.0,0.0,0.0,0.0,0.0,0.0,0.0,0.0,0.0,110
89446ca8517ffff,14,0.0,2.0,0.14285714285714285,0.07142857142857142,8.428571428571429,0.0,0.0,0.9285714285714286,0.0,0.9285714285714286,0.0,0.0,0.0,0.0,0.0,0.0,93
89446ca851bffff,11,4.0,2.0,0.2727272727272727,0.0,9.7,0.0,0.0,0.0,0.0,0.0,0.0,0.0,0.0,0.0,0.0,0.0,91
89446ca8523ffff,1,0.0,2.0,0.0,0.0,10.0,0.0,0.0,0.0,0.0,0.0,0.0,0.0,0.0,0.0,0.0,0.0,51
89446ca8527ffff,25,8.0,2.0,0.08,0.08,9.24,0.0,0.72,0.4,0.16,0.0,0.0,0.0,0.0,0.0,0.0,0.0,26
89446ca852bffff,2,1.0,2.0,0.5,0.0,10.0,0.0,0.0,0.0,0.0,0.0,0.0,0.0,0.0,0.0,0.0,0.0,31
89446ca852fffff,17,7.0,2.0,0.23529411764705882,0.0,8.129411764705882,0.0,0.0,0.0,0.7647058823529411,0.0,0.0,0.0,0.0,0.0,0.7058823529411765,0.7058823529411765,42
89446ca8533ffff,4,3.0,2.0,0.25,0.0,10.0,0.0,0.0,0.0,0.0,0.0,0.0,0.0,0.0,0.0,0.0,0.0,13
89446ca8537ffff,2,1.0,2.0,0.0,0.0,10.0,0.0,0.0,0.0,0.0,0.0,0.0,0.0,0.0,0.0,0.0,0.0,32
89446ca853bffff,1,1.0,2.0,0.0,0.0,10.0,0.0,0.0,0.0,0.0,0.0,0.0,0.0,0.0,0.0,0.0,0.0,35
89446ca8547ffff,13,5.0,2.0,0.07692307692307693,0.07692307692307693,8.23076923076923,0.0,0.0,0.9230769230769231,0.0,0.0,0.0,0.0,0.0,0.0,0.0,0.0,57
89446ca8553ffff,15,3.0,2.0,0.26666666666666666,0.06666666666666667,9.08,0.0,0.0,0.8666666666666667,0.0,0.0,0.0,0.0,0.0,0.0,0.0,0.0,171
89446ca8557ffff,10,3.0,2.0,0.2,0.0,8.9,0.0,0.0,0.9,0.0,0.0,0.0,0.0,0.0,0.0,0.0,0.0,45
89446ca8563ffff,89,40.0,2.0,0.20224719101123595,0.033707865168539325,9.105681818181818,0.0,0.5393258426966292,0.7415730337078652,0.0,0.0,0.0,0.0,0.0,0.0,0.0,0.0,69
89446ca8567ffff,3,2.0,2.0,0.0,0.3333333333333333,7.5,0.0,0.0,0.0,0.0,0.0,0.0,0.0,0.0,0.0,0.0,0.0,148
89446ca856bffff,17,14.0,2.0,0.058823529411764705,0.0,9.5,0.0,0.47058823529411764,0.47058823529411764,0.0,0.0,0.0,0.0,0.0,0.0,0.0,0.0,214
89446ca856fffff,6,3.0,2.0,0.3333333333333333,0.16666666666666666,8.5,0.0,0.0,0.0,0.0,0.0,0.0,0.0,0.0,0.0,0.0,0.0,215
89446ca8573ffff,23,3.0,2.0,0.30434782608695654,0.043478260869565216,8.543478260869565,0.0,0.0,0.9565217391304348,0.0,0.0,0.0,0.0,0.0,0.0,0.0,0.0,153
89446ca8577ffff,1,0.0,2.0,1.0,0.0,10.0,0.0,0.0,1.0,0.0,0.0,0.0,0.0,0.0,0.0,0.0,0.0,144
89446ca857bffff,19,7.0,2.0,0.15789473684210525,0.05263157894736842,9.31578947368421,0.0,0.05263157894736842,1.0,0.0,0.0,0.0,0.0,0.0,0.0,0.0,0.0,153
89446ca8583ffff,119,30.0,2.3361344537815127,0.24369747899159663,0.025210084033613446,9.128318584070797,0.008403361344537815,0.0,0.29411764705882354,0.0,0.31092436974789917,0.0,0.0,0.0,0.0,0.0,0.0,299
89446ca8587ffff,100,27.0,2.02,0.22,0.08,9.03298969072165,0.0,0.26,0.94,0.0,0.07,0.0,0.0,0.0,0.0,0.0,0.0,320
89446ca858bffff,12,5.0,2.1666666666666665,0.3333333333333333,0.0,9.583333333333334,0.0,0.0,0.0,0.0,0.0,0.0,0.0,0.0,0.0,0.0,0.0,207
89446ca858fffff,20,16.0,2.0,0.25,0.05,9.3625,0.0,0.0,0.85,0.0,0.05,0.0,0.0,0.0,0.0,0.0,0.0,271
89446ca8593ffff,10,3.0,2.0,0.3,0.0,7.133333333333334,0.0,0.0,0.0,0.0,0.0,0.0,0.0,0.0,0.0,0.0,0.0,317
89446ca8597ffff,157,42.0,2.3694267515923566,0.1910828025477707,0.050955414012738856,8.697096774193549,0.2929936305732484,0.28662420382165604,0.22929936305732485,0.0,0.17834394904458598,0.0,0.0,0.0,0.0,0.0,0.0,256
89446ca85a3ffff,1,0.0,2.0,0.0,0.0,10.0,0.0,0.0,0.0,0.0,0.0,0.0,0.0,0.0,0.0,0.0,0.0,14
89446ca85a7ffff,1,1.0,2.0,0.0,0.0,10.0,0.0,1.0,0.0,1.0,0.0,0.0,0.0,0.0,0.0,0.0,0.0,4
89446ca85abffff,8,1.0,2.0,0.375,0.25,9.75,0.0,0.0,0.0,0.0,0.0,0.0,0.0,0.0,0.0,0.0,0.0,24
89446ca85b7ffff,1,0.0,2.0,0.0,0.0,10.0,0.0,0.0,0.0,1.0,0.0,0.0,0.0,0.0,0.0,0.0,0.0,6
89446ca85bbffff,4,3.0,2.0,0.0,0.0,6.625,0.0,0.0,0.0,0.0,0.0,0.0,0.0,0.0,0.0,0.0,0.0,143
89446ca85c3ffff,19,10.0,2.473684210526316,0.21052631578947367,0.05263157894736842,9.263157894736842,0.3684210526315789,0.0,0.05263157894736842,0.0,0.21052631578947367,0.0,0.0,0.0,0.0,0.0,0.0,221
89446ca85c7ffff,15,5.0,2.0,0.13333333333333333,0.0,8.8,0.0,0.0,0.0,0.0,0.0,0.0,0.0,0.0,0.0,0.0,0.0,96
89446ca85cbffff,159,43.0,2.50314465408805,0.2641509433962264,0.050314465408805034,9.248051948051948,0.2893081761006289,0.0,0.5408805031446541,0.0,0.1761006289308176,0.0,0.0,0.0,0.0,0.0,0.0,59
89446ca85cfffff,1,0.0,2.0,0.0,0.0,10.0,0.0,0.0,0.0,0.0,0.0,0.0,0.0,0.0,0.0,0.0,0.0,229
89446ca85d3ffff,11,6.0,2.0,0.36363636363636365,0.18181818181818182,9.181818181818182,0.0,0.0,0.0,0.0,0.0,0.0,0.0,0.0,0.0,0.0,0.0,89
89446ca85d7ffff,31,15.0,2.129032258064516,0.2903225806451613,0.06451612903225806,8.65,0.0,0.0,0.0,0.0,0.0,0.0,0.0,0.0,0.0,0.0,0.0,69
89446ca85dbffff,4,1.0,2.0,0.0,0.0,10.0,0.0,0.0,0.0,0.0,0.0,0.0,0.0,0.0,0.0,0.0,0.0,232
89446ca8603ffff,2,2.0,2.0,0.0,1.0,5.5,0.0,0.0,0.0,0.0,0.0,0.0,0.0,0.0,0.0,0.0,0.0,113
89446ca8607ffff,21,3.0,2.4285714285714284,0.23809523809523808,0.047619047619047616,9.404761904761905,0.0,0.0,0.0,0.0,0.0,0.0,0.0,0.0,0.0,0.0,0.0,315
89446ca860bffff,32,13.0,2.4375,0.4375,0.15625,8.493548387096775,0.0625,0.0,0.0,0.0,0.0,0.0,0.0,0.0,0.0,0.0,0.0,258
89446ca860fffff,49,9.0,2.63265306122449,0.32653061224489793,0.02040816326530612,9.193877551020408,0.0,0.0,0.0,0.0,0.0,0.0,0.0,0.0,0.0,0.0,0.0,83
89446ca8613ffff,3,1.0,2.0,0.3333333333333333,0.0,10.0,0.0,0.0,0.0,0.0,0.0,0.0,0.0,0.0,0.0,0.0,0.0,21
89446ca8617ffff,7,4.0,2.0,0.14285714285714285,0.0,8.714285714285714,0.0,0.0,0.0,0.0,0.0,0.0,0.0,0.0,0.0,0.0,0.0,488
89446ca861bffff,1,1.0,2.0,0.0,0.0,6.0,0.0,0.0,0.0,0.0,0.0,0.0,0.0,0.0,0.0,0.0,0.0,59
89446ca8623ffff,158,40.0,2.2468354430379747,0.27848101265822783,0.06962025316455696,8.670063694267515,0.006329113924050633,0.0,0.0189873417721519,0.0,0.0,0.0,0.0,0.0,0.0,0.0,0.0,82
89446ca8627ffff,16,7.0,2.0,0.1875,0.0,8.813333333333333,0.0,0.0,0.0,0.0,0.0,0.0,0.0,0.0,0.0,0.0,0.0,202
89446ca862bffff,4,2.0,2.0,0.25,0.0,9.75,0.0,0.0,0.25,0.0,0.0,0.0,0.0,0.0,0.0,0.0,0.0,204
89446ca862fffff,20,8.0,2.7,0.25,0.15,7.75,0.1,0.0,0.0,0.0,0.0,0.0,0.0,0.0,0.0,0.0,0.0,209
89446ca8633ffff,17,7.0,2.4705882352941178,0.23529411764705882,0.0,9.058823529411764,0.0,0.0,0.0,0.0,0.0,0.0,0.0,0.0,0.0,0.0,0.0,459
89446ca8637ffff,19,7.0,2.0,0.21052631578947367,0.0,9.416666666666666,0.0,0.0,0.0,0.0,0.0,0.0,0.0,0.0,0.0,0.0,0.0,213
89446ca863bffff,6,4.0,2.0,0.0,0.0,8.366666666666667,0.0,0.0,0.0,0.0,0.0,0.0,0.0,0.0,0.0,0.0,0.0,263
89446ca8643ffff,2,1.0,2.0,0.0,0.5,5.5,0.0,0.0,0.0,0.0,0.0,0.0,0.0,0.0,0.0,0.0,0.0,268
89446ca8647ffff,188,40.0,2.4468085106382977,0.3351063829787234,0.0425531914893617,9.10521978021978,0.0,0.0,0.2765957446808511,0.0,0.0,0.0,0.0,0.0,0.0,0.0,0.015957446808510637,121
89446ca864bffff,32,4.0,2.625,0.25,0.0,8.4,0.0,0.0,0.0,0.0,0.0,0.0,0.0,0.0,0.0,0.0,0.0,140
89446ca864fffff,33,6.0,2.5454545454545454,0.3333333333333333,0.06060606060606061,9.5,0.6060606060606061,0.0,0.0,0.0,0.0,0.0,0.0,0.0,0.0,0.0,0.0,290
89446ca8653ffff,4,2.0,2.0,0.5,0.0,10.0,0.0,0.0,0.0,0.0,0.0,0.0,0.0,0.0,0.0,0.0,0.0,37
89446ca8657ffff,10,3.0,2.0,0.3,0.0,8.7,0.0,0.0,0.0,0.0,0.0,0.0,0.0,0.0,0.0,0.0,0.0,236
89446ca865bffff,1,1.0,2.0,1.0,0.0,10.0,0.0,0.0,0.0,0.0,0.0,0.0,0.0,0.0,0.0,0.0,0.0,42
89446ca8663ffff,4,2.0,2.0,0.75,0.0,10.0,0.0,0.0,0.0,0.0,0.0,0.0,0.0,0.0,0.0,0.0,0.0,80
89446ca8667ffff,1,1.0,2.0,0.0,1.0,6.0,0.0,0.0,0.0,0.0,0.0,0.0,0.0,0.0,0.0,0.0,0.0,38
89446ca866bffff,10,1.0,2.0,0.3,0.0,8.95,0.0,0.0,0.0,0.0,0.0,0.0,0.0,0.0,0.0,0.0,0.0,125
89446ca866fffff,11,6.0,2.0,0.2727272727272727,0.0,9.909090909090908,0.0,0.0,0.0,0.0,0.0,0.0,0.0,0.0,0.0,0.0,0.6363636363636364,24
89446ca8673ffff,8,5.0,2.0,0.125,0.125,8.5,0.0,0.0,0.0,0.0,0.0,0.0,0.0,0.0,0.0,0.0,0.0,323
89446ca8677ffff,14,9.0,2.0,0.2857142857142857,0.07142857142857142,8.892857142857142,0.0,0.0,0.0,0.0,0.0,0.0,0.0,0.0,0.0,0.0,0.0,72
89446ca867bffff,36,23.0,2.0,0.3333333333333333,0.05555555555555555,9.121428571428572,0.0,0.0,0.0,0.0,0.0,0.0,0.0,0.0,0.0,0.0,0.08333333333333333,274
89446ca8683ffff,3,0.0,2.0,0.3333333333333333,0.0,8.0,0.0,0.0,0.0,0.0,0.0,0.0,0.0,0.0,0.0,0.0,0.0,85
89446ca8687ffff,30,6.0,2.2666666666666666,0.23333333333333334,0.03333333333333333,8.892857142857142,0.06666666666666667,0.0,0.0,0.0,0.0,0.0,0.0,0.0,0.0,0.0,0.0,260
89446ca868bffff,6,5.0,2.0,0.3333333333333333,0.16666666666666666,8.833333333333334,0.0,0.0,0.0,0.0,0.0,0.0,0.0,0.0,0.0,0.0,0.16666666666666666,32
89446ca868fffff,2,2.0,2.0,1.0,0.0,7.0,0.0,0.0,0.0,0.0,0.0,0.0,0.0,0.0,0.0,0.0,0.0,275
89446ca8693ffff,3,2.0,2.0,0.6666666666666666,0.0,10.0,0.0,0.0,0.0,0.0,0.0,0.0,0.0,0.0,0.0,0.0,0.0,153
89446ca8697ffff,29,6.0,2.0689655172413794,0.3103448275862069,0.034482758620689655,8.678571428571429,0.034482758620689655,0.0,0.06896551724137931,0.0,0.0,0.0,0.0,0.0,0.0,0.0,0.0,142
89446ca869bffff,15,9.0,2.0,0.4,0.0,8.533333333333333,0.0,0.0,0.0,0.0,0.0,0.0,0.0,0.0,0.0,0.0,0.0,18
89446ca86a7ffff,60,21.0,2.5833333333333335,0.31666666666666665,0.016666666666666666,8.473728813559323,0.0,0.0,0.0,0.0,0.0,0.0,0.0,0.0,0.0,0.0,0.0,38
89446ca86abffff,234,37.0,2.5555555555555554,0.23076923076923078,0.05982905982905983,8.807017543859649,0.0,0.0,0.0,0.0,0.0,0.0,0.0,0.0,0.0,0.0,0.0,292
89446ca86afffff,21,13.0,2.3333333333333335,0.2857142857142857,0.047619047619047616,9.375,0.14285714285714285,0.0,0.0,0.0,0.0,0.0,0.0,0.0,0.0,0.0,0.0,330
89446ca86bbffff,226,118.0,2.5530973451327434,0.2168141592920354,0.11504424778761062,8.825,0.004424778761061947,0.0,0.0,0.004424778761061947,0.0,0.0,0.0,0.0,0.0,0.0,0.0,273
89446ca86c3ffff,24,6.0,2.0,0.2916666666666667,0.16666666666666666,8.956521739130435,0.0,0.0,0.625,0.0,0.0,0.0,0.0,0.0,0.0,0.0,0.0,45
89446ca86c7ffff,3,2.0,2.0,0.0,0.0,6.733333333333333,0.0,0.0,0.0,0.0,0.0,0.0,0.0,0.0,0.0,0.0,0.0,49
89446ca86cbffff,12,5.0,2.0,0.16666666666666666,0.0,9.666666666666666,0.0,0.0,0.0,0.0,0.0,0.0,0.0,0.0,0.0,0.0,0.0,63
89446ca86cfffff,9,8.0,2.0,0.6666666666666666,0.2222222222222222,9.444444444444445,0.0,0.0,0.0,0.0,0.0,0.0,0.0,0.0,0.0,0.0,0.2222222222222222,54
89446ca86d3ffff,6,0.0,2.0,0.0,0.0,9.666666666666666,0.0,0.0,0.0,0.0,0.0,0.0,0.0,0.0,0.0,0.0,0.0,48
89446ca86d7ffff,6,1.0,2.0,0.0,0.0,8.366666666666667,0.0,0.0,0.0,0.0,0.0,0.0,0.0,0.0,0.0,0.0,0.0,54
89446ca86dbffff,9,4.0,2.0,0.1111111111111111,0.0,9.11111111111111,0.0,0.0,0.0,0.0,0.0,0.0,0.0,0.0,0.0,0.0,0.0,69
89446ca8803ffff,14,3.0,2.0,0.21428571428571427,0.07142857142857142,8.5,0.0,0.0,0.0,0.0,0.0,0.0,0.0,0.0,0.0,0.0,0.0,57
89446ca8807ffff,22,11.0,2.0,0.13636363636363635,0.0,9.476190476190476,0.0,0.0,0.0,0.0,0.0,0.0,0.0,0.0,0.0,0.0,0.0,26
89446ca880bffff,17,4.0,2.0,0.058823529411764705,0.058823529411764705,9.941176470588236,0.0,0.0,0.8823529411764706,0.0,0.0,0.0,0.0,0.0,0.0,0.0,0.0,42
89446ca880fffff,2,0.0,2.0,0.0,0.0,10.0,0.0,0.0,0.0,0.0,0.0,0.0,0.0,0.0,0.0,0.0,0.0,59
89446ca8813ffff,14,3.0,2.0,0.07142857142857142,0.2857142857142857,7.485714285714286,0.0,0.0,0.0,0.5,0.0,0.0,0.0,0.0,0.0,0.0,0.0,78
89446ca8817ffff,1,0.0,2.0,0.0,0.0,4.0,0.0,0.0,0.0,0.0,0.0,0.0,0.0,0.0,0.0,0.0,0.0,78
89446ca881bffff,1,1.0,2.0,0.0,0.0,10.0,0.0,0.0,0.0,0.0,0.0,0.0,0.0,0.0,0.0,0.0,0.0,103
89446ca8833ffff,2,1.0,2.0,0.0,0.0,5.5,0.0,0.0,0.0,0.0,0.0,0.0,0.0,0.0,0.0,0.0,0.0,34
89446ca8837ffff,2,0.0,2.0,0.0,0.0,9.5,0.0,0.0,0.0,0.0,0.0,0.0,0.0,0.0,0.0,0.0,0.0,5
89446ca883bffff,1,1.0,2.0,1.0,0.0,10.0,0.0,0.0,0.0,0.0,0.0,0.0,0.0,0.0,0.0,0.0,0.0,26
89446ca8843ffff,11,3.0,2.0,0.09090909090909091,0.18181818181818182,8.727272727272727,0.0,0.0,0.0,0.0,0.0,0.0,0.0,0.0,0.09090909090909091,0.0,0.0,120
89446ca8847ffff,17,6.0,2.1176470588235294,0.11764705882352941,0.0,9.588235294117647,0.0,0.0,0.8823529411764706,0.0,0.0,0.0,0.0,0.0,0.0,0.0,0.0,36
89446ca884bffff,33,12.0,2.0,0.21212121212121213,0.15151515151515152,9.484848484848484,0.0,0.09090909090909091,0.6363636363636364,0.030303030303030304,0.0,0.0,0.0,0.0,0.0,0.5454545454545454,0.0,68
89446ca8853ffff,20,14.0,2.0,0.05,0.25,8.173684210526316,0.0,0.0,0.0,0.7,0.0,0.0,0.0,0.0,0.0,0.0,0.0,151
89446ca8857ffff,3,0.0,2.0,0.0,0.0,2.0,0.0,0.0,0.0,0.0,0.0,0.0,0.0,0.0,0.0,0.0,0.0,100
89446ca885bffff,47,35.0,2.021276595744681,0.10638297872340426,0.2978723404255319,8.936170212765957,0.0,0.0,0.0,0.0,0.0,0.0,0.0,0.0,0.0,0.0,0.0,170
89446ca8873ffff,5,3.0,2.0,0.2,0.2,8.0,0.0,0.0,0.0,0.0,0.0,0.0,0.0,0.0,0.0,0.0,0.0,36
89446ca8883ffff,19,7.0,2.0,0.0,0.0,9.588235294117647,0.0,0.631578947368421,0.631578947368421,0.0,0.0,0.0,0.0,0.0,0.0,0.0,0.0,131
89446ca8887ffff,44,9.0,2.0,0.13636363636363635,0.06818181818181818,8.402325581395349,0.0,0.0,0.8181818181818182,0.11363636363636363,0.0,0.0,0.0,0.0,0.0,0.5681818181818182,0.0,96
89446ca888bffff,22,7.0,2.0,0.09090909090909091,0.09090909090909091,8.34,0.0,0.5454545454545454,0.5454545454545454,0.09090909090909091,0.0,0.0,0.0,0.0,0.0,0.0,0.0,112
89446ca888fffff,19,6.0,2.0,0.10526315789473684,0.0,9.882352941176471,0.0,0.0,0.0,0.05263157894736842,0.0,0.0,0.0,0.0,0.0,0.0,0.0,103
89446ca8897ffff,36,15.0,2.0,0.1111111111111111,0.1111111111111111,8.95,0.0,0.6944444444444444,0.6944444444444444,0.1388888888888889,0.0,0.0,0.0,0.0,0.0,0.0,0.0,122
89446ca889bffff,10,7.0,2.0,0.4,0.0,7.55,0.0,0.0,0.0,0.7,0.0,0.0,0.0,0.0,0.0,0.0,0.5,122
89446ca88a3ffff,50,32.0,2.0,0.1,0.04,9.11,0.0,0.1,0.18,0.24,0.0,0.0,0.0,0.0,0.0,0.0,0.0,28
89446ca88abffff,6,5.0,2.0,0.16666666666666666,0.0,9.333333333333334,0.0,0.0,0.0,0.0,0.0,0.0,0.0,0.0,0.0,0.0,0.0,81
89446ca88afffff,3,1.0,2.0,0.0,0.0,9.666666666666666,0.0,0.0,0.0,0.0,0.0,0.0,0.0,0.0,0.0,0.0,0.0,60
89446ca88b3ffff,14,9.0,2.0,0.07142857142857142,0.0,10.0,0.0,0.0,0.0,0.7857142857142857,0.0,0.0,0.0,0.5,0.5,0.0,0.0,146
89446ca88b7ffff,2,1.0,2.0,0.0,0.0,10.0,0.0,0.0,0.0,0.5,0.0,0.0,0.0,0.0,0.0,0.0,0.0,150
89446ca88bbffff,3,3.0,2.0,0.0,0.0,8.333333333333334,0.0,0.6666666666666666,0.0,0.6666666666666666,0.0,0.0,0.0,0.0,0.0,0.0,0.0,134
89446ca88c3ffff,5,2.0,2.0,0.4,0.0,7.5,0.0,0.0,0.0,0.0,0.0,0.0,0.0,0.0,0.0,0.0,0.0,115
89446ca88c7ffff,21,6.0,2.0,0.09523809523809523,0.14285714285714285,9.571428571428571,0.0,0.9523809523809523,0.9523809523809523,0.0,0.0,0.0,0.0,0.0,0.0,0.0,0.0,105
89446ca88cbffff,10,4.0,2.0,0.0,0.1,9.7,0.0,0.0,0.0,0.0,0.0,0.0,0.0,0.0,0.0,0.0,0.0,134
89446ca88cfffff,34,16.0,2.0,0.3235294117647059,0.17647058823529413,8.779411764705882,0.0,0.08823529411764706,0.5588235294117647,0.35294117647058826,0.0,0.0,0.0,0.0,0.0,0.0,0.0,60
89446ca88d3ffff,7,3.0,2.0,0.42857142857142855,0.0,6.428571428571429,0.0,0.0,0.0,0.0,0.0,0.0,0.0,0.0,0.0,0.42857142857142855,0.0,115
89446ca88d7ffff,29,5.0,2.0,0.13793103448275862,0.034482758620689655,9.0,0.0,0.7586206896551724,0.7586206896551724,0.10344827586206896,0.0,0.0,0.0,0.0,0.0,0.0,0.0,73
89446ca88dbffff,14,2.0,2.0,0.21428571428571427,0.0,9.615384615384615,0.0,0.0,0.42857142857142855,0.0,0.0,0.0,0.0,0.0,0.0,0.0,0.0,76
89446ca8907ffff,109,25.0,2.458715596330275,0.22018348623853212,0.027522935779816515,9.06857142857143,0.0,0.2018348623853211,0.2018348623853211,0.0,0.0,0.0,0.0,0.0,0.0,0.0,0.0,349
89446ca8913ffff,5,2.0,2.4,0.4,0.0,9.8,0.0,0.0,0.0,0.0,0.0,0.0,0.0,0.0,0.0,0.0,0.0,188
89446ca8917ffff,18,12.0,2.5555555555555554,0.2777777777777778,0.05555555555555555,9.705882352941176,0.05555555555555555,0.0,0.0,0.0,0.0,0.0,0.0,0.0,0.0,0.0,0.0,129
89446ca8923ffff,1,0.0,2.0,0.0,0.0,9.0,0.0,0.0,0.0,0.0,0.0,0.0,0.0,0.0,0.0,0.0,0.0,455
89446ca892bffff,101,25.0,2.5742574257425743,0.39603960396039606,0.039603960396039604,8.994,0.49504950495049505,0.0,0.0,0.0,0.0,0.0,0.0,0.0,0.0,0.0,0.0,469
89446ca892fffff,26,9.0,2.230769230769231,0.23076923076923078,0.15384615384615385,8.76086956521739,0.0,0.07692307692307693,0.6538461538461539,0.0,0.0,0.0,0.0,0.0,0.0,0.0,0.0,252
89446ca8933ffff,2,2.0,2.0,0.5,0.0,9.0,0.0,0.0,0.0,0.0,0.0,0.0,0.0,0.0,0.0,0.0,0.0,447
89446ca8937ffff,1,0.0,2.0,0.0,0.0,10.0,0.0,0.0,0.0,0.0,0.0,0.0,0.0,0.0,0.0,0.0,0.0,10
89446ca893bffff,325,65.0,2.753846153846154,0.23384615384615384,0.024615384615384615,9.163607594936709,0.07076923076923076,0.055384615384615386,0.556923076923077,0.0,0.23384615384615384,0.0,0.0,0.0,0.0,0.0,0.0,214
89446ca8963ffff,15,1.0,2.0,0.2,0.06666666666666667,9.733333333333333,0.0,0.0,0.0,0.0,0.0,0.0,0.0,0.0,0.0,0.0,0.0,8
89446ca8977ffff,1,1.0,2.0,0.0,0.0,10.0,0.0,0.0,0.0,0.0,0.0,0.0,0.0,0.0,0.0,0.0,0.0,441
89446ca897bffff,7,4.0,2.0,0.0,0.0,9.285714285714286,0.0,0.7142857142857143,0.7142857142857143,0.0,0.0,0.0,0.0,0.0,0.0,0.0,0.0,15
89446ca8983ffff,30,6.0,2.033333333333333,0.23333333333333334,0.03333333333333333,8.272413793103448,0.0,0.0,0.9,0.0,0.06666666666666667,0.0,0.0,0.0,0.0,0.03333333333333333,0.0,257
89446ca8987ffff,1,1.0,2.0,0.0,0.0,10.0,0.0,0.0,0.0,0.0,0.0,0.0,0.0,0.0,0.0,0.0,0.0,87
89446ca898bffff,155,16.0,2.6774193548387095,0.25806451612903225,0.0064516129032258064,9.075333333333333,0.01935483870967742,0.06451612903225806,0.832258064516129,0.03870967741935484,0.03870967741935484,0.0,0.0,0.0,0.0,0.0,0.0,96
89446ca898fffff,11,4.0,2.1818181818181817,0.09090909090909091,0.09090909090909091,8.909090909090908,0.0,0.09090909090909091,0.0,0.0,0.0,0.0,0.0,0.0,0.0,0.0,0.09090909090909091,209
89446ca8993ffff,10,3.0,2.0,0.3,0.0,9.666666666666666,0.0,0.6,0.3,0.0,0.0,0.0,0.0,0.0,0.0,0.0,0.0,408
89446ca8997ffff,35,23.0,2.0,0.37142857142857144,0.02857142857142857,9.628571428571428,0.0,0.8285714285714286,0.9142857142857143,0.08571428571428572,0.0,0.0,0.0,0.0,0.0,0.0,0.0,117
89446ca899bffff,45,19.0,2.511111111111111,0.24444444444444444,0.022222222222222223,9.293333333333333,0.1111111111111111,0.13333333333333333,0.0,0.044444444444444446,0.0,0.0,0.0,0.0,0.0,0.0,0.022222222222222223,439
89446ca89a3ffff,18,5.0,2.0,0.1111111111111111,0.0,9.0625,0.0,0.7777777777777778,0.7777777777777778,0.0,0.0,0.0,0.0,0.0,0.0,0.0,0.0,35
89446ca89a7ffff,16,7.0,2.0,0.3125,0.0,9.4375,0.0,0.75,0.75,0.0,0.0,0.0,0.0,0.0,0.0,0.125,0.375,30
89446ca89abffff,4,1.0,2.0,0.5,0.0,9.25,0.0,0.0,0.0,0.0,0.0,0.0,0.0,0.0,0.0,0.0,0.0,154
89446ca89afffff,7,1.0,2.0,0.0,0.0,9.285714285714286,0.0,0.0,0.0,0.0,0.0,0.0,0.0,0.0,0.0,0.0,0.0,41
89446ca89b3ffff,6,2.0,2.0,0.16666666666666666,0.0,9.333333333333334,0.0,0.0,0.5,0.3333333333333333,0.0,0.0,0.0,0.0,0.0,0.0,0.0,28
89446ca89b7ffff,2,2.0,2.0,0.0,0.0,10.0,0.0,0.0,0.0,0.0,0.0,0.0,0.0,0.0,0.0,0.0,0.0,46
89446ca89c7ffff,4,1.0,2.0,0.0,0.0,10.0,0.0,0.0,0.0,0.0,0.0,0.0,0.0,0.0,0.0,0.0,0.0,161
89446ca89d7ffff,1,1.0,2.0,1.0,0.0,10.0,0.0,1.0,0.0,1.0,0.0,0.0,0.0,0.0,0.0,0.0,0.0,211
89446ca8a03ffff,8,4.0,2.0,0.0,0.0,9.75,0.0,0.0,0.375,0.0,0.0,0.0,0.0,0.0,0.0,0.0,0.0,203
89446ca8a07ffff,20,6.0,2.0,0.2,0.0,10.0,0.0,0.0,0.0,0.0,0.0,0.0,0.0,0.0,0.0,0.0,0.0,162
89446ca8a0bffff,3,3.0,2.0,0.0,0.0,10.0,0.0,0.3333333333333333,0.0,0.3333333333333333,0.0,0.0,0.0,0.0,0.0,0.0,0.0,138
89446ca8a0fffff,34,17.0,2.0,0.23529411764705882,0.029411764705882353,9.294117647058824,0.029411764705882353,0.6176470588235294,0.6176470588235294,0.0,0.20588235294117646,0.0,0.0,0.0,0.0,0.0,0.029411764705882353,94
89446ca8a13ffff,51,27.0,2.0,0.1568627450980392,0.0392156862745098,9.5064,0.0,0.0,0.5686274509803921,0.0392156862745098,0.0,0.0,0.0,0.0,0.0,0.0,0.0,136
89446ca8a17ffff,70,41.0,2.0,0.24285714285714285,0.04285714285714286,9.611940298507463,0.0,0.5571428571428572,0.32857142857142857,0.08571428571428572,0.0,0.0,0.0,0.0,0.0,0.0,0.014285714285714285,100
89446ca8a1bffff,25,7.0,2.0,0.2,0.08,9.44,0.0,0.68,0.64,0.32,0.0,0.0,0.0,0.0,0.0,0.0,0.0,107
89446ca8a23ffff,1,0.0,2.0,0.0,0.0,10.0,0.0,0.0,0.0,0.0,0.0,0.0,0.0,0.0,0.0,0.0,0.0,96
89446ca8a27ffff,2,2.0,2.0,0.5,0.0,10.0,0.0,0.0,0.0,0.0,0.0,0.0,0.0,0.0,0.0,0.0,0.0,46
89446ca8a2bffff,17,10.0,2.0,0.11764705882352941,0.17647058823529413,8.911764705882353,0.29411764705882354,0.5882352941176471,0.5882352941176471,0.058823529411764705,0.29411764705882354,0.0,0.0,0.0,0.0,0.058823529411764705,0.0,145
89446ca8a2fffff,7,1.0,2.0,0.2857142857142857,0.0,8.133333333333333,0.0,0.0,0.0,0.0,0.0,0.0,0.0,0.0,0.0,0.0,0.0,160
89446ca8a33ffff,9,9.0,2.0,0.2222222222222222,0.2222222222222222,9.333333333333334,0.0,1.0,0.0,0.4444444444444444,0.0,0.0,0.0,0.0,0.0,0.0,0.0,86
89446ca8a37ffff,22,4.0,2.0,0.18181818181818182,0.045454545454545456,8.372727272727273,0.0,0.9090909090909091,0.4090909090909091,0.5,0.0,0.0,0.0,0.0,0.0,0.0,0.0,40
89446ca8a3bffff,39,14.0,2.0,0.10256410256410256,0.07692307692307693,9.047368421052632,0.0,0.9743589743589743,0.5384615384615384,0.4358974358974359,0.5128205128205128,0.0,0.0,0.0,0.0,0.0,0.38461538461538464,84
89446ca8a43ffff,37,9.0,2.0,0.21621621621621623,0.05405405405405406,8.978378378378379,0.0,0.4594594594594595,0.4594594594594595,0.0,0.0,0.0,0.0,0.0,0.0,0.0,0.0,131
89446ca8a47ffff,20,7.0,2.0,0.25,0.0,8.265,0.0,0.95,0.35,0.1,0.0,0.0,0.0,0.0,0.0,0.0,0.35,147
89446ca8a4bffff,11,2.0,2.0,0.18181818181818182,0.0,9.454545454545455,0.0,0.0,0.0,0.0,0.0,0.0,0.0,0.0,0.0,0.0,0.09090909090909091,194
89446ca8a4fffff,51,11.0,2.0,0.2549019607843137,0.058823529411764705,8.556000000000001,0.0,0.8823529411764706,0.8823529411764706,0.0,0.0,0.0,0.0,0.0,0.0,0.0,0.0,95
89446ca8a53ffff,12,4.0,2.0,0.3333333333333333,0.08333333333333333,7.3500000000000005,0.0,0.16666666666666666,0.16666666666666666,0.25,0.0,0.0,0.0,0.0,0.0,0.0,0.16666666666666666,110
89446ca8a57ffff,30,7.0,2.0,0.26666666666666666,0.03333333333333333,8.683333333333334,0.0,1.0,0.6666666666666666,0.0,0.0,0.0,0.0,0.0,0.0,0.0,0.0,108
89446ca8a5bffff,7,3.0,2.0,0.14285714285714285,0.0,8.714285714285714,0.0,0.0,0.0,0.0,0.0,0.0,0.0,0.0,0.0,0.0,0.0,154
89446ca8a63ffff,11,1.0,2.0,0.18181818181818182,0.18181818181818182,8.727272727272727,0.0,0.45454545454545453,0.0,0.8181818181818182,0.0,0.0,0.0,0.0,0.0,0.0,0.9090909090909091,62
89446ca8a67ffff,8,6.0,2.0,0.375,0.125,9.25,0.0,0.0,0.0,0.0,0.0,0.0,0.0,0.25,0.25,0.0,0.0,132
89446ca8a6bffff,20,3.0,2.0,0.3,0.1,9.15,0.0,0.25,0.0,0.0,0.0,0.0,0.0,0.0,0.0,0.0,0.0,85
89446ca8a6fffff,5,1.0,2.0,0.2,0.0,9.4,0.0,0.0,0.0,0.6,0.0,0.0,0.0,0.0,0.0,0.0,0.2,107
89446ca8a73ffff,21,5.0,2.0,0.14285714285714285,0.09523809523809523,7.25,0.0,0.6666666666666666,0.6666666666666666,0.2857142857142857,0.0,0.0,0.0,0.0,0.0,0.0,0.0,76
89446ca8a77ffff,3,2.0,2.0,0.3333333333333333,0.0,9.0,0.0,0.6666666666666666,0.0,0.0,0.0,0.0,0.0,0.0,0.0,0.0,0.0,130
89446ca8a7bffff,5,2.0,2.0,0.2,0.0,10.0,0.0,0.0,0.0,0.0,0.0,0.0,0.0,0.0,0.0,0.0,0.0,144
89446ca8a83ffff,18,9.0,2.0,0.4444444444444444,0.05555555555555555,8.583333333333334,0.0,0.0,0.0,0.05555555555555555,0.0,0.0,0.0,0.0,0.0,0.5,0.0,85
89446ca8a87ffff,6,2.0,2.0,0.16666666666666666,0.0,10.0,0.0,0.0,0.0,0.0,0.0,0.0,0.0,0.0,0.0,0.0,0.0,74
89446ca8a8bffff,12,3.0,2.0,0.25,0.08333333333333333,8.545454545454545,0.0,0.0,0.6666666666666666,0.0,0.0,0.0,0.0,0.0,0.0,0.0,0.0,136
89446ca8a8fffff,17,5.0,2.0,0.0,0.0,8.75,0.0,0.6470588235294118,0.6470588235294118,0.17647058823529413,0.0,0.0,0.0,0.0,0.0,0.0,0.0,159
89446ca8a93ffff,10,5.0,2.0,0.0,0.0,8.777777777777779,0.0,0.1,0.0,0.9,0.0,0.0,0.0,0.0,0.0,0.0,0.0,186
89446ca8a97ffff,1,0.0,2.0,0.0,0.0,10.0,0.0,0.0,0.0,0.0,0.0,0.0,0.0,0.0,0.0,0.0,0.0,173
89446ca8a9bffff,39,21.0,2.0,0.48717948717948717,0.05128205128205128,9.046153846153846,0.0,0.3333333333333333,0.3333333333333333,0.0,0.0,0.0,0.0,0.0,0.0,0.0,0.0,115
89446ca8aa3ffff,5,2.0,2.0,0.4,0.0,9.8,0.0,0.0,0.0,0.4,0.0,0.0,0.0,0.0,0.0,0.0,0.0,11
89446ca8aabffff,2,1.0,2.0,0.0,0.5,8.5,0.0,0.0,0.0,0.5,0.0,0.0,0.0,0.0,0.0,0.0,0.0,108
89446ca8aafffff,2,0.0,2.0,0.0,0.0,8.5,0.0,0.0,0.0,0.0,0.0,0.0,0.0,0.0,0.0,0.0,0.0,59
89446ca8ab3ffff,3,1.0,2.0,0.0,0.0,7.066666666666666,0.0,0.0,0.0,0.0,0.0,0.0,0.0,0.0,0.0,0.0,0.0,48
89446ca8ab7ffff,2,2.0,2.0,0.5,0.0,8.5,0.0,0.0,0.0,0.0,0.0,0.0,0.0,0.0,0.0,0.0,0.0,8
89446ca8abbffff,2,0.0,2.0,0.0,0.5,10.0,0.0,0.0,0.0,0.0,0.0,0.0,0.0,0.0,0.0,0.0,0.0,103
89446ca8ac3ffff,9,3.0,2.0,0.2222222222222222,0.0,9.0,0.0,0.3333333333333333,0.0,0.3333333333333333,0.0,0.0,0.0,0.0,0.0,0.0,0.0,82
89446ca8ac7ffff,4,0.0,2.0,0.0,0.0,9.75,0.0,0.0,0.0,0.0,0.0,0.0,0.0,0.0,0.0,0.0,0.0,115
89446ca8acbffff,10,4.0,2.0,0.1,0.0,9.777777777777779,0.0,0.0,0.0,0.0,0.0,0.0,0.0,0.0,0.0,0.0,0.0,73
89446ca8acfffff,11,6.0,2.0,0.36363636363636365,0.09090909090909091,9.181818181818182,0.0,0.8181818181818182,0.0,0.36363636363636365,0.0,0.0,0.0,0.0,0.0,0.0,0.0,90
89446ca8ad3ffff,46,11.0,2.0,0.34782608695652173,0.06521739130434782,8.804545454545455,0.0,0.782608695652174,0.5869565217391305,0.15217391304347827,0.0,0.0,0.0,0.0,0.0,0.0,0.06521739130434782,61
89446ca8ad7ffff,7,2.0,2.0,0.14285714285714285,0.14285714285714285,8.333333333333334,0.0,0.0,0.0,0.0,0.0,0.0,0.0,0.0,0.0,0.0,0.0,122
89446ca8adbffff,4,1.0,2.0,0.0,0.0,10.0,0.0,0.0,0.0,1.0,0.0,0.0,0.0,0.0,0.0,0.0,0.0,121
89446ca8b03ffff,2,0.0,2.0,0.5,0.0,9.5,0.0,1.0,0.0,1.0,0.0,0.0,0.0,0.0,0.0,0.0,0.0,32
89446ca8b07ffff,1,0.0,2.0,1.0,0.0,10.0,0.0,0.0,0.0,1.0,0.0,0.0,0.0,0.0,0.0,0.0,0.0,6
89446ca8b0bffff,27,8.0,2.0,0.18518518518518517,0.07407407407407407,8.22962962962963,0.0,0.8888888888888888,0.0,0.18518518518518517,0.48148148148148145,0.0,0.0,0.0,0.0,0.0,0.037037037037037035,49
89446ca8b0fffff,3,3.0,2.0,0.3333333333333333,0.0,10.0,0.0,0.6666666666666666,0.0,1.0,0.0,0.0,0.0,0.0,0.0,0.0,0.0,174
89446ca8b1bffff,1,0.0,2.0,0.0,0.0,10.0,0.0,0.0,0.0,1.0,0.0,0.0,0.0,0.0,0.0,0.0,0.0,60
89446ca8b23ffff,63,5.0,2.7142857142857144,0.19047619047619047,0.0,9.084126984126984,0.8095238095238095,0.0,0.0,0.0,0.0,0.0,0.0,0.0,0.0,0.0,0.0,168
89446ca8b27ffff,8,5.0,2.625,0.0,0.0,10.0,0.125,0.0,0.0,0.0,0.0,0.0,0.0,0.0,0.0,0.0,0.0,110
89446ca8b2bffff,147,43.0,2.8503401360544216,0.19727891156462585,0.006802721088435374,9.083333333333334,0.0,0.047619047619047616,0.564625850340136,0.006802721088435374,0.0,0.0,0.0,0.0,0.0,0.0,0.0,206
89446ca8b2fffff,12,3.0,2.0,0.5,0.16666666666666666,9.166666666666666,0.0,0.25,0.25,0.25,0.5,0.0,0.0,0.0,0.0,0.0,0.0,251
89446ca8b3bffff,1,0.0,2.0,1.0,0.0,9.0,0.0,0.0,0.0,0.0,0.0,0.0,0.0,0.0,0.0,0.0,0.0,336
89446ca8b43ffff,13,2.0,2.0,0.23076923076923078,0.0,8.666666666666666,0.0,0.6153846153846154,0.38461538461538464,0.0,0.0,0.0,0.0,0.0,0.0,0.0,0.0,65
89446ca8b47ffff,13,4.0,2.0,0.3076923076923077,0.0,8.784615384615385,0.0,0.0,0.0,0.5384615384615384,0.0,0.0,0.0,0.0,0.0,0.0,0.0,80
89446ca8b4bffff,27,18.0,2.0,0.48148148148148145,0.037037037037037035,9.666666666666666,0.0,0.0,0.0,0.3333333333333333,0.0,0.0,0.0,0.0,0.0,0.0,0.0,134
89446ca8b4fffff,5,1.0,2.0,0.2,0.0,8.8,0.0,0.4,0.0,0.4,0.0,0.4,0.0,0.0,0.0,0.0,0.0,174
89446ca8b53ffff,7,3.0,2.0,0.42857142857142855,0.0,9.857142857142858,0.0,0.0,0.0,0.0,0.0,0.0,0.0,0.0,0.0,0.0,0.0,39
89446ca8b57ffff,9,4.0,2.0,0.2222222222222222,0.0,9.666666666666666,0.0,0.5555555555555556,0.0,0.8888888888888888,0.0,0.0,0.0,0.0,0.0,0.0,0.0,67
89446ca8b5bffff,4,2.0,2.0,0.25,0.0,10.0,0.0,0.0,0.0,0.0,0.0,0.0,0.0,0.0,0.0,0.0,0.0,105
89446ca8b63ffff,62,18.0,2.5,0.27419354838709675,0.016129032258064516,9.27741935483871,0.8064516129032258,0.0,0.0,0.0,0.0,0.0,0.0,0.0,0.0,0.0,0.0,185
89446ca8b67ffff,3,2.0,2.0,0.3333333333333333,0.0,9.666666666666666,0.0,0.0,0.0,0.0,0.0,0.0,0.0,0.0,0.0,0.0,0.0,346
89446ca8b6bffff,25,14.0,2.24,0.44,0.16,9.16,0.0,0.16,0.0,0.48,0.0,0.0,0.0,0.0,0.0,0.0,0.0,219
89446ca8b6fffff,9,6.0,2.0,0.4444444444444444,0.0,8.525,0.0,0.0,0.0,0.4444444444444444,0.0,0.0,0.0,0.0,0.0,0.0,0.0,93
89446ca8b73ffff,21,4.0,2.0,0.14285714285714285,0.09523809523809523,7.714285714285714,0.0,0.5238095238095238,0.0,0.7142857142857143,0.0,0.0,0.0,0.0,0.0,0.0,0.0,232
89446ca8b77ffff,122,37.0,2.5737704918032787,0.22950819672131148,0.040983606557377046,9.258264462809917,0.0,0.07377049180327869,0.040983606557377046,0.10655737704918032,0.00819672131147541,0.0,0.0,0.0,0.0,0.0,0.03278688524590164,237
89446ca8b7bffff,5,4.0,2.0,0.2,0.0,8.0,0.0,0.0,0.0,0.0,0.0,0.0,0.0,0.0,0.0,0.0,0.0,240
89446ca8b87ffff,7,3.0,2.0,0.2857142857142857,0.14285714285714285,7.4,0.0,0.0,0.0,0.0,0.0,0.0,0.0,0.0,0.0,0.0,0.0,9
89446ca8b8bffff,1,1.0,2.0,0.0,0.0,7.0,0.0,1.0,1.0,0.0,0.0,0.0,0.0,0.0,0.0,1.0,0.0,19
89446ca8b8fffff,3,0.0,2.0,0.0,0.0,9.666666666666666,0.0,0.0,0.0,0.0,0.0,0.0,0.0,0.0,0.0,0.0,0.0,8
89446ca8bb3ffff,6,0.0,2.0,0.3333333333333333,0.0,10.0,0.0,0.0,0.0,0.0,0.0,0.0,0.0,0.0,0.0,0.16666666666666666,0.16666666666666666,7
89446ca8bc3ffff,22,5.0,2.0454545454545454,0.18181818181818182,0.09090909090909091,8.642857142857142,0.0,0.5909090909090909,0.5909090909090909,0.3181818181818182,0.0,0.0,0.0,0.0,0.0,0.09090909090909091,0.0,49
89446ca8bc7ffff,16,1.0,2.0,0.0,0.0,8.678571428571429,0.0,0.9375,0.9375,0.0625,0.0,0.0,0.0,0.0,0.0,0.375,0.0,30
89446ca8bcbffff,5,3.0,2.0,0.6,0.0,10.0,0.0,0.0,0.0,0.8,0.0,0.0,0.0,0.0,0.0,0.0,0.0,80
89446ca8bcfffff,6,3.0,2.0,0.16666666666666666,0.0,9.166666666666666,0.0,0.0,0.0,0.6666666666666666,0.0,0.0,0.0,0.0,0.0,0.0,0.0,60
89446ca8bd3ffff,1,1.0,2.0,1.0,0.0,9.0,0.0,0.0,0.0,0.0,0.0,0.0,0.0,0.0,0.0,0.0,0.0,43
89446ca8bdbffff,21,3.0,2.0,0.23809523809523808,0.09523809523809523,7.775,0.0,0.9047619047619048,0.0,0.9047619047619048,0.0,0.0,0.0,0.0,0.0,0.0,0.7142857142857143,52
89446ca8c03ffff,7,3.0,2.0,0.0,0.2857142857142857,6.857142857142857,0.0,0.0,0.7142857142857143,0.0,0.0,0.0,0.0,0.0,0.0,0.0,0.0,41
89446ca8c07ffff,6,0.0,2.0,0.16666666666666666,0.0,7.916666666666667,0.0,0.0,0.0,0.0,0.0,0.0,0.0,0.0,0.0,0.0,0.0,267
89446ca8c0bffff,11,3.0,2.0,0.18181818181818182,0.18181818181818182,6.15,0.0,0.7272727272727273,0.8181818181818182,0.18181818181818182,0.7272727272727273,0.0,0.0,0.0,0.0,0.0,0.0,99
89446ca8c17ffff,24,12.0,2.0,0.16666666666666666,0.16666666666666666,9.25,0.0,0.0,0.75,0.125,0.0,0.0,0.0,0.0,0.0,0.0,0.0,38
89446ca8c23ffff,20,9.0,2.1,0.25,0.05,9.789473684210526,0.0,0.45,0.45,0.3,0.3,0.0,0.0,0.0,0.0,0.0,0.0,376
89446ca8c27ffff,17,3.0,2.0,0.35294117647058826,0.0,8.578125,0.0,0.6470588235294118,0.0,0.8823529411764706,0.0,0.0,0.0,0.0,0.0,0.11764705882352941,0.0,146
89446ca8c2bffff,20,11.0,2.0,0.2,0.0,9.11,0.0,0.9,0.0,0.6,0.0,0.0,0.0,0.0,0.0,0.0,0.0,236
89446ca8c2fffff,52,12.0,2.0,0.25,0.0,9.56,0.0,0.8076923076923077,0.8076923076923077,0.07692307692307693,0.0,0.0,0.0,0.0,0.0,0.0,0.0,95
89446ca8c33ffff,182,44.0,2.467032967032967,0.25274725274725274,0.054945054945054944,8.8,0.005494505494505495,0.46153846153846156,0.7747252747252747,0.0,0.5989010989010989,0.0,0.0,0.0,0.0,0.0,0.0,146
89446ca8c37ffff,66,14.0,2.515151515151515,0.36363636363636365,0.21212121212121213,8.106060606060606,0.0,0.0,0.0,0.045454545454545456,0.0,0.0,0.0,0.0,0.0,0.0,0.0,251
89446ca8c3bffff,39,28.0,2.2564102564102564,0.41025641025641024,0.02564102564102564,9.338461538461539,0.0,0.0,0.0,0.02564102564102564,0.0,0.0,0.0,0.0,0.0,0.0,0.0,309
89446ca8c47ffff,35,8.0,2.0,0.22857142857142856,0.0,8.705714285714285,0.0,0.0,0.7142857142857143,0.2571428571428571,0.0,0.0,0.0,0.0,0.0,0.0,0.0,237
89446ca8c4bffff,7,2.0,2.0,0.14285714285714285,0.14285714285714285,8.166666666666666,0.0,0.8571428571428571,0.8571428571428571,0.0,0.0,0.0,0.0,0.0,0.0,0.0,0.0,110
89446ca8c4fffff,2,0.0,2.0,0.0,0.0,10.0,0.0,0.0,0.0,0.0,0.0,0.0,0.0,0.0,0.0,0.0,0.0,261
89446ca8c63ffff,1,1.0,2.0,0.0,0.0,10.0,0.0,0.0,0.0,0.0,0.0,0.0,0.0,0.0,0.0,0.0,0.0,392
89446ca8c67ffff,44,10.0,2.0,0.22727272727272727,0.045454545454545456,8.715909090909092,0.0,0.45454545454545453,0.8409090909090909,0.06818181818181818,0.18181818181818182,0.0,0.0,0.0,0.0,0.20454545454545456,0.022727272727272728,120
89446ca8c6bffff,35,6.0,2.0,0.11428571428571428,0.05714285714285714,9.152941176470588,0.0,0.8285714285714286,0.8285714285714286,0.0,0.0,0.0,0.0,0.0,0.0,0.0,0.0,252
89446ca8c6fffff,8,1.0,2.0,0.25,0.0,9.428571428571429,0.0,0.125,0.125,0.625,0.0,0.0,0.0,0.0,0.0,0.0,0.0,126
89446ca8c73ffff,57,20.0,2.473684210526316,0.21052631578947367,0.017543859649122806,9.330357142857142,0.0,0.8070175438596491,0.9298245614035088,0.10526315789473684,0.12280701754385964,0.0,0.0,0.0,0.0,0.0,0.0,295
89446ca8c77ffff,81,54.0,2.567901234567901,0.2716049382716049,0.08641975308641975,9.296296296296296,0.0,0.09876543209876543,0.08641975308641975,0.2222222222222222,0.024691358024691357,0.0,0.0,0.0,0.0,0.0,0.1728395061728395,161
89446ca8c7bffff,167,50.0,2.3473053892215567,0.25149700598802394,0.029940119760479042,8.97962962962963,0.08982035928143713,0.3712574850299401,0.6047904191616766,0.0,0.3772455089820359,0.0,0.0,0.0,0.0,0.0,0.0,175
89446ca8c83ffff,4,0.0,2.0,0.0,0.0,10.0,0.0,0.0,1.0,0.0,0.0,0.0,0.0,0.0,0.0,0.0,0.0,2
89446ca8c8fffff,1,0.0,2.0,0.0,0.0,10.0,0.0,0.0,0.0,0.0,0.0,0.0,0.0,0.0,0.0,0.0,0.0,37
89446ca8c97ffff,1,0.0,2.0,0.0,0.0,8.0,0.0,0.0,0.0,1.0,0.0,0.0,0.0,0.0,0.0,0.0,0.0,4
89446ca8ca3ffff,1,0.0,2.0,0.0,0.0,10.0,0.0,0.0,0.0,0.0,0.0,0.0,0.0,0.0,0.0,0.0,0.0,24
89446ca8cabffff,15,7.0,2.0,0.13333333333333333,0.06666666666666667,8.933333333333334,0.0,0.0,0.0,0.0,0.0,0.0,0.0,0.0,0.0,0.0,0.0,222
89446ca8cbbffff,9,1.0,2.0,0.0,0.1111111111111111,9.375,0.0,0.0,1.0,0.0,0.0,0.0,0.0,0.0,0.0,0.0,0.0,41
89446ca8d03ffff,37,21.0,2.4864864864864864,0.2972972972972973,0.08108108108108109,9.513513513513514,0.0,0.0,0.0,0.0,0.0,0.0,0.0,0.0,0.0,0.0,0.0,586
89446ca8d07ffff,120,29.0,2.091666666666667,0.26666666666666666,0.05,9.413675213675214,0.0,0.7583333333333333,0.9,0.0,0.125,0.0,0.0,0.0,0.0,0.008333333333333333,0.0,518
89446ca8d0bffff,28,19.0,2.0,0.2857142857142857,0.0,9.75,0.0,0.9642857142857143,0.0,0.9642857142857143,0.0,0.0,0.0,0.0,0.0,0.0,0.0,445
89446ca8d0fffff,340,131.0,2.4235294117647057,0.3205882352941177,0.03235294117647059,9.07084592145015,0.4588235294117647,0.0,0.5882352941176471,0.0,0.041176470588235294,0.0,0.0,0.0,0.0,0.0,0.07058823529411765,257
89446ca8d13ffff,26,7.0,2.230769230769231,0.2692307692307692,0.038461538461538464,8.86,0.19230769230769232,0.0,0.0,0.0,0.0,0.0,0.0,0.0,0.0,0.0,0.0,400
89446ca8d17ffff,67,22.0,2.298507462686567,0.2835820895522388,0.04477611940298507,9.363636363636363,0.0,0.47761194029850745,0.47761194029850745,0.0,0.0,0.47761194029850745,0.0,0.0,0.0,0.1791044776119403,0.014925373134328358,321
89446ca8d1bffff,5,3.0,2.0,0.4,0.0,8.5,0.0,0.0,0.0,0.0,0.0,0.0,0.0,0.0,0.0,0.0,0.0,135
89446ca8d23ffff,17,10.0,2.0,0.29411764705882354,0.11764705882352941,9.147058823529411,0.0,0.47058823529411764,0.47058823529411764,0.35294117647058826,0.0,0.11764705882352941,0.0,0.0,0.0,0.0,0.29411764705882354,106
89446ca8d27ffff,9,2.0,2.0,0.0,0.0,9.333333333333334,0.0,0.0,0.0,0.0,0.0,0.0,0.0,0.0,0.0,0.0,0.0,134
89446ca8d2bffff,1,0.0,2.0,0.0,0.0,10.0,0.0,0.0,0.0,0.0,0.0,0.0,0.0,0.0,0.0,0.0,0.0,366
89446ca8d2fffff,61,14.0,2.0,0.19672131147540983,0.0,9.208196721311475,0.0,1.0,0.9180327868852459,0.06557377049180328,0.0,0.0,0.0,0.0,0.0,0.03278688524590164,0.06557377049180328,82
89446ca8d37ffff,9,5.0,2.0,0.4444444444444444,0.0,9.666666666666666,0.0,0.3333333333333333,0.0,0.8888888888888888,0.0,0.0,0.0,0.0,0.0,0.0,0.0,100
89446ca8d3bffff,26,13.0,2.0,0.34615384615384615,0.11538461538461539,8.872,0.3076923076923077,0.5,0.4230769230769231,0.0,0.0,0.0,0.0,0.0,0.0,0.07692307692307693,0.0,494
89446ca8d47ffff,33,14.0,2.0,0.21212121212121213,0.12121212121212122,8.69375,0.0,0.0,0.48484848484848486,0.0,0.0,0.0,0.0,0.0,0.0,0.0,0.0,111
89446ca8d4bffff,5,2.0,2.0,0.4,0.0,8.040000000000001,0.0,0.0,0.0,1.0,0.0,0.0,0.0,0.0,0.0,0.0,0.0,138
89446ca8d4fffff,42,10.0,2.0,0.2857142857142857,0.023809523809523808,9.23,0.0,0.023809523809523808,0.5476190476190477,0.30952380952380953,0.0,0.023809523809523808,0.0,0.0,0.0,0.0,0.07142857142857142,65
89446ca8d53ffff,1,0.0,2.0,0.0,0.0,10.0,0.0,0.0,0.0,1.0,0.0,0.0,0.0,0.0,0.0,0.0,0.0,37
89446ca8d5bffff,2,2.0,2.0,0.5,0.0,10.0,0.0,0.0,0.0,0.0,0.0,0.0,0.0,0.0,0.0,0.0,0.0,111
89446ca8d63ffff,45,25.0,1.9777777777777779,0.15555555555555556,0.022222222222222223,9.244444444444444,0.0,0.8888888888888888,0.4888888888888889,0.022222222222222223,0.4888888888888889,0.0,0.0,0.0,0.0,0.0,0.044444444444444446,333
89446ca8d67ffff,236,68.0,2.461864406779661,0.2796610169491525,0.038135593220338986,9.240789473684211,0.15677966101694915,0.24152542372881355,0.5042372881355932,0.0847457627118644,0.07627118644067797,0.0,0.0,0.0,0.0,0.0,0.0,124
89446ca8d6bffff,33,9.0,2.0,0.21212121212121213,0.030303030303030304,9.65625,0.0,0.6666666666666666,0.30303030303030304,0.45454545454545453,0.0,0.15151515151515152,0.0,0.0,0.0,0.0,0.0,65
89446ca8d6fffff,7,1.0,2.0,0.0,0.0,10.0,0.0,0.0,0.0,0.2857142857142857,0.0,0.0,0.0,0.0,0.0,0.0,0.0,360
89446ca8d73ffff,30,15.0,2.0,0.3333333333333333,0.0,9.383333333333333,0.0,0.7,0.5,0.0,0.0,0.0,0.0,0.0,0.03333333333333333,0.0,0.0,473
89446ca8d77ffff,16,11.0,2.5,0.4375,0.0625,9.9375,0.0,0.0625,0.0,0.0,0.0,0.0,0.0,0.0,0.0,0.0,0.0,678
89446ca8d7bffff,11,8.0,2.0,0.2727272727272727,0.09090909090909091,9.136363636363637,0.0,0.0,0.0,0.0,0.0,0.0,0.0,0.0,0.09090909090909091,0.0,0.0,185
89446ca8d83ffff,188,97.0,2.797872340425532,0.22872340425531915,0.047872340425531915,9.347849462365591,0.0,0.0851063829787234,0.10106382978723404,0.010638297872340425,0.0,0.0,0.0,0.0,0.0,0.0,0.0,1021
89446ca8d87ffff,25,10.0,2.0,0.28,0.16,9.130434782608695,0.0,0.8,0.76,0.04,0.0,0.0,0.0,0.0,0.0,0.0,0.0,364
89446ca8d8bffff,188,73.0,2.4361702127659575,0.3882978723404255,0.0425531914893617,9.174863387978142,0.0,0.010638297872340425,0.11702127659574468,0.2127659574468085,0.0,0.0,0.0,0.0,0.0,0.0,0.0,974
89446ca8d8fffff,72,37.0,2.0,0.4166666666666667,0.013888888888888888,9.173529411764704,0.013888888888888888,0.0,0.6944444444444444,0.08333333333333333,0.0,0.0,0.0,0.0,0.0,0.027777777777777776,0.0,512
89446ca8d93ffff,134,102.0,2.5671641791044775,0.4253731343283582,0.11940298507462686,8.953383458646616,0.0,0.0,0.007462686567164179,0.0,0.0,0.0,0.0,0.0,0.0,0.0,0.0,1183
89446ca8d97ffff,4,4.0,2.0,0.25,0.25,9.0,0.0,0.0,0.0,0.0,0.0,0.0,0.0,0.0,0.0,0.0,0.0,521
89446ca8d9bffff,598,124.0,2.859531772575251,0.34782608695652173,0.048494983277591976,9.119618055555556,0.0,0.0,0.0,0.0,0.0,0.0,0.0,0.0,0.0,0.0,0.0,874
89446ca8da3ffff,51,15.0,2.0,0.0784313725490196,0.0196078431372549,9.27,0.0,0.0,0.8823529411764706,0.0,0.0,0.0,0.0,0.0,0.0,0.0,0.09803921568627451,191
89446ca8da7ffff,29,5.0,2.0,0.06896551724137931,0.10344827586206896,8.6,0.0,0.6896551724137931,0.6896551724137931,0.13793103448275862,0.0,0.0,0.0,0.0,0.0,0.0,0.0,135
89446ca8dabffff,48,10.0,2.0,0.14583333333333334,0.020833333333333332,8.882978723404255,0.0,0.0,0.9375,0.0,0.0,0.0,0.0,0.0,0.0,0.7916666666666666,0.1875,316
89446ca8dafffff,60,10.0,2.0166666666666666,0.21666666666666667,0.03333333333333333,8.93135593220339,0.0,0.0,0.48333333333333334,0.48333333333333334,0.0,0.0,0.0,0.0,0.0,0.03333333333333333,0.0,144
89446ca8db3ffff,31,8.0,2.0,0.25806451612903225,0.03225806451612903,9.517241379310345,0.0,0.0,1.0,0.0,0.0,0.0,0.0,0.0,0.0,0.0,0.0,153
89446ca8db7ffff,5,2.0,2.0,0.0,0.0,10.0,0.0,0.8,0.8,0.0,0.0,0.0,0.0,0.0,0.0,0.0,0.0,135
89446ca8dbbffff,18,4.0,2.0,0.0,0.0,9.411764705882353,0.0,0.0,0.8888888888888888,0.05555555555555555,0.0,0.0,0.0,0.0,0.0,0.0,0.05555555555555555,294
89446ca8dc3ffff,112,36.0,2.6785714285714284,0.41964285714285715,0.05357142857142857,8.964864864864865,0.0,0.0,0.08928571428571429,0.0,0.13392857142857142,0.0,0.0,0.0,0.0,0.0,0.0,164
89446ca8dc7ffff,31,28.0,2.0,0.2903225806451613,0.0,7.935483870967742,0.0,0.0,0.0,0.0,0.0,0.0,0.0,0.0,0.0,0.0,0.0,403
89446ca8dcbffff,5,2.0,2.4,0.4,0.0,9.8,0.0,0.4,0.0,0.0,0.0,0.4,0.0,0.0,0.0,0.0,0.0,236
89446ca8dcfffff,13,7.0,2.0,0.3076923076923077,0.0,8.938461538461539,0.0,0.38461538461538464,0.0,0.0,0.0,0.0,0.0,0.0,0.0,0.0,0.0,154
89446ca8dd3ffff,29,4.0,2.0,0.13793103448275862,0.034482758620689655,8.827586206896552,0.0,0.0,0.5862068965517241,0.0,0.0,0.0,0.0,0.0,0.0,0.0,0.0,216
89446ca8dd7ffff,59,18.0,2.559322033898305,0.3050847457627119,0.06779661016949153,8.589655172413792,0.1864406779661017,0.0,0.0,0.0,0.0,0.0,0.0,0.0,0.0,0.0,0.0,976
89446ca8ddbffff,27,6.0,2.5925925925925926,0.37037037037037035,0.1111111111111111,8.074074074074074,0.25925925925925924,0.0,0.0,0.0,0.0,0.0,0.0,0.0,0.0,0.0,0.0,212
89446ca8e03ffff,247,94.0,2.396761133603239,0.2631578947368421,0.06882591093117409,8.825204918032787,0.05668016194331984,0.008097165991902834,0.41295546558704455,0.145748987854251,0.2631578947368421,0.0,0.0,0.0,0.0,0.0,0.0,263
89446ca8e07ffff,11,2.0,2.0,0.2727272727272727,0.0,9.222222222222221,0.0,0.09090909090909091,0.0,0.36363636363636365,0.0,0.0,0.0,0.0,0.0,0.2727272727272727,0.0,537
89446ca8e0bffff,47,38.0,2.0638297872340425,0.1702127659574468,0.0,9.787234042553191,0.0,0.0,0.02127659574468085,0.0,0.0,0.0,0.0,0.0,0.0,0.02127659574468085,0.0,457
89446ca8e0fffff,68,29.0,2.0,0.1323529411764706,0.058823529411764705,9.315384615384616,0.0,0.5441176470588235,0.5441176470588235,0.10294117647058823,0.0,0.0,0.0,0.0,0.0,0.5,0.014705882352941176,397
89446ca8e13ffff,34,15.0,2.0,0.058823529411764705,0.058823529411764705,8.867647058823529,0.0,0.23529411764705882,0.0,0.0,0.0,0.0,0.0,0.0,0.0,0.0,0.0,404
89446ca8e17ffff,72,38.0,2.375,0.375,0.06944444444444445,9.375,0.027777777777777776,0.0,0.0,0.0,0.0,0.0,0.0,0.0,0.0,0.0,0.0,563
89446ca8e1bffff,31,18.0,2.2580645161290325,0.16129032258064516,0.06451612903225806,9.275862068965518,0.0,0.0,0.0,0.0,0.0,0.0,0.0,0.0,0.0,0.0,0.0,431
89446ca8e23ffff,67,27.0,2.0,0.19402985074626866,0.029850746268656716,8.98030303030303,0.0,0.582089552238806,0.582089552238806,0.0,0.0,0.0,0.0,0.0,0.0,0.0,0.0,205
89446ca8e27ffff,46,22.0,2.0,0.15217391304347827,0.10869565217391304,9.595238095238095,0.0,0.4782608695652174,0.4782608695652174,0.021739130434782608,0.0,0.0,0.0,0.0,0.0,0.0,0.043478260869565216,218
89446ca8e2bffff,13,3.0,2.0,0.23076923076923078,0.0,9.615384615384615,0.0,0.0,0.6923076923076923,0.0,0.0,0.0,0.0,0.0,0.0,0.0,0.0,274
89446ca8e2fffff,59,47.0,2.016949152542373,0.15254237288135594,0.4406779661016949,8.220338983050848,0.0,0.0,0.0,0.6949152542372882,0.0,0.0,0.0,0.0,0.0,0.0,0.0,184
89446ca8e33ffff,55,26.0,2.0,0.14545454545454545,0.05454545454545454,8.730188679245282,0.0,0.7272727272727273,0.509090909090909,0.21818181818181817,0.0,0.0,0.0,0.0,0.0,0.0,0.0,203
89446ca8e37ffff,15,4.0,2.0,0.2,0.0,9.6,0.0,0.0,0.0,0.0,0.0,0.0,0.0,0.0,0.0,0.0,0.0,207
89446ca8e3bffff,17,6.0,2.0,0.29411764705882354,0.11764705882352941,8.2,0.0,0.0,0.0,0.0,0.0,0.0,0.0,0.0,0.0,0.0,0.058823529411764705,279
89446ca8e43ffff,136,46.0,2.676470588235294,0.27941176470588236,0.051470588235294115,9.172761194029851,0.014705882352941176,0.0,0.0,0.0,0.0,0.0,0.0,0.0,0.0,0.0,0.0,156
89446ca8e47ffff,17,4.0,2.0,0.23529411764705882,0.0,9.357142857142858,0.0,0.23529411764705882,0.5294117647058824,0.0,0.0,0.0,0.0,0.0,0.0,0.0,0.0,318
89446ca8e4bffff,10,2.0,2.3,0.1,0.1,8.95,0.0,0.1,0.2,0.0,0.0,0.0,0.0,0.0,0.0,0.0,0.0,205
89446ca8e4fffff,17,5.0,2.0,0.23529411764705882,0.058823529411764705,8.75294117647059,0.0,0.5882352941176471,0.6470588235294118,0.0,0.0,0.0,0.0,0.0,0.0,0.0,0.0,216
89446ca8e53ffff,3,0.0,2.0,0.0,0.0,8.0,0.0,0.0,0.0,0.0,0.0,0.0,0.0,0.0,0.0,0.0,0.0,257
89446ca8e57ffff,84,35.0,2.4523809523809526,0.27380952380952384,0.023809523809523808,9.142857142857142,0.15476190476190477,0.0,0.0,0.023809523809523808,0.0,0.0,0.0,0.0,0.0,0.0,0.0,239
89446ca8e5bffff,25,9.0,2.68,0.24,0.0,9.352,0.0,0.0,0.0,0.0,0.0,0.0,0.0,0.0,0.0,0.0,0.0,171
89446ca8e63ffff,13,0.0,2.0,0.0,0.0,7.9,0.0,0.0,0.0,0.46153846153846156,0.0,0.0,0.0,0.07692307692307693,0.07692307692307693,0.0,0.15384615384615385,176
89446ca8e67ffff,56,16.0,2.0,0.17857142857142858,0.017857142857142856,9.462962962962964,0.0,0.6964285714285714,0.5714285714285714,0.4107142857142857,0.0,0.0,0.0,0.0,0.0,0.5714285714285714,0.0,152
89446ca8e6bffff,9,0.0,2.0,0.0,0.0,9.444444444444445,0.0,1.0,0.0,0.0,0.0,0.0,0.0,0.0,0.1111111111111111,0.0,0.0,143
89446ca8e6fffff,12,7.0,2.0,0.3333333333333333,0.0,9.75,0.0,0.8333333333333334,0.25,0.5,0.0,0.0,0.0,0.0,0.0,0.0,0.0,170
89446ca8e73ffff,10,6.0,2.0,0.1,0.0,9.5,0.0,0.0,0.4,0.0,0.0,0.0,0.0,0.0,0.0,0.4,0.0,234
89446ca8e77ffff,65,23.0,2.0,0.16923076923076924,0.2,8.29375,0.0,0.0,0.38461538461538464,0.046153846153846156,0.0,0.0,0.0,0.0,0.0,0.0,0.0,177
89446ca8e7bffff,24,4.0,2.0416666666666665,0.08333333333333333,0.08333333333333333,8.691666666666666,0.0,1.0,0.7083333333333334,0.0,0.0,0.0,0.0,0.0,0.0,0.0,0.0,94
89446ca8e83ffff,24,8.0,2.0,0.20833333333333334,0.08333333333333333,9.041666666666666,0.0,0.0,0.0,0.625,0.0,0.0,0.0,0.0,0.0,0.0,0.0,185
89446ca8e87ffff,74,44.0,2.0135135135135136,0.16216216216216217,0.0945945945945946,9.340845070422535,0.0,0.13513513513513514,0.2702702702702703,0.16216216216216217,0.0,0.0,0.0,0.0,0.0,0.0,0.0,258
89446ca8e8bffff,35,7.0,2.0,0.11428571428571428,0.14285714285714285,7.698571428571428,0.0,0.0,0.42857142857142855,0.0,0.0,0.0,0.0,0.0,0.0,0.0,0.0,103
89446ca8e8fffff,5,2.0,2.0,0.2,0.0,8.2,0.0,0.0,0.0,0.0,0.0,0.0,0.0,0.0,0.0,0.0,0.0,427
89446ca8e93ffff,27,6.0,2.0,0.1111111111111111,0.0,9.32,0.0,0.0,0.0,0.8148148148148148,0.0,0.0,0.0,0.0,0.0,0.0,0.14814814814814814,108
89446ca8e97ffff,27,13.0,2.0,0.3333333333333333,0.14814814814814814,8.592592592592593,0.0,0.0,0.5925925925925926,0.37037037037037035,0.0,0.0,0.0,0.0,0.0,0.0,0.0,132
89446ca8e9bffff,17,3.0,2.0,0.058823529411764705,0.058823529411764705,8.764705882352942,0.0,0.0,0.23529411764705882,0.0,0.0,0.0,0.0,0.0,0.0,0.0,0.0,124
89446ca8ea3ffff,29,22.0,2.103448275862069,0.1724137931034483,0.0,9.862068965517242,0.0,0.0,0.0,0.0,0.0,0.0,0.0,0.0,0.0,0.0,0.0,357
89446ca8ea7ffff,24,5.0,2.0,0.25,0.08333333333333333,8.91304347826087,0.0,0.0,0.5,0.4166666666666667,0.0,0.0,0.0,0.0,0.0,0.5,0.08333333333333333,145
89446ca8eabffff,78,22.0,2.0,0.14102564102564102,0.07692307692307693,9.353246753246754,0.0,0.3717948717948718,0.4230769230769231,0.47435897435897434,0.0,0.0,0.0,0.01282051282051282,0.01282051282051282,0.3717948717948718,0.0641025641025641,370
89446ca8eafffff,15,5.0,2.0,0.13333333333333333,0.06666666666666667,8.442857142857143,0.0,0.0,0.0,0.5333333333333333,0.0,0.0,0.0,0.0,0.0,0.2,0.0,215
89446ca8eb3ffff,7,0.0,2.0,0.0,0.0,9.714285714285714,0.0,0.0,0.7142857142857143,0.0,0.0,0.0,0.0,0.0,0.0,0.0,0.14285714285714285,345
89446ca8eb7ffff,45,12.0,2.4444444444444446,0.28888888888888886,0.022222222222222223,9.130952380952381,0.5333333333333333,0.0,0.0,0.0,0.0,0.0,0.0,0.0,0.0,0.0,0.0,264
89446ca8ebbffff,188,67.0,2.3351063829787235,0.24468085106382978,0.0425531914893617,8.929005524861878,0.14893617021276595,0.0,0.2074468085106383,0.0,0.0,0.0,0.0,0.0,0.0,0.0,0.0,265
89446ca8ec3ffff,7,2.0,2.0,0.0,0.0,9.571428571428571,0.0,0.0,0.2857142857142857,0.0,0.0,0.0,0.0,0.0,0.0,0.0,0.0,43
89446ca8ec7ffff,14,1.0,2.0,0.21428571428571427,0.0,8.392857142857142,0.0,0.0,0.42857142857142855,0.0,0.0,0.0,0.0,0.0,0.0,0.42857142857142855,0.0,121
89446ca8ecbffff,2,0.0,2.0,0.0,0.0,10.0,0.0,0.0,0.0,0.0,0.0,0.0,0.0,0.0,0.0,0.0,0.0,43
89446ca8ecfffff,5,3.0,2.0,0.2,0.0,10.0,0.0,0.0,0.0,0.4,0.0,0.0,0.0,0.0,0.0,0.0,0.0,141
89446ca8ed3ffff,3,1.0,2.0,0.0,0.0,10.0,0.0,0.6666666666666666,0.0,0.6666666666666666,0.0,0.0,0.0,0.0,0.0,0.0,0.0,43
89446ca8ed7ffff,9,3.0,2.111111111111111,0.3333333333333333,0.0,8.75,0.0,0.0,0.4444444444444444,0.0,0.0,0.0,0.0,0.0,0.0,0.0,0.0,88
89446ca8edbffff,10,2.0,2.0,0.4,0.1,9.0,0.0,0.4,0.0,1.0,0.0,0.0,0.0,0.0,0.0,0.0,0.0,25
89446ca9003ffff,28,7.0,2.0,0.25,0.0,9.428571428571429,0.0,0.8928571428571429,0.9285714285714286,0.0,0.0,0.8928571428571429,0.0,0.0,0.0,0.0,0.0,119
89446ca9007ffff,8,5.0,2.0,0.25,0.125,8.85,0.0,1.0,0.0,0.0,0.0,1.0,0.0,0.0,0.0,0.0,0.0,41
89446ca9013ffff,69,24.0,2.4057971014492754,0.2318840579710145,0.08695652173913043,9.289855072463768,0.2608695652173913,0.0,0.07246376811594203,0.0,0.0,0.0,0.0,0.0,0.0,0.0,0.0,108
89446ca9017ffff,2,0.0,2.0,0.5,0.0,10.0,0.0,1.0,0.0,0.0,0.0,1.0,0.0,0.0,0.0,0.0,0.0,143
89446ca901bffff,40,16.0,2.275,0.275,0.075,9.6,0.0,0.0,0.675,0.0,0.0,0.0,0.0,0.0,0.0,0.0,0.0,202
89446ca9027ffff,8,2.0,2.0,0.125,0.0,8.666666666666666,0.0,0.5,0.5,0.5,0.0,0.5,0.0,0.0,0.0,0.0,0.0,22
89446ca9037ffff,6,0.0,2.0,0.3333333333333333,0.0,8.0,0.0,0.8333333333333334,0.8333333333333334,0.0,0.0,0.8333333333333334,0.0,0.0,0.0,0.0,0.0,21
89446ca9043ffff,18,9.0,2.5555555555555554,0.5,0.0,9.666666666666666,0.05555555555555555,0.0,0.0,0.0,0.0,0.0,0.0,0.0,0.0,0.0,0.0,163
89446ca9047ffff,6,6.0,2.0,0.16666666666666666,0.16666666666666666,9.5,0.0,0.0,0.0,0.0,0.0,0.0,0.0,0.0,0.0,0.0,0.0,143
89446ca904bffff,37,13.0,2.675675675675676,0.2972972972972973,0.13513513513513514,9.432432432432432,0.0,0.0,0.0,0.05405405405405406,0.0,0.0,0.0,0.0,0.0,0.0,0.0,56
89446ca904fffff,14,10.0,2.2142857142857144,0.5714285714285714,0.0,9.428571428571429,0.21428571428571427,0.07142857142857142,0.0,0.0,0.0,0.0,0.0,0.0,0.0,0.0,0.0,70
89446ca9053ffff,7,4.0,2.0,0.14285714285714285,0.0,9.428571428571429,0.0,0.0,0.0,0.0,0.0,0.0,0.0,0.0,0.0,0.0,0.0,144
89446ca9057ffff,91,20.0,2.4065934065934065,0.15384615384615385,0.15384615384615385,9.428571428571429,0.0,0.0,0.4065934065934066,0.0,0.0,0.0,0.0,0.0,0.0,0.0,0.0,83
89446ca905bffff,8,4.0,2.0,0.25,0.5,9.0,0.0,0.0,0.0,0.0,0.0,0.0,0.0,0.0,0.0,0.0,0.125,80
89446ca9063ffff,4,2.0,2.0,0.25,0.0,7.625,0.0,0.0,0.0,0.0,0.0,0.0,0.0,0.0,0.0,0.0,0.0,37
89446ca9067ffff,1,1.0,2.0,1.0,0.0,10.0,0.0,0.0,0.0,0.0,0.0,0.0,0.0,0.0,0.0,0.0,0.0,14
89446ca906bffff,7,4.0,2.0,0.2857142857142857,0.0,8.285714285714286,0.0,0.7142857142857143,0.7142857142857143,0.0,0.0,0.7142857142857143,0.0,0.0,0.0,0.0,0.0,41
89446ca906fffff,8,2.0,2.0,0.125,0.0,9.875,0.0,0.0,0.0,0.0,0.0,0.0,0.0,0.0,0.0,0.0,0.0,41
89446ca9073ffff,18,6.0,2.0,0.2777777777777778,0.0,8.941176470588236,0.0,0.5555555555555556,0.6111111111111112,0.0,0.0,0.5555555555555556,0.0,0.0,0.0,0.0,0.0,13
89446ca9077ffff,1,1.0,2.0,0.0,0.0,8.0,0.0,0.0,0.0,0.0,0.0,0.0,0.0,0.0,0.0,0.0,0.0,23
89446ca907bffff,2,0.0,2.5,0.5,0.0,10.0,0.0,0.0,0.0,0.0,0.0,0.0,0.0,0.0,0.0,0.0,0.0,53
89446ca9083ffff,8,5.0,2.0,0.125,0.125,9.625,0.0,0.0,0.0,0.0,0.0,0.0,0.0,0.0,0.0,0.0,0.0,152
89446ca9087ffff,94,26.0,2.574468085106383,0.24468085106382978,0.13829787234042554,9.28936170212766,0.0,0.0,0.10638297872340426,0.0,0.0,0.0,0.0,0.0,0.0,0.0,0.0,74
89446ca908bffff,11,3.0,2.0,0.45454545454545453,0.18181818181818182,9.636363636363637,0.0,0.0,0.0,0.0,0.0,0.0,0.0,0.0,0.0,0.0,0.0,112
89446ca908fffff,25,8.0,2.36,0.28,0.16,9.22,0.08,0.0,0.0,0.0,0.0,0.0,0.0,0.0,0.0,0.0,0.0,186
89446ca9093ffff,10,6.0,2.0,0.4,0.4,7.95,0.0,0.0,0.0,0.0,0.0,0.0,0.0,0.0,0.0,0.0,0.0,36
89446ca9097ffff,9,0.0,2.0,0.0,0.2222222222222222,9.222222222222221,0.0,0.0,0.0,0.0,0.0,0.0,0.0,0.0,0.0,0.0,0.3333333333333333,147
89446ca909bffff,3,3.0,2.0,1.0,0.0,10.0,0.0,0.0,0.0,0.0,0.0,0.0,0.0,0.0,0.0,0.0,0.0,37
89446ca90a3ffff,2,1.0,2.0,1.0,0.0,10.0,0.0,0.0,0.0,0.0,0.0,0.0,0.0,0.0,0.0,0.0,0.0,63
89446ca90a7ffff,33,9.0,2.0,0.21212121212121213,0.06060606060606061,8.34375,0.0,0.7575757575757576,0.7575757575757576,0.09090909090909091,0.0,0.0,0.0,0.0,0.0,0.0,0.0,37
89446ca90abffff,11,4.0,2.0,0.0,0.0,9.636363636363637,0.0,0.5454545454545454,0.5454545454545454,0.18181818181818182,0.0,0.6363636363636364,0.0,0.0,0.0,0.2727272727272727,0.0,21
89446ca90afffff,7,3.0,2.0,0.0,0.0,9.666666666666666,0.0,0.0,0.0,0.7142857142857143,0.0,0.7142857142857143,0.0,0.0,0.0,0.0,0.0,58
89446ca90b3ffff,3,1.0,1.6666666666666667,0.3333333333333333,0.0,10.0,0.0,0.0,0.0,0.0,0.0,0.0,0.0,0.0,0.0,0.0,0.0,140
89446ca90b7ffff,7,4.0,2.0,0.2857142857142857,0.0,9.428571428571429,0.0,0.0,0.42857142857142855,0.0,0.0,0.0,0.0,0.0,0.0,0.0,0.0,59
89446ca90bbffff,2,1.0,2.0,0.0,0.0,10.0,0.0,0.0,0.0,0.0,0.0,0.0,0.0,0.0,0.0,0.0,0.0,137
89446ca90c3ffff,1,1.0,2.0,0.0,0.0,10.0,0.0,0.0,0.0,0.0,0.0,0.0,0.0,0.0,0.0,0.0,0.0,30
89446ca90c7ffff,2,1.0,2.0,0.0,1.0,8.5,0.0,0.0,0.0,0.0,0.0,0.0,0.0,0.0,0.0,0.0,0.0,138
89446ca90cbffff,2,2.0,2.0,0.0,0.0,10.0,0.0,0.0,0.0,0.0,0.0,0.0,0.0,0.0,0.0,0.0,0.0,37
89446ca90cfffff,12,6.0,2.0,0.08333333333333333,0.0,10.0,0.0,0.0,0.0,0.0,0.0,0.0,0.0,0.0,0.0,0.0,0.0,143
89446ca90d3ffff,8,2.0,2.0,0.25,0.0,10.0,0.0,0.0,0.0,0.0,0.0,0.0,0.0,0.0,0.0,0.0,0.0,12
89446ca90d7ffff,5,3.0,2.0,0.2,0.0,10.0,0.0,1.0,0.0,0.0,0.0,1.0,0.0,0.0,0.0,0.0,0.0,25
89446ca90dbffff,1,1.0,2.0,1.0,1.0,9.0,0.0,0.0,0.0,0.0,0.0,0.0,0.0,0.0,0.0,0.0,0.0,17
89446ca9103ffff,1,1.0,2.0,1.0,0.0,10.0,0.0,0.0,0.0,0.0,0.0,0.0,0.0,0.0,0.0,0.0,0.0,39
89446ca9107ffff,6,3.0,2.0,0.5,0.0,10.0,0.0,0.5,0.0,0.0,0.0,0.0,0.0,0.0,0.0,0.0,0.0,12
89446ca910bffff,6,3.0,2.0,0.5,0.0,8.033333333333333,0.0,0.0,0.16666666666666666,0.0,0.0,0.0,0.0,0.0,0.0,0.0,0.0,30
89446ca910fffff,4,1.0,2.0,0.0,0.0,9.5,0.0,0.0,0.0,0.0,0.0,0.0,0.0,0.0,0.0,0.0,0.0,22
89446ca9113ffff,3,3.0,2.0,0.3333333333333333,0.0,10.0,0.0,0.0,0.0,1.0,0.0,0.0,0.0,0.0,0.0,0.0,0.0,37
89446ca9117ffff,4,1.0,2.0,0.25,0.0,6.05,0.0,0.0,0.0,0.75,0.0,0.0,0.0,0.0,0.0,0.0,0.0,26
89446ca911bffff,16,5.0,2.0,0.375,0.0,9.875,0.0,0.0,0.75,0.0,0.0,0.0,0.0,0.0,0.0,0.0,0.0,18
89446ca9123ffff,1,0.0,2.0,1.0,0.0,10.0,0.0,0.0,0.0,0.0,0.0,0.0,0.0,0.0,0.0,0.0,0.0,79
89446ca9127ffff,31,4.0,2.0,0.25806451612903225,0.06451612903225806,8.946428571428571,0.0,0.9032258064516129,0.7096774193548387,0.0,0.0,0.0,0.0,0.0,0.0,0.0,0.0,69
89446ca912bffff,3,0.0,2.0,0.6666666666666666,0.0,6.3999999999999995,0.0,1.0,1.0,0.0,0.0,1.0,0.0,0.0,0.0,0.0,0.0,29
89446ca912fffff,22,5.0,2.0,0.18181818181818182,0.045454545454545456,8.727272727272727,0.0,0.7727272727272727,0.6363636363636364,0.0,0.0,0.8636363636363636,0.0,0.0,0.0,0.0,0.0,76
89446ca9137ffff,22,6.0,2.0,0.22727272727272727,0.045454545454545456,9.15,0.0,0.0,0.6818181818181818,0.0,0.0,0.0,0.0,0.0,0.0,0.0,0.0,61
89446ca913bffff,1,0.0,2.0,1.0,0.0,10.0,0.0,1.0,0.0,0.0,0.0,0.0,0.0,0.0,0.0,0.0,0.0,18
89446ca9143ffff,33,4.0,2.0,0.15151515151515152,0.09090909090909091,7.9921875,0.0,0.6363636363636364,0.6363636363636364,0.0,0.0,0.42424242424242425,0.0,0.0,0.0,0.0,0.0,44
89446ca914bffff,23,2.0,2.0,0.043478260869565216,0.0,8.956521739130435,0.0,0.5217391304347826,0.5217391304347826,0.08695652173913043,0.0,0.0,0.0,0.0,0.0,0.0,0.0,40
89446ca9153ffff,12,10.0,2.0,0.5,0.08333333333333333,9.0,0.0,0.75,0.0,0.6666666666666666,0.0,0.0,0.0,0.0,0.0,0.0,0.0,51
89446ca9157ffff,5,0.0,2.0,0.2,0.0,10.0,0.0,0.0,0.0,1.0,0.0,0.0,0.0,0.0,0.0,0.0,0.0,68
89446ca915bffff,4,1.0,2.0,0.25,0.0,10.0,0.0,0.0,0.0,0.0,0.0,0.0,0.0,0.0,0.0,0.0,0.0,76
89446ca9163ffff,4,4.0,2.0,0.75,0.0,9.5,0.0,0.5,0.25,0.0,0.0,0.25,0.0,0.0,0.0,0.25,0.0,28
89446ca916bffff,12,2.0,2.0,0.08333333333333333,0.08333333333333333,7.75,0.0,1.0,0.9166666666666666,0.0,0.0,0.0,0.0,0.0,0.0,0.0,0.0,22
89446ca9173ffff,4,4.0,2.5,0.75,0.0,6.5,0.0,1.0,0.0,0.0,0.0,0.0,0.0,0.0,0.0,0.0,0.0,26
89446ca9177ffff,4,2.0,2.0,0.5,0.0,9.5,0.0,0.25,0.0,0.0,0.0,0.0,0.0,0.0,0.0,0.0,0.0,16
89446ca917bffff,8,3.0,2.0,0.125,0.125,8.5,0.0,1.0,1.0,0.0,0.0,1.0,0.0,0.0,0.0,0.0,0.0,30
89446ca9183ffff,11,2.0,2.0,0.0,0.0,8.65,0.0,0.0,0.6363636363636364,0.2727272727272727,0.0,0.0,0.0,0.0,0.0,0.0,0.0,54
89446ca9187ffff,26,6.0,2.0384615384615383,0.4230769230769231,0.038461538461538464,8.642307692307693,0.0,0.0,0.8461538461538461,0.9615384615384616,0.0,0.0,0.0,0.0,0.0,0.0,0.0,57
89446ca918bffff,1,1.0,2.0,0.0,0.0,10.0,0.0,0.0,0.0,0.0,0.0,0.0,0.0,0.0,0.0,0.0,0.0,51
89446ca918fffff,13,3.0,2.0,0.07692307692307693,0.07692307692307693,8.784615384615385,0.0,0.0,0.8461538461538461,0.07692307692307693,0.0,0.0,0.0,0.0,0.0,0.0,0.0,46
89446ca9193ffff,7,3.0,2.0,0.2857142857142857,0.0,7.742857142857143,0.0,0.0,0.0,0.0,0.0,0.0,0.0,0.0,0.0,0.0,0.0,46
89446ca9197ffff,6,3.0,2.0,0.16666666666666666,0.0,8.200000000000001,0.0,0.0,0.0,0.3333333333333333,0.0,0.0,0.0,0.0,0.0,0.0,0.0,85
89446ca919bffff,1,0.0,2.0,1.0,0.0,10.0,0.0,0.0,0.0,0.0,0.0,0.0,0.0,0.0,0.0,0.0,0.0,46
89446ca91a3ffff,51,12.0,2.0,0.21568627450980393,0.11764705882352941,8.404081632653062,0.0,1.0,0.9607843137254902,0.0,0.0,0.0,0.0,0.0,0.0,0.0,0.0,26
89446ca91a7ffff,3,3.0,2.0,0.3333333333333333,0.0,10.0,0.0,0.0,0.0,0.0,0.0,0.0,0.0,0.0,0.0,0.0,0.0,86
89446ca91abffff,2,0.0,2.0,0.5,0.0,6.0,0.0,0.0,0.0,0.0,0.0,0.0,0.0,0.0,0.0,0.0,0.0,77
89446ca91afffff,15,5.0,2.0,0.13333333333333333,0.13333333333333333,8.857142857142858,0.0,0.0,0.6,0.0,0.0,0.0,0.0,0.0,0.0,0.0,0.0,80
89446ca91b3ffff,5,2.0,2.0,0.2,0.0,9.0,0.0,0.0,0.0,0.0,0.0,0.0,0.0,0.0,0.0,0.0,0.0,121
89446ca91bbffff,1,1.0,2.0,0.0,0.0,7.0,0.0,0.0,0.0,0.0,0.0,0.0,0.0,0.0,0.0,0.0,0.0,101
89446ca91c3ffff,1,1.0,2.0,0.0,0.0,10.0,0.0,0.0,0.0,0.0,0.0,0.0,0.0,0.0,0.0,0.0,0.0,42
89446ca91c7ffff,2,1.0,2.0,0.5,0.0,6.5,0.0,0.0,0.0,1.0,0.0,0.0,0.0,0.0,0.0,0.0,0.0,43
89446ca91cfffff,1,0.0,2.0,1.0,0.0,10.0,0.0,0.0,0.0,0.0,0.0,0.0,0.0,0.0,0.0,0.0,0.0,36
89446ca91d3ffff,12,1.0,2.0,0.25,0.08333333333333333,7.7272727272727275,0.0,0.25,0.0,0.75,0.0,0.0,0.0,0.0,0.0,0.0,0.0,65
89446ca91d7ffff,21,10.0,2.0,0.2857142857142857,0.047619047619047616,8.55,0.0,0.0,0.6666666666666666,0.0,0.0,0.0,0.0,0.0,0.0,0.0,0.0,18
89446ca91dbffff,6,5.0,2.0,0.3333333333333333,0.16666666666666666,9.5,0.0,0.0,0.0,0.16666666666666666,0.0,0.0,0.0,0.0,0.0,0.0,0.0,59
89446ca9203ffff,32,10.0,2.0,0.1875,0.0625,9.8125,0.0,0.0,0.0,0.90625,0.0,0.0,0.0,0.0,0.0,0.0,0.0,122
89446ca9207ffff,6,1.0,2.3333333333333335,0.6666666666666666,0.0,10.0,0.8333333333333334,0.0,0.0,0.0,0.0,0.0,0.0,0.0,0.0,0.0,0.0,221
89446ca920bffff,29,10.0,2.6206896551724137,0.27586206896551724,0.10344827586206896,8.644827586206896,0.0,0.0,0.0,0.0,0.0,0.0,0.0,0.0,0.0,0.0,0.034482758620689655,311
89446ca920fffff,6,3.0,2.1666666666666665,0.16666666666666666,0.16666666666666666,7.033333333333334,0.0,0.0,0.0,0.0,0.0,0.0,0.0,0.0,0.0,0.0,0.0,108
89446ca9213ffff,23,4.0,2.0,0.2608695652173913,0.13043478260869565,9.434782608695652,0.0,0.0,0.0,0.0,0.0,0.0,0.0,0.0,0.0,0.0,0.0,202
89446ca9217ffff,15,6.0,2.0,0.06666666666666667,0.0,9.466666666666667,0.0,0.06666666666666667,0.06666666666666667,0.3333333333333333,0.0,0.0,0.0,0.0,0.0,0.0,0.0,95
89446ca921bffff,43,9.0,2.0232558139534884,0.3023255813953488,0.06976744186046512,10.0,0.0,0.0,0.5348837209302325,0.0,0.0,0.0,0.0,0.0,0.0,0.0,0.0,310
89446ca9223ffff,14,6.0,2.5714285714285716,0.2857142857142857,0.0,8.242857142857144,0.0,0.0,0.0,0.0,0.0,0.0,0.0,0.0,0.0,0.0,0.0,169
89446ca9227ffff,2,2.0,3.0,1.0,0.0,10.0,0.0,0.0,0.0,0.0,0.0,0.0,0.0,0.0,0.0,0.0,0.0,49
89446ca922bffff,5,0.0,2.0,0.2,0.0,9.25,0.0,1.0,0.0,0.0,0.0,1.0,0.0,0.0,0.0,0.0,0.0,59
89446ca9233ffff,110,30.0,2.727272727272727,0.21818181818181817,0.02727272727272727,9.23611111111111,0.8909090909090909,0.0,0.6636363636363637,0.0,0.0,0.0,0.0,0.0,0.0,0.0,0.0,131
89446ca9237ffff,23,11.0,2.3043478260869565,0.34782608695652173,0.043478260869565216,8.735652173913042,0.0,0.0,0.0,0.0,0.0,0.0,0.0,0.0,0.0,0.0,0.0,184
89446ca923bffff,29,12.0,2.1379310344827585,0.3103448275862069,0.1724137931034483,8.982758620689655,0.0,0.0,0.3448275862068966,0.0,0.0,0.0,0.0,0.0,0.0,0.0,0.0,145
89446ca9243ffff,8,7.0,2.0,0.25,0.0,10.0,0.0,0.0,0.0,0.0,0.0,0.0,0.0,0.0,0.0,0.0,0.0,320
89446ca9247ffff,8,4.0,2.0,0.375,0.125,7.6875,0.0,0.0,0.0,0.0,0.0,0.0,0.0,0.0,0.0,0.0,0.0,293
89446ca924bffff,2,1.0,2.0,1.0,0.0,9.5,0.0,0.0,0.0,0.0,0.0,0.0,0.0,0.0,0.0,0.0,0.0,69
89446ca924fffff,28,11.0,2.0,0.21428571428571427,0.10714285714285714,9.642857142857142,0.0,0.0,0.0,0.25,0.0,0.0,0.0,0.0,0.0,0.0,0.0,38
89446ca9253ffff,49,23.0,2.510204081632653,0.22448979591836735,0.08163265306122448,8.965306122448979,0.0,0.0,0.0,0.12244897959183673,0.0,0.0,0.0,0.0,0.0,0.0,0.0,795
89446ca9257ffff,214,48.0,2.5700934579439254,0.24766355140186916,0.09813084112149532,9.3,0.7336448598130841,0.10747663551401869,0.7009345794392523,0.0,0.5373831775700935,0.0,0.0,0.0,0.0,0.0,0.0,139
89446ca925bffff,19,10.0,2.0,0.5789473684210527,0.15789473684210525,9.421052631578947,0.0,0.0,0.0,0.0,0.0,0.0,0.0,0.0,0.0,0.0,0.0,590
89446ca9263ffff,14,3.0,2.0,0.2857142857142857,0.21428571428571427,8.785714285714286,0.0,0.0,0.0,0.0,0.0,0.0,0.0,0.0,0.0,0.0,0.0,59
89446ca9267ffff,12,4.0,2.0,0.3333333333333333,0.0,9.583333333333334,0.0,0.0,0.0,0.0,0.0,0.0,0.0,0.0,0.0,0.0,0.0,56
89446ca926bffff,7,2.0,2.0,0.14285714285714285,0.14285714285714285,9.857142857142858,0.0,0.0,0.0,0.0,0.0,0.0,0.0,0.0,0.0,0.0,0.0,74
89446ca926fffff,22,9.0,2.0,0.13636363636363635,0.18181818181818182,9.0,0.0,0.8636363636363636,0.7272727272727273,0.0,0.0,0.8636363636363636,0.0,0.0,0.0,0.0,0.0,81
89446ca9273ffff,8,2.0,2.0,0.25,0.25,8.25,0.0,0.0,0.0,0.0,0.0,0.0,0.0,0.0,0.0,0.0,0.0,67
89446ca9277ffff,4,2.0,2.0,0.5,0.0,9.25,0.0,0.0,0.0,0.0,0.0,0.0,0.0,0.0,0.0,0.0,0.0,74
89446ca927bffff,6,2.0,2.0,0.16666666666666666,0.16666666666666666,8.2,0.0,0.0,0.0,0.0,0.0,0.0,0.0,0.0,0.0,0.0,0.0,76
89446ca9283ffff,18,8.0,2.611111111111111,0.3333333333333333,0.1111111111111111,9.444444444444445,0.3888888888888889,0.0,0.0,0.0,0.0,0.0,0.0,0.0,0.0,0.0,0.0,122
89446ca9287ffff,8,4.0,2.25,0.375,0.0,9.625,0.0,0.0,0.0,0.0,0.0,0.0,0.0,0.0,0.0,0.0,0.0,68
89446ca928bffff,99,30.0,2.4646464646464645,0.32323232323232326,0.04040404040404041,9.658585858585859,0.04040404040404041,0.0,0.5050505050505051,0.0,0.12121212121212122,0.0,0.0,0.0,0.0,0.0,0.010101010101010102,191
89446ca928fffff,3,3.0,2.0,0.3333333333333333,0.0,10.0,0.0,0.0,0.0,0.0,0.0,0.0,0.0,0.0,0.0,0.0,0.0,165
89446ca9297ffff,5,1.0,2.0,0.6,0.0,9.4,0.0,0.0,0.0,0.0,0.0,0.0,0.0,0.0,0.0,0.0,0.0,71
89446ca929bffff,7,4.0,2.0,0.2857142857142857,0.0,9.857142857142858,0.0,0.0,0.0,0.0,0.0,0.0,0.0,0.0,0.0,0.0,0.0,282
89446ca92a3ffff,1,1.0,2.0,0.0,0.0,10.0,0.0,0.0,0.0,0.0,0.0,0.0,0.0,0.0,0.0,0.0,0.0,68
89446ca92abffff,29,6.0,2.0,0.13793103448275862,0.10344827586206896,9.448275862068966,0.0,0.0,0.7241379310344828,0.0,0.0,0.0,0.0,0.0,0.0,0.0,0.0,164
89446ca92afffff,30,6.0,2.0,0.4,0.06666666666666667,8.814285714285715,0.0,0.6666666666666666,0.6666666666666666,0.0,0.0,0.6666666666666666,0.0,0.0,0.0,0.6333333333333333,0.0,184
89446ca92b3ffff,3,2.0,2.0,0.6666666666666666,0.0,10.0,0.0,0.0,0.0,0.0,0.0,0.0,0.0,0.0,0.0,0.0,0.0,66
89446ca92b7ffff,4,2.0,2.0,0.25,0.0,10.0,0.0,0.0,0.0,0.0,0.0,0.0,0.0,0.0,0.0,0.0,0.0,27
89446ca92bbffff,2,0.0,2.0,0.0,0.0,10.0,0.0,0.0,0.0,0.0,0.0,0.0,0.0,0.0,0.0,0.0,0.0,59
89446ca92c3ffff,20,7.0,2.6,0.4,0.05,9.5,0.7,0.0,0.0,0.0,0.0,0.0,0.0,0.0,0.0,0.0,0.0,234
89446ca92c7ffff,10,6.0,2.4,0.5,0.3,9.1,0.0,0.0,0.9,0.0,0.3,0.0,0.0,0.0,0.0,0.0,0.0,317
89446ca92cbffff,58,14.0,2.586206896551724,0.3103448275862069,0.13793103448275862,9.293103448275861,0.05172413793103448,0.0,0.13793103448275862,0.0,0.0,0.0,0.0,0.0,0.0,0.0,0.0,604
89446ca92cfffff,2,2.0,2.0,1.0,0.0,10.0,0.0,0.0,0.0,0.0,0.0,0.0,0.0,0.0,0.0,0.0,0.0,394
89446ca92d3ffff,4,3.0,2.0,0.0,0.0,6.625,0.0,0.0,0.0,0.0,0.0,0.0,0.0,0.0,0.0,0.0,0.0,217
89446ca92d7ffff,130,43.0,2.5846153846153848,0.2230769230769231,0.11538461538461539,9.48076923076923,0.0,0.0,0.5846153846153846,0.038461538461538464,0.13076923076923078,0.0,0.0,0.0,0.0,0.0,0.0,172
89446ca92dbffff,30,14.0,2.0,0.2,0.06666666666666667,9.766666666666667,0.0,0.0,0.4666666666666667,0.0,0.0,0.0,0.0,0.0,0.0,0.0,0.0,101
89446ca9303ffff,149,57.0,2.6040268456375837,0.3221476510067114,0.09395973154362416,8.681506849315069,0.18120805369127516,0.0,0.2550335570469799,0.0,0.0,0.0,0.0,0.0,0.0,0.0,0.013422818791946308,98
89446ca9307ffff,14,11.0,2.2857142857142856,0.5,0.14285714285714285,8.607142857142858,0.0,0.0,0.0,0.0,0.0,0.0,0.0,0.0,0.0,0.0,0.0,244
89446ca930bffff,5,2.0,2.0,0.2,0.0,9.2,0.0,0.0,0.0,0.0,0.0,0.0,0.0,0.0,0.0,0.0,0.0,317
89446ca930fffff,21,9.0,2.0,0.38095238095238093,0.09523809523809523,8.714285714285714,0.0,0.047619047619047616,0.0,0.047619047619047616,0.0,0.0,0.0,0.0,0.0,0.0,0.0,181
89446ca9313ffff,7,6.0,2.0,0.7142857142857143,0.14285714285714285,10.0,0.0,0.0,0.0,0.0,0.0,0.0,0.0,0.0,0.0,0.0,0.0,218
89446ca9317ffff,1,1.0,2.0,0.0,0.0,10.0,0.0,0.0,0.0,0.0,0.0,0.0,0.0,0.0,0.0,0.0,0.0,174
89446ca931bffff,50,37.0,2.1,0.44,0.1,8.78,0.02,0.06,0.0,0.16,0.0,0.0,0.0,0.0,0.0,0.0,0.0,363
89446ca9323ffff,6,3.0,2.3333333333333335,0.5,0.0,8.166666666666666,0.0,0.0,0.0,0.0,0.0,0.0,0.0,0.0,0.0,0.0,0.0,105
89446ca9327ffff,3,2.0,2.0,0.3333333333333333,0.0,9.0,0.0,0.0,0.0,0.0,0.0,0.0,0.0,0.0,0.0,0.0,0.0,110
89446ca932bffff,3,0.0,2.0,0.0,0.0,8.0,0.0,0.6666666666666666,0.0,0.6666666666666666,0.0,0.6666666666666666,0.0,0.0,0.0,0.0,0.0,46
89446ca932fffff,20,10.0,2.0,0.3,0.0,8.9,0.0,0.0,0.3,0.25,0.0,0.0,0.0,0.0,0.0,0.0,0.0,34
89446ca9333ffff,65,28.0,2.7846153846153845,0.3230769230769231,0.046153846153846156,9.066666666666668,0.2923076923076923,0.0,0.0,0.0,0.0,0.0,0.0,0.0,0.0,0.0,0.0,36
89446ca9337ffff,8,6.0,2.375,0.625,0.25,8.5,0.0,0.0,0.0,0.0,0.0,0.0,0.0,0.0,0.0,0.0,0.0,130
89446ca933bffff,6,1.0,2.0,0.3333333333333333,0.16666666666666666,8.5,0.0,0.0,0.0,0.0,0.0,0.0,0.0,0.0,0.0,0.0,0.0,115
89446ca9347ffff,47,23.0,2.0,0.19148936170212766,0.10638297872340426,9.444444444444445,0.0,0.0,0.851063829787234,0.14893617021276595,0.0,0.0,0.0,0.0,0.0,0.0,0.0,61
89446ca934bffff,1,0.0,2.0,0.0,0.0,5.0,0.0,0.0,0.0,1.0,0.0,0.0,0.0,0.0,0.0,0.0,0.0,8
89446ca934fffff,2,1.0,2.0,0.5,0.0,6.5,0.0,0.0,0.0,1.0,0.0,0.0,0.0,0.0,0.0,0.0,0.0,72
89446ca9353ffff,5,2.0,2.0,0.0,0.0,9.2,0.0,0.0,0.0,0.6,0.0,0.0,0.0,0.0,0.0,0.0,0.0,205
89446ca9357ffff,49,25.0,2.163265306122449,0.3469387755102041,0.14285714285714285,8.571428571428571,0.16326530612244897,0.0,0.32653061224489793,0.0,0.0,0.0,0.0,0.0,0.0,0.0,0.0,254
89446ca9363ffff,12,1.0,2.0,0.08333333333333333,0.16666666666666666,9.666666666666666,0.0,0.0,0.25,0.4166666666666667,0.0,0.0,0.0,0.0,0.0,0.0,0.0,23
89446ca9367ffff,8,1.0,2.0,0.125,0.0,9.25,0.0,0.0,0.0,0.5,0.0,0.0,0.0,0.0,0.0,0.0,0.0,27
89446ca936bffff,1,1.0,2.0,1.0,1.0,3.0,0.0,0.0,0.0,0.0,0.0,0.0,0.0,0.0,0.0,0.0,0.0,52
89446ca936fffff,3,2.0,2.0,0.3333333333333333,0.0,10.0,0.0,0.0,0.0,0.0,0.0,0.0,0.0,0.0,0.0,0.0,0.0,29
89446ca9373ffff,1,1.0,2.0,1.0,0.0,10.0,0.0,0.0,0.0,0.0,0.0,0.0,0.0,0.0,0.0,0.0,0.0,95
89446ca9377ffff,6,4.0,2.0,0.6666666666666666,0.0,8.666666666666666,0.0,0.0,0.0,0.16666666666666666,0.0,0.0,0.0,0.0,0.0,0.0,0.0,51
89446ca937bffff,4,1.0,2.0,0.5,0.0,9.75,0.0,0.0,0.0,1.0,0.0,0.0,0.0,0.0,0.0,0.0,0.0,79
89446ca9383ffff,3,1.0,2.0,0.3333333333333333,0.0,10.0,0.0,0.0,0.0,1.0,0.0,0.0,0.0,0.0,0.0,0.0,0.0,16
89446ca9387ffff,3,1.0,2.0,0.6666666666666666,0.0,10.0,0.0,0.0,0.0,0.0,0.0,0.0,0.0,0.0,0.0,0.0,0.0,28
89446ca938bffff,11,0.0,2.0,0.18181818181818182,0.0,8.472727272727273,0.0,0.0,0.0,1.0,0.0,0.0,0.0,0.0,0.0,0.0,0.0,23
89446ca938fffff,1,0.0,2.0,1.0,0.0,3.0,0.0,0.0,0.0,0.0,0.0,0.0,0.0,0.0,0.0,0.0,0.0,26
89446ca939bffff,1,1.0,2.0,0.0,0.0,10.0,0.0,0.0,0.0,0.0,0.0,0.0,0.0,0.0,0.0,0.0,0.0,28
89446ca93abffff,2,1.0,2.0,0.5,0.0,9.0,0.0,0.0,0.0,0.0,0.0,0.0,0.0,0.0,0.0,0.0,0.0,81
89446ca93b7ffff,10,2.0,2.0,0.1,0.1,9.444444444444445,0.0,0.3,1.0,0.0,0.2,0.0,0.0,0.0,0.0,0.0,0.0,20
89446ca93bbffff,1,0.0,2.0,1.0,0.0,10.0,0.0,0.0,0.0,0.0,0.0,0.0,0.0,0.0,0.0,0.0,0.0,7
89446ca93c3ffff,5,0.0,2.0,0.0,0.2,6.5,0.0,0.2,0.2,0.0,0.0,0.0,0.0,0.0,0.0,0.0,0.0,209
89446ca93c7ffff,6,1.0,2.0,0.0,0.0,9.666666666666666,0.0,0.3333333333333333,0.16666666666666666,0.8333333333333334,0.0,0.0,0.0,0.0,0.0,0.0,0.0,225
89446ca93cbffff,7,4.0,2.4285714285714284,0.7142857142857143,0.2857142857142857,7.714285714285714,0.0,0.0,0.0,0.0,0.0,0.0,0.0,0.0,0.0,0.0,0.0,203
89446ca93cfffff,147,30.0,2.238095238095238,0.2925170068027211,0.07482993197278912,8.892253521126761,0.09523809523809523,0.0,0.3673469387755102,0.08843537414965986,0.0,0.0,0.0,0.0,0.0,0.0,0.0,122
89446ca93d3ffff,23,8.0,2.0,0.2608695652173913,0.043478260869565216,9.195652173913043,0.0,0.9130434782608695,0.9130434782608695,0.0,0.0,0.0,0.0,0.0,0.0,0.0,0.0,46
89446ca93d7ffff,5,0.0,2.0,0.0,0.0,6.840000000000001,0.0,0.2,0.8,0.2,0.0,0.0,0.0,0.0,0.0,0.0,0.0,54
89446ca93dbffff,21,4.0,2.0,0.38095238095238093,0.09523809523809523,7.833333333333333,0.0,0.0,0.5714285714285714,0.23809523809523808,0.0,0.0,0.0,0.0,0.0,0.0,0.0,88
89446ca9403ffff,7,4.0,2.0,0.42857142857142855,0.0,8.588571428571429,0.0,0.0,0.0,0.0,0.0,0.0,0.0,0.0,0.0,0.0,0.0,22
89446ca9407ffff,8,5.0,2.0,0.375,0.0,9.875,0.0,0.0,0.0,0.0,0.0,0.0,0.0,0.0,0.0,0.0,0.0,71
89446ca940bffff,3,2.0,2.0,0.0,0.0,8.333333333333334,0.0,0.0,0.0,0.0,0.0,0.0,0.0,0.0,0.0,0.0,0.0,14
89446ca940fffff,2,1.0,2.0,0.0,0.0,10.0,0.0,0.0,0.0,0.0,0.0,0.0,0.0,0.0,0.0,0.0,0.0,24
89446ca9413ffff,2,1.0,2.0,0.5,0.0,10.0,0.0,0.0,0.0,0.0,0.0,0.0,0.0,0.0,0.0,0.0,0.0,58
89446ca9417ffff,5,2.0,2.0,0.6,0.0,9.4,0.0,0.0,0.0,0.0,0.0,0.0,0.0,0.0,0.0,0.0,0.0,83
89446ca941bffff,2,1.0,2.0,0.0,0.0,7.5,0.0,0.0,0.0,0.0,0.0,0.0,0.0,0.0,0.0,0.0,0.0,40
89446ca9423ffff,3,2.0,2.0,0.6666666666666666,0.0,9.666666666666666,0.0,0.0,0.0,0.0,0.0,0.0,0.0,0.0,0.0,0.0,0.0,74
89446ca9427ffff,15,6.0,2.0,0.2,0.06666666666666667,10.0,0.0,0.0,0.0,0.0,0.0,0.0,0.0,0.0,0.0,0.0,0.0,74
89446ca942bffff,8,5.0,2.0,0.625,0.125,9.5,0.0,0.0,0.0,0.0,0.0,0.0,0.0,0.0,0.0,0.0,0.0,27
89446ca942fffff,5,1.0,2.0,0.0,0.0,10.0,0.0,0.0,0.0,0.0,0.0,0.0,0.0,0.0,0.0,0.0,0.0,48
89446ca9433ffff,31,11.0,2.0,0.41935483870967744,0.0967741935483871,9.435483870967742,0.0,0.0,0.0,0.0,0.0,0.0,0.0,0.0,0.0,0.0,0.0,54
89446ca9437ffff,13,4.0,2.0,0.38461538461538464,0.07692307692307693,9.923076923076923,0.0,0.0,0.7692307692307693,0.0,0.0,0.0,0.0,0.0,0.0,0.0,0.0,65
89446ca943bffff,2,2.0,2.0,0.0,0.0,10.0,0.0,0.0,0.0,0.0,0.0,0.0,0.0,0.0,0.0,0.0,0.0,56
89446ca9443ffff,16,6.0,2.0,0.1875,0.0,10.0,0.0,0.0,0.0,0.0,0.0,0.0,0.0,0.0,0.0,0.0,0.0,8
89446ca9447ffff,1,0.0,2.0,0.0,0.0,10.0,0.0,0.0,0.0,0.0,0.0,0.0,0.0,0.0,0.0,0.0,0.0,59
89446ca944bffff,2,1.0,2.0,0.0,0.0,10.0,0.0,0.0,0.0,0.0,0.0,0.0,0.0,0.0,0.0,0.0,0.0,25
89446ca9453ffff,3,3.0,2.0,0.6666666666666666,0.0,10.0,0.0,0.0,0.0,1.0,0.0,0.0,0.0,0.0,0.0,0.0,0.0,63
89446ca9457ffff,2,1.0,2.0,0.0,0.0,9.5,0.0,0.0,0.0,0.0,0.0,0.0,0.0,0.0,0.0,0.0,0.0,30
89446ca9463ffff,3,2.0,2.0,0.3333333333333333,0.6666666666666666,9.666666666666666,0.0,0.0,0.0,0.0,0.0,0.0,0.0,0.0,0.0,0.0,0.0,48
89446ca9467ffff,3,0.0,2.0,0.3333333333333333,0.0,9.666666666666666,0.0,0.0,0.0,0.0,0.0,0.0,0.0,0.0,0.0,0.0,0.0,28
89446ca946bffff,3,1.0,2.0,0.3333333333333333,0.3333333333333333,10.0,0.0,0.0,0.0,0.0,0.0,0.0,0.0,0.0,0.0,0.0,0.0,71
89446ca9477ffff,4,2.0,2.0,0.25,0.0,10.0,0.0,0.0,0.0,0.0,0.0,0.0,0.0,0.0,0.0,0.0,0.0,18
89446ca947bffff,38,5.0,2.0,0.34210526315789475,0.0,8.953947368421053,0.0,0.7631578947368421,0.9736842105263158,0.0,0.0,0.7631578947368421,0.0,0.0,0.0,0.0,0.0,27
89446ca9483ffff,3,1.0,2.0,0.6666666666666666,0.3333333333333333,8.333333333333334,0.0,0.0,0.0,0.0,0.0,0.0,0.0,0.0,0.0,0.0,0.0,90
89446ca9487ffff,47,20.0,2.021276595744681,0.19148936170212766,0.06382978723404255,9.52127659574468,0.0,0.0,0.574468085106383,0.0425531914893617,0.0,0.0,0.0,0.0,0.0,0.0,0.0,86
89446ca948bffff,8,6.0,2.0,0.5,0.0,10.0,0.0,0.0,0.0,0.0,0.0,0.0,0.0,0.0,0.0,0.0,0.0,49
89446ca948fffff,15,4.0,2.0,0.4,0.06666666666666667,9.6,0.0,0.0,0.8666666666666667,0.0,0.0,0.0,0.0,0.0,0.0,0.0,0.0,92
89446ca9493ffff,1,0.0,2.0,1.0,0.0,10.0,0.0,0.0,0.0,0.0,0.0,0.0,0.0,0.0,0.0,0.0,0.0,68
89446ca9497ffff,19,6.0,2.0,0.3157894736842105,0.05263157894736842,9.31578947368421,0.0,0.0,0.0,0.0,0.0,0.0,0.0,0.0,0.0,0.0,0.0,104
89446ca94a3ffff,10,5.0,2.0,0.2,0.0,9.1,0.0,0.0,0.0,0.0,0.0,0.0,0.0,0.0,0.0,0.0,0.0,68
89446ca94a7ffff,4,2.0,2.0,0.75,0.0,7.75,0.0,0.0,0.0,0.0,0.0,0.0,0.0,0.0,0.0,0.0,0.0,37
89446ca94abffff,24,9.0,2.0,0.2916666666666667,0.041666666666666664,9.104166666666666,0.0,0.0,0.4166666666666667,0.0,0.0,0.0,0.0,0.0,0.0,0.0,0.0,85
89446ca94afffff,4,3.0,2.0,0.5,0.0,9.5,0.0,0.0,0.0,0.0,0.0,0.0,0.0,0.0,0.0,0.0,0.0,89
89446ca94b3ffff,7,4.0,2.0,0.14285714285714285,0.14285714285714285,10.0,0.0,0.0,0.0,0.2857142857142857,0.0,0.0,0.0,0.0,0.0,0.0,0.0,125
89446ca94b7ffff,2,1.0,2.0,0.0,0.0,10.0,0.0,0.0,0.0,0.0,0.0,0.0,0.0,0.0,0.0,0.0,0.0,53
89446ca94bbffff,27,14.0,2.0,0.18518518518518517,0.1111111111111111,9.846153846153847,0.0,0.0,0.0,0.0,0.0,0.0,0.0,0.0,0.0,0.0,0.0,108
89446ca94c3ffff,6,4.0,2.0,0.3333333333333333,0.0,9.666666666666666,0.0,0.0,0.0,0.0,0.0,0.0,0.0,0.0,0.0,0.0,0.0,50
89446ca94c7ffff,21,6.0,2.0,0.3333333333333333,0.19047619047619047,9.119047619047619,0.0,0.0,0.7142857142857143,0.0,0.0,0.0,0.0,0.0,0.0,0.0,0.0,31
89446ca94cbffff,11,5.0,2.0,0.09090909090909091,0.2727272727272727,9.545454545454545,0.0,0.0,0.09090909090909091,0.6363636363636364,0.0,0.0,0.0,0.0,0.0,0.0,0.0,66
89446ca94cfffff,5,2.0,2.2,0.4,0.4,6.6,0.0,0.0,0.0,0.0,0.0,0.0,0.0,0.0,0.0,0.0,0.0,45
89446ca94d3ffff,3,1.0,2.0,0.3333333333333333,0.3333333333333333,7.066666666666666,0.0,0.0,0.0,0.0,0.0,0.0,0.0,0.0,0.0,0.0,0.0,16
89446ca94d7ffff,8,3.0,2.0,0.25,0.25,9.5,0.0,0.0,0.0,0.0,0.0,0.0,0.0,0.0,0.0,0.0,0.0,38
89446ca94dbffff,2,1.0,2.0,0.0,0.0,10.0,0.0,0.0,0.0,0.0,0.0,0.0,0.0,0.0,0.0,0.0,0.0,41
89446ca9503ffff,8,5.0,2.0,0.375,0.0,8.65625,0.0,0.0,0.0,0.0,0.0,0.0,0.0,0.0,0.0,0.0,0.0,137
89446ca9507ffff,35,13.0,2.0,0.2571428571428571,0.14285714285714285,8.742857142857142,0.0,0.0,0.0,0.0,0.0,0.0,0.0,0.0,0.0,0.0,0.0,77
89446ca950bffff,4,2.0,2.25,0.5,0.0,7.75,0.0,0.0,0.0,0.0,0.0,0.0,0.0,0.0,0.0,0.0,0.0,70
89446ca950fffff,8,4.0,2.0,0.375,0.0,9.375,0.0,0.0,0.0,0.0,0.0,0.0,0.0,0.0,0.0,0.0,0.0,84
89446ca9513ffff,67,18.0,2.3134328358208953,0.19402985074626866,0.14925373134328357,9.462686567164178,0.0,0.0,0.0,0.0,0.0,0.0,0.0,0.0,0.0,0.0,0.0,102
89446ca9517ffff,8,2.0,2.0,0.125,0.0,7.78125,0.0,0.0,0.0,0.0,0.0,0.0,0.0,0.0,0.0,0.0,0.0,177
89446ca951bffff,15,7.0,2.533333333333333,0.4,0.13333333333333333,8.9,0.0,0.0,0.0,0.0,0.0,0.0,0.0,0.0,0.0,0.0,0.0,123
89446ca9523ffff,1,0.0,2.0,0.0,0.0,10.0,0.0,0.0,0.0,0.0,0.0,0.0,0.0,0.0,0.0,0.0,0.0,79
89446ca9527ffff,6,4.0,2.0,0.5,0.0,10.0,0.0,0.0,0.0,1.0,0.0,0.0,0.0,0.0,0.0,0.0,0.0,80
89446ca952bffff,16,4.0,2.0,0.1875,0.0,9.375,0.0,0.0,0.0,0.0,0.0,0.0,0.0,0.0,0.0,0.0,0.0,52
89446ca952fffff,7,5.0,2.0,0.14285714285714285,0.14285714285714285,9.857142857142858,0.0,0.0,0.0,0.0,0.0,0.0,0.0,0.0,0.0,0.0,0.0,49
89446ca9533ffff,14,6.0,2.0,0.14285714285714285,0.0,9.615384615384615,0.0,0.0,0.0,0.0,0.0,0.0,0.0,0.0,0.0,0.0,0.0,92
89446ca9537ffff,9,3.0,2.0,0.6666666666666666,0.1111111111111111,9.777777777777779,0.0,0.0,0.0,0.0,0.0,0.0,0.0,0.0,0.0,0.0,0.0,66
89446ca953bffff,27,16.0,2.0,0.2222222222222222,0.1111111111111111,9.148148148148149,0.0,0.0,0.0,0.0,0.0,0.0,0.0,0.0,0.0,0.0,0.037037037037037035,79
89446ca9543ffff,85,21.0,2.388235294117647,0.23529411764705882,0.058823529411764705,9.035294117647059,0.011764705882352941,0.0,0.5411764705882353,0.0,0.0,0.0,0.0,0.0,0.0,0.0,0.0,117
89446ca9547ffff,12,5.0,2.0,0.4166666666666667,0.0,9.25,0.0,0.0,0.0,0.0,0.0,0.0,0.0,0.0,0.0,0.0,0.0,134
89446ca954bffff,27,9.0,2.5925925925925926,0.2962962962962963,0.037037037037037035,8.692592592592591,0.37037037037037035,0.0,0.0,0.0,0.0,0.0,0.0,0.0,0.0,0.0,0.0,202
89446ca954fffff,8,2.0,2.0,0.375,0.0,9.25,0.0,0.0,0.0,0.0,0.0,0.0,0.0,0.0,0.0,0.0,0.0,144
89446ca9553ffff,45,17.0,2.0,0.24444444444444444,0.1111111111111111,9.622222222222222,0.0,0.0,0.06666666666666667,0.0,0.0,0.0,0.0,0.0,0.0,0.0,0.0,141
89446ca9557ffff,22,4.0,2.8181818181818183,0.2727272727272727,0.0,9.568181818181818,0.13636363636363635,0.0,0.0,0.0,0.0,0.0,0.0,0.0,0.0,0.0,0.0,172
89446ca955bffff,3,1.0,2.3333333333333335,0.0,0.0,10.0,0.0,0.0,0.0,0.0,0.0,0.0,0.0,0.0,0.0,0.0,0.0,186
89446ca9563ffff,8,1.0,2.0,0.5,0.0,8.285714285714286,0.0,0.0,0.0,0.0,0.0,0.0,0.0,0.0,0.0,0.0,0.125,29
89446ca9567ffff,5,3.0,2.0,0.2,0.0,10.0,0.0,0.0,0.0,0.0,0.0,0.0,0.0,0.0,0.0,0.0,0.0,38
89446ca956bffff,3,0.0,2.0,0.6666666666666666,0.0,10.0,0.0,0.0,0.0,0.0,0.0,0.0,0.0,0.0,0.0,0.0,0.0,71
89446ca956fffff,1,1.0,2.0,0.0,0.0,10.0,0.0,0.0,0.0,0.0,0.0,0.0,0.0,0.0,0.0,0.0,0.0,50
89446ca9573ffff,5,1.0,2.0,0.0,0.0,8.8,0.0,0.0,0.0,0.0,0.0,0.0,0.0,0.0,0.0,0.0,0.0,47
89446ca9577ffff,5,2.0,2.0,0.4,0.0,8.8,0.0,0.0,0.0,0.0,0.0,0.0,0.0,0.0,0.0,0.0,0.0,69
89446ca957bffff,10,3.0,2.0,0.3,0.0,8.8,0.0,0.0,0.0,0.0,0.0,0.0,0.0,0.0,0.0,0.0,0.0,43
89446ca9583ffff,4,1.0,2.0,0.25,0.0,8.0,0.0,0.0,0.0,0.0,0.0,0.0,0.0,0.0,0.0,0.0,0.0,206
89446ca9587ffff,103,12.0,2.5242718446601944,0.24271844660194175,0.019417475728155338,8.684313725490195,0.0,0.0,0.23300970873786409,0.0,0.0,0.0,0.0,0.0,0.0,0.0,0.0,92
89446ca958bffff,16,9.0,2.0,0.3125,0.0,9.6875,0.0,0.0,0.0,0.0,0.0,0.0,0.0,0.0,0.0,0.0,0.0,142
89446ca958fffff,44,20.0,2.522727272727273,0.29545454545454547,0.11363636363636363,9.14090909090909,0.045454545454545456,0.0,0.11363636363636363,0.0,0.0,0.0,0.0,0.0,0.0,0.0,0.0,209
89446ca9593ffff,32,14.0,2.0,0.21875,0.0625,9.019354838709678,0.0,0.0,0.0,0.0,0.0,0.0,0.0,0.0,0.0,0.0,0.0,41
89446ca959bffff,11,2.0,2.0,0.2727272727272727,0.09090909090909091,9.272727272727273,0.0,0.0,0.0,0.0,0.0,0.0,0.0,0.0,0.0,0.0,0.09090909090909091,60
89446ca95a3ffff,5,4.0,2.0,0.4,0.0,10.0,0.0,0.0,0.0,0.0,0.0,0.0,0.0,0.0,0.0,0.0,0.2,100
89446ca95a7ffff,37,11.0,2.0,0.21621621621621623,0.10810810810810811,8.864864864864865,0.0,0.0,0.0,0.0,0.0,0.0,0.0,0.0,0.0,0.0,0.0,68
89446ca95abffff,12,3.0,2.0,0.3333333333333333,0.08333333333333333,7.958333333333333,0.0,0.0,0.0,0.0,0.0,0.0,0.0,0.0,0.0,0.0,0.0,81
89446ca95afffff,8,3.0,2.0,0.375,0.25,7.25,0.0,0.0,0.0,0.0,0.0,0.0,0.0,0.0,0.0,0.0,0.0,85
89446ca95b3ffff,1,0.0,2.0,0.0,0.0,10.0,0.0,0.0,0.0,0.0,0.0,0.0,0.0,0.0,0.0,0.0,0.0,215
89446ca95b7ffff,31,8.0,2.0,0.3548387096774194,0.06451612903225806,8.483333333333333,0.0,0.0,0.6129032258064516,0.0,0.0,0.0,0.0,0.0,0.0,0.0,0.0,122
89446ca95bbffff,11,4.0,2.0,0.0,0.0,7.745454545454546,0.0,0.5454545454545454,0.5454545454545454,0.0,0.0,0.5454545454545454,0.0,0.0,0.0,0.0,0.0,173
89446ca95c3ffff,9,4.0,2.0,0.1111111111111111,0.1111111111111111,8.833333333333334,0.0,0.0,0.0,0.0,0.0,0.0,0.0,0.0,0.0,0.0,0.0,47
89446ca95c7ffff,11,5.0,2.0,0.45454545454545453,0.0,9.636363636363637,0.0,0.0,0.0,0.0,0.0,0.0,0.0,0.0,0.0,0.0,0.0,123
89446ca95cbffff,5,1.0,2.0,0.2,0.0,10.0,0.0,0.0,0.0,0.0,0.0,0.0,0.0,0.0,0.0,0.0,0.0,100
89446ca95cfffff,11,1.0,2.090909090909091,0.45454545454545453,0.18181818181818182,9.545454545454545,0.0,0.0,0.0,0.0,0.0,0.0,0.0,0.0,0.0,0.0,0.0,107
89446ca95d3ffff,8,3.0,2.0,0.375,0.0,9.375,0.0,0.0,0.0,0.0,0.0,0.0,0.0,0.0,0.0,0.0,0.25,32
89446ca95d7ffff,5,4.0,2.0,0.6,0.2,9.6,0.0,0.0,0.0,0.0,0.0,0.0,0.0,0.0,0.0,0.0,0.0,56
89446ca95dbffff,7,3.0,2.0,0.5714285714285714,0.0,9.571428571428571,0.0,0.0,0.0,0.0,0.0,0.0,0.0,0.0,0.0,0.0,0.0,43
89446ca9603ffff,2,1.0,2.0,0.0,0.0,10.0,0.0,0.0,0.0,0.0,0.0,0.0,0.0,0.0,0.0,0.0,1.0,23
89446ca9607ffff,6,1.0,2.0,0.16666666666666666,0.0,9.5,0.0,0.0,0.0,0.0,0.0,0.0,0.0,0.0,0.0,0.0,0.0,41
89446ca960bffff,9,5.0,2.0,0.1111111111111111,0.0,8.902222222222223,0.0,0.0,0.0,0.0,0.0,0.0,0.0,0.0,0.0,0.0,0.0,43
89446ca960fffff,2,2.0,2.0,0.5,0.0,9.5,0.0,0.0,0.0,0.0,0.0,0.0,0.0,0.0,0.0,0.0,0.0,69
89446ca9613ffff,3,2.0,2.0,0.3333333333333333,0.0,8.333333333333334,0.0,0.0,0.0,0.0,0.0,0.0,0.0,0.0,0.0,0.0,0.0,11
89446ca9617ffff,2,1.0,2.0,0.5,0.0,10.0,0.0,0.0,0.0,0.0,0.0,0.0,0.0,0.0,0.0,0.0,0.0,23
89446ca961bffff,1,1.0,2.0,1.0,0.0,10.0,0.0,0.0,0.0,0.0,0.0,0.0,0.0,0.0,0.0,0.0,0.0,23
89446ca9627ffff,13,6.0,2.0,0.15384615384615385,0.07692307692307693,9.096153846153847,0.0,0.0,0.0,0.0,0.0,0.0,0.0,0.0,0.0,0.0,0.0,20
89446ca962bffff,1,0.0,2.0,0.0,0.0,10.0,0.0,0.0,0.0,0.0,0.0,0.0,0.0,0.0,0.0,0.0,0.0,28
89446ca9633ffff,4,2.0,2.0,0.25,0.25,10.0,0.0,0.0,0.0,0.0,0.0,0.0,0.0,0.0,0.0,0.0,0.0,41
89446ca9637ffff,3,0.0,2.0,0.3333333333333333,0.0,10.0,0.0,0.0,0.0,0.0,0.0,0.0,0.0,0.0,0.0,0.0,0.0,21
89446ca963bffff,21,6.0,2.0476190476190474,0.2857142857142857,0.047619047619047616,9.857142857142858,0.0,0.0,0.3333333333333333,0.0,0.0,0.0,0.0,0.0,0.0,0.0,0.0,17
89446ca9643ffff,37,14.0,2.0,0.1891891891891892,0.05405405405405406,9.783783783783784,0.0,0.0,0.5405405405405406,0.0,0.0,0.0,0.0,0.0,0.0,0.0,0.0,81
89446ca9647ffff,9,1.0,2.0,0.0,0.0,8.911111111111111,0.0,0.0,0.0,0.0,0.0,0.0,0.0,0.0,0.0,0.0,0.0,139
89446ca964bffff,18,4.0,1.9444444444444444,0.2222222222222222,0.1111111111111111,9.555555555555555,0.0,0.0,0.6111111111111112,0.0,0.0,0.0,0.0,0.0,0.0,0.0,0.0,138
89446ca964fffff,6,3.0,2.0,0.5,0.16666666666666666,8.666666666666666,0.0,0.0,0.0,0.0,0.0,0.0,0.0,0.0,0.0,0.0,0.0,161
89446ca9657ffff,2,1.0,2.0,0.0,0.0,10.0,0.0,0.0,0.0,0.0,0.0,0.0,0.0,0.0,0.0,0.0,0.0,61
89446ca965bffff,46,14.0,2.0217391304347827,0.10869565217391304,0.10869565217391304,9.234782608695653,0.0,0.0,0.2391304347826087,0.0,0.0,0.0,0.0,0.0,0.0,0.0,0.0,94
89446ca9663ffff,19,8.0,2.0,0.10526315789473684,0.10526315789473684,9.157894736842104,0.0,0.3157894736842105,0.0,0.0,0.0,0.0,0.0,0.0,0.0,0.0,0.0,127
89446ca9667ffff,3,1.0,2.0,0.3333333333333333,0.3333333333333333,9.0,0.0,0.0,0.0,0.0,0.0,0.0,0.0,0.0,0.0,0.0,0.0,63
89446ca966bffff,3,0.0,2.0,0.6666666666666666,0.0,10.0,0.0,0.0,0.0,0.0,0.0,0.0,0.0,0.0,0.0,0.0,0.0,120
89446ca966fffff,32,10.0,2.0,0.125,0.0625,9.3125,0.0,0.0,0.53125,0.0,0.0,0.0,0.0,0.0,0.0,0.0,0.0,166
89446ca9673ffff,27,7.0,2.0,0.18518518518518517,0.25925925925925924,9.0,0.0,0.0,0.0,0.0,0.0,0.0,0.0,0.0,0.0,0.0,0.0,101
89446ca9677ffff,4,1.0,2.0,0.5,0.0,10.0,0.0,0.0,0.0,0.0,0.0,0.0,0.0,0.0,0.0,0.0,0.0,73
89446ca967bffff,58,22.0,2.0172413793103448,0.27586206896551724,0.10344827586206896,9.158620689655173,0.0,0.0,0.7241379310344828,0.0,0.0,0.0,0.0,0.0,0.0,0.0,0.0,69
89446ca9683ffff,5,1.0,2.0,0.0,0.2,8.6,0.0,0.0,0.0,0.0,0.0,0.0,0.0,0.0,0.0,0.0,0.0,34
89446ca9687ffff,1,1.0,2.0,0.0,0.0,10.0,0.0,0.0,0.0,0.0,0.0,0.0,0.0,0.0,0.0,0.0,0.0,17
89446ca968bffff,4,0.0,2.0,0.0,0.25,9.0,0.0,0.0,0.0,0.0,0.0,0.0,0.0,0.0,0.0,0.0,0.0,33
89446ca9693ffff,15,4.0,2.0,0.2,0.13333333333333333,8.233333333333333,0.0,0.0,0.6,0.2,0.0,0.0,0.0,0.0,0.0,0.0,0.13333333333333333,56
89446ca9697ffff,3,1.0,2.0,0.3333333333333333,0.3333333333333333,9.333333333333334,0.0,0.0,0.0,0.0,0.0,0.0,0.0,0.0,0.0,0.0,0.0,50
89446ca969bffff,11,9.0,2.0,0.5454545454545454,0.18181818181818182,9.181818181818182,0.0,0.0,0.0,0.5454545454545454,0.0,0.0,0.0,0.0,0.0,0.0,0.18181818181818182,41
89446ca96a3ffff,7,1.0,2.0,0.14285714285714285,0.0,10.0,0.0,0.0,0.0,1.0,0.0,0.0,0.0,0.0,0.0,0.0,0.0,40
89446ca96a7ffff,2,1.0,2.0,0.0,0.0,10.0,0.0,0.0,0.0,0.0,0.0,0.0,0.0,0.0,0.0,0.0,0.0,40
89446ca96abffff,10,4.0,2.0,0.2,0.1,7.5200000000000005,0.0,0.0,0.0,0.5,0.0,0.0,0.0,0.0,0.0,0.0,0.0,22
89446ca96afffff,1,0.0,2.0,0.0,0.0,9.0,0.0,0.0,0.0,0.0,0.0,0.0,0.0,0.0,0.0,0.0,0.0,27
89446ca96b3ffff,5,3.0,2.0,0.2,0.2,9.0,0.0,0.0,0.0,0.0,0.0,0.0,0.0,0.0,0.0,0.0,0.0,32
89446ca96b7ffff,20,5.0,2.0,0.1,0.1,9.1,0.0,0.0,0.0,0.4,0.0,0.0,0.0,0.0,0.0,0.0,0.0,55
89446ca96bbffff,2,1.0,2.0,0.0,0.0,10.0,0.0,0.0,0.0,0.0,0.0,0.0,0.0,0.0,0.0,0.0,0.0,25
89446ca96c7ffff,2,0.0,2.0,0.5,0.0,7.5,0.0,0.0,0.0,0.0,0.0,0.0,0.0,0.0,0.0,0.0,0.0,25
89446ca96cbffff,6,3.0,2.0,0.0,0.16666666666666666,10.0,0.0,0.0,0.0,0.0,0.0,0.0,0.0,0.0,0.0,0.0,0.0,6
89446ca96cfffff,5,2.0,2.0,0.6,0.0,10.0,0.0,0.0,0.0,0.0,0.0,0.0,0.0,0.0,0.0,0.0,0.0,11
89446ca96d7ffff,12,3.0,2.0,0.5,0.0,9.583333333333334,0.0,0.0,0.4166666666666667,0.3333333333333333,0.0,0.0,0.0,0.0,0.0,0.0,0.4166666666666667,17
89446ca9803ffff,81,24.0,2.0246913580246915,0.2716049382716049,0.037037037037037035,9.491358024691358,0.012345679012345678,0.48148148148148145,0.9382716049382716,0.0,0.0,0.0,0.0,0.0,0.0,0.0,0.0,1170
89446ca9807ffff,117,25.0,2.0085470085470085,0.11965811965811966,0.05982905982905983,8.701801801801802,0.0,0.24786324786324787,1.0,0.0,0.0,0.0,0.0,0.0,0.0,0.06837606837606838,0.0,696
89446ca980bffff,77,17.0,2.142857142857143,0.23376623376623376,0.025974025974025976,8.533783783783784,0.0,0.6233766233766234,0.42857142857142855,0.15584415584415584,0.0,0.0,0.0,0.0,0.0,0.0,0.0,398
89446ca980fffff,31,7.0,2.0,0.16129032258064516,0.06451612903225806,9.225806451612904,0.0,1.0,0.8064516129032258,0.0,0.0,0.0,0.0,0.0,0.0,0.12903225806451613,0.0,495
89446ca9813ffff,629,116.0,2.5961844197138313,0.2543720190779014,0.0492845786963434,8.921475953565505,0.02066772655007949,0.003179650238473768,0.3322734499205087,0.019077901430842606,0.0,0.0,0.0,0.0,0.0,0.0,0.0,665
89446ca9817ffff,153,48.0,2.189542483660131,0.2222222222222222,0.05228758169934641,8.991946308724831,0.12418300653594772,0.1895424836601307,0.6993464052287581,0.0457516339869281,0.0,0.0,0.0,0.0,0.0,0.16339869281045752,0.0,1188
89446ca981bffff,163,48.0,2.374233128834356,0.2331288343558282,0.06748466257668712,9.179012345679013,0.0,0.4233128834355828,0.5766871165644172,0.26380368098159507,0.0,0.0,0.0,0.0,0.0,0.0,0.0,1074
89446ca9823ffff,86,19.0,2.0,0.20930232558139536,0.046511627906976744,8.534705882352942,0.0,0.06976744186046512,0.9883720930232558,0.0,0.0,0.06976744186046512,0.0,0.0,0.0,0.5116279069767442,0.2441860465116279,555
89446ca9827ffff,58,6.0,2.0,0.1896551724137931,0.05172413793103448,9.166666666666666,0.0,0.6206896551724138,0.896551724137931,0.0,0.0,0.0,0.0,0.0,0.0,0.0,0.22413793103448276,673
89446ca982bffff,100,25.0,2.0,0.23,0.1,8.69375,0.0,0.39,1.0,0.0,0.0,0.28,0.0,0.0,0.0,0.13,0.39,491
89446ca982fffff,118,22.0,2.0084745762711864,0.1694915254237288,0.025423728813559324,8.813274336283186,0.0,0.3389830508474576,0.9915254237288136,0.0,0.0,0.0423728813559322,0.0,0.0,0.0,0.16101694915254236,0.17796610169491525,536
89446ca9833ffff,110,31.0,2.0,0.17272727272727273,0.06363636363636363,8.899047619047618,0.0,0.19090909090909092,0.990909090909091,0.0,0.0,0.19090909090909092,0.0,0.0,0.0,0.18181818181818182,0.05454545454545454,818
89446ca9837ffff,102,15.0,2.0098039215686274,0.12745098039215685,0.0392156862745098,8.519791666666666,0.0,0.08823529411764706,0.9901960784313726,0.0,0.0,0.0,0.0,0.0,0.0,0.3137254901960784,0.2647058823529412,796
89446ca983bffff,67,13.0,2.0,0.14925373134328357,0.014925373134328358,8.764179104477613,0.0,0.3880597014925373,1.0,0.0,0.0,0.0,0.0,0.0,0.0,0.04477611940298507,0.08955223880597014,516
89446ca9843ffff,13,2.0,2.0,0.07692307692307693,0.0,8.416666666666666,0.0,0.3076923076923077,0.15384615384615385,0.3076923076923077,0.0,0.0,0.0,0.0,0.0,0.0,0.0,70
89446ca9847ffff,15,5.0,2.066666666666667,0.3333333333333333,0.06666666666666667,8.866666666666667,0.0,0.4,0.2,0.5333333333333333,0.0,0.0,0.0,0.0,0.0,0.0,0.0,276
89446ca984bffff,5,1.0,2.0,0.0,0.0,9.2,0.0,0.0,0.0,0.8,0.0,0.0,0.0,0.0,0.0,0.0,0.0,31
89446ca984fffff,6,2.0,2.0,0.16666666666666666,0.0,10.0,0.0,0.6666666666666666,0.5,0.16666666666666666,0.0,0.5,0.0,0.0,0.0,0.0,0.0,125
89446ca9853ffff,10,6.0,2.0,0.1,0.0,9.4,0.0,0.0,0.0,0.5,0.0,0.0,0.0,0.0,0.0,0.0,0.0,220
89446ca9857ffff,27,6.0,2.0,0.25925925925925924,0.037037037037037035,9.037037037037036,0.0,0.7037037037037037,0.5185185185185185,0.37037037037037035,0.0,0.0,0.0,0.0,0.0,0.0,0.0,427
89446ca985bffff,7,1.0,2.0,0.14285714285714285,0.0,9.142857142857142,0.0,0.0,0.0,1.0,0.0,0.0,0.0,0.0,0.0,0.0,0.0,35
89446ca9863ffff,54,12.0,2.0,0.1111111111111111,0.1111111111111111,8.378846153846153,0.0,0.7962962962962963,0.9629629629629629,0.018518518518518517,0.0,0.7592592592592593,0.0,0.0,0.0,0.1111111111111111,0.0,448
89446ca9867ffff,44,7.0,2.022727272727273,0.13636363636363635,0.045454545454545456,7.863414634146341,0.0,0.9318181818181818,0.9772727272727273,0.0,0.0,0.6590909090909091,0.0,0.0,0.0,0.22727272727272727,0.045454545454545456,522
89446ca986bffff,90,22.0,2.1555555555555554,0.1,0.05555555555555555,9.001176470588236,0.0,0.7777777777777778,0.7333333333333333,0.0,0.0,0.0,0.0,0.0,0.0,0.0,0.0,562
89446ca986fffff,89,19.0,2.0,0.02247191011235955,0.0449438202247191,8.237209302325581,0.0,0.4157303370786517,1.0,0.0,0.0,0.0,0.0,0.0,0.0,0.0,0.06741573033707865,503
89446ca9873ffff,81,21.0,2.506172839506173,0.35802469135802467,0.037037037037037035,8.87012987012987,0.14814814814814814,0.2716049382716049,0.25925925925925924,0.0,0.0,0.0,0.0,0.0,0.0,0.0,0.14814814814814814,321
89446ca9877ffff,72,10.0,2.0,0.16666666666666666,0.05555555555555555,8.513235294117647,0.0,0.375,1.0,0.0,0.0,0.0,0.0,0.0,0.0,0.0,0.2638888888888889,377
89446ca987bffff,72,25.0,2.25,0.2361111111111111,0.013888888888888888,9.0625,0.0,0.4305555555555556,0.4861111111111111,0.041666666666666664,0.0,0.2222222222222222,0.0,0.0,0.0,0.0,0.027777777777777776,263
89446ca9883ffff,144,47.0,2.3402777777777777,0.2986111111111111,0.0625,9.221830985915492,0.04861111111111111,0.0,0.375,0.14583333333333334,0.0,0.0,0.0,0.0,0.0,0.0,0.0,455
89446ca9887ffff,27,8.0,2.0,0.3333333333333333,0.1111111111111111,9.11111111111111,0.0,0.2222222222222222,0.5185185185185185,0.2962962962962963,0.0,0.0,0.0,0.0,0.0,0.0,0.0,409
89446ca988bffff,117,36.0,2.5042735042735043,0.26495726495726496,0.05128205128205128,9.11504424778761,0.29914529914529914,0.0,0.08547008547008547,0.02564102564102564,0.0,0.0,0.0,0.0,0.0,0.0,0.0,969
89446ca988fffff,40,9.0,2.025,0.125,0.0,9.144736842105264,0.0,0.275,0.475,0.35,0.0,0.0,0.0,0.0,0.0,0.0,0.0,1137
89446ca9893ffff,203,42.0,2.3596059113300494,0.27586206896551724,0.034482758620689655,9.148969072164949,0.22167487684729065,0.04926108374384237,0.3448275862068966,0.0,0.0,0.0,0.0,0.0,0.0,0.0,0.0,295
89446ca9897ffff,40,13.0,2.0,0.175,0.05,9.203947368421053,0.0,0.5,0.5,0.275,0.0,0.0,0.0,0.0,0.0,0.0,0.0,505
89446ca989bffff,28,6.0,2.0,0.21428571428571427,0.10714285714285714,8.5,0.0,0.0,0.0,0.5,0.0,0.0,0.0,0.0,0.0,0.0,0.0,500
89446ca98a3ffff,91,28.0,2.010989010989011,0.21978021978021978,0.03296703296703297,9.488505747126437,0.0,0.25274725274725274,0.6923076923076923,0.27472527472527475,0.0,0.1978021978021978,0.0,0.0,0.0,0.0,0.0,759
89446ca98a7ffff,112,33.0,2.017857142857143,0.16071428571428573,0.026785714285714284,9.145945945945947,0.0,0.45535714285714285,0.8125,0.16071428571428573,0.0,0.0,0.0,0.0,0.0,0.24107142857142858,0.017857142857142856,618
89446ca98abffff,254,69.0,2.1692913385826773,0.27165354330708663,0.047244094488188976,9.060240963855422,0.0,0.14173228346456693,0.8188976377952756,0.0,0.0,0.015748031496062992,0.0,0.0,0.0,0.5669291338582677,0.0,730
89446ca98afffff,192,49.0,2.03125,0.20833333333333334,0.041666666666666664,9.043206521739132,0.0,0.4166666666666667,0.9583333333333334,0.0,0.0,0.057291666666666664,0.0,0.0,0.0,0.25,0.041666666666666664,863
89446ca98b3ffff,65,24.0,2.0153846153846153,0.16923076923076924,0.015384615384615385,9.01984126984127,0.0,0.24615384615384617,0.6153846153846154,0.3230769230769231,0.0,0.24615384615384617,0.0,0.0,0.0,0.24615384615384617,0.0,381
89446ca98b7ffff,69,15.0,2.0144927536231885,0.2028985507246377,0.014492753623188406,9.114925373134328,0.0,0.0,0.5942028985507246,0.2608695652173913,0.0,0.0,0.0,0.0,0.0,0.0,0.15942028985507245,442
89446ca98bbffff,67,19.0,2.0,0.3283582089552239,0.08955223880597014,9.007692307692308,0.0,0.0,0.5671641791044776,0.34328358208955223,0.0,0.0,0.0,0.0,0.0,0.0,0.1044776119402985,630
89446ca98c3ffff,56,11.0,2.5714285714285716,0.16071428571428573,0.017857142857142856,9.435185185185185,0.03571428571428571,0.0,0.0,0.0,0.0,0.0,0.0,0.0,0.0,0.0,0.0,318
89446ca98c7ffff,111,52.0,2.18018018018018,0.21621621621621623,0.08108108108108109,8.763063063063063,0.0,0.4144144144144144,0.4864864864864865,0.22522522522522523,0.0,0.0,0.0,0.0,0.0,0.0,0.0,1131
89446ca98cbffff,21,11.0,2.0952380952380953,0.19047619047619047,0.09523809523809523,8.7625,0.047619047619047616,0.0,0.0,0.0,0.0,0.0,0.0,0.0,0.0,0.0,0.0,285
89446ca98cfffff,149,29.0,2.2550335570469797,0.21476510067114093,0.053691275167785234,9.060135135135136,0.006711409395973154,0.4966442953020134,0.4966442953020134,0.006711409395973154,0.0,0.0,0.0,0.0,0.0,0.0,0.0,388
89446ca98d3ffff,8,3.0,2.0,0.625,0.0,10.0,0.0,0.0,0.0,0.0,0.0,0.0,0.0,0.0,0.0,0.0,0.0,99
89446ca98d7ffff,17,9.0,2.0,0.11764705882352941,0.058823529411764705,9.705882352941176,0.0,0.47058823529411764,0.47058823529411764,0.0,0.0,0.0,0.0,0.0,0.0,0.0,0.0,323
89446ca98dbffff,12,6.0,2.1666666666666665,0.4166666666666667,0.08333333333333333,9.5,0.0,0.0,0.0,0.0,0.0,0.0,0.0,0.0,0.0,0.0,0.0,185
89446ca9903ffff,6,2.0,2.0,0.5,0.16666666666666666,7.9,0.0,0.6666666666666666,0.6666666666666666,0.6666666666666666,0.6666666666666666,0.0,0.0,0.0,0.0,0.0,0.0,58
89446ca990bffff,5,0.0,2.0,0.0,0.0,9.25,0.0,1.0,0.0,0.0,0.0,0.0,0.0,0.0,0.0,0.0,0.0,41
89446ca990fffff,10,6.0,2.0,0.1,0.0,8.55,0.0,0.0,0.0,0.1,0.0,0.0,0.0,0.0,0.0,0.0,0.0,56
89446ca9913ffff,11,3.0,2.0,0.45454545454545453,0.09090909090909091,8.8,0.0,0.7272727272727273,0.8181818181818182,0.2727272727272727,0.2727272727272727,0.0,0.0,0.0,0.0,0.0,0.0,82
89446ca9917ffff,27,7.0,2.0,0.14814814814814814,0.18518518518518517,8.0,0.0,0.7777777777777778,0.7777777777777778,0.7777777777777778,0.0,0.0,0.0,0.0,0.0,0.0,0.1111111111111111,35
89446ca991bffff,5,3.0,2.0,0.4,0.0,10.0,0.0,0.6,0.6,0.8,0.0,0.0,0.0,0.0,0.0,0.0,0.0,63
89446ca9923ffff,2,0.0,2.0,0.0,0.5,8.5,0.0,0.0,0.0,1.0,0.0,0.0,0.0,0.0,0.0,0.0,0.0,87
89446ca9927ffff,23,10.0,2.0,0.2608695652173913,0.043478260869565216,8.791304347826086,0.0,0.0,0.6521739130434783,0.043478260869565216,0.0,0.0,0.0,0.0,0.0,0.0,0.0,101
89446ca992bffff,6,4.0,2.0,0.3333333333333333,0.16666666666666666,9.8,0.0,0.16666666666666666,0.0,0.0,0.0,0.16666666666666666,0.0,0.0,0.0,0.0,0.0,67
89446ca9933ffff,6,6.0,2.0,0.0,0.0,10.0,0.0,0.0,0.0,0.0,0.0,0.0,0.0,0.0,0.0,0.0,0.0,65
89446ca9937ffff,43,15.0,2.0,0.16279069767441862,0.046511627906976744,8.80232558139535,0.0,0.5813953488372093,0.7674418604651163,0.09302325581395349,0.0,0.023255813953488372,0.0,0.0,0.0,0.0,0.0,66
89446ca993bffff,9,3.0,2.0,0.2222222222222222,0.1111111111111111,9.88888888888889,0.0,0.0,0.0,0.8888888888888888,0.0,0.0,0.0,0.0,0.0,0.6666666666666666,0.6666666666666666,54
89446ca9943ffff,64,23.0,2.46875,0.234375,0.046875,9.336065573770492,0.171875,0.296875,0.296875,0.046875,0.09375,0.0,0.0,0.0,0.0,0.0,0.0,343
89446ca9947ffff,13,5.0,2.0,0.38461538461538464,0.0,9.23076923076923,0.0,0.3076923076923077,0.0,0.3076923076923077,0.0,0.0,0.0,0.0,0.0,0.0,0.0,140
89446ca994bffff,62,15.0,2.6129032258064515,0.3387096774193548,0.03225806451612903,9.220967741935485,0.11290322580645161,0.22580645161290322,0.0,0.25806451612903225,0.016129032258064516,0.016129032258064516,0.0,0.0,0.0,0.0,0.0,447
89446ca994fffff,56,22.0,2.017857142857143,0.26785714285714285,0.0,8.920754716981133,0.0,0.6785714285714286,0.5892857142857143,0.30357142857142855,0.0,0.0,0.0,0.0,0.0,0.4107142857142857,0.0,182
89446ca9953ffff,159,55.0,2.8364779874213837,0.2641509433962264,0.05660377358490566,8.901923076923078,0.12578616352201258,0.031446540880503145,0.0,0.006289308176100629,0.012578616352201259,0.0,0.0,0.0,0.0,0.0,0.03773584905660377,360
89446ca9957ffff,1,0.0,2.0,0.0,0.0,10.0,0.0,0.0,0.0,0.0,0.0,0.0,0.0,0.0,0.0,0.0,1.0,275
89446ca995bffff,52,7.0,2.0,0.21153846153846154,0.019230769230769232,8.861538461538462,0.0,0.9615384615384616,0.9615384615384616,0.0,0.0,0.28846153846153844,0.0,0.0,0.0,0.0,0.0,597
89446ca9963ffff,1,0.0,2.0,1.0,0.0,10.0,0.0,0.0,0.0,0.0,0.0,0.0,0.0,0.0,0.0,0.0,1.0,94
89446ca9967ffff,26,7.0,2.0,0.23076923076923078,0.11538461538461539,9.328,0.0,0.5769230769230769,0.38461538461538464,0.46153846153846156,0.0,0.11538461538461539,0.0,0.0,0.0,0.0,0.0,123
89446ca996bffff,5,0.0,2.0,0.6,0.0,6.333333333333333,0.0,0.0,0.0,0.8,0.0,0.0,0.0,0.0,0.0,0.0,0.0,83
89446ca996fffff,19,5.0,2.0,0.21052631578947367,0.0,9.222222222222221,0.0,0.05263157894736842,0.0,1.0,0.0,0.0,0.0,0.0,0.0,0.0,0.0,128
89446ca9973ffff,6,3.0,2.0,0.0,0.0,10.0,0.0,0.0,0.0,0.8333333333333334,0.0,0.0,0.0,0.0,0.0,0.3333333333333333,0.0,67
89446ca9977ffff,30,7.0,2.0,0.1,0.06666666666666667,9.066666666666666,0.0,0.03333333333333333,0.43333333333333335,0.43333333333333335,0.0,0.03333333333333333,0.0,0.0,0.0,0.13333333333333333,0.0,58
89446ca997bffff,8,4.0,2.0,0.375,0.0,8.375,0.0,0.25,0.0,0.625,0.0,0.0,0.0,0.0,0.0,0.25,0.375,94
89446ca9983ffff,7,5.0,2.0,1.0,0.0,10.0,0.0,0.14285714285714285,0.0,0.42857142857142855,0.0,0.0,0.0,0.0,0.0,0.0,0.0,171
89446ca9987ffff,44,6.0,2.0,0.29545454545454547,0.09090909090909091,8.411904761904761,0.0,0.3181818181818182,0.6818181818181818,0.13636363636363635,0.0,0.0,0.0,0.0,0.0,0.0,0.0,91
89446ca998bffff,21,5.0,2.0,0.19047619047619047,0.047619047619047616,8.375,0.0,0.0,0.5238095238095238,0.09523809523809523,0.0,0.0,0.0,0.0,0.0,0.0,0.047619047619047616,90
89446ca998fffff,12,6.0,2.0,0.3333333333333333,0.16666666666666666,9.666666666666666,0.0,0.0,0.75,0.0,0.0,0.0,0.0,0.0,0.0,0.0,0.0,116
89446ca9993ffff,16,2.0,2.0,0.25,0.125,8.78125,0.0,0.4375,0.0,0.75,0.0,0.0,0.0,0.0,0.0,0.0,0.0,146
89446ca9997ffff,54,25.0,2.0,0.16666666666666666,0.09259259259259259,9.423076923076923,0.0,0.42592592592592593,0.2222222222222222,0.037037037037037035,0.0,0.0,0.0,0.0,0.0,0.0,0.037037037037037035,110
89446ca999bffff,24,9.0,2.0,0.25,0.0,9.375,0.0,0.5833333333333334,0.5,0.3333333333333333,0.0,0.0,0.0,0.0,0.0,0.0,0.0,90
89446ca99a3ffff,22,2.0,2.0,0.09090909090909091,0.0,9.142857142857142,0.0,0.0,0.9090909090909091,0.0,0.0,0.0,0.0,0.0,0.0,0.0,0.0,39
89446ca99afffff,11,7.0,2.0,0.36363636363636365,0.18181818181818182,8.0,0.0,0.0,0.0,0.6363636363636364,0.0,0.0,0.0,0.0,0.0,0.0,0.0,86
89446ca99b3ffff,1,0.0,2.0,0.0,0.0,10.0,0.0,0.0,0.0,0.0,0.0,0.0,0.0,0.0,0.0,0.0,0.0,155
89446ca99b7ffff,21,3.0,2.0,0.19047619047619047,0.047619047619047616,8.438095238095238,0.0,0.8571428571428571,0.8571428571428571,0.0,0.0,0.0,0.0,0.0,0.0,0.0,0.047619047619047616,99
89446ca99bbffff,6,1.0,2.0,0.3333333333333333,0.16666666666666666,6.2,0.0,0.0,0.0,0.6666666666666666,0.0,0.0,0.0,0.0,0.0,0.0,0.0,106
89446ca99c3ffff,12,8.0,2.0,0.25,0.08333333333333333,9.166666666666666,0.0,0.0,0.0,1.0,0.0,0.0,0.0,0.0,0.0,0.0,0.0,464
89446ca99c7ffff,11,7.0,2.0,0.45454545454545453,0.0,9.454545454545455,0.0,0.0,0.0,0.45454545454545453,0.0,0.0,0.0,0.0,0.0,0.36363636363636365,0.0,103
89446ca99cbffff,156,50.0,2.5641025641025643,0.2564102564102564,0.019230769230769232,8.873509933774836,0.0,0.08333333333333333,0.4230769230769231,0.04487179487179487,0.08333333333333333,0.0,0.0,0.0,0.0,0.0,0.0,554
89446ca99cfffff,29,10.0,2.0,0.1724137931034483,0.10344827586206896,8.655172413793103,0.0,0.20689655172413793,0.0,0.7241379310344828,0.0,0.0,0.0,0.0,0.0,0.0,0.0,344
89446ca99d3ffff,49,17.0,2.0,0.40816326530612246,0.12244897959183673,8.861702127659575,0.0,0.2653061224489796,0.5102040816326531,0.46938775510204084,0.0,0.0,0.0,0.0,0.0,0.0,0.02040816326530612,372
89446ca99d7ffff,25,10.0,2.0,0.32,0.08,9.458333333333334,0.0,0.0,0.0,0.88,0.0,0.0,0.0,0.0,0.0,0.0,0.2,123
89446ca99dbffff,194,57.0,2.082474226804124,0.26288659793814434,0.06701030927835051,8.9,0.0,0.010309278350515464,0.7164948453608248,0.11855670103092783,0.0,0.0,0.0,0.0,0.0,0.0,0.0,623
89446ca9a03ffff,7,2.0,2.0,0.14285714285714285,0.0,7.7,0.0,0.14285714285714285,0.0,0.14285714285714285,0.0,0.0,0.0,0.0,0.0,0.0,0.0,76
89446ca9a07ffff,11,4.0,2.0,0.36363636363636365,0.0,9.181818181818182,0.0,0.6363636363636364,0.6363636363636364,0.6363636363636364,0.0,0.0,0.0,0.0,0.0,0.0,0.0,43
89446ca9a13ffff,26,5.0,2.0,0.0,0.0,8.281818181818181,0.0,0.46153846153846156,0.46153846153846156,0.3076923076923077,0.0,0.0,0.0,0.0,0.0,0.0,0.0,69
89446ca9a17ffff,14,2.0,2.0,0.07142857142857142,0.14285714285714285,8.321428571428571,0.0,0.9285714285714286,0.0,0.9285714285714286,0.0,0.0,0.0,0.0,0.0,0.0,0.0,66
89446ca9a1bffff,25,6.0,2.0,0.24,0.0,8.516,0.0,0.84,0.68,0.28,0.0,0.0,0.0,0.0,0.0,0.0,0.0,58
89446ca9a23ffff,8,4.0,2.0,0.0,0.0,8.875,0.0,0.0,0.625,0.0,0.0,0.0,0.0,0.0,0.0,0.0,0.0,82
89446ca9a27ffff,30,11.0,2.533333333333333,0.2,0.0,9.379310344827585,0.23333333333333334,0.0,0.0,0.0,0.0,0.0,0.0,0.0,0.0,0.0,0.0,180
89446ca9a2bffff,5,3.0,2.0,0.4,0.0,9.4,0.0,0.0,0.0,0.0,0.0,0.0,0.0,0.0,0.0,0.0,0.0,67
89446ca9a2fffff,39,27.0,2.4615384615384617,0.1282051282051282,0.05128205128205128,9.58974358974359,0.0,0.0,0.05128205128205128,0.1794871794871795,0.07692307692307693,0.0,0.0,0.0,0.0,0.0,0.0,298
89446ca9a33ffff,8,3.0,2.0,0.125,0.0,9.25,0.0,0.0,0.0,0.0,0.0,0.0,0.0,0.0,0.0,0.0,0.0,58
89446ca9a47ffff,3,0.0,2.0,0.3333333333333333,0.0,9.666666666666666,0.0,0.0,0.0,0.3333333333333333,0.0,0.0,0.0,0.0,0.0,0.0,0.0,9
89446ca9a53ffff,9,4.0,2.0,0.3333333333333333,0.0,9.875,0.0,0.0,0.0,0.4444444444444444,0.0,0.0,0.0,0.0,0.0,0.0,0.0,51
89446ca9a57ffff,9,2.0,2.0,0.2222222222222222,0.0,9.555555555555555,0.0,0.6666666666666666,0.6666666666666666,0.1111111111111111,0.0,0.0,0.0,0.0,0.0,0.0,0.0,42
89446ca9a5bffff,2,2.0,2.0,0.0,0.5,8.0,0.0,0.0,0.0,0.0,0.0,0.0,0.0,0.0,0.0,0.0,0.0,53
89446ca9a67ffff,1,1.0,2.0,1.0,0.0,10.0,0.0,0.0,0.0,0.0,0.0,0.0,0.0,0.0,0.0,0.0,0.0,90
89446ca9a6fffff,1,0.0,2.0,0.0,0.0,10.0,0.0,0.0,0.0,0.0,0.0,0.0,0.0,0.0,0.0,0.0,0.0,89
89446ca9a83ffff,24,4.0,2.0,0.16666666666666666,0.041666666666666664,8.570833333333333,0.0,0.5833333333333334,0.5833333333333334,0.16666666666666666,0.0,0.5833333333333334,0.0,0.0,0.0,0.25,0.0,37
89446ca9a8bffff,9,3.0,2.0,0.1111111111111111,0.0,9.777777777777779,0.0,0.0,0.0,0.8888888888888888,0.0,0.0,0.0,0.0,0.0,0.0,0.0,82
89446ca9a8fffff,3,1.0,2.0,0.0,0.0,8.0,0.0,0.0,0.0,0.0,0.0,0.0,0.0,0.0,0.0,0.0,0.0,78
89446ca9a93ffff,16,4.0,2.0625,0.3125,0.125,8.453333333333333,0.0,0.625,0.625,0.25,0.0,0.0,0.0,0.0,0.0,0.0,0.0,60
89446ca9a97ffff,2,2.0,2.0,0.0,0.0,9.0,0.0,1.0,0.0,0.0,0.0,1.0,0.0,0.0,0.0,0.0,0.0,54
89446ca9a9bffff,7,1.0,2.0,0.0,0.0,8.428571428571429,0.0,0.2857142857142857,0.2857142857142857,0.0,0.0,0.5714285714285714,0.0,0.0,0.0,0.2857142857142857,0.0,72
89446ca9aa3ffff,11,7.0,2.0,0.5454545454545454,0.0,10.0,0.0,0.0,0.0,0.45454545454545453,0.0,0.0,0.0,0.0,0.0,0.0,0.0,254
89446ca9aa7ffff,190,43.0,2.1210526315789475,0.18947368421052632,0.06842105263157895,8.967934782608696,0.02631578947368421,0.7736842105263158,0.7,0.10526315789473684,0.0,0.0,0.0,0.0,0.0,0.0,0.1736842105263158,341
89446ca9aabffff,14,2.0,2.0,0.14285714285714285,0.0,9.23076923076923,0.0,0.9285714285714286,0.21428571428571427,0.6428571428571429,0.0,0.0,0.0,0.0,0.0,0.0,0.14285714285714285,74
89446ca9aafffff,25,8.0,2.0,0.24,0.08,8.72,0.0,0.68,0.64,0.08,0.28,0.04,0.0,0.0,0.0,0.0,0.0,281
89446ca9ab3ffff,3,2.0,2.0,0.6666666666666666,0.0,6.75,0.0,1.0,0.6666666666666666,0.3333333333333333,0.0,0.6666666666666666,0.0,0.0,0.0,0.0,0.0,44
89446ca9ab7ffff,17,2.0,2.0588235294117645,0.11764705882352941,0.0,8.575,0.0,0.9411764705882353,0.4117647058823529,0.4117647058823529,0.0,0.4117647058823529,0.0,0.0,0.0,0.0,0.0,372
89446ca9abbffff,5,2.0,2.0,0.0,0.2,10.0,0.0,0.6,0.0,0.6,0.0,0.4,0.0,0.0,0.0,0.0,0.0,45
89446ca9ac3ffff,11,7.0,2.0,0.5454545454545454,0.0,8.727272727272727,0.0,0.0,0.0,0.45454545454545453,0.0,0.0,0.0,0.0,0.0,0.0,0.0,58
89446ca9ac7ffff,11,3.0,2.0,0.36363636363636365,0.18181818181818182,9.181818181818182,0.0,0.0,0.45454545454545453,0.36363636363636365,0.0,0.0,0.0,0.0,0.0,0.0,0.0,87
89446ca9acbffff,9,8.0,2.0,0.6666666666666666,0.1111111111111111,7.111111111111111,0.0,0.0,0.0,0.5555555555555556,0.0,0.0,0.0,0.0,0.0,0.0,0.0,81
89446ca9acfffff,5,3.0,2.0,0.6,0.0,9.8,0.0,0.0,0.0,0.0,0.0,0.0,0.0,0.0,0.0,0.0,0.0,74
89446ca9ad3ffff,9,3.0,2.0,0.1111111111111111,0.1111111111111111,10.0,0.0,0.6666666666666666,0.6666666666666666,0.3333333333333333,0.0,0.6666666666666666,0.0,0.0,0.0,0.0,0.0,62
89446ca9ad7ffff,11,8.0,2.0,0.09090909090909091,0.0,8.045454545454545,0.0,0.0,0.0,0.6363636363636364,0.0,0.0,0.0,0.0,0.0,0.0,0.0,51
89446ca9adbffff,13,4.0,2.076923076923077,0.3076923076923077,0.07692307692307693,9.23076923076923,0.0,0.0,0.0,0.0,0.0,0.0,0.0,0.0,0.0,0.0,0.0,63
89446ca9b03ffff,14,5.0,2.0714285714285716,0.07142857142857142,0.0,8.692307692307692,0.0,0.14285714285714285,0.5714285714285714,0.14285714285714285,0.0,0.5714285714285714,0.0,0.0,0.0,0.0,0.0,145
89446ca9b07ffff,3,1.0,2.0,0.6666666666666666,0.3333333333333333,7.5,0.0,0.0,0.3333333333333333,0.6666666666666666,0.0,0.0,0.0,0.0,0.0,0.0,0.0,244
89446ca9b0fffff,9,1.0,2.0,0.1111111111111111,0.0,8.11111111111111,0.0,0.3333333333333333,0.0,1.0,0.0,0.0,0.0,0.0,0.0,0.0,0.0,62
89446ca9b13ffff,20,8.0,2.45,0.3,0.1,8.823529411764707,0.0,0.15,0.15,0.15,0.05,0.15,0.0,0.0,0.0,0.0,0.0,268
89446ca9b17ffff,3,2.0,2.3333333333333335,0.3333333333333333,0.3333333333333333,7.0,0.6666666666666666,0.0,0.0,0.0,0.0,0.0,0.0,0.0,0.0,0.0,0.0,393
89446ca9b1bffff,110,37.0,2.536363636363636,0.22727272727272727,0.08181818181818182,9.023364485981308,0.01818181818181818,0.15454545454545454,0.2727272727272727,0.01818181818181818,0.0,0.0,0.0,0.0,0.0,0.0,0.0,191
89446ca9b23ffff,7,3.0,2.0,0.42857142857142855,0.42857142857142855,9.428571428571429,0.0,0.0,0.0,1.0,0.0,0.42857142857142855,0.0,0.0,0.0,0.0,0.0,91
89446ca9b27ffff,28,14.0,2.2857142857142856,0.25,0.03571428571428571,9.508928571428571,0.21428571428571427,0.07142857142857142,0.0,0.25,0.0,0.0,0.0,0.0,0.0,0.0,0.0,157
89446ca9b2bffff,10,0.0,2.0,0.1,0.1,9.1,0.0,0.3,0.0,0.5,0.0,0.0,0.0,0.0,0.0,0.0,0.0,88
89446ca9b2fffff,14,4.0,2.0,0.21428571428571427,0.14285714285714285,8.017857142857142,0.0,0.35714285714285715,0.35714285714285715,0.42857142857142855,0.0,0.35714285714285715,0.0,0.0,0.0,0.35714285714285715,0.07142857142857142,100
89446ca9b33ffff,6,2.0,2.0,0.16666666666666666,0.3333333333333333,7.333333333333333,0.0,0.0,0.0,1.0,0.0,0.0,0.0,0.0,0.0,0.0,0.0,410
89446ca9b37ffff,15,9.0,2.6666666666666665,0.6,0.0,8.5,0.26666666666666666,0.0,0.0,0.13333333333333333,0.0,0.0,0.0,0.0,0.0,0.0,0.0,570
89446ca9b3bffff,18,5.0,2.0,0.05555555555555555,0.05555555555555555,8.166666666666666,0.0,0.5555555555555556,0.5555555555555556,0.4444444444444444,0.0,0.5555555555555556,0.0,0.0,0.0,0.0,0.0,54
89446ca9b43ffff,43,12.0,2.511627906976744,0.20930232558139536,0.13953488372093023,9.209302325581396,0.4883720930232558,0.0,0.0,0.0,0.0,0.0,0.0,0.0,0.0,0.0,0.0,231
89446ca9b47ffff,10,7.0,2.4,0.5,0.2,8.4,0.0,0.1,0.0,0.1,0.0,0.1,0.0,0.0,0.0,0.0,0.0,172
89446ca9b4bffff,4,1.0,2.0,0.25,0.5,6.45,0.0,0.0,0.0,0.0,0.0,0.0,0.0,0.0,0.0,0.0,0.0,342
89446ca9b4fffff,3,1.0,2.0,0.3333333333333333,0.0,6.733333333333333,0.0,0.0,0.0,0.0,0.0,0.0,0.0,0.0,0.0,0.0,0.0,82
89446ca9b53ffff,11,4.0,2.5454545454545454,0.2727272727272727,0.0,9.454545454545455,0.09090909090909091,0.0,0.0,0.0,0.0,0.0,0.0,0.0,0.0,0.0,0.0,308
89446ca9b57ffff,96,26.0,2.3125,0.23958333333333334,0.09375,8.869565217391305,0.22916666666666666,0.22916666666666666,0.0,0.3958333333333333,0.010416666666666666,0.0,0.0,0.0,0.0,0.0,0.0,191
89446ca9b5bffff,107,51.0,2.691588785046729,0.29906542056074764,0.056074766355140186,9.272897196261683,0.08411214953271028,0.0,0.0,0.037383177570093455,0.0,0.0,0.0,0.0,0.0,0.0,0.0,256
89446ca9b63ffff,7,5.0,2.0,0.7142857142857143,0.0,10.0,0.0,0.14285714285714285,0.0,0.8571428571428571,0.0,0.0,0.0,0.0,0.0,0.0,0.0,77
89446ca9b67ffff,4,0.0,2.0,0.0,0.0,3.3,0.0,0.25,0.0,0.75,0.0,0.0,0.0,0.0,0.0,0.0,0.0,93
89446ca9b6bffff,5,0.0,2.0,0.6,0.0,9.0,0.0,0.0,0.0,0.0,0.0,0.0,0.0,0.0,0.0,0.0,0.0,77
89446ca9b6fffff,19,2.0,2.0,0.3157894736842105,0.05263157894736842,8.631578947368421,0.0,0.0,0.0,0.47368421052631576,0.0,0.0,0.0,0.0,0.0,0.0,0.0,53
89446ca9b73ffff,8,3.0,2.0,0.25,0.0,9.375,0.0,0.0,0.0,0.25,0.0,0.0,0.0,0.0,0.0,0.0,0.0,67
89446ca9b77ffff,19,9.0,2.0,0.0,0.10526315789473684,8.107894736842105,0.0,0.0,0.42105263157894735,0.47368421052631576,0.0,0.0,0.0,0.0,0.0,0.0,0.0,56
89446ca9b7bffff,22,4.0,2.0,0.22727272727272727,0.045454545454545456,8.25,0.0,0.13636363636363635,0.13636363636363635,0.0,0.045454545454545456,0.0,0.0,0.0,0.0,0.0,0.0,34
89446ca9b83ffff,159,39.0,2.0,0.1949685534591195,0.05660377358490566,8.738709677419354,0.0,0.4339622641509434,0.9559748427672956,0.0,0.0,0.0,0.0,0.0,0.0,0.37735849056603776,0.10062893081761007,557
89446ca9b87ffff,117,23.0,2.5641025641025643,0.3076923076923077,0.07692307692307693,9.02543859649123,0.29914529914529914,0.47863247863247865,0.4700854700854701,0.0,0.0,0.0,0.0,0.0,0.0,0.0,0.0,541
89446ca9b8bffff,60,11.0,2.0,0.15,0.03333333333333333,8.461864406779661,0.0,0.6833333333333333,0.9666666666666667,0.0,0.0,0.3,0.0,0.0,0.0,0.0,0.23333333333333334,435
89446ca9b8fffff,37,7.0,2.4324324324324325,0.35135135135135137,0.02702702702702703,7.73,0.02702702702702703,0.0,0.08108108108108109,0.0,0.02702702702702703,0.0,0.0,0.0,0.0,0.0,0.0,484
89446ca9b93ffff,104,30.0,2.019230769230769,0.2403846153846154,0.07692307692307693,8.62156862745098,0.0,0.6057692307692307,0.9903846153846154,0.0,0.0,0.6057692307692307,0.0,0.0,0.0,0.5576923076923077,0.4326923076923077,660
89446ca9b97ffff,136,25.0,2.0,0.13970588235294118,0.03676470588235294,8.93643410852713,0.0,0.7647058823529411,0.9852941176470589,0.0,0.0,0.375,0.0,0.0,0.0,0.25735294117647056,0.09558823529411764,612
89446ca9b9bffff,103,27.0,2.0194174757281553,0.1553398058252427,0.04854368932038835,8.918627450980393,0.0,0.5339805825242718,0.9805825242718447,0.0,0.0,0.1262135922330097,0.0,0.0,0.0,0.1262135922330097,0.08737864077669903,528
89446ca9ba3ffff,5,3.0,2.2,0.2,0.0,9.0,0.0,0.0,0.0,0.2,0.0,0.0,0.0,0.0,0.0,0.0,0.0,555
89446ca9ba7ffff,28,8.0,2.0357142857142856,0.17857142857142858,0.03571428571428571,8.315,0.0,0.4642857142857143,0.2857142857142857,0.39285714285714285,0.0,0.07142857142857142,0.0,0.0,0.0,0.0,0.2857142857142857,484
89446ca9babffff,194,129.0,2.9072164948453607,0.25257731958762886,0.04639175257731959,9.329896907216495,0.8041237113402062,0.0,0.0,0.0,0.0,0.0,0.0,0.0,0.0,0.0,0.0,315
89446ca9bafffff,173,46.0,2.6300578034682083,0.26011560693641617,0.08670520231213873,8.661904761904761,0.04046242774566474,0.0,0.0,0.0,0.0,0.0,0.0,0.0,0.0,0.0,0.0,522
89446ca9bb3ffff,22,6.0,2.0454545454545454,0.09090909090909091,0.0,9.7,0.0,0.4090909090909091,0.0,0.3181818181818182,0.0,0.045454545454545456,0.0,0.0,0.0,0.045454545454545456,0.0,378
89446ca9bb7ffff,13,3.0,1.9230769230769231,0.23076923076923078,0.15384615384615385,7.766666666666667,0.0,0.46153846153846156,0.0,0.8461538461538461,0.0,0.0,0.0,0.0,0.0,0.0,0.46153846153846156,124
89446ca9bbbffff,125,23.0,2.872,0.352,0.056,8.751666666666667,0.048,0.0,0.0,0.0,0.0,0.0,0.0,0.0,0.0,0.0,0.0,378
89446ca9bc3ffff,3,0.0,2.0,0.3333333333333333,0.0,9.666666666666666,0.0,0.0,0.6666666666666666,0.0,0.0,0.0,0.0,0.0,0.0,0.0,0.0,346
89446ca9bc7ffff,44,13.0,2.0,0.20454545454545456,0.06818181818181818,9.21951219512195,0.0,0.9318181818181818,0.45454545454545453,0.36363636363636365,0.0,0.11363636363636363,0.0,0.0,0.0,0.0,0.0,282
89446ca9bcbffff,15,10.0,2.533333333333333,0.4,0.0,9.266666666666667,0.0,0.0,0.0,0.0,0.0,0.0,0.0,0.0,0.0,0.0,0.0,119
89446ca9bcfffff,17,3.0,2.0,0.23529411764705882,0.058823529411764705,9.411764705882353,0.0,0.17647058823529413,0.0,0.8823529411764706,0.058823529411764705,0.0,0.0,0.0,0.0,0.0,0.058823529411764705,279
89446ca9bd3ffff,140,32.0,2.0,0.11428571428571428,0.02142857142857143,8.512318840579711,0.0,0.8571428571428571,0.7571428571428571,0.2,0.0,0.0,0.0,0.0,0.0,0.0,0.0,502
89446ca9bd7ffff,72,15.0,2.0277777777777777,0.1527777777777778,0.05555555555555555,8.591304347826087,0.0,0.8194444444444444,0.8888888888888888,0.0,0.0,0.0,0.0,0.0,0.08333333333333333,0.0,0.0,439
89446ca9bdbffff,58,13.0,2.0689655172413794,0.20689655172413793,0.034482758620689655,8.87719298245614,0.017241379310344827,0.39655172413793105,0.0,0.5172413793103449,0.0,0.0,0.0,0.0,0.0,0.0,0.0,373
89446ca9c03ffff,13,4.0,2.0,0.23076923076923078,0.07692307692307693,9.076923076923077,0.0,0.0,0.38461538461538464,0.0,0.0,0.0,0.0,0.0,0.0,0.0,0.0,92
89446ca9c07ffff,29,5.0,2.0,0.2413793103448276,0.034482758620689655,9.179310344827586,0.0,0.0,0.4827586206896552,0.10344827586206896,0.0,0.0,0.0,0.0,0.0,0.0,0.10344827586206896,171
89446ca9c0bffff,10,1.0,2.0,0.2,0.0,8.42,0.0,0.0,0.4,0.0,0.0,0.0,0.0,0.0,0.0,0.0,0.0,56
89446ca9c0fffff,19,3.0,2.0,0.2631578947368421,0.0,9.25263157894737,0.0,0.0,0.0,0.21052631578947367,0.0,0.0,0.0,0.0,0.0,0.0,0.0,104
89446ca9c13ffff,17,6.0,2.0,0.35294117647058826,0.0,9.411764705882353,0.0,0.0,0.7058823529411765,0.0,0.0,0.0,0.0,0.0,0.0,0.0,0.0,51
89446ca9c17ffff,17,5.0,2.0,0.4117647058823529,0.0,9.1875,0.0,0.0,0.0,0.0,0.0,0.0,0.0,0.0,0.0,0.0,0.0,113
89446ca9c23ffff,318,100.0,2.4716981132075473,0.2672955974842767,0.0880503144654088,9.069055374592834,0.0660377358490566,0.006289308176100629,0.0,0.006289308176100629,0.0,0.0,0.0,0.0,0.0,0.0,0.0,252
89446ca9c27ffff,60,8.0,2.45,0.23333333333333334,0.016666666666666666,9.233050847457626,0.7333333333333333,0.13333333333333333,0.13333333333333333,0.08333333333333333,0.0,0.0,0.0,0.0,0.0,0.0,0.0,475
89446ca9c2bffff,7,2.0,2.0,0.42857142857142855,0.0,9.428571428571429,0.0,0.0,0.0,0.0,0.0,0.0,0.0,0.0,0.0,0.0,0.0,639
89446ca9c2fffff,60,15.0,2.533333333333333,0.3,0.03333333333333333,9.216666666666667,0.16666666666666666,0.0,0.0,0.016666666666666666,0.0,0.0,0.0,0.0,0.0,0.0,0.0,646
89446ca9c33ffff,65,9.0,2.246153846153846,0.2153846153846154,0.07692307692307693,8.93671875,0.47692307692307695,0.15384615384615385,0.0,0.15384615384615385,0.0,0.0,0.0,0.0,0.0,0.03076923076923077,0.0,456
89446ca9c37ffff,22,4.0,2.090909090909091,0.18181818181818182,0.0,8.909090909090908,0.0,0.45454545454545453,0.7727272727272727,0.18181818181818182,0.0,0.0,0.0,0.0,0.0,0.0,0.045454545454545456,496
89446ca9c3bffff,38,7.0,2.1052631578947367,0.21052631578947367,0.0,9.505263157894737,0.0,0.8421052631578947,0.5263157894736842,0.3684210526315789,0.0,0.0,0.0,0.0,0.0,0.0,0.15789473684210525,442
89446ca9c43ffff,10,3.0,2.0,0.4,0.0,9.0,0.0,0.0,0.0,0.0,0.0,0.0,0.0,0.0,0.0,0.0,0.0,45
89446ca9c47ffff,12,5.0,2.0,0.16666666666666666,0.0,8.183333333333334,0.0,0.0,0.0,0.0,0.0,0.0,0.0,0.0,0.0,0.0,0.0,54
89446ca9c4bffff,8,5.0,2.0,0.25,0.0,9.375,0.0,0.0,0.0,0.0,0.0,0.0,0.0,0.0,0.0,0.0,0.0,135
89446ca9c4fffff,11,6.0,2.0,0.5454545454545454,0.09090909090909091,9.272727272727273,0.0,0.0,0.0,0.0,0.0,0.0,0.0,0.0,0.0,0.0,0.0,69
89446ca9c53ffff,7,0.0,2.0,0.14285714285714285,0.0,10.0,0.0,0.42857142857142855,0.14285714285714285,0.0,0.0,0.0,0.0,0.0,0.0,0.0,0.0,64
89446ca9c57ffff,2,1.0,2.0,1.0,0.0,10.0,0.0,0.0,0.0,0.0,0.0,0.0,0.0,0.0,0.0,0.0,0.0,43
89446ca9c5bffff,5,1.0,2.0,0.2,0.0,7.040000000000001,0.0,0.0,0.0,0.0,0.0,0.0,0.0,0.0,0.0,0.0,0.0,113
89446ca9c63ffff,16,5.0,2.0,0.125,0.0625,9.625,0.0,0.0,0.125,0.0,0.0,0.0,0.0,0.0,0.0,0.0,0.0,49
89446ca9c67ffff,16,6.0,2.0,0.0625,0.0,9.5625,0.0,0.0,0.4375,0.0,0.0,0.0,0.0,0.0,0.0,0.0,0.125,261
89446ca9c6bffff,5,0.0,2.0,0.6,0.0,7.8,0.0,0.0,0.0,0.2,0.0,0.0,0.0,0.0,0.0,0.0,0.0,49
89446ca9c6fffff,3,1.0,2.0,0.3333333333333333,0.0,8.666666666666666,0.0,0.0,0.0,0.0,0.0,0.0,0.0,0.0,0.0,0.0,0.0,90
89446ca9c73ffff,10,4.0,2.0,0.1,0.0,9.02,0.0,0.0,0.3,0.0,0.0,0.0,0.0,0.0,0.0,0.0,0.0,72
89446ca9c77ffff,4,2.0,2.0,0.75,0.0,9.5,0.0,0.0,0.25,0.0,0.0,0.0,0.0,0.0,0.0,0.0,0.0,106
89446ca9c7bffff,11,5.0,2.0,0.36363636363636365,0.09090909090909091,8.909090909090908,0.0,0.45454545454545453,0.18181818181818182,0.09090909090909091,0.0,0.0,0.0,0.0,0.0,0.0,0.18181818181818182,59
89446ca9c83ffff,11,6.0,2.0,0.09090909090909091,0.0,9.363636363636363,0.0,0.0,0.0,0.18181818181818182,0.0,0.0,0.0,0.0,0.0,0.0,0.0,55
89446ca9c87ffff,16,7.0,2.0,0.25,0.0,8.4,0.0,0.3125,0.3125,0.0,0.0,0.0,0.0,0.0,0.0,0.0,0.0,257
89446ca9c8bffff,4,1.0,2.0,0.25,0.0,10.0,0.0,0.0,0.0,0.0,0.0,0.0,0.0,0.0,0.0,0.0,0.0,52
89446ca9c8fffff,16,7.0,2.0,0.25,0.125,8.8125,0.0,0.0,0.0,0.3125,0.0,0.0,0.0,0.0,0.0,0.0,0.25,84
89446ca9c93ffff,11,3.0,2.0,0.18181818181818182,0.0,8.666666666666666,0.0,0.7272727272727273,0.7272727272727273,0.0,0.0,0.0,0.0,0.0,0.0,0.0,0.0,37
89446ca9c97ffff,4,0.0,2.0,0.0,0.0,9.0,0.0,0.0,0.0,0.0,0.0,0.0,0.0,0.0,0.0,0.0,0.0,181
89446ca9c9bffff,4,2.0,2.0,0.25,0.0,9.25,0.0,0.0,0.0,0.0,0.0,0.0,0.0,0.0,0.0,0.0,0.0,37
89446ca9ca3ffff,54,24.0,2.2037037037037037,0.3148148148148148,0.1111111111111111,9.245283018867925,0.37037037037037035,0.0,0.0,0.25925925925925924,0.0,0.0,0.0,0.0,0.0,0.0,0.0,266
89446ca9ca7ffff,11,9.0,2.0,0.5454545454545454,0.0,10.0,0.0,0.0,0.0,0.6363636363636364,0.0,0.0,0.0,0.0,0.0,0.0,0.0,170
89446ca9cabffff,19,7.0,2.1052631578947367,0.3157894736842105,0.15789473684210525,8.75,0.0,0.0,0.3157894736842105,0.0,0.0,0.0,0.0,0.0,0.0,0.0,0.0,214
89446ca9cafffff,30,10.0,2.033333333333333,0.3,0.06666666666666667,7.63,0.0,0.3333333333333333,0.3333333333333333,0.3333333333333333,0.0,0.0,0.0,0.0,0.0,0.0,0.0,179
89446ca9cb3ffff,153,38.0,2.0326797385620914,0.23529411764705882,0.0457516339869281,8.917333333333334,0.13725490196078433,0.22875816993464052,0.20915032679738563,0.006535947712418301,0.058823529411764705,0.0,0.0,0.0,0.0,0.0,0.0,212
89446ca9cb7ffff,34,10.0,2.0,0.3235294117647059,0.11764705882352941,8.316176470588236,0.0,0.6764705882352942,0.5882352941176471,0.29411764705882354,0.0,0.0,0.0,0.0,0.0,0.0,0.0,272
89446ca9cbbffff,19,4.0,2.0,0.21052631578947367,0.05263157894736842,9.083333333333334,0.0,0.0,0.0,0.0,0.0,0.0,0.0,0.0,0.0,0.0,0.0,275
89446ca9cc3ffff,3,0.0,2.0,0.0,0.0,10.0,0.0,0.0,0.0,0.0,0.0,0.0,0.0,0.0,0.0,0.0,0.0,37
89446ca9cc7ffff,1,1.0,2.0,0.0,0.0,10.0,0.0,0.0,0.0,0.0,0.0,0.0,0.0,0.0,0.0,0.0,0.0,31
89446ca9ccbffff,12,1.0,2.0,0.16666666666666666,0.0,9.818181818181818,0.0,0.0,0.3333333333333333,0.0,0.0,0.0,0.0,0.0,0.0,0.0,0.0,69
89446ca9ccfffff,4,0.0,2.0,0.0,0.0,9.25,0.0,0.0,0.0,0.0,0.0,0.0,0.0,0.0,0.0,0.0,0.0,25
89446ca9cd3ffff,15,2.0,2.0,0.2,0.06666666666666667,9.4,0.0,0.0,0.0,0.0,0.0,0.0,0.0,0.0,0.0,0.0,0.0,16
89446ca9cd7ffff,3,1.0,2.0,0.3333333333333333,0.0,10.0,0.0,0.0,0.0,0.0,0.0,0.0,0.0,0.0,0.0,0.0,0.0,29
89446ca9cdbffff,2,0.0,2.0,1.0,0.0,8.5,0.0,0.0,0.0,0.0,0.0,0.0,0.0,0.0,0.0,0.0,0.0,70
89446ca9d03ffff,13,4.0,2.0,0.3076923076923077,0.0,9.6,0.0,0.15384615384615385,0.0,0.0,0.0,0.0,0.0,0.0,0.0,0.0,0.0,136
89446ca9d07ffff,36,13.0,2.0,0.2222222222222222,0.05555555555555555,8.625,0.0,0.6666666666666666,0.5,0.1388888888888889,0.0,0.0,0.0,0.0,0.0,0.0,0.0,268
89446ca9d0bffff,3,1.0,2.0,0.3333333333333333,0.3333333333333333,6.066666666666666,0.0,0.0,0.0,0.0,0.0,0.0,0.0,0.0,0.0,0.0,0.0,247
89446ca9d0fffff,21,9.0,2.0,0.3333333333333333,0.047619047619047616,8.5,0.0,0.0,0.42857142857142855,0.42857142857142855,0.0,0.0,0.0,0.0,0.0,0.3333333333333333,0.42857142857142855,222
89446ca9d13ffff,5,1.0,2.0,0.0,0.0,8.2,0.0,0.4,0.0,0.0,0.0,0.0,0.0,0.0,0.0,0.0,0.0,539
89446ca9d17ffff,57,13.0,2.0,0.21052631578947367,0.07017543859649122,8.676363636363636,0.0,0.6140350877192983,0.6140350877192983,0.0,0.0,0.0,0.0,0.0,0.0,0.0,0.0,155
89446ca9d1bffff,14,4.0,2.0,0.21428571428571427,0.0,8.371428571428572,0.0,0.21428571428571427,0.0,0.0,0.0,0.0,0.0,0.0,0.0,0.0,0.0,155
89446ca9d23ffff,29,8.0,2.0,0.3103448275862069,0.06896551724137931,9.068965517241379,0.0,0.3793103448275862,0.3793103448275862,0.5517241379310345,0.0,0.0,0.0,0.0,0.0,0.0,0.0,251
89446ca9d27ffff,15,8.0,2.0,0.26666666666666666,0.06666666666666667,9.285714285714286,0.0,0.0,0.4666666666666667,0.13333333333333333,0.0,0.0,0.0,0.0,0.0,0.0,0.0,105
89446ca9d2bffff,21,12.0,2.0,0.5238095238095238,0.0,9.8,0.0,0.0,0.0,0.9523809523809523,0.0,0.0,0.0,0.0,0.0,0.0,0.09523809523809523,195
89446ca9d2fffff,25,13.0,2.0,0.24,0.08,9.18,0.0,0.0,0.0,0.0,0.0,0.0,0.0,0.0,0.0,0.0,0.0,142
89446ca9d33ffff,69,21.0,2.0,0.21739130434782608,0.043478260869565216,8.996212121212121,0.0,0.5217391304347826,0.34782608695652173,0.6086956521739131,0.0,0.0,0.0,0.0,0.0,0.0,0.13043478260869565,209
89446ca9d37ffff,22,5.0,2.0,0.18181818181818182,0.09090909090909091,8.19047619047619,0.0,0.0,0.045454545454545456,0.9545454545454546,0.0,0.0,0.0,0.0,0.0,0.0,0.0,141
89446ca9d3bffff,99,47.0,2.0202020202020203,0.36363636363636365,0.13131313131313133,9.208333333333334,0.0,0.7777777777777778,0.5050505050505051,0.40404040404040403,0.0,0.0,0.0,0.0,0.0,0.0,0.030303030303030304,187
89446ca9d43ffff,41,9.0,2.0,0.14634146341463414,0.024390243902439025,9.458536585365854,0.0,0.0,0.7317073170731707,0.2682926829268293,0.0,0.0,0.0,0.0,0.0,0.0,0.0,326
89446ca9d47ffff,95,27.0,2.0,0.21052631578947367,0.06315789473684211,8.765217391304347,0.0,0.2736842105263158,0.7157894736842105,0.07368421052631578,0.0,0.0,0.0,0.0,0.0,0.0,0.4,299
89446ca9d4bffff,53,12.0,2.0,0.20754716981132076,0.018867924528301886,8.276923076923076,0.0,0.0,0.660377358490566,0.18867924528301888,0.0,0.0,0.0,0.0,0.0,0.0,0.018867924528301886,265
89446ca9d4fffff,74,26.0,2.0135135135135136,0.2972972972972973,0.04054054054054054,9.192857142857143,0.0,0.2702702702702703,0.4594594594594595,0.24324324324324326,0.0,0.21621621621621623,0.0,0.0,0.0,0.0,0.16216216216216217,400
89446ca9d53ffff,42,9.0,2.0,0.14285714285714285,0.023809523809523808,8.761904761904763,0.0,0.0,0.7857142857142857,0.19047619047619047,0.0,0.0,0.0,0.0,0.0,0.0,0.0,204
89446ca9d57ffff,44,15.0,2.0,0.11363636363636363,0.0,9.011363636363637,0.0,0.11363636363636363,0.5681818181818182,0.38636363636363635,0.0,0.1590909090909091,0.0,0.0,0.0,0.045454545454545456,0.22727272727272727,221
89446ca9d5bffff,18,1.0,2.0,0.16666666666666666,0.0,9.066666666666666,0.0,0.2222222222222222,0.5555555555555556,0.05555555555555555,0.0,0.0,0.0,0.0,0.0,0.0,0.0,296
89446ca9d63ffff,8,4.0,2.0,0.125,0.0,9.125,0.0,0.0,0.0,1.0,0.0,0.0,0.0,0.0,0.0,0.0,0.375,192
89446ca9d67ffff,15,9.0,2.0,0.5333333333333333,0.0,9.8,0.0,0.06666666666666667,0.0,0.3333333333333333,0.0,0.0,0.0,0.0,0.0,0.0,0.06666666666666667,86
89446ca9d6bffff,23,5.0,2.0,0.17391304347826086,0.08695652173913043,8.613636363636363,0.0,0.0,0.34782608695652173,0.6521739130434783,0.0,0.0,0.0,0.0,0.0,0.0,0.043478260869565216,321
89446ca9d6fffff,6,5.0,2.0,0.16666666666666666,0.0,9.5,0.0,0.0,0.0,0.5,0.0,0.0,0.0,0.0,0.0,0.0,0.0,144
89446ca9d73ffff,60,10.0,2.0,0.25,0.03333333333333333,8.746666666666666,0.0,0.0,0.65,0.18333333333333332,0.31666666666666665,0.0,0.0,0.0,0.0,0.0,0.0,215
89446ca9d77ffff,11,8.0,2.0,0.36363636363636365,0.0,9.8,0.0,0.0,0.0,0.9090909090909091,0.0,0.0,0.0,0.0,0.0,0.0,0.0,224
89446ca9d7bffff,77,32.0,2.012987012987013,0.19480519480519481,0.012987012987012988,9.094736842105263,0.0,0.0,0.15584415584415584,0.7012987012987013,0.0,0.0,0.0,0.0,0.0,0.0,0.0,329
89446ca9d83ffff,112,31.0,2.5714285714285716,0.33035714285714285,0.09821428571428571,8.943636363636363,0.32142857142857145,0.0625,0.05357142857142857,0.0,0.0,0.0,0.0,0.0,0.0,0.08035714285714286,0.08035714285714286,431
89446ca9d87ffff,9,0.0,2.0,0.1111111111111111,0.0,9.375,0.0,0.0,0.0,0.6666666666666666,0.0,0.0,0.0,0.0,0.0,0.0,0.4444444444444444,232
89446ca9d8bffff,311,83.0,2.694533762057878,0.2829581993569132,0.03858520900321544,9.255280528052804,0.01607717041800643,0.012861736334405145,0.0,0.03858520900321544,0.0,0.0,0.0,0.0,0.0,0.0,0.0,379
89446ca9d8fffff,80,14.0,2.0,0.3125,0.0625,8.766447368421053,0.0,0.775,0.525,0.075,0.0,0.0,0.0,0.0,0.0,0.35,0.125,506
89446ca9d93ffff,7,4.0,2.0,0.2857142857142857,0.2857142857142857,6.708333333333333,0.0,0.5714285714285714,0.0,0.14285714285714285,0.0,0.0,0.0,0.0,0.0,0.14285714285714285,0.0,190
89446ca9d97ffff,17,4.0,2.5294117647058822,0.23529411764705882,0.0,9.705882352941176,0.0,0.0,0.0,0.058823529411764705,0.0,0.0,0.0,0.0,0.0,0.0,0.0,163
89446ca9d9bffff,7,3.0,2.0,0.14285714285714285,0.0,9.714285714285714,0.0,0.0,0.0,0.0,0.0,0.0,0.0,0.0,0.0,0.0,0.0,629
89446ca9da3ffff,11,4.0,2.0,0.18181818181818182,0.0,9.181818181818182,0.0,1.0,0.0,0.0,0.0,0.0,0.0,0.0,0.0,0.6363636363636364,0.0,84
89446ca9da7ffff,20,8.0,2.0,0.5,0.05,9.789473684210526,0.0,0.6,0.4,0.5,0.0,0.0,0.0,0.0,0.0,0.0,0.0,112
89446ca9dabffff,9,4.0,2.0,0.1111111111111111,0.1111111111111111,10.0,0.0,0.3333333333333333,0.0,0.1111111111111111,0.0,0.0,0.0,0.0,0.0,0.0,0.0,199
89446ca9dafffff,14,3.0,2.0,0.14285714285714285,0.14285714285714285,8.571428571428571,0.0,0.35714285714285715,0.0,0.9285714285714286,0.0,0.0,0.0,0.0,0.0,0.0,0.35714285714285715,135
89446ca9db3ffff,1,1.0,2.0,1.0,0.0,10.0,0.0,1.0,0.0,0.0,0.0,0.0,0.0,0.0,0.0,0.0,0.0,87
89446ca9db7ffff,28,5.0,2.0,0.10714285714285714,0.10714285714285714,8.775,0.0,0.9285714285714286,0.8928571428571429,0.0,0.0,0.0,0.0,0.0,0.0,0.0,0.0,82
89446ca9dbbffff,12,3.0,2.0,0.16666666666666666,0.0,9.583333333333334,0.0,0.16666666666666666,0.0,0.08333333333333333,0.0,0.0,0.0,0.0,0.0,0.0,0.0,167
89446ca9dc3ffff,222,51.0,2.3333333333333335,0.2702702702702703,0.04954954954954955,8.652272727272727,0.0,0.2747747747747748,0.4144144144144144,0.13963963963963963,0.0,0.07207207207207207,0.0,0.0,0.0,0.02252252252252252,0.0,260
89446ca9dc7ffff,64,17.0,2.0625,0.234375,0.046875,9.161290322580646,0.0,0.75,0.625,0.125,0.0,0.296875,0.0,0.0,0.0,0.0,0.125,689
89446ca9dcbffff,15,5.0,2.066666666666667,0.2,0.06666666666666667,9.4,0.0,0.3333333333333333,0.0,0.4666666666666667,0.0,0.0,0.0,0.0,0.0,0.0,0.0,380
89446ca9dcfffff,26,7.0,2.0384615384615383,0.15384615384615385,0.0,8.18,0.0,0.34615384615384615,0.34615384615384615,0.0,0.0,0.0,0.0,0.0,0.0,0.0,0.0,401
89446ca9dd3ffff,36,10.0,2.0,0.2222222222222222,0.05555555555555555,9.216666666666667,0.0,0.4722222222222222,0.4166666666666667,0.25,0.0,0.4166666666666667,0.0,0.0,0.0,0.0,0.0,400
89446ca9dd7ffff,111,36.0,2.1981981981981984,0.22522522522522523,0.036036036036036036,8.972222222222221,0.0,0.36936936936936937,0.45045045045045046,0.2072072072072072,0.0,0.36036036036036034,0.0,0.0,0.0,0.0,0.0,680
89446ca9ddbffff,8,4.0,2.0,0.25,0.0,8.875,0.0,0.0,0.125,0.0,0.0,0.0,0.0,0.0,0.0,0.0,0.0,336
89446ca9e03ffff,51,15.0,2.5686274509803924,0.23529411764705882,0.0392156862745098,8.739215686274509,0.0,0.17647058823529413,0.1568627450980392,0.0,0.0,0.0,0.0,0.0,0.0,0.0,0.0,116
89446ca9e07ffff,48,19.0,2.7083333333333335,0.375,0.10416666666666667,8.617708333333333,0.4375,0.0,0.0,0.0,0.0,0.0,0.0,0.0,0.0,0.0,0.0,368
89446ca9e0bffff,3,0.0,2.0,0.3333333333333333,0.0,10.0,0.0,0.0,0.0,0.0,0.0,0.0,0.0,0.0,0.0,0.0,0.0,107
89446ca9e0fffff,20,3.0,2.0,0.25,0.05,9.059999999999999,0.0,0.0,0.65,0.0,0.0,0.0,0.0,0.0,0.0,0.0,0.0,136
89446ca9e13ffff,25,11.0,2.12,0.16,0.12,9.166666666666666,0.08,0.32,0.24,0.0,0.0,0.0,0.0,0.0,0.24,0.0,0.0,134
89446ca9e17ffff,8,4.0,2.5,0.5,0.0,7.5625,0.0,0.0,0.0,0.0,0.0,0.0,0.0,0.0,0.0,0.0,0.0,216
89446ca9e1bffff,12,7.0,2.75,0.16666666666666666,0.08333333333333333,9.5,0.16666666666666666,0.0,0.0,0.0,0.0,0.0,0.0,0.0,0.0,0.0,0.0,211
89446ca9e23ffff,17,1.0,2.0,0.058823529411764705,0.058823529411764705,8.8,0.0,0.5882352941176471,0.5882352941176471,0.058823529411764705,0.0,0.6470588235294118,0.0,0.0,0.0,0.6470588235294118,0.0,308
89446ca9e27ffff,3,2.0,2.0,0.3333333333333333,0.0,9.666666666666666,0.0,0.3333333333333333,0.0,0.3333333333333333,0.0,0.0,0.0,0.0,0.0,0.0,0.3333333333333333,112
89446ca9e2bffff,17,6.0,2.0,0.17647058823529413,0.17647058823529413,8.882352941176471,0.0,0.5882352941176471,0.5882352941176471,0.35294117647058826,0.0,0.5294117647058824,0.0,0.0,0.0,0.0,0.0,74
89446ca9e2fffff,2,0.0,2.0,0.0,0.0,9.0,0.0,0.0,0.0,1.0,0.0,0.0,0.0,0.0,0.0,0.0,0.0,62
89446ca9e33ffff,216,46.0,2.740740740740741,0.25,0.041666666666666664,8.992105263157894,0.0,0.08333333333333333,0.26851851851851855,0.0,0.09259259259259259,0.08333333333333333,0.0,0.0,0.0,0.0,0.0,232
89446ca9e37ffff,55,50.0,2.8363636363636364,0.2545454545454545,0.07272727272727272,9.254545454545454,0.0,0.01818181818181818,0.0,0.01818181818181818,0.0,0.0,0.0,0.0,0.0,0.0,0.0,308
89446ca9e3bffff,15,3.0,2.0,0.06666666666666667,0.0,8.866666666666667,0.0,0.0,0.0,0.0,0.0,0.0,0.0,0.0,0.0,0.0,0.0,334
89446ca9e43ffff,8,2.0,2.0,0.0,0.0,9.142857142857142,0.0,0.125,0.0,0.125,0.0,0.0,0.0,0.0,0.0,0.0,0.0,77
89446ca9e47ffff,14,3.0,2.0,0.14285714285714285,0.14285714285714285,7.1,0.0,0.6428571428571429,0.6428571428571429,0.2857142857142857,0.0,0.0,0.0,0.0,0.0,0.0,0.0,59
89446ca9e4bffff,14,6.0,2.0,0.35714285714285715,0.0,8.571428571428571,0.0,0.0,0.5,0.35714285714285715,0.0,0.0,0.0,0.0,0.0,0.0,0.0,71
89446ca9e4fffff,22,6.0,2.0,0.22727272727272727,0.045454545454545456,8.547619047619047,0.0,0.22727272727272727,0.6818181818181818,0.045454545454545456,0.0,0.0,0.0,0.0,0.0,0.0,0.0,71
89446ca9e53ffff,5,5.0,2.0,0.4,0.2,9.8,0.0,0.0,0.0,0.6,0.0,0.0,0.0,0.0,0.0,0.0,0.0,180
89446ca9e57ffff,7,0.0,2.0,0.14285714285714285,0.0,9.142857142857142,0.0,0.0,0.0,0.0,0.0,0.0,0.0,0.0,0.0,0.0,0.0,133
89446ca9e5bffff,15,4.0,2.0,0.3333333333333333,0.06666666666666667,8.48,0.0,0.0,0.5333333333333333,0.26666666666666666,0.0,0.0,0.0,0.0,0.0,0.0,0.0,57
89446ca9e63ffff,8,3.0,2.0,0.375,0.0,8.3125,0.0,0.5,0.0,0.75,0.0,0.0,0.0,0.0,0.0,0.0,0.0,55
89446ca9e67ffff,8,4.0,2.125,0.125,0.0,9.25,0.0,0.0,0.0,0.5,0.0,0.0,0.0,0.0,0.0,0.0,0.0,68
89446ca9e6bffff,8,2.0,2.0,0.125,0.0,9.0,0.0,0.5,0.0,0.5,0.0,0.0,0.0,0.0,0.0,0.0,0.0,61
89446ca9e6fffff,4,4.0,2.0,0.25,0.0,9.75,0.0,0.0,0.0,0.25,0.0,0.0,0.0,0.0,0.0,0.0,0.0,51
89446ca9e73ffff,3,0.0,2.0,0.0,0.0,8.666666666666666,0.0,0.0,0.0,0.6666666666666666,0.0,0.0,0.0,0.0,0.0,0.0,0.0,77
89446ca9e77ffff,16,3.0,2.0,0.1875,0.0625,8.5,0.0,0.75,0.75,0.0625,0.0,0.0,0.0,0.0,0.0,0.0,0.0,71
89446ca9e7bffff,16,5.0,2.0,0.1875,0.0625,9.071428571428571,0.0,0.125,0.0,0.4375,0.0,0.0,0.0,0.0,0.0,0.0,0.0,64
89446ca9e83ffff,4,1.0,2.0,0.25,0.0,8.0,0.0,1.0,0.75,0.0,0.0,0.0,0.0,0.0,0.0,0.0,0.0,116
89446ca9e87ffff,51,25.0,2.0,0.11764705882352941,0.058823529411764705,9.366666666666667,0.0,0.7450980392156863,0.5294117647058824,0.0,0.0,0.7058823529411765,0.0,0.0,0.0,0.13725490196078433,0.0,104
89446ca9e8bffff,15,6.0,2.0,0.0,0.0,8.066666666666666,0.0,1.0,1.0,0.0,0.0,0.0,0.0,0.0,0.0,0.0,0.0,77
89446ca9e8fffff,14,10.0,2.0,0.14285714285714285,0.0,9.642857142857142,0.0,0.0,0.0,0.0,0.0,0.0,0.0,0.0,0.0,0.0,0.0,123
89446ca9e93ffff,1,0.0,2.0,0.0,0.0,10.0,0.0,1.0,1.0,0.0,0.0,0.0,0.0,0.0,0.0,0.0,0.0,64
89446ca9e97ffff,35,14.0,2.0285714285714285,0.2,0.02857142857142857,9.514285714285714,0.0,0.37142857142857144,0.2857142857142857,0.0,0.0,0.2857142857142857,0.0,0.0,0.0,0.0,0.0,91
89446ca9ea3ffff,6,3.0,2.0,0.3333333333333333,0.16666666666666666,9.833333333333334,0.0,0.0,0.0,0.0,0.0,0.0,0.0,0.0,0.0,0.0,0.0,151
89446ca9ea7ffff,6,1.0,2.0,0.0,0.0,8.666666666666666,0.0,0.0,0.0,0.0,0.0,0.0,0.0,0.0,0.0,0.0,0.0,75
89446ca9eabffff,58,27.0,2.293103448275862,0.27586206896551724,0.05172413793103448,8.185964912280703,0.0,0.46551724137931033,0.46551724137931033,0.0,0.20689655172413793,0.4482758620689655,0.0,0.0,0.0,0.0,0.0,337
89446ca9eafffff,39,7.0,2.4615384615384617,0.23076923076923078,0.05128205128205128,9.302564102564103,0.8717948717948718,0.0,0.0,0.0,0.0,0.0,0.0,0.0,0.0,0.0,0.0,353
89446ca9eb3ffff,23,9.0,2.0,0.2608695652173913,0.0,9.652173913043478,0.0,0.0,0.0,0.0,0.0,0.0,0.0,0.0,0.0,0.0,0.0,101
89446ca9eb7ffff,5,2.0,2.0,0.0,0.0,9.8,0.0,0.0,0.0,0.0,0.0,0.0,0.0,0.0,0.0,0.0,0.0,62
89446ca9ebbffff,20,6.0,2.0,0.4,0.05,9.4,0.0,0.0,0.0,0.0,0.0,0.0,0.0,0.0,0.0,0.0,0.0,160
89446ca9ec3ffff,2,0.0,2.0,0.0,0.0,9.5,0.0,0.0,0.0,0.0,0.0,0.0,0.0,0.0,0.0,0.0,0.0,181
89446ca9ec7ffff,34,7.0,2.676470588235294,0.2647058823529412,0.029411764705882353,8.872727272727273,0.0,0.08823529411764706,0.08823529411764706,0.0,0.0,0.0,0.0,0.0,0.0,0.0,0.0,145
89446ca9ecbffff,56,37.0,2.107142857142857,0.44642857142857145,0.14285714285714285,8.744642857142857,0.25,0.0,0.0,0.10714285714285714,0.0,0.0,0.0,0.0,0.0,0.0,0.0,109
89446ca9ecfffff,91,23.0,2.340659340659341,0.23076923076923078,0.054945054945054944,8.591111111111111,0.0,0.18681318681318682,0.13186813186813187,0.26373626373626374,0.054945054945054944,0.0,0.0,0.0,0.0,0.0,0.0,116
89446caa003ffff,5,2.0,2.0,0.0,0.0,6.15,0.0,0.0,0.0,0.0,0.0,0.0,0.0,0.0,0.0,0.0,0.0,24
89446caa007ffff,9,8.0,2.0,0.3333333333333333,0.1111111111111111,9.222222222222221,0.0,0.0,0.6666666666666666,0.0,0.0,0.0,0.0,0.0,0.0,0.0,0.0,10
89446caa00bffff,2,0.0,2.0,0.5,0.0,10.0,0.0,0.0,0.0,0.0,0.0,0.0,0.0,0.0,0.0,0.0,0.0,11
89446caa00fffff,2,1.0,2.0,0.0,0.0,9.0,0.0,0.0,0.0,0.0,0.0,0.0,0.0,0.0,0.0,0.0,0.0,16
89446caa013ffff,7,4.0,2.0,0.42857142857142855,0.0,8.6,0.0,0.0,0.0,0.0,0.0,0.0,0.0,0.0,0.0,0.0,0.0,24
89446caa017ffff,1,1.0,2.0,1.0,0.0,10.0,0.0,0.0,0.0,0.0,0.0,0.0,0.0,0.0,0.0,0.0,0.0,25
89446caa01bffff,3,0.0,2.0,0.6666666666666666,0.0,6.666666666666667,0.0,0.0,0.0,0.0,0.0,0.0,0.0,0.0,0.0,0.0,0.0,22
89446caa047ffff,1,0.0,2.0,0.0,0.0,8.0,0.0,0.0,0.0,1.0,0.0,0.0,0.0,0.0,0.0,0.0,0.0,2
89446caa053ffff,1,1.0,2.0,0.0,0.0,10.0,0.0,0.0,0.0,0.0,0.0,0.0,0.0,0.0,0.0,0.0,0.0,11
89446caa05bffff,4,4.0,2.0,0.25,0.0,10.0,0.0,0.0,0.0,0.0,0.0,0.0,0.0,0.0,0.0,0.0,0.0,27
89446caa08bffff,10,5.0,2.0,0.3,0.1,9.3,0.0,0.0,0.0,0.0,0.0,0.0,0.0,0.0,0.0,0.0,0.0,65
89446caa093ffff,4,1.0,2.0,0.0,0.5,6.75,0.0,0.0,0.0,0.0,0.0,0.0,0.0,0.0,0.0,0.0,0.25,69
89446caa09bffff,41,9.0,2.0,0.0975609756097561,0.024390243902439025,8.934146341463414,0.0,0.0,0.7073170731707317,0.0,0.0,0.0,0.0,0.0,0.0,0.0,0.0,47
89446caa0a3ffff,2,2.0,2.0,0.5,0.0,10.0,0.0,0.0,0.0,0.0,0.0,0.0,0.0,0.0,0.0,0.0,0.0,9
89446caa0a7ffff,2,2.0,2.0,1.0,0.0,10.0,0.0,0.0,0.0,0.0,0.0,0.0,0.0,0.0,0.0,0.0,0.0,15
89446caa0abffff,2,2.0,2.0,0.5,0.0,10.0,0.0,0.0,0.0,0.0,0.0,0.0,0.0,0.0,0.0,0.0,0.0,14
89446caa0b3ffff,3,0.0,2.0,0.0,0.0,9.666666666666666,0.0,0.0,0.0,0.0,0.0,0.0,0.0,0.0,0.0,0.0,0.0,5
89446caa0bbffff,2,1.0,2.0,0.5,0.0,10.0,0.0,0.0,0.0,0.0,0.0,0.0,0.0,0.0,0.0,0.0,0.0,8
89446caa0c3ffff,5,5.0,2.0,0.8,0.0,10.0,0.0,0.0,0.0,0.0,0.0,0.0,0.0,0.0,0.0,0.0,0.0,40
89446caa0c7ffff,5,3.0,2.0,0.6,0.0,10.0,0.0,0.0,0.0,0.0,0.0,0.0,0.0,0.0,0.0,0.0,0.0,40
89446caa0cbffff,1,1.0,2.0,1.0,0.0,10.0,0.0,0.0,0.0,0.0,0.0,0.0,0.0,0.0,0.0,0.0,0.0,26
89446caa0cfffff,3,2.0,2.0,0.6666666666666666,0.3333333333333333,7.333333333333333,0.0,0.0,0.0,0.0,0.0,0.0,0.0,0.0,0.0,0.0,0.0,15
89446caa0d3ffff,9,3.0,2.0,0.2222222222222222,0.0,8.88888888888889,0.0,0.0,0.0,0.0,0.0,0.0,0.0,0.0,0.0,0.0,0.0,50
89446caa0d7ffff,12,9.0,2.0,0.75,0.08333333333333333,8.516666666666667,0.0,0.0,0.0,0.0,0.0,0.0,0.0,0.0,0.0,0.0,0.0,91
89446caa0dbffff,10,3.0,2.0,0.3,0.1,7.75,0.0,0.0,0.0,0.0,0.0,0.0,0.0,0.0,0.0,0.0,0.0,19
89446caa103ffff,51,7.0,2.0,0.19607843137254902,0.11764705882352941,8.553191489361701,0.0,0.0,0.9803921568627451,0.0,0.0784313725490196,0.0,0.0,0.0,0.0,0.0,0.0,43
89446caa10bffff,6,2.0,2.0,0.16666666666666666,0.16666666666666666,8.833333333333334,0.0,0.0,0.16666666666666666,0.0,0.0,0.0,0.0,0.0,0.0,0.0,0.0,88
89446caa117ffff,4,2.0,2.25,0.0,0.25,7.75,0.5,0.0,0.0,0.0,0.0,0.0,0.0,0.0,0.0,0.0,0.0,51
89446caa11bffff,33,11.0,2.0,0.2727272727272727,0.030303030303030304,8.31060606060606,0.0,0.0,0.5757575757575758,0.0,0.6060606060606061,0.0,0.0,0.0,0.0,0.0,0.0,58
89446caa123ffff,1,1.0,2.0,1.0,0.0,10.0,0.0,0.0,0.0,0.0,0.0,0.0,0.0,0.0,0.0,0.0,0.0,5
89446caa127ffff,3,2.0,2.0,0.3333333333333333,0.0,10.0,0.0,1.0,0.6666666666666666,0.0,0.0,0.0,0.0,0.0,0.6666666666666666,0.0,0.0,7
89446caa12bffff,1,1.0,2.0,0.0,0.0,10.0,0.0,0.0,0.0,0.0,0.0,0.0,0.0,0.0,0.0,0.0,0.0,10
89446caa12fffff,1,0.0,2.0,0.0,0.0,10.0,0.0,0.0,0.0,0.0,0.0,0.0,0.0,0.0,0.0,0.0,0.0,7
89446caa143ffff,10,2.0,2.0,0.1,0.0,9.333333333333334,0.0,0.0,0.0,0.0,0.0,0.0,0.0,0.0,0.0,0.0,0.0,10
89446caa147ffff,4,2.0,2.5,0.5,0.0,10.0,0.0,0.0,0.0,0.0,0.0,0.0,0.0,0.0,0.0,0.0,0.0,25
89446caa14fffff,6,1.0,2.0,0.16666666666666666,0.0,8.666666666666666,0.0,0.0,0.0,0.0,0.0,0.0,0.0,0.0,0.0,0.0,0.0,17
89446caa167ffff,4,2.0,2.0,0.25,0.0,8.75,0.0,0.25,0.0,0.0,0.0,0.0,0.0,0.0,0.0,0.0,0.0,5
89446caa16bffff,34,7.0,2.0,0.29411764705882354,0.029411764705882353,8.787878787878787,0.0,0.029411764705882353,0.8529411764705882,0.0,0.0,0.029411764705882353,0.0,0.0,0.0,0.0,0.0,32
89446caa177ffff,3,2.0,2.0,0.6666666666666666,0.0,9.666666666666666,0.0,0.0,0.0,0.0,0.0,0.0,0.0,0.0,0.0,0.0,0.0,5
89446caa17bffff,3,0.0,2.0,0.3333333333333333,0.0,9.0,0.0,0.0,0.0,0.0,0.0,0.0,0.0,0.0,0.0,0.0,0.0,44
89446caa193ffff,1,0.0,2.0,1.0,0.0,7.0,0.0,0.0,0.0,1.0,0.0,0.0,0.0,0.0,0.0,0.0,0.0,6
89446caa1a7ffff,2,2.0,2.0,0.0,0.0,10.0,0.0,0.0,0.0,0.0,0.0,0.0,0.0,0.0,0.0,0.0,0.0,50
89446caa1afffff,2,2.0,2.0,0.0,0.0,10.0,0.0,0.0,0.0,0.0,0.0,0.0,0.0,0.0,0.0,0.0,0.0,2
89446caa1b3ffff,4,0.0,2.75,0.5,0.0,10.0,0.0,0.0,0.0,0.0,0.0,0.0,0.0,0.0,0.0,0.0,0.0,51
89446caa1b7ffff,2,2.0,2.0,0.0,0.0,9.5,0.0,0.0,0.0,0.0,0.0,0.0,0.0,0.0,0.0,0.0,0.0,96
89446caa1c3ffff,2,0.0,2.0,0.0,0.5,9.5,0.0,0.0,0.0,0.0,0.0,0.0,0.0,0.0,0.0,0.0,0.0,15
89446caa1c7ffff,1,0.0,2.0,0.0,0.0,6.0,0.0,0.0,0.0,0.0,0.0,0.0,0.0,0.0,0.0,0.0,0.0,43
89446caa1d3ffff,5,2.0,2.0,0.0,0.0,9.8,0.0,0.0,0.0,0.6,0.0,0.0,0.0,0.0,0.0,0.0,0.0,41
89446caa1d7ffff,8,2.0,2.0,0.125,0.0,10.0,0.0,0.0,0.0,0.0,0.0,0.0,0.0,0.0,0.0,0.0,0.0,29
89446caa1dbffff,1,1.0,2.0,1.0,0.0,10.0,0.0,0.0,0.0,0.0,0.0,0.0,0.0,0.0,0.0,0.0,0.0,9
89446caa207ffff,1,0.0,2.0,1.0,0.0,10.0,0.0,0.0,0.0,0.0,0.0,0.0,0.0,0.0,0.0,0.0,0.0,1
89446caa217ffff,1,0.0,2.0,0.0,0.0,10.0,0.0,0.0,0.0,0.0,0.0,0.0,0.0,0.0,0.0,0.0,0.0,37
89446caa22bffff,2,0.0,2.0,0.0,0.0,10.0,0.0,0.0,0.0,1.0,0.0,0.0,0.0,0.0,0.0,0.0,0.0,56
89446caa22fffff,4,0.0,2.0,0.25,0.0,9.75,0.0,0.0,0.0,1.0,0.0,0.0,0.0,0.0,0.0,0.0,0.0,4
89446caa267ffff,50,12.0,2.1,0.26,0.06,8.983673469387755,0.0,0.34,0.96,0.0,0.0,0.34,0.0,0.0,0.0,0.0,0.0,10
89446caa28fffff,36,13.0,2.0,0.3055555555555556,0.08333333333333333,9.228571428571428,0.0,0.9166666666666666,0.9166666666666666,0.0,0.0,0.9166666666666666,0.0,0.0,0.0,0.0,0.0,1
89446caa293ffff,2,0.0,2.0,0.0,0.0,9.0,0.0,0.0,0.0,0.0,0.0,0.0,0.0,0.0,0.0,0.0,0.0,25
89446caa29bffff,2,1.0,2.0,0.5,0.0,6.5,0.0,0.0,0.0,0.0,0.0,0.0,0.0,0.0,0.0,0.0,0.0,4
89446caa2c7ffff,6,1.0,2.0,0.16666666666666666,0.0,9.166666666666666,0.0,0.0,0.0,0.0,0.0,0.0,0.0,0.0,0.0,0.0,0.0,7
89446caa2cfffff,6,3.0,2.0,0.0,0.0,10.0,0.0,0.0,0.0,0.0,0.0,0.0,0.0,0.0,0.0,0.0,0.0,6
89446caa2d3ffff,1,1.0,2.0,0.0,0.0,10.0,0.0,0.0,0.0,0.0,0.0,0.0,0.0,0.0,0.0,0.0,0.0,2
89446caa2d7ffff,1,0.0,2.0,0.0,0.0,8.0,0.0,0.0,0.0,0.0,0.0,0.0,0.0,0.0,0.0,0.0,0.0,10
89446caa307ffff,8,4.0,2.0,0.125,0.125,9.857142857142858,0.0,0.0,0.0,1.0,0.0,0.0,0.0,0.0,0.0,0.0,0.0,9
89446caa30bffff,1,0.0,2.0,1.0,0.0,10.0,0.0,0.0,0.0,0.0,0.0,0.0,0.0,0.0,0.0,0.0,0.0,0
89446caa317ffff,8,3.0,2.0,0.375,0.125,7.525,0.0,0.0,0.0,1.0,0.0,0.0,0.0,0.0,0.0,0.0,0.0,18
89446caa327ffff,46,13.0,2.0,0.2391304347826087,0.08695652173913043,9.106666666666667,0.0,0.9130434782608695,0.9130434782608695,0.0,0.30434782608695654,0.0,0.0,0.0,0.0,0.0,0.0,17
89446caa32bffff,40,12.0,2.025,0.225,0.1,8.33421052631579,0.0,0.0,1.0,0.0,0.0,0.0,0.0,0.0,0.0,0.0,0.0,13
89446caa337ffff,9,3.0,2.111111111111111,0.1111111111111111,0.0,8.88888888888889,0.0,0.0,0.0,0.0,0.0,0.0,0.0,0.0,0.0,0.0,0.0,58
89446caa33bffff,1,1.0,2.0,0.0,0.0,3.0,0.0,0.0,0.0,0.0,0.0,0.0,0.0,0.0,0.0,0.0,0.0,49
89446caa34fffff,26,4.0,2.0,0.38461538461538464,0.0,8.98,0.0,1.0,1.0,0.0,0.0,1.0,0.0,0.0,0.0,0.0,0.0,1
89446caa367ffff,1,1.0,2.0,1.0,0.0,10.0,0.0,0.0,0.0,0.0,0.0,0.0,0.0,0.0,0.0,0.0,0.0,63
89446caa36fffff,12,2.0,2.0,0.25,0.0,9.75,0.0,0.0,0.0,0.0,0.0,0.0,0.0,0.0,0.0,0.0,0.0,43
89446caa377ffff,1,1.0,2.0,1.0,0.0,10.0,0.0,0.0,0.0,0.0,0.0,0.0,0.0,0.0,0.0,0.0,0.0,42
89446caa3a7ffff,18,8.0,2.0,0.2222222222222222,0.0,9.444444444444445,0.0,0.0,1.0,0.0,0.8333333333333334,0.0,0.0,0.0,0.0,0.0,0.0,56
89446caa3bbffff,10,1.0,2.0,0.1,0.0,8.879999999999999,0.0,0.0,0.0,0.0,0.0,0.7,0.0,0.0,0.0,0.0,0.0,8
89446caa403ffff,2,2.0,2.0,0.0,0.0,10.0,0.0,0.0,0.0,0.0,0.0,0.0,0.0,0.0,0.0,0.0,0.0,59
89446caa407ffff,2,1.0,2.0,1.0,0.0,10.0,0.0,0.0,0.0,0.0,0.0,0.0,0.0,0.0,0.0,0.0,0.0,39
89446caa40fffff,9,3.0,2.0,0.2222222222222222,0.1111111111111111,8.222222222222221,0.0,0.0,0.0,0.0,0.0,0.0,0.0,0.0,0.0,0.0,0.0,25
89446caa413ffff,3,0.0,2.0,0.0,0.3333333333333333,10.0,0.0,0.0,0.0,0.0,0.0,0.0,0.0,0.0,0.0,0.0,0.0,49
89446caa417ffff,16,4.0,2.0,0.375,0.125,9.3125,0.0,0.0,0.0,0.0,0.0,0.0,0.0,0.0,0.0,0.0,0.0,28
89446caa41bffff,29,9.0,2.0,0.4482758620689655,0.10344827586206896,9.339285714285714,0.0,0.0,0.5862068965517241,0.0,0.0,0.0,0.0,0.0,0.0,0.0,0.0,10
89446caa423ffff,7,2.0,2.0,0.2857142857142857,0.0,8.571428571428571,0.0,0.0,0.0,0.0,0.0,0.0,0.0,0.0,0.0,0.0,0.0,40
89446caa42bffff,6,1.0,2.0,0.16666666666666666,0.0,9.8,0.0,0.0,0.0,0.0,0.0,0.0,0.0,0.0,0.0,0.0,0.0,53
89446caa42fffff,22,2.0,2.0,0.09090909090909091,0.0,7.368181818181818,0.0,0.0,0.7727272727272727,0.0,0.0,0.0,0.0,0.0,0.0,0.0,0.0,22
89446caa433ffff,3,0.0,2.0,0.0,0.0,6.0,0.0,0.0,0.0,0.0,0.0,0.0,0.0,0.0,0.0,0.0,0.0,22
89446caa437ffff,3,2.0,2.0,0.3333333333333333,0.0,10.0,0.0,0.0,0.0,0.0,0.0,0.0,0.0,0.0,0.0,0.0,0.0,20
89446caa43bffff,6,2.0,2.0,0.3333333333333333,0.0,9.5,0.0,0.0,0.0,0.0,0.0,0.0,0.0,0.0,0.0,0.0,0.0,41
89446caa443ffff,1,1.0,2.0,0.0,0.0,10.0,0.0,0.0,0.0,0.0,0.0,0.0,0.0,0.0,0.0,0.0,0.0,130
89446caa447ffff,4,2.0,2.0,0.25,0.0,9.75,0.0,0.0,0.0,0.0,0.0,0.0,0.0,0.0,0.0,0.0,0.0,8
89446caa44bffff,12,3.0,2.0833333333333335,0.25,0.16666666666666666,8.483333333333333,0.0,0.0,0.0,0.0,0.0,0.0,0.0,0.0,0.0,0.0,0.0,96
89446caa44fffff,2,0.0,2.0,0.5,0.0,10.0,0.0,0.0,0.0,0.0,0.0,0.0,0.0,0.0,0.0,0.0,0.0,18
89446caa453ffff,16,5.0,2.0,0.1875,0.125,9.0625,0.0,0.0,0.0,0.0,0.0,0.0,0.0,0.0,0.0,0.0,0.0,113
89446caa457ffff,4,2.0,2.0,0.5,0.0,8.5,0.0,0.0,0.0,0.0,0.0,0.0,0.0,0.0,0.0,0.0,0.0,51
89446caa45bffff,92,36.0,2.0,0.33695652173913043,0.05434782608695652,9.12159090909091,0.0,0.6739130434782609,0.6739130434782609,0.0,0.0,0.6739130434782609,0.0,0.0,0.0,0.0,0.0,45
89446caa463ffff,3,1.0,2.0,0.6666666666666666,0.0,10.0,0.0,0.0,0.0,0.0,0.0,0.0,0.0,0.0,0.0,0.0,0.0,38
89446caa46bffff,2,1.0,2.0,0.5,0.0,7.0,0.0,0.0,0.0,0.0,0.0,0.0,0.0,0.0,0.0,0.0,0.0,34
89446caa46fffff,21,5.0,2.0,0.19047619047619047,0.09523809523809523,8.65,0.0,0.0,0.5238095238095238,0.0,0.0,0.0,0.0,0.0,0.0,0.0,0.0,67
89446caa473ffff,1,1.0,2.0,0.0,0.0,10.0,0.0,0.0,0.0,0.0,0.0,0.0,0.0,0.0,0.0,0.0,0.0,30
89446caa477ffff,14,3.0,2.0,0.21428571428571427,0.0,9.0,0.0,0.0,0.0,0.0,0.0,0.0,0.0,0.0,0.0,0.0,0.0,25
89446caa483ffff,1,1.0,2.0,0.0,0.0,10.0,0.0,0.0,0.0,0.0,0.0,0.0,0.0,0.0,0.0,0.0,0.0,19
89446caa48fffff,2,1.0,2.0,0.5,0.0,10.0,0.0,0.0,0.0,0.0,0.0,0.0,0.0,0.0,0.0,0.0,0.0,36
89446caa493ffff,4,1.0,2.0,0.25,0.0,10.0,0.0,0.0,0.0,0.0,0.0,0.0,0.0,0.0,0.0,0.0,0.0,14
89446caa497ffff,6,2.0,2.0,0.6666666666666666,0.16666666666666666,7.5,0.0,0.0,0.0,0.0,0.0,0.0,0.0,0.0,0.0,0.0,0.0,7
89446caa49bffff,7,1.0,2.0,0.14285714285714285,0.14285714285714285,8.0,0.0,0.0,0.0,0.0,0.0,0.0,0.0,0.0,0.0,0.0,0.0,6
89446caa4a3ffff,2,2.0,2.0,1.0,0.0,10.0,0.0,0.0,0.0,0.0,0.0,0.0,0.0,0.0,0.0,0.0,0.0,85
89446caa4a7ffff,2,1.0,2.0,0.0,0.0,10.0,0.0,0.0,0.0,0.0,0.0,0.0,0.0,0.0,0.0,0.0,0.0,68
89446caa4abffff,3,2.0,2.0,0.0,0.3333333333333333,7.333333333333333,0.0,0.0,0.0,0.0,0.0,0.0,0.0,0.0,0.0,0.0,0.0,40
89446caa4afffff,1,0.0,2.0,0.0,0.0,10.0,0.0,0.0,0.0,0.0,0.0,0.0,0.0,0.0,0.0,0.0,0.0,22
89446caa4b3ffff,12,3.0,2.0,0.16666666666666666,0.16666666666666666,8.125,0.0,0.0,0.0,0.0,0.0,0.0,0.0,0.0,0.0,0.0,0.0,75
89446caa4b7ffff,51,14.0,2.0,0.17647058823529413,0.0392156862745098,9.066,0.0,0.0,0.8235294117647058,0.0,0.0,0.0,0.0,0.0,0.0,0.0,0.0,41
89446caa4bbffff,16,7.0,2.0,0.3125,0.0,8.4375,0.0,0.0,0.3125,0.0,0.0,0.0,0.0,0.0,0.0,0.0,0.0,35
89446caa4cbffff,1,0.0,2.0,0.0,0.0,10.0,0.0,0.0,0.0,0.0,0.0,0.0,0.0,0.0,0.0,0.0,0.0,70
89446caa4cfffff,1,1.0,2.0,1.0,0.0,10.0,0.0,0.0,0.0,0.0,0.0,0.0,0.0,0.0,0.0,0.0,0.0,50
89446caa4d3ffff,3,0.0,2.0,0.0,0.6666666666666666,6.666666666666667,0.0,0.0,0.0,0.0,0.0,0.0,0.0,0.0,0.0,0.0,0.0,42
89446caa4d7ffff,1,1.0,2.0,1.0,0.0,0.5,0.0,0.0,0.0,0.0,0.0,0.0,0.0,0.0,0.0,0.0,0.0,10
89446caa4dbffff,34,12.0,2.0,0.11764705882352941,0.0,8.60625,0.0,0.7352941176470589,0.7352941176470589,0.0,0.0,0.7352941176470589,0.0,0.0,0.0,0.0,0.0,17
89446caa503ffff,3,3.0,2.0,0.6666666666666666,0.0,10.0,0.0,0.0,0.0,0.0,0.0,0.0,0.0,0.0,0.0,0.0,0.0,29
89446caa50bffff,2,1.0,2.0,0.0,0.5,10.0,0.0,0.0,0.0,0.0,0.0,0.0,0.0,0.0,0.0,0.0,0.0,36
89446caa513ffff,14,2.0,2.0,0.14285714285714285,0.07142857142857142,9.785714285714286,0.0,0.0,0.0,0.0,0.0,0.0,0.0,0.0,0.0,0.0,0.0,22
89446caa517ffff,1,1.0,2.0,0.0,0.0,10.0,0.0,0.0,0.0,0.0,0.0,0.0,0.0,0.0,0.0,0.0,0.0,29
89446caa51bffff,12,1.0,2.0,0.08333333333333333,0.0,9.166666666666666,0.0,0.0,0.0,0.0,0.0,0.0,0.0,0.0,0.0,0.0,0.0,82
89446caa523ffff,3,3.0,2.0,0.6666666666666666,0.0,10.0,0.0,0.0,0.0,0.0,0.0,0.0,0.0,0.0,0.0,0.0,0.0,12
89446caa527ffff,2,2.0,2.0,1.0,0.0,8.0,0.0,0.0,0.0,0.0,0.0,0.0,0.0,0.0,0.0,0.0,0.0,65
89446caa52bffff,1,0.0,2.0,0.0,0.0,10.0,0.0,0.0,0.0,1.0,0.0,0.0,0.0,0.0,0.0,0.0,0.0,9
89446caa52fffff,2,1.0,2.0,1.0,0.0,10.0,0.0,0.0,0.0,0.0,0.0,0.0,0.0,0.0,0.0,0.0,0.0,9
89446caa533ffff,6,5.0,2.0,0.8333333333333334,0.0,9.666666666666666,0.0,0.0,0.0,0.0,0.0,0.0,0.0,0.0,0.0,0.0,0.0,23
89446caa537ffff,1,1.0,2.0,0.0,0.0,10.0,0.0,0.0,0.0,0.0,0.0,0.0,0.0,0.0,0.0,0.0,0.0,98
89446caa543ffff,5,4.0,2.0,0.0,0.0,8.6,0.0,0.0,0.0,0.0,0.0,0.0,0.0,0.0,0.0,0.0,0.0,35
89446caa547ffff,14,4.0,2.0,0.2857142857142857,0.07142857142857142,9.214285714285714,0.0,0.0,0.0,0.0,0.0,0.0,0.0,0.0,0.0,0.0,0.0,19
89446caa54fffff,1,1.0,2.0,0.0,0.0,10.0,0.0,0.0,0.0,0.0,0.0,0.0,0.0,0.0,0.0,0.0,0.0,26
89446caa553ffff,10,6.0,2.0,0.4,0.0,9.5,0.0,0.0,0.0,0.0,0.0,0.0,0.0,0.0,0.0,0.0,0.0,72
89446caa557ffff,5,1.0,2.0,0.4,0.0,8.8,0.0,0.0,0.2,0.0,0.0,0.0,0.0,0.0,0.0,0.0,0.0,100
89446caa55bffff,5,2.0,2.0,0.2,0.2,8.2,0.0,0.0,0.0,0.0,0.0,0.0,0.0,0.0,0.0,0.0,0.0,37
89446caa567ffff,3,0.0,2.0,0.6666666666666666,0.0,9.0,0.0,0.0,0.0,0.0,0.0,0.0,0.0,0.0,0.0,0.0,0.0,23
89446caa56bffff,7,3.0,2.0,0.14285714285714285,0.14285714285714285,9.571428571428571,0.0,0.0,0.0,0.42857142857142855,0.0,0.0,0.0,0.0,0.0,0.0,0.0,32
89446caa56fffff,21,5.0,2.0,0.09523809523809523,0.047619047619047616,8.476190476190476,0.0,0.0,0.3333333333333333,0.0,0.0,0.0,0.0,0.0,0.0,0.0,0.0,23
89446caa573ffff,2,0.0,2.0,0.0,0.0,9.5,0.0,0.0,0.0,0.0,0.0,0.0,0.0,0.0,0.0,0.0,0.0,20
89446caa57bffff,4,1.0,2.0,0.5,0.25,7.75,0.0,0.0,0.0,0.0,0.0,0.0,0.0,0.0,0.0,0.0,0.0,24
89446caa583ffff,3,0.0,2.0,0.3333333333333333,0.0,9.333333333333334,0.0,0.0,0.0,0.0,0.0,0.0,0.0,0.0,0.0,0.0,0.0,20
89446caa587ffff,6,4.0,2.0,0.3333333333333333,0.0,8.666666666666666,0.0,0.0,0.0,0.0,0.0,0.0,0.0,0.0,0.0,0.0,0.0,119
89446caa58fffff,5,3.0,2.0,0.6,0.4,8.0,0.0,0.0,0.0,0.0,0.0,0.0,0.0,0.0,0.0,0.0,0.0,31
89446caa597ffff,1,1.0,2.0,1.0,0.0,10.0,0.0,0.0,0.0,0.0,0.0,0.0,0.0,0.0,0.0,0.0,0.0,62
89446caa59bffff,8,5.0,2.0,0.25,0.0,9.25,0.0,0.0,0.0,0.0,0.0,0.0,0.0,0.0,0.0,0.0,0.0,7
89446caa5a3ffff,14,6.0,2.0,0.21428571428571427,0.07142857142857142,7.785714285714286,0.0,0.0,0.0,0.0,0.0,0.0,0.0,0.0,0.0,0.0,0.0,120
89446caa5a7ffff,1,1.0,2.0,0.0,1.0,7.0,0.0,0.0,0.0,0.0,0.0,0.0,0.0,0.0,0.0,0.0,0.0,67
89446caa5afffff,19,10.0,2.0,0.15789473684210525,0.15789473684210525,7.8,0.0,0.0,0.0,0.0,0.0,0.0,0.0,0.0,0.0,0.0,0.0,47
89446caa5b3ffff,88,14.0,2.0113636363636362,0.23863636363636365,0.03409090909090909,8.87962962962963,0.0,0.0,0.9204545454545454,0.011363636363636364,0.0,0.0,0.0,0.0,0.0,0.0,0.0,49
89446caa5b7ffff,5,3.0,2.0,0.8,0.0,10.0,0.0,0.0,0.0,0.0,0.0,0.0,0.0,0.0,0.0,0.0,0.0,109
89446caa5bbffff,7,6.0,2.0,0.8571428571428571,0.14285714285714285,9.285714285714286,0.0,0.0,0.0,0.0,0.0,0.0,0.0,0.0,0.0,0.0,0.0,114
89446caa5c7ffff,1,0.0,2.0,1.0,0.0,6.0,0.0,0.0,0.0,0.0,0.0,0.0,0.0,0.0,0.0,0.0,1.0,83
89446caa5cfffff,57,8.0,2.017543859649123,0.22807017543859648,0.03508771929824561,9.122641509433961,0.0,0.0,0.9649122807017544,0.0,0.0,0.0,0.0,0.0,0.0,0.0,0.0,28
89446caa5d3ffff,1,1.0,2.0,1.0,0.0,10.0,0.0,0.0,1.0,0.0,0.0,0.0,0.0,0.0,0.0,0.0,0.0,19
89446caa5dbffff,9,2.0,2.0,0.4444444444444444,0.1111111111111111,8.38888888888889,0.0,0.0,0.2222222222222222,0.0,0.0,0.0,0.0,0.0,0.0,0.0,0.0,7
89446caa60bffff,2,1.0,2.0,0.5,0.0,10.0,0.0,0.0,0.0,0.0,0.0,0.0,0.0,0.0,0.0,0.0,0.0,13
89446caa613ffff,2,1.0,2.0,0.5,0.0,10.0,0.0,0.0,0.0,0.0,0.0,0.0,0.0,0.0,0.0,0.0,0.0,13
89446caa61bffff,2,1.0,2.0,0.5,0.0,9.0,0.0,0.0,0.0,0.0,0.0,0.0,0.0,0.0,0.0,0.0,0.0,7
89446caa623ffff,13,4.0,2.1538461538461537,0.23076923076923078,0.15384615384615385,9.0,0.0,0.07692307692307693,0.0,0.0,0.0,0.07692307692307693,0.0,0.0,0.0,0.0,0.15384615384615385,72
89446caa627ffff,3,3.0,2.0,0.3333333333333333,0.0,10.0,0.0,0.0,0.0,0.0,0.0,0.0,0.0,0.0,0.0,0.0,0.0,46
89446caa62fffff,23,5.0,2.0,0.2608695652173913,0.0,9.272727272727273,0.0,0.21739130434782608,0.9565217391304348,0.0,0.0,0.21739130434782608,0.0,0.0,0.0,0.0,0.0,22
89446caa633ffff,42,10.0,2.0476190476190474,0.16666666666666666,0.047619047619047616,8.663414634146342,0.0,0.9761904761904762,0.9761904761904762,0.0,0.0,0.9761904761904762,0.0,0.0,0.0,0.0,0.0,22
89446caa637ffff,4,2.0,2.0,0.25,0.25,8.25,0.0,0.0,0.0,0.0,0.0,0.0,0.0,0.0,0.0,0.0,0.0,69
89446caa643ffff,3,1.0,2.0,0.3333333333333333,0.0,10.0,0.0,0.0,0.0,0.0,0.0,0.0,0.0,0.0,0.0,0.0,0.0,10
89446caa64bffff,2,0.0,2.0,0.0,0.0,10.0,0.0,0.0,0.0,0.0,0.0,0.0,0.0,0.0,0.0,0.0,0.0,25
89446caa64fffff,3,1.0,2.0,0.0,0.0,9.666666666666666,0.0,0.0,0.0,0.0,0.0,0.0,0.0,0.0,0.0,0.0,0.0,9
89446caa653ffff,1,0.0,2.0,1.0,0.0,10.0,0.0,0.0,0.0,0.0,0.0,0.0,0.0,0.0,0.0,0.0,0.0,7
89446caa657ffff,1,1.0,2.0,1.0,1.0,10.0,0.0,0.0,0.0,0.0,0.0,0.0,0.0,0.0,0.0,0.0,0.0,8
89446caa65bffff,3,3.0,2.0,0.6666666666666666,0.0,9.666666666666666,0.0,0.0,0.0,0.0,0.0,0.0,0.0,0.0,0.0,0.0,0.0,12
89446caa66fffff,1,0.0,2.0,0.0,0.0,9.0,0.0,0.0,0.0,0.0,0.0,0.0,0.0,0.0,0.0,0.0,0.0,4
89446caa673ffff,10,3.0,2.0,0.6,0.1,8.88888888888889,0.0,0.0,0.0,0.0,0.0,0.0,0.0,0.0,0.0,0.0,0.0,2
89446caa683ffff,4,4.0,2.0,0.5,0.25,9.25,0.0,0.0,0.0,0.0,0.0,0.0,0.0,0.0,0.0,0.0,0.0,30
89446caa68bffff,3,1.0,2.0,0.0,0.3333333333333333,8.666666666666666,0.0,0.0,0.0,0.0,0.0,0.0,0.0,0.0,0.0,0.0,0.0,58
89446caa68fffff,6,4.0,2.0,0.5,0.0,9.833333333333334,0.0,0.0,0.0,0.0,0.0,0.0,0.0,0.0,0.0,0.0,0.0,9
89446caa693ffff,3,0.0,2.0,0.0,0.0,6.666666666666667,0.0,0.0,0.0,0.0,0.0,0.0,0.0,0.0,0.0,0.0,0.0,24
89446caa697ffff,1,0.0,2.0,0.0,0.0,10.0,0.0,0.0,0.0,0.0,0.0,0.0,0.0,0.0,0.0,0.0,0.0,112
89446caa69bffff,17,3.0,2.0,0.11764705882352941,0.0,9.1875,0.0,0.0,0.0,0.0,0.0,0.0,0.0,0.0,0.0,0.0,0.0,40
89446caa6abffff,5,5.0,2.0,0.0,0.0,8.6,0.0,0.0,0.0,0.0,0.0,0.0,0.0,0.0,0.0,0.0,0.0,42
89446caa6b7ffff,1,1.0,2.0,1.0,0.0,8.0,0.0,0.0,0.0,0.0,0.0,0.0,0.0,0.0,0.0,0.0,0.0,4
89446caa6c7ffff,2,2.0,2.0,0.5,0.0,10.0,0.0,0.0,0.0,0.0,0.0,0.0,0.0,0.0,0.0,0.0,0.0,34
89446caa6d3ffff,5,3.0,2.0,0.2,0.0,8.8,0.0,0.0,0.0,0.0,0.0,0.0,0.0,0.0,0.0,0.0,0.0,37
89446caa6d7ffff,27,7.0,2.037037037037037,0.1111111111111111,0.037037037037037035,8.961538461538462,0.0,0.0,0.0,0.0,0.0,0.0,0.0,0.0,0.0,0.0,0.0,29
89446caa6dbffff,6,3.0,2.0,0.0,0.0,8.366666666666667,0.0,0.0,0.0,0.0,0.0,0.0,0.0,0.0,0.0,0.0,0.0,6
89446caa813ffff,46,11.0,2.0,0.13043478260869565,0.021739130434782608,9.2,0.0,0.9782608695652174,0.9565217391304348,0.0,0.0,0.0,0.0,0.0,0.0,0.4782608695652174,0.45652173913043476,10
89446caa81bffff,4,0.0,2.0,0.0,0.25,8.0,0.0,0.75,0.5,0.0,0.0,0.0,0.0,0.0,0.0,0.25,0.0,151
89446caa837ffff,2,1.0,2.0,0.5,0.0,10.0,0.0,0.0,0.5,0.0,0.0,0.0,0.0,0.0,0.0,0.0,0.5,15
89446caa853ffff,17,7.0,2.0,0.17647058823529413,0.11764705882352941,9.0625,0.0,1.0,0.0,0.0,0.0,0.0,0.0,0.0,0.0,0.0,0.11764705882352941,121
89446caa857ffff,5,3.0,2.4,0.6,0.0,9.6,0.0,0.0,0.0,0.0,0.0,0.0,0.0,0.0,0.0,0.0,0.0,120
89446caa85bffff,14,1.0,2.0,0.21428571428571427,0.14285714285714285,8.083333333333334,0.0,0.0,0.9285714285714286,0.0,0.0,0.0,0.0,0.0,0.0,0.0,0.0,19
89446caa887ffff,1,1.0,2.0,0.0,0.0,10.0,0.0,0.0,0.0,0.0,0.0,0.0,0.0,0.0,0.0,0.0,0.0,39
89446caa88bffff,4,3.0,2.0,0.0,0.0,9.75,0.0,0.5,0.0,0.75,0.0,0.0,0.0,0.0,0.0,0.0,0.0,51
89446caa88fffff,1,1.0,2.0,0.0,0.0,10.0,0.0,0.0,0.0,0.0,0.0,0.0,0.0,0.0,0.0,0.0,0.0,63
89446caa893ffff,1,0.0,2.0,0.0,0.0,10.0,0.0,0.0,0.0,0.0,0.0,0.0,0.0,0.0,0.0,0.0,0.0,50
89446caa897ffff,1,0.0,2.0,0.0,0.0,4.0,0.0,0.0,0.0,0.0,0.0,0.0,0.0,0.0,0.0,0.0,0.0,17
89446caa89bffff,1,0.0,2.0,0.0,0.0,10.0,0.0,0.0,0.0,1.0,0.0,0.0,0.0,0.0,0.0,0.0,0.0,62
89446caa8b3ffff,18,5.0,2.0,0.3888888888888889,0.05555555555555555,8.622222222222222,0.0,0.7222222222222222,0.7222222222222222,0.2222222222222222,0.0,0.0,0.0,0.0,0.0,0.0,0.0,29
89446caa8b7ffff,7,0.0,2.0,0.0,0.0,8.285714285714286,0.0,0.0,0.0,0.0,0.0,0.0,0.0,0.0,0.0,0.0,0.0,21
89446caa8bbffff,12,3.0,2.0,0.25,0.0,8.6,0.0,1.0,0.0,0.0,0.0,0.0,0.0,0.0,0.0,0.0,0.0,20
89446caa8c3ffff,9,5.0,2.3333333333333335,0.1111111111111111,0.0,10.0,0.0,0.0,0.0,0.3333333333333333,0.0,0.0,0.0,0.0,0.0,0.0,0.0,218
89446caa8c7ffff,1,0.0,2.0,1.0,0.0,10.0,0.0,0.0,0.0,1.0,0.0,0.0,0.0,0.0,0.0,0.0,0.0,164
89446caa8cbffff,3,2.0,2.0,0.0,0.0,10.0,0.0,0.0,0.0,0.0,0.0,0.0,0.0,0.0,0.0,0.0,0.0,213
89446caa8cfffff,99,20.0,2.5454545454545454,0.25252525252525254,0.09090909090909091,8.634343434343434,0.21212121212121213,0.15151515151515152,0.20202020202020202,0.0,0.0,0.0,0.0,0.0,0.0,0.0,0.0,39
89446caa8d3ffff,38,17.0,2.0526315789473686,0.15789473684210525,0.07894736842105263,9.38888888888889,0.0,0.3684210526315789,0.4473684210526316,0.0,0.05263157894736842,0.0,0.0,0.0,0.0,0.18421052631578946,0.15789473684210525,184
89446caa8d7ffff,2,2.0,2.0,0.0,0.0,7.5,0.0,1.0,0.0,1.0,0.0,0.0,0.0,0.0,0.0,0.0,0.0,67
89446caa8dbffff,75,14.0,2.5733333333333333,0.2,0.06666666666666667,8.837333333333333,0.0,0.17333333333333334,0.22666666666666666,0.04,0.13333333333333333,0.0,0.0,0.0,0.0,0.0,0.0,169
89446caa903ffff,48,19.0,2.0,0.3958333333333333,0.041666666666666664,8.840425531914894,0.0,0.0,0.0,0.75,0.0,0.0,0.0,0.0,0.0,0.0,0.2916666666666667,179
89446caa907ffff,12,6.0,2.0,0.4166666666666667,0.08333333333333333,9.333333333333334,0.0,0.0,0.0,0.8333333333333334,0.0,0.0,0.0,0.0,0.0,0.0,0.0,256
89446caa90bffff,11,3.0,2.0,0.6363636363636364,0.18181818181818182,7.545454545454546,0.0,0.0,0.0,0.0,0.0,0.0,0.0,0.0,0.0,0.0,0.0,176
89446caa90fffff,11,9.0,2.0,0.2727272727272727,0.0,10.0,0.0,0.0,0.0,1.0,0.0,0.0,0.0,0.0,0.0,0.0,0.0,122
89446caa913ffff,8,4.0,2.0,0.5,0.0,9.5,0.0,0.0,0.0,0.0,0.0,0.0,0.0,0.0,0.0,0.125,0.125,226
89446caa917ffff,74,26.0,2.0,0.28378378378378377,0.04054054054054054,9.336111111111112,0.0,0.0,0.3108108108108108,0.12162162162162163,0.0,0.0,0.0,0.0,0.0,0.0,0.0,263
89446caa91bffff,63,17.0,2.0,0.2698412698412698,0.047619047619047616,9.316666666666666,0.0,0.0,0.5396825396825397,0.3492063492063492,0.0,0.0,0.0,0.0,0.0,0.06349206349206349,0.0,144
89446caa923ffff,4,2.0,2.0,0.5,0.0,9.0,0.0,0.25,0.0,0.0,0.0,0.0,0.0,0.0,0.0,0.0,0.0,199
89446caa927ffff,62,15.0,2.0,0.20967741935483872,0.06451612903225806,8.28225806451613,0.0,0.7258064516129032,0.6935483870967742,0.03225806451612903,0.0,0.0,0.0,0.0,0.0,0.0,0.0,339
89446caa92bffff,46,13.0,2.0217391304347827,0.2391304347826087,0.021739130434782608,8.75,0.0,0.0,0.8695652173913043,0.0,0.0,0.0,0.0,0.0,0.0,0.0,0.0,117
89446caa92fffff,2,1.0,2.0,0.0,0.0,10.0,0.0,1.0,0.0,0.0,0.0,0.0,0.0,0.0,0.0,0.0,0.0,190
89446caa933ffff,50,14.0,2.0,0.26,0.06,9.210204081632654,0.0,0.62,0.34,0.28,0.04,0.0,0.0,0.0,0.0,0.0,0.0,119
89446caa937ffff,20,8.0,2.0,0.3,0.0,9.25,0.0,0.05,0.0,0.45,0.0,0.0,0.0,0.0,0.0,0.0,0.0,347
89446caa93bffff,19,10.0,2.0,0.21052631578947367,0.0,8.344444444444443,0.0,0.0,0.0,0.8947368421052632,0.0,0.0,0.0,0.05263157894736842,0.05263157894736842,0.0,0.0,155
89446caa943ffff,32,13.0,2.0,0.125,0.375,6.524137931034482,0.0,0.0,0.53125,0.0,0.0,0.0,0.0,0.0,0.0,0.0,0.0,84
89446caa947ffff,8,2.0,2.0,0.125,0.0,9.0,0.0,0.0,0.0,0.0,0.0,0.0,0.0,0.0,0.0,0.0,0.5,114
89446caa94bffff,4,2.0,2.0,0.5,0.25,6.3,0.0,0.0,0.0,0.0,0.0,0.0,0.0,0.0,0.0,0.0,0.0,55
89446caa94fffff,22,13.0,2.0,0.13636363636363635,0.09090909090909091,8.6,0.0,0.0,0.0,0.0,0.0,0.0,0.0,0.0,0.0,0.0,0.0,70
89446caa953ffff,4,4.0,2.0,0.0,0.25,10.0,0.0,0.0,0.25,0.0,0.25,0.0,0.0,0.0,0.0,0.0,0.0,103
89446caa957ffff,46,19.0,2.0,0.1956521739130435,0.06521739130434782,8.88586956521739,0.0,0.0,0.0,0.782608695652174,0.0,0.0,0.0,0.0,0.0,0.0,0.0,131
89446caa967ffff,50,10.0,2.02,0.24,0.08,8.76530612244898,0.0,0.0,0.92,0.08,0.0,0.0,0.0,0.0,0.0,0.0,0.0,125
89446caa96bffff,33,9.0,2.0,0.21212121212121213,0.06060606060606061,8.50625,0.0,0.0,0.9393939393939394,0.0,0.0,0.0,0.0,0.0,0.0,0.0,0.0,95
89446caa96fffff,14,5.0,2.0,0.07142857142857142,0.07142857142857142,9.785714285714286,0.0,0.0,0.8571428571428571,0.14285714285714285,0.0,0.0,0.0,0.0,0.0,0.0,0.0,175
89446caa977ffff,32,14.0,2.0,0.375,0.03125,8.953125,0.0,0.0,0.0,0.90625,0.0,0.0,0.0,0.0,0.0,0.0,0.0,126
89446caa97bffff,3,0.0,2.0,0.3333333333333333,0.0,8.333333333333334,0.0,0.0,0.0,0.0,0.0,0.0,0.0,0.0,0.0,0.0,0.0,85
89446caa983ffff,5,0.0,2.0,0.2,0.0,9.8,0.0,0.0,0.0,0.0,0.0,0.0,0.0,0.0,0.0,0.0,0.0,101
89446caa987ffff,20,12.0,2.0,0.35,0.1,8.3,0.0,0.0,0.0,0.35,0.0,0.0,0.0,0.0,0.0,0.0,0.0,178
89446caa98bffff,9,7.0,2.0,0.3333333333333333,0.0,9.88888888888889,0.0,0.0,0.0,0.0,0.0,0.0,0.0,0.0,0.0,0.0,0.0,75
89446caa98fffff,14,7.0,2.0,0.2857142857142857,0.0,8.714285714285714,0.0,0.0,0.0,0.0,0.0,0.0,0.0,0.0,0.0,0.0,0.0,243
89446caa993ffff,24,13.0,2.0,0.08333333333333333,0.08333333333333333,9.391304347826088,0.0,0.0,0.041666666666666664,0.0,0.0,0.0,0.0,0.0,0.0,0.0,0.0,97
89446caa997ffff,16,8.0,2.0,0.4375,0.0,8.65625,0.0,0.0,0.0,0.0625,0.0,0.0,0.0,0.0,0.0,0.0,0.0,111
89446caa99bffff,18,6.0,2.0,0.0,0.05555555555555555,8.765625,0.0,0.0,0.6666666666666666,0.0,0.0,0.0,0.0,0.0,0.0,0.0,0.0,57
89446caa9a3ffff,30,11.0,2.0,0.2,0.03333333333333333,9.483333333333333,0.0,0.43333333333333335,0.3,0.3333333333333333,0.0,0.0,0.0,0.0,0.0,0.0,0.0,226
89446caa9a7ffff,10,2.0,2.0,0.1,0.0,9.11111111111111,0.0,0.0,0.0,0.0,0.0,0.0,0.0,0.0,0.0,0.0,0.0,79
89446caa9abffff,54,16.0,2.0,0.18518518518518517,0.09259259259259259,8.773584905660377,0.0,0.6481481481481481,0.2962962962962963,0.5185185185185185,0.0,0.0,0.0,0.0,0.0,0.0,0.0,303
89446caa9afffff,10,4.0,2.0,0.2,0.0,9.0,0.0,0.2,0.0,0.8,0.0,0.0,0.0,0.5,0.5,0.0,0.0,166
89446caa9b3ffff,5,2.0,2.0,0.0,0.0,10.0,0.0,0.0,0.0,0.0,0.0,0.0,0.0,0.0,0.0,0.0,0.0,210
89446caa9b7ffff,20,10.0,2.0,0.35,0.0,8.85,0.0,0.0,0.8,0.0,0.0,0.0,0.0,0.0,0.0,0.0,0.0,89
89446caa9bbffff,127,45.0,1.9921259842519685,0.16535433070866143,0.07874015748031496,9.25,0.0,0.6692913385826772,0.6692913385826772,0.18110236220472442,0.0,0.0,0.0,0.0,0.0,0.0,0.0,197
89446caa9c7ffff,18,3.0,2.0,0.1111111111111111,0.05555555555555555,9.100000000000001,0.0,0.0,0.0,0.0,0.0,0.0,0.0,0.0,0.0,0.0,0.0,105
89446caa9cbffff,12,8.0,2.0,0.3333333333333333,0.16666666666666666,9.909090909090908,0.0,0.0,0.0,0.0,0.0,0.0,0.0,0.0,0.0,0.0,0.0,22
89446caa9cfffff,13,6.0,2.0,0.46153846153846156,0.07692307692307693,9.038461538461538,0.0,0.0,0.0,0.3076923076923077,0.0,0.0,0.0,0.0,0.0,0.0,0.0,143
89446caa9d7ffff,12,1.0,2.0,0.4166666666666667,0.08333333333333333,8.1,0.0,0.0,0.9166666666666666,0.0,0.0,0.0,0.0,0.0,0.0,0.9166666666666666,0.0,49
89446caa9dbffff,3,2.0,2.0,0.6666666666666666,0.0,4.666666666666667,0.0,0.0,0.0,1.0,0.0,0.0,0.0,0.0,0.0,0.0,0.0,14
89446caaa03ffff,3,0.0,2.0,0.0,0.0,9.666666666666666,0.0,0.0,0.0,0.0,0.0,0.0,0.0,0.0,0.0,0.0,0.0,17
89446caaa07ffff,3,3.0,2.0,1.0,0.3333333333333333,9.0,0.0,0.0,0.0,0.0,0.0,0.0,0.0,0.0,0.0,0.0,0.0,11
89446caaa0bffff,1,1.0,2.0,1.0,0.0,9.0,0.0,0.0,0.0,1.0,0.0,0.0,0.0,0.0,0.0,0.0,0.0,12
89446caaa0fffff,8,5.0,2.0,0.125,0.125,9.0,0.0,0.125,0.0,0.0,0.0,0.0,0.0,0.0,0.0,0.0,0.0,8
89446caaa13ffff,5,0.0,2.0,0.0,0.2,8.0,0.0,0.0,0.0,0.0,0.0,0.0,0.0,0.0,0.0,0.0,0.0,12
89446caaa43ffff,5,1.0,2.0,0.0,0.0,8.4,0.0,0.0,0.0,0.0,0.0,0.0,0.0,0.0,0.0,0.0,0.0,20
89446caaa47ffff,1,0.0,2.0,0.0,1.0,9.0,0.0,0.0,0.0,1.0,0.0,0.0,0.0,0.0,0.0,0.0,0.0,10
89446caaa4bffff,11,2.0,2.0,0.09090909090909091,0.09090909090909091,8.545454545454545,0.0,0.0,0.0,0.0,0.0,0.0,0.0,0.0,0.0,0.0,0.0,57
89446caaa4fffff,2,2.0,2.0,0.5,0.0,10.0,0.0,0.0,0.0,0.0,0.0,0.0,0.0,0.0,0.0,0.0,0.0,53
89446caaa53ffff,1,0.0,2.0,0.0,0.0,9.0,0.0,0.0,0.0,0.0,0.0,0.0,0.0,0.0,0.0,0.0,0.0,36
89446caaa5bffff,5,1.0,2.0,0.2,0.0,9.6,0.0,0.0,0.0,0.0,0.0,0.0,0.0,0.0,0.0,0.0,0.0,60
89446caaa67ffff,1,0.0,2.0,1.0,0.0,10.0,0.0,0.0,0.0,0.0,0.0,0.0,0.0,0.0,0.0,0.0,0.0,1
89446caaa77ffff,1,0.0,2.0,0.0,0.0,10.0,0.0,0.0,0.0,0.0,0.0,0.0,0.0,0.0,0.0,0.0,1.0,9
89446caaa7bffff,2,1.0,2.0,0.0,0.0,9.5,0.0,0.0,0.0,0.0,0.0,0.0,0.0,0.0,0.0,0.0,0.0,6
89446caaa8bffff,6,4.0,2.0,0.0,0.0,10.0,0.0,1.0,0.0,1.0,0.0,0.0,0.0,0.0,0.0,0.0,0.6666666666666666,50
89446caaa8fffff,2,1.0,2.0,0.0,0.0,8.0,0.0,0.0,0.0,0.0,0.0,0.0,0.0,0.0,0.0,0.0,0.0,11
89446caaa93ffff,9,2.0,2.0,0.1111111111111111,0.0,8.355555555555556,0.0,0.0,0.0,0.0,0.0,0.0,0.0,0.0,0.0,1.0,0.0,8
89446caaa97ffff,1,0.0,2.0,1.0,0.0,10.0,0.0,0.0,0.0,0.0,0.0,0.0,0.0,0.0,0.0,0.0,0.0,24
89446caaa9bffff,5,2.0,2.0,0.2,0.4,6.8,0.0,0.0,0.0,0.2,0.0,0.0,0.0,0.0,0.0,0.0,0.0,69
89446caaac3ffff,5,3.0,2.0,0.0,0.0,9.8,0.0,0.0,0.0,0.8,0.0,0.0,0.0,0.0,0.0,0.0,0.0,41
89446caaac7ffff,1,1.0,2.0,1.0,0.0,10.0,0.0,0.0,0.0,1.0,0.0,0.0,0.0,0.0,0.0,0.0,0.0,54
89446caaacfffff,1,1.0,2.0,0.0,1.0,9.0,0.0,0.0,0.0,0.0,0.0,0.0,0.0,0.0,0.0,0.0,0.0,7
89446caaad7ffff,37,13.0,2.0,0.13513513513513514,0.02702702702702703,9.277777777777779,0.0,0.6216216216216216,0.4864864864864865,0.08108108108108109,0.0,0.0,0.0,0.0,0.0,0.0,0.0,33
89446caaadbffff,2,1.0,2.0,0.0,0.0,8.5,0.0,0.0,0.0,0.0,0.0,0.0,0.0,0.0,0.0,0.0,0.0,8
89446caab23ffff,1,0.0,2.0,0.0,0.0,10.0,0.0,0.0,0.0,0.0,0.0,0.0,0.0,0.0,0.0,0.0,0.0,235
89446caab27ffff,102,30.0,2.2941176470588234,0.23529411764705882,0.049019607843137254,9.037373737373738,0.4019607843137255,0.0,0.5196078431372549,0.0,0.0,0.0,0.0,0.0,0.0,0.0,0.0,169
89446caab2fffff,106,14.0,2.490566037735849,0.2169811320754717,0.04716981132075472,9.153465346534654,0.018867924528301886,0.0,0.009433962264150943,0.0,0.0,0.0,0.0,0.0,0.0,0.0,0.0,258
89446caab33ffff,26,5.0,2.0,0.07692307692307693,0.0,9.0,0.0,0.0,0.8461538461538461,0.0,0.0,0.0,0.0,0.0,0.0,0.0,0.0,27
89446caab37ffff,1,1.0,2.0,0.0,0.0,10.0,0.0,0.0,0.0,0.0,0.0,0.0,0.0,0.0,0.0,0.0,0.0,157
89446caab4fffff,1,1.0,2.0,1.0,0.0,10.0,0.0,0.0,0.0,0.0,0.0,0.0,0.0,0.0,0.0,0.0,0.0,3
89446caab63ffff,2,1.0,2.0,0.5,0.0,9.0,0.0,0.0,0.0,0.0,0.0,0.0,0.0,0.0,0.0,0.0,0.0,328
89446caab67ffff,287,48.0,2.529616724738676,0.23344947735191637,0.05226480836236934,9.12322695035461,0.2508710801393728,0.0,0.1951219512195122,0.0,0.0,0.0,0.0,0.0,0.0,0.0,0.0,772
89446caab6fffff,18,2.0,2.0555555555555554,0.2222222222222222,0.0,8.722222222222221,0.0,0.0,0.0,0.0,0.0,0.0,0.0,0.0,0.0,0.0,0.0,975
89446caab77ffff,20,5.0,2.45,0.2,0.0,9.15,0.2,0.0,0.0,0.0,0.0,0.0,0.0,0.0,0.0,0.0,0.0,289
89446caab7bffff,3,0.0,2.0,0.3333333333333333,0.0,10.0,0.0,0.0,0.0,0.0,0.0,0.0,0.0,0.0,0.0,0.0,0.0,3
89446caaba3ffff,21,7.0,2.0,0.19047619047619047,0.0,9.026315789473685,0.0,0.0,0.0,0.8571428571428571,0.0,0.0,0.0,0.0,0.0,0.0,0.0,48
89446caababffff,25,3.0,2.0,0.04,0.04,9.16,0.0,0.0,0.96,0.0,0.0,0.0,0.0,0.0,0.0,0.0,0.0,47
89446caabb3ffff,1,0.0,2.0,0.0,0.0,10.0,0.0,0.0,0.0,0.0,0.0,0.0,0.0,0.0,0.0,0.0,0.0,69
89446caabb7ffff,22,9.0,2.0,0.18181818181818182,0.0,9.545454545454545,0.0,0.0,0.0,0.18181818181818182,0.0,0.0,0.0,0.0,0.0,0.0,0.0,80
89446caac07ffff,2,0.0,2.0,0.0,1.0,2.0,0.0,0.5,0.0,0.0,0.0,0.0,0.0,0.0,0.0,0.0,0.0,12
89446caac0bffff,19,8.0,2.0,0.21052631578947367,0.0,8.936842105263159,0.0,0.9473684210526315,0.5789473684210527,0.0,0.0,0.0,0.0,0.0,0.0,0.0,0.0,97
89446caac13ffff,31,10.0,2.0,0.12903225806451613,0.06451612903225806,8.459677419354838,0.0,0.967741935483871,0.7741935483870968,0.0,0.0,0.0,0.0,0.0,0.0,0.0,0.0,14
89446caac17ffff,2,0.0,2.0,0.0,0.0,10.0,0.0,1.0,0.0,0.0,0.0,0.0,0.0,0.0,0.0,0.0,0.0,65
89446caac1bffff,1,0.0,2.0,0.0,0.0,9.0,0.0,1.0,0.0,0.0,0.0,0.0,0.0,0.0,0.0,0.0,0.0,150
89446caac23ffff,38,3.0,2.0,0.15789473684210525,0.02631578947368421,8.805555555555555,0.0,0.868421052631579,0.8947368421052632,0.0,0.0,0.0,0.0,0.0,0.0,0.0,0.0,99
89446caac27ffff,72,30.0,2.0,0.2222222222222222,0.05555555555555555,9.31338028169014,0.0,0.0,0.3055555555555556,0.0,0.0,0.0,0.0,0.0,0.0,0.1527777777777778,0.013888888888888888,72
89446caac2bffff,6,2.0,2.0,0.16666666666666666,0.16666666666666666,6.2,0.0,0.0,0.0,0.0,0.0,0.0,0.0,0.0,0.0,0.0,0.0,85
89446caac2fffff,1,1.0,2.0,0.0,0.0,10.0,0.0,0.0,0.0,0.0,0.0,0.0,0.0,0.0,0.0,0.0,0.0,125
89446caac33ffff,8,4.0,2.0,0.125,0.0,9.0,0.0,0.625,0.0,0.0,0.0,0.0,0.0,0.0,0.0,0.0,0.0,52
89446caac37ffff,10,6.0,2.0,0.0,0.1,9.2,0.0,0.0,0.0,0.0,0.0,0.0,0.0,0.0,0.0,0.0,0.0,139
89446caac3bffff,2,1.0,2.0,0.5,0.0,9.5,0.0,0.5,0.0,0.0,0.0,0.0,0.0,0.0,0.0,0.0,0.0,56
89446caac43ffff,2,1.0,2.0,0.5,0.0,10.0,0.0,0.0,0.0,0.0,0.0,0.0,0.0,1.0,1.0,0.0,0.0,106
89446caac47ffff,88,20.0,2.034090909090909,0.23863636363636365,0.011363636363636364,9.267241379310345,0.0,0.9659090909090909,0.9545454545454546,0.0,0.125,0.0,0.0,0.0,0.0,0.0,0.011363636363636364,38
89446caac4fffff,7,3.0,2.0,0.2857142857142857,0.0,9.571428571428571,0.0,0.7142857142857143,0.0,0.7142857142857143,0.0,0.0,0.0,0.0,0.0,0.0,0.0,118
89446caac53ffff,4,1.0,2.0,0.25,0.0,9.0,0.0,0.75,0.0,0.0,0.0,0.0,0.0,0.0,0.0,0.0,0.0,102
89446caac57ffff,6,2.0,2.0,0.16666666666666666,0.0,10.0,0.0,0.0,0.0,0.3333333333333333,0.0,0.0,0.0,0.0,0.0,0.0,0.0,204
89446caac5bffff,1,1.0,2.0,0.0,0.0,10.0,0.0,1.0,0.0,0.0,0.0,0.0,0.0,0.0,0.0,0.0,0.0,10
89446caac63ffff,2,1.0,2.0,0.0,0.0,6.5,0.0,0.0,0.0,0.0,0.0,0.0,0.0,0.0,0.0,0.0,0.0,64
89446caac67ffff,41,16.0,2.0,0.12195121951219512,0.024390243902439025,9.5125,0.0,0.5609756097560976,0.5853658536585366,0.04878048780487805,0.0,0.0,0.0,0.0,0.0,0.04878048780487805,0.0,26
89446caac6bffff,3,2.0,2.0,0.0,0.0,10.0,0.0,0.0,0.0,0.0,0.0,0.0,0.0,0.0,0.0,0.0,0.0,154
89446caac6fffff,14,5.0,2.0,0.14285714285714285,0.07142857142857142,9.928571428571429,0.0,0.0,0.0,0.2857142857142857,0.0,0.0,0.0,0.0,0.0,0.2857142857142857,0.0,87
89446caac73ffff,2,1.0,2.0,0.5,0.0,10.0,0.0,1.0,0.0,0.0,0.0,0.0,0.0,0.0,0.0,0.0,0.0,113
89446caac77ffff,2,2.0,2.0,0.5,0.0,10.0,0.0,0.0,0.0,0.0,0.0,0.0,0.0,0.0,0.0,0.0,0.0,53
89446caac7bffff,2,0.0,2.0,0.0,0.0,10.0,0.5,0.0,0.0,0.0,0.0,0.0,0.0,0.0,0.0,0.0,0.0,119
89446caac83ffff,5,3.0,2.0,0.6,0.0,10.0,0.0,1.0,0.0,0.0,0.0,0.0,0.0,0.0,0.0,0.0,0.0,51
89446caac87ffff,3,1.0,2.0,0.3333333333333333,0.6666666666666666,6.266666666666667,0.0,1.0,0.0,0.6666666666666666,0.0,0.0,0.0,0.0,0.0,0.0,0.0,76
89446caac8bffff,5,0.0,2.0,0.0,0.0,5.279999999999999,0.0,1.0,0.0,0.0,0.0,0.0,0.0,0.0,0.0,0.0,0.0,43
89446caac8fffff,2,1.0,2.0,0.0,0.0,6.5,0.0,0.5,0.0,0.0,0.0,0.0,0.0,0.0,0.0,0.0,0.0,76
89446caac93ffff,5,2.0,2.0,0.0,0.2,7.15,0.0,0.4,0.0,0.0,0.0,0.0,0.0,0.0,0.0,0.0,0.0,53
89446caac97ffff,36,8.0,2.0277777777777777,0.16666666666666666,0.0,9.257142857142858,0.0,1.0,0.9166666666666666,0.0,0.0,0.0,0.0,0.0,0.0,0.0,0.0,38
89446caaca3ffff,1,0.0,2.0,1.0,0.0,8.0,0.0,0.0,0.0,0.0,0.0,0.0,0.0,0.0,0.0,0.0,0.0,36
89446caacb3ffff,2,1.0,2.0,0.5,0.5,10.0,0.0,0.5,0.0,0.0,0.0,0.0,0.0,0.0,0.0,0.0,0.0,39
89446caacb7ffff,4,2.0,2.0,0.0,0.0,7.5,0.0,1.0,0.0,0.0,0.0,0.0,0.0,0.0,0.0,0.0,0.0,10
89446caacbbffff,30,9.0,2.033333333333333,0.06666666666666667,0.0,9.06,0.0,0.9333333333333333,0.9333333333333333,0.0,0.0,0.0,0.0,0.0,0.0,0.0,0.0,10
89446caacc3ffff,18,13.0,2.0,0.16666666666666666,0.0,9.555555555555555,0.0,0.6666666666666666,0.0,0.4444444444444444,0.0,0.0,0.0,0.16666666666666666,0.16666666666666666,0.0,0.0,141
89446caacc7ffff,4,2.0,2.0,0.0,0.0,9.0,0.0,1.0,0.0,0.0,0.0,0.0,0.0,0.0,0.0,0.0,0.0,146
89446caaccfffff,90,25.0,2.0,0.23333333333333334,0.044444444444444446,8.956818181818182,0.0,1.0,0.9,0.0,0.0,0.0,0.0,0.0,0.0,0.0,0.011111111111111112,33
89446caacd3ffff,46,12.0,2.0,0.21739130434782608,0.021739130434782608,8.842857142857142,0.0,0.6956521739130435,0.2826086956521739,0.0,0.0,0.0,0.0,0.0,0.0,0.17391304347826086,0.0,24
89446caacd7ffff,1,0.0,2.0,0.0,0.0,10.0,0.0,1.0,0.0,0.0,0.0,0.0,0.0,0.0,0.0,0.0,0.0,76
89446caad03ffff,3,0.0,2.0,0.0,0.0,9.333333333333334,0.0,0.0,0.0,0.0,0.0,0.0,0.0,0.0,0.0,0.0,0.0,28
89446caad07ffff,13,6.0,2.0,0.23076923076923078,0.15384615384615385,8.676923076923076,0.0,0.0,0.0,0.0,0.0,0.0,0.0,0.0,0.0,0.0,0.0,60
89446caad0fffff,4,2.0,2.0,0.25,0.25,10.0,0.0,1.0,0.0,1.0,0.0,0.0,0.0,0.0,0.0,0.0,0.0,60
89446caad13ffff,1,0.0,2.0,0.0,0.0,10.0,0.0,0.0,0.0,0.0,0.0,0.0,0.0,0.0,0.0,0.0,0.0,69
89446caad17ffff,9,3.0,2.0,0.2222222222222222,0.1111111111111111,9.166666666666666,0.0,0.5555555555555556,0.0,0.0,0.0,0.0,0.0,0.0,0.0,0.0,0.0,50
89446caad1bffff,1,1.0,2.0,0.0,0.0,10.0,0.0,1.0,0.0,1.0,0.0,0.0,0.0,0.0,0.0,0.0,0.0,11
89446caad23ffff,2,0.0,2.0,0.5,0.0,10.0,0.0,0.0,0.0,0.0,0.0,0.0,0.0,0.0,0.0,0.0,0.0,132
89446caad27ffff,6,4.0,2.0,0.3333333333333333,0.0,9.833333333333334,0.0,0.0,0.5,0.0,0.0,0.0,0.0,0.0,0.0,0.0,0.0,90
89446caad2bffff,6,0.0,2.0,0.0,0.0,8.416666666666666,0.0,0.0,0.0,0.0,0.0,0.0,0.0,0.0,0.0,0.0,0.0,106
89446caad2fffff,49,14.0,2.0,0.32653061224489793,0.16326530612244897,8.281632653061225,0.0,0.0,0.8979591836734694,0.0,0.0,0.0,0.0,0.0,0.0,0.0,0.0,56
89446caad33ffff,16,7.0,2.0,0.3125,0.0625,9.75,0.0,0.0,0.0,0.0,0.0,0.0,0.0,0.0,0.0,0.0,0.0,74
89446caad37ffff,27,15.0,2.0,0.48148148148148145,0.0,9.24,0.0,0.0,0.0,0.2222222222222222,0.0,0.0,0.0,0.0,0.0,0.0,0.0,98
89446caad3bffff,28,6.0,2.0,0.35714285714285715,0.03571428571428571,8.22962962962963,0.0,0.8571428571428571,0.8571428571428571,0.0,0.0,0.0,0.0,0.0,0.0,0.0,0.0,41
89446caad43ffff,4,3.0,2.0,0.5,0.0,9.75,0.0,0.0,0.0,0.0,0.0,0.0,0.0,0.0,0.0,0.0,0.0,22
89446caad47ffff,2,2.0,2.0,0.5,0.0,10.0,0.0,0.0,0.0,0.0,0.0,0.0,0.0,0.0,0.0,0.0,0.0,25
89446caad4bffff,7,3.0,2.0,0.14285714285714285,0.0,7.708333333333333,0.0,1.0,0.0,1.0,0.0,0.0,0.0,0.0,0.0,0.0,0.0,33
89446caad4fffff,2,1.0,2.0,0.5,0.0,10.0,0.0,0.0,0.0,0.0,0.0,0.0,0.0,0.0,0.0,0.0,0.0,39
89446caad53ffff,2,1.0,2.0,0.5,0.0,9.5,0.0,0.0,0.0,0.0,0.0,0.0,0.0,0.0,0.0,0.0,0.0,102
89446caad57ffff,2,2.0,2.0,0.5,0.0,10.0,0.0,0.5,0.0,0.0,0.0,0.0,0.0,0.0,0.0,0.0,0.0,12
89446caad5bffff,7,4.0,2.0,0.0,0.0,9.428571428571429,0.0,0.0,0.0,0.0,0.0,0.0,0.0,0.0,0.0,0.0,0.0,87
89446caad63ffff,1,0.0,2.0,1.0,0.0,10.0,0.0,0.0,0.0,0.0,0.0,0.0,0.0,0.0,0.0,0.0,0.0,24
89446caad67ffff,3,1.0,2.0,0.0,0.0,10.0,0.0,1.0,0.0,0.0,0.0,0.0,0.0,0.0,0.0,0.0,0.0,53
89446caad6fffff,4,1.0,2.0,0.25,0.0,8.5,0.0,0.0,0.0,0.0,0.0,0.0,0.0,0.0,0.0,0.0,0.0,34
89446caad73ffff,16,3.0,2.0,0.375,0.0,8.933333333333334,0.0,0.75,0.75,0.0,0.0,0.0,0.0,0.0,0.0,0.0,0.0,8
89446caad7bffff,1,1.0,2.0,0.0,0.0,10.0,0.0,0.0,0.0,0.0,0.0,0.0,0.0,0.0,0.0,0.0,0.0,28
89446caad83ffff,18,6.0,2.0,0.3333333333333333,0.0,9.5625,0.0,0.0,0.0,0.5555555555555556,0.0,0.0,0.0,0.0,0.0,0.0,0.0,78
89446caad87ffff,7,2.0,2.0,0.14285714285714285,0.0,8.457142857142857,0.0,0.42857142857142855,0.0,1.0,0.0,0.0,0.0,0.0,0.0,0.0,0.0,64
89446caad8bffff,23,1.0,2.0,0.043478260869565216,0.0,9.631578947368421,0.0,0.0,0.9565217391304348,0.0,0.0,0.0,0.0,0.0,0.0,0.9565217391304348,0.0,64
89446caad8fffff,31,9.0,2.0,0.1935483870967742,0.06451612903225806,9.583333333333334,0.0,0.5806451612903226,0.6129032258064516,0.0,0.0,0.0,0.0,0.0,0.0,0.16129032258064516,0.0,60
89446caad93ffff,1,0.0,2.0,0.0,0.0,10.0,0.0,0.0,0.0,0.0,0.0,0.0,0.0,0.0,0.0,0.0,0.0,42
89446caad97ffff,6,6.0,2.0,0.3333333333333333,0.0,10.0,0.0,0.0,0.0,1.0,0.0,0.0,0.0,0.0,0.0,0.0,0.0,33
89446caad9bffff,10,3.0,2.0,0.3,0.0,8.3,0.0,0.2,0.0,0.2,0.0,0.0,0.0,0.0,0.0,0.0,0.0,51
89446caada7ffff,3,0.0,2.0,0.0,0.0,5.833333333333333,0.0,1.0,0.0,1.0,0.0,0.0,0.0,0.0,0.0,0.0,0.0,94
89446caadafffff,4,2.0,2.0,0.5,0.0,10.0,0.0,0.0,0.0,0.5,0.0,0.0,0.0,0.0,0.0,0.0,0.0,111
89446caadb3ffff,1,1.0,2.0,1.0,0.0,10.0,0.0,0.0,0.0,1.0,0.0,0.0,0.0,0.0,0.0,0.0,0.0,24
89446caadb7ffff,4,1.0,2.0,0.0,0.0,9.75,0.0,0.25,0.0,1.0,0.0,0.0,0.0,0.0,0.0,0.0,0.0,19
89446caadbbffff,2,1.0,2.0,0.5,0.0,9.5,0.0,0.0,0.0,0.5,0.0,0.0,0.0,0.0,0.0,0.0,0.0,48
89446caadc3ffff,14,8.0,2.0,0.35714285714285715,0.0,8.785714285714286,0.0,0.0,0.0,0.0,0.0,0.0,0.0,0.0,0.0,0.9285714285714286,0.0,29
89446caadc7ffff,2,2.0,2.0,0.0,0.0,10.0,0.0,0.0,0.0,0.0,0.0,0.0,0.0,0.0,0.0,0.0,0.0,44
89446caadcbffff,14,10.0,2.0,0.5714285714285714,0.35714285714285715,8.5,0.0,0.0,0.0,0.0,0.0,0.0,0.0,0.0,0.0,0.0,0.0,108
89446caadcfffff,3,2.0,2.0,0.3333333333333333,0.0,7.333333333333333,0.0,0.0,0.0,0.0,0.0,0.0,0.0,0.0,0.0,0.0,0.0,35
89446caadd3ffff,1,0.0,2.0,0.0,0.0,10.0,0.0,0.0,0.0,0.0,0.0,0.0,0.0,0.0,0.0,0.0,0.0,23
89446caadd7ffff,2,0.0,2.0,0.0,0.0,6.5,0.0,0.0,0.0,0.0,0.0,0.0,0.0,0.0,0.0,0.0,0.0,50
89446caaddbffff,7,1.0,2.0,0.14285714285714285,0.0,9.857142857142858,0.0,0.5714285714285714,0.0,0.0,0.0,0.0,0.0,0.0,0.0,0.0,0.14285714285714285,39
89446caae03ffff,1,1.0,2.0,1.0,0.0,6.0,0.0,0.0,0.0,0.0,0.0,0.0,0.0,0.0,0.0,0.0,0.0,157
89446caae07ffff,23,6.0,2.6956521739130435,0.34782608695652173,0.17391304347826086,9.523809523809524,0.043478260869565216,0.0,0.0,0.8260869565217391,0.0,0.0,0.0,0.0,0.0,0.0,0.0,31
89446caae0bffff,99,33.0,2.505050505050505,0.25252525252525254,0.10101010101010101,8.495408163265306,0.0,0.0,0.7676767676767676,0.0,0.0,0.0,0.0,0.0,0.0,0.0,0.010101010101010102,69
89446caae0fffff,25,10.0,2.44,0.36,0.08,8.68,0.0,0.0,0.0,0.0,0.0,0.0,0.0,0.0,0.0,0.0,0.0,137
89446caae13ffff,9,2.0,2.0,0.1111111111111111,0.0,9.625,0.0,0.7777777777777778,0.0,0.7777777777777778,0.0,0.0,0.0,0.0,0.0,0.0,0.0,6
89446caae1bffff,1,0.0,2.0,0.0,0.0,5.0,0.0,0.0,0.0,0.0,0.0,0.0,0.0,0.0,0.0,0.0,0.0,142
89446caae23ffff,10,2.0,2.0,0.0,0.0,9.8,0.0,0.0,0.0,0.0,0.0,0.0,0.0,0.0,0.0,0.5,0.0,16
89446caae2fffff,1,0.0,2.0,0.0,0.0,10.0,0.0,0.0,0.0,0.0,0.0,0.0,0.0,0.0,0.0,0.0,0.0,34
89446caae37ffff,13,3.0,2.0,0.15384615384615385,0.0,9.615384615384615,0.0,0.0,0.0,0.9230769230769231,0.0,0.0,0.0,0.0,0.0,0.0,0.0,113
89446caae3bffff,2,1.0,2.0,0.0,0.0,10.0,0.0,0.0,0.0,0.0,0.0,0.0,0.0,0.0,0.0,0.0,0.0,58
89446caae43ffff,7,4.0,2.5714285714285716,0.42857142857142855,0.0,10.0,0.0,0.0,0.0,0.0,0.0,0.0,0.0,0.0,0.0,0.0,0.0,58
89446caae47ffff,17,10.0,2.6470588235294117,0.4117647058823529,0.058823529411764705,9.382352941176471,0.29411764705882354,0.0,0.0,0.0,0.0,0.0,0.0,0.0,0.0,0.0,0.0,135
89446caae4bffff,20,12.0,2.25,0.2,0.05,9.5,0.0,0.0,0.0,0.0,0.0,0.0,0.0,0.0,0.0,0.0,0.0,272
89446caae4fffff,1,1.0,2.0,1.0,0.0,10.0,0.0,0.0,0.0,0.0,0.0,0.0,0.0,0.0,0.0,0.0,0.0,48
89446caae57ffff,13,8.0,2.0,0.3076923076923077,0.07692307692307693,9.23076923076923,0.0,0.0,0.0,0.0,0.0,0.0,0.0,0.0,0.0,0.0,0.0,144
89446caae5bffff,7,6.0,2.0,0.5714285714285714,0.0,9.857142857142858,0.0,0.0,0.0,0.0,0.0,0.0,0.0,0.0,0.0,0.0,0.0,230
89446caae63ffff,11,5.0,2.0,0.0,0.18181818181818182,7.545454545454546,0.0,0.0,0.8181818181818182,0.0,0.0,0.0,0.0,0.0,0.0,0.0,0.0,32
89446caae67ffff,1,1.0,2.0,1.0,0.0,10.0,0.0,0.0,0.0,0.0,0.0,0.0,0.0,0.0,0.0,0.0,0.0,41
89446caae6fffff,16,5.0,2.0,0.25,0.0,8.23125,0.0,0.0,0.5,0.1875,0.0,0.0,0.0,0.0,0.0,0.1875,0.0,54
89446caae73ffff,12,2.0,2.0,0.0,0.0,8.75,0.0,0.0,0.0,0.0,0.0,0.0,0.0,0.0,0.0,0.0,0.0,155
89446caae7bffff,3,3.0,2.0,0.0,0.0,10.0,0.0,0.0,0.0,0.3333333333333333,0.0,0.0,0.0,0.0,0.0,0.0,0.0,42
89446caae87ffff,2,1.0,2.0,0.5,0.0,6.0,0.0,0.5,0.5,0.0,0.0,0.0,0.0,0.0,0.0,0.0,0.0,15
89446caae8fffff,4,2.0,2.0,0.25,0.25,6.25,0.0,1.0,0.0,1.0,0.0,0.0,0.0,0.0,0.0,0.0,0.0,13
89446caae93ffff,1,0.0,2.0,0.0,0.0,10.0,0.0,1.0,0.0,0.0,0.0,0.0,0.0,0.0,0.0,0.0,0.0,6
89446caaea3ffff,2,1.0,2.0,0.0,0.0,10.0,0.0,0.0,0.0,0.0,0.0,0.0,0.0,0.0,0.0,0.0,0.0,137
89446caaea7ffff,81,30.0,2.617283950617284,0.18518518518518517,0.07407407407407407,8.99102564102564,0.0,0.20987654320987653,0.19753086419753085,0.0,0.0,0.0,0.0,0.0,0.0,0.0,0.0,160
89446caaeabffff,3,1.0,2.3333333333333335,0.3333333333333333,0.0,9.0,0.0,0.0,0.0,0.0,0.0,0.0,0.0,0.0,0.0,0.0,0.0,52
89446caaeafffff,25,10.0,2.72,0.4,0.12,9.25,0.08,0.24,0.0,0.0,0.0,0.0,0.0,0.0,0.0,0.0,0.0,174
89446caaeb3ffff,9,3.0,2.0,0.1111111111111111,0.0,8.722222222222221,0.0,0.6666666666666666,0.0,0.1111111111111111,0.0,0.0,0.0,0.0,0.0,0.0,0.0,30
89446caaeb7ffff,17,10.0,2.3529411764705883,0.29411764705882354,0.058823529411764705,8.735294117647058,0.0,0.4117647058823529,0.0,0.4117647058823529,0.0,0.0,0.0,0.4117647058823529,0.4117647058823529,0.0,0.0,104
89446caaebbffff,2,1.0,2.0,0.5,0.0,9.5,0.0,0.0,0.0,0.0,0.0,0.0,0.0,0.0,0.0,0.0,0.0,20
89446caaec3ffff,3,2.0,2.0,0.3333333333333333,0.0,9.666666666666666,0.0,0.0,0.0,0.3333333333333333,0.0,0.0,0.0,0.0,0.0,0.0,0.0,44
89446caaecbffff,1,0.0,2.0,1.0,0.0,4.0,0.0,0.0,0.0,0.0,0.0,0.0,0.0,0.0,0.0,0.0,0.0,89
89446caaecfffff,20,8.0,2.0,0.25,0.0,9.225,0.0,0.8,0.8,0.0,0.0,0.0,0.0,0.0,0.0,0.0,0.0,18
89446caaed3ffff,11,2.0,2.0,0.45454545454545453,0.0,9.545454545454545,0.0,0.0,0.8181818181818182,0.0,0.0,0.0,0.0,0.0,0.0,0.0,0.0,67
89446caaed7ffff,1,1.0,2.0,1.0,0.0,10.0,0.0,0.0,0.0,0.0,0.0,0.0,0.0,0.0,0.0,0.0,0.0,14
89446caaedbffff,11,6.0,2.090909090909091,0.2727272727272727,0.0,8.35,0.7272727272727273,0.0,0.0,0.0,0.0,0.0,0.0,0.0,0.0,0.0,0.0,42
89446cab003ffff,1,0.0,2.0,0.0,0.0,10.0,0.0,0.0,0.0,0.0,0.0,0.0,0.0,0.0,0.0,0.0,0.0,70
89446cab007ffff,2,0.0,2.0,0.5,0.0,10.0,0.0,0.0,0.0,0.0,0.0,0.0,0.0,0.0,0.0,0.0,0.0,55
89446cab00bffff,6,2.0,2.0,0.0,0.0,6.366666666666667,0.0,0.3333333333333333,0.3333333333333333,0.0,0.0,0.0,0.0,0.0,0.0,0.6666666666666666,0.0,63
89446cab00fffff,37,7.0,2.0,0.13513513513513514,0.05405405405405406,9.42361111111111,0.0,0.5675675675675675,0.4864864864864865,0.0,0.0,0.0,0.0,0.0,0.0,0.0,0.0,78
89446cab013ffff,6,6.0,2.0,0.5,0.0,9.333333333333334,0.0,0.0,0.0,0.0,0.0,0.0,0.0,0.0,0.0,0.0,0.0,47
89446cab017ffff,3,0.0,2.0,0.0,0.0,8.0,0.0,0.0,0.0,0.0,0.0,0.0,0.0,0.0,0.0,0.0,0.0,14
89446cab01bffff,16,4.0,2.0,0.5,0.125,9.3125,0.0,0.0,0.0,0.0,0.0,0.0,0.0,0.0,0.0,0.0,0.1875,39
89446cab02fffff,3,1.0,2.0,0.0,0.0,9.0,0.0,0.0,0.0,0.0,0.0,0.0,0.0,0.0,0.0,0.0,0.0,1
89446cab033ffff,9,4.0,2.2222222222222223,0.3333333333333333,0.2222222222222222,8.277777777777779,0.0,0.0,0.0,0.0,0.0,0.0,0.0,0.0,0.0,0.0,0.0,28
89446cab037ffff,2,0.0,2.0,0.0,0.0,10.0,0.0,0.0,0.0,0.0,0.0,0.0,0.0,0.0,0.0,0.0,0.0,90
89446cab03bffff,2,1.0,2.0,0.0,0.5,8.0,0.0,0.0,0.0,0.0,0.0,0.0,0.0,0.0,0.0,0.0,0.0,111
89446cab047ffff,1,1.0,2.0,0.0,0.0,10.0,0.0,0.0,0.0,0.0,0.0,0.0,0.0,0.0,0.0,0.0,0.0,23
89446cab04bffff,6,4.0,2.0,0.16666666666666666,0.3333333333333333,8.666666666666666,0.0,0.0,0.0,0.0,0.0,0.0,0.0,0.0,0.0,0.0,0.0,9
89446cab04fffff,1,0.0,2.0,1.0,0.0,10.0,0.0,0.0,0.0,0.0,0.0,0.0,0.0,0.0,0.0,0.0,0.0,15
89446cab053ffff,3,2.0,2.0,0.3333333333333333,0.0,10.0,0.0,0.3333333333333333,0.0,0.0,0.0,0.0,0.0,0.0,0.0,0.0,0.0,15
89446cab057ffff,4,1.0,2.0,0.0,0.25,8.0,0.0,0.0,0.0,0.0,0.0,0.0,0.0,0.0,0.0,0.0,0.0,26
89446cab05bffff,6,4.0,2.0,1.0,0.0,8.75,0.0,0.0,0.0,0.0,0.0,0.0,0.0,0.0,0.0,0.0,0.0,20
89446cab063ffff,3,1.0,2.0,0.0,0.0,10.0,0.0,0.0,0.0,0.0,0.0,0.0,0.0,0.0,0.0,0.0,0.0,104
89446cab067ffff,13,6.0,2.0,0.23076923076923078,0.07692307692307693,9.333333333333334,0.0,0.0,0.0,0.0,0.0,0.0,0.0,0.0,0.0,0.0,0.0,108
89446cab06bffff,6,5.0,2.0,0.16666666666666666,0.16666666666666666,9.666666666666666,0.0,0.0,0.0,0.0,0.0,0.0,0.0,0.0,0.0,0.0,0.0,25
89446cab06fffff,10,6.0,2.0,0.6,0.0,9.3,0.0,0.0,0.0,0.0,0.0,0.0,0.0,0.0,0.0,0.0,0.0,68
89446cab073ffff,4,2.0,2.0,0.5,0.0,8.25,0.0,0.0,0.0,0.0,0.0,0.0,0.0,0.0,0.0,0.0,0.0,118
89446cab077ffff,63,21.0,2.0,0.3333333333333333,0.07936507936507936,8.879032258064516,0.0,0.0,0.6507936507936508,0.0,0.0,0.0,0.0,0.0,0.0,0.0,0.0,59
89446cab07bffff,8,6.0,2.0,0.0,0.125,9.25,0.0,0.0,0.0,0.0,0.0,0.0,0.0,0.0,0.0,0.0,0.0,15
89446cab08bffff,3,1.0,2.0,0.3333333333333333,0.0,9.666666666666666,0.0,0.0,0.0,0.0,0.0,0.0,0.0,0.0,0.0,0.0,0.0,42
89446cab08fffff,2,1.0,2.0,0.0,0.0,10.0,0.0,0.0,0.0,0.0,0.0,0.0,0.0,0.0,0.0,0.0,0.0,12
89446cab093ffff,1,0.0,2.0,0.0,0.0,10.0,0.0,0.0,0.0,0.0,0.0,0.0,0.0,0.0,0.0,0.0,0.0,3
89446cab09bffff,2,0.0,2.0,0.5,0.0,5.1,0.0,0.0,0.0,0.0,0.0,0.0,0.0,0.0,0.0,0.0,0.0,41
89446cab0a3ffff,1,1.0,2.0,1.0,0.0,10.0,0.0,0.0,0.0,0.0,0.0,0.0,0.0,0.0,0.0,0.0,0.0,26
89446cab0abffff,3,1.0,2.0,0.0,0.0,10.0,0.0,0.0,0.0,0.0,0.0,0.0,0.0,0.0,0.0,0.0,0.0,34
89446cab0afffff,19,4.0,2.0,0.05263157894736842,0.05263157894736842,8.894736842105264,0.0,0.0,0.0,0.0,0.0,0.0,0.0,0.0,0.0,0.0,0.05263157894736842,64
89446cab0b3ffff,4,2.0,2.0,0.25,0.5,8.0,0.0,0.0,0.0,0.0,0.0,0.0,0.0,0.0,0.0,0.0,0.0,11
89446cab0c3ffff,1,0.0,2.0,0.0,0.0,10.0,0.0,0.0,0.0,0.0,0.0,0.0,0.0,0.0,0.0,0.0,0.0,35
89446cab0c7ffff,22,8.0,2.0454545454545454,0.36363636363636365,0.045454545454545456,8.654545454545454,0.0,0.0,0.0,0.0,0.0,0.0,0.0,0.0,0.0,0.6818181818181818,0.6818181818181818,36
89446cab0cbffff,2,1.0,2.0,0.0,0.0,10.0,0.0,0.0,0.0,0.0,0.0,0.0,0.0,0.0,0.0,0.0,0.0,8
89446cab0d7ffff,10,5.0,2.0,0.2,0.3,8.9,0.0,0.0,0.0,0.0,0.0,0.0,0.0,0.0,0.0,0.0,0.0,55
89446cab0dbffff,1,0.0,2.0,0.0,0.0,10.0,0.0,0.0,0.0,0.0,0.0,0.0,0.0,0.0,0.0,0.0,0.0,6
89446cab107ffff,4,4.0,2.0,0.75,0.0,8.25,0.0,0.0,0.0,0.0,0.0,0.0,0.0,0.0,0.0,0.0,0.0,35
89446cab10bffff,6,2.0,2.0,0.3333333333333333,0.16666666666666666,8.833333333333334,0.0,0.0,0.0,0.0,0.0,0.0,0.0,0.0,0.0,0.0,0.0,33
89446cab10fffff,12,6.0,2.0,0.4166666666666667,0.0,9.2,0.0,0.0,0.0,0.0,0.0,0.0,0.0,0.0,0.0,0.0,0.0,10
89446cab113ffff,1,0.0,2.0,1.0,0.0,10.0,0.0,0.0,0.0,0.0,0.0,0.0,0.0,0.0,0.0,0.0,0.0,9
89446cab11bffff,3,0.0,2.0,0.0,0.0,9.666666666666666,0.0,0.0,0.0,0.0,0.0,0.0,0.0,0.0,0.0,0.0,0.3333333333333333,20
89446cab123ffff,50,7.0,2.54,0.28,0.04,9.25531914893617,0.38,0.0,0.0,0.0,0.0,0.0,0.0,0.0,0.0,0.0,0.0,122
89446cab127ffff,1,1.0,2.0,0.0,0.0,7.0,0.0,0.0,0.0,0.0,0.0,0.0,0.0,0.0,0.0,0.0,0.0,157
89446cab12fffff,106,12.0,2.0754716981132075,0.2641509433962264,0.04716981132075472,8.69611650485437,0.0,0.0,0.03773584905660377,0.0,0.0,0.0,0.0,0.0,0.0,0.0,0.0,83
89446cab133ffff,14,1.0,2.0,0.14285714285714285,0.07142857142857142,8.642857142857142,0.0,0.0,0.0,1.0,0.0,0.0,0.0,0.0,0.0,0.0,0.0,184
89446cab137ffff,1,0.0,2.0,0.0,0.0,10.0,0.0,0.0,0.0,0.0,0.0,0.0,0.0,0.0,0.0,0.0,0.0,185
89446cab143ffff,19,8.0,2.0,0.3684210526315789,0.05263157894736842,8.026315789473685,0.0,0.0,0.0,0.0,0.0,0.0,0.0,0.0,0.0,0.0,0.0,78
89446cab147ffff,15,5.0,2.0,0.13333333333333333,0.13333333333333333,8.866666666666667,0.0,0.0,0.0,0.0,0.0,0.0,0.0,0.0,0.0,0.0,0.0,73
89446cab14bffff,4,1.0,2.0,0.0,0.0,6.8,0.0,0.0,0.0,0.0,0.0,0.0,0.0,0.0,0.0,0.0,0.0,74
89446cab14fffff,44,15.0,2.022727272727273,0.22727272727272727,0.09090909090909091,8.469767441860466,0.0,0.0,0.7727272727272727,0.0,0.0,0.0,0.0,0.0,0.0,0.0,0.0,53
89446cab153ffff,11,6.0,2.0,0.18181818181818182,0.09090909090909091,8.5,0.0,0.0,0.0,0.0,0.0,0.0,0.0,0.0,0.0,0.0,0.0,43
89446cab157ffff,3,2.0,2.0,0.3333333333333333,0.0,10.0,0.0,0.0,0.0,0.0,0.0,0.0,0.0,0.0,0.0,0.0,0.0,61
89446cab15bffff,1,0.0,2.0,0.0,0.0,9.0,0.0,0.0,0.0,0.0,0.0,0.0,0.0,0.0,0.0,0.0,0.0,37
89446cab17bffff,1,0.0,2.0,0.0,1.0,10.0,0.0,0.0,0.0,0.0,0.0,0.0,0.0,0.0,0.0,0.0,0.0,67
89446cab187ffff,22,2.0,2.409090909090909,0.36363636363636365,0.0,9.636363636363637,0.0,0.0,0.0,0.0,0.0,0.0,0.0,0.0,0.0,0.0,0.0,18
89446cab18bffff,3,0.0,2.0,0.0,0.0,7.166666666666667,0.0,0.0,0.0,0.0,0.0,0.0,0.0,0.0,0.0,0.0,0.0,13
89446cab193ffff,3,2.0,2.0,0.0,0.0,10.0,0.0,0.0,0.0,0.0,0.0,0.0,0.0,0.0,0.0,0.0,0.0,132
89446cab19bffff,6,5.0,2.0,0.8333333333333334,0.0,6.25,0.0,0.0,0.0,0.0,0.0,0.0,0.0,0.0,0.0,0.0,0.0,35
89446cab1a7ffff,1,1.0,2.0,0.0,0.0,10.0,0.0,0.0,0.0,0.0,0.0,0.0,0.0,0.0,0.0,0.0,0.0,120
89446cab1abffff,9,3.0,2.0,0.2222222222222222,0.0,10.0,0.0,0.0,0.0,0.0,0.0,0.0,0.0,0.0,0.0,0.0,0.6666666666666666,155
89446cab1afffff,120,22.0,2.033333333333333,0.25833333333333336,0.1,8.481355932203389,0.0,0.0,0.6833333333333333,0.0,0.0,0.0,0.0,0.0,0.0,0.0,0.0,25
89446cab1b3ffff,1,0.0,2.0,0.0,0.0,10.0,1.0,0.0,0.0,0.0,0.0,0.0,0.0,0.0,0.0,0.0,0.0,39
89446cab1bbffff,17,2.0,2.235294117647059,0.35294117647058826,0.0,8.794117647058824,1.0,0.0,0.0,0.0,0.0,0.0,0.0,0.0,0.0,0.0,0.0,32
89446cab1c3ffff,2,2.0,2.0,0.0,0.0,10.0,0.0,0.0,0.0,0.0,0.0,0.0,0.0,0.0,0.0,0.0,0.0,78
89446cab1c7ffff,3,1.0,2.0,0.6666666666666666,0.0,10.0,0.0,0.0,0.0,0.0,0.0,0.0,0.0,0.0,0.0,0.0,0.0,19
89446cab1cbffff,13,1.0,2.0,0.6153846153846154,0.07692307692307693,8.333333333333334,0.0,0.0,0.0,0.0,0.0,0.0,0.0,0.0,0.0,0.0,0.0,71
89446cab1cfffff,7,1.0,2.0,0.2857142857142857,0.0,9.0,0.0,0.0,0.0,0.0,0.0,0.0,0.0,0.0,0.0,0.0,0.0,35
89446cab1d3ffff,3,3.0,2.0,0.3333333333333333,0.0,10.0,0.0,0.0,0.0,0.0,0.0,0.0,0.0,0.0,0.0,0.0,0.6666666666666666,77
89446cab1d7ffff,3,0.0,2.0,0.3333333333333333,0.0,8.333333333333334,0.0,0.0,0.0,0.0,0.0,0.0,0.0,0.0,0.0,0.0,0.0,40
89446cab1dbffff,49,6.0,2.0,0.22448979591836735,0.12244897959183673,8.197916666666666,0.0,0.9387755102040817,0.9387755102040817,0.0,0.0,0.0,0.0,0.0,0.0,0.0,0.0,39
89446cab207ffff,13,6.0,2.0,0.07692307692307693,0.23076923076923078,9.538461538461538,0.0,0.0,0.0,0.0,0.0,0.0,0.0,0.0,0.0,0.0,0.0,19
89446cab213ffff,3,2.0,2.0,0.0,0.3333333333333333,10.0,0.0,0.0,0.0,0.0,0.0,0.0,0.0,0.0,0.0,0.0,0.0,57
89446cab217ffff,11,2.0,2.090909090909091,0.45454545454545453,0.0,10.0,0.0,0.0,0.0,0.0,0.0,0.0,0.0,0.0,0.0,0.0,0.0,57
89446cab223ffff,2,2.0,2.0,0.0,0.5,10.0,0.0,0.0,0.0,0.0,0.0,0.0,0.0,0.0,0.0,0.0,0.0,52
89446cab227ffff,5,2.0,2.0,0.0,0.2,8.4,0.0,0.0,0.0,0.0,0.0,0.0,0.0,0.0,0.0,0.0,0.0,61
89446cab22bffff,6,3.0,2.0,0.3333333333333333,0.0,10.0,0.0,0.0,0.0,0.0,0.0,0.0,0.0,0.0,0.0,0.0,0.0,51
89446cab22fffff,32,3.0,2.0,0.34375,0.03125,9.4375,0.0,0.0,0.71875,0.0,0.0,0.0,0.0,0.0,0.0,0.0,0.0,39
89446cab237ffff,1,1.0,2.0,0.0,0.0,10.0,0.0,0.0,0.0,0.0,0.0,0.0,0.0,0.0,0.0,0.0,0.0,32
89446cab23bffff,8,3.0,2.0,0.125,0.25,8.25,0.0,0.0,0.0,0.0,0.0,0.0,0.0,0.0,0.0,0.0,0.0,21
89446cab253ffff,2,0.0,2.0,0.5,0.0,10.0,0.0,0.0,0.0,0.0,0.0,0.0,0.0,0.0,0.0,0.0,0.0,9
89446cab25bffff,1,1.0,2.0,0.0,0.0,10.0,0.0,0.0,0.0,0.0,0.0,0.0,0.0,0.0,0.0,0.0,0.0,12
89446cab263ffff,3,3.0,2.0,0.3333333333333333,0.0,10.0,0.0,0.0,0.0,0.0,0.0,0.0,0.0,0.0,0.0,0.0,0.0,8
89446cab267ffff,8,1.0,2.0,0.25,0.25,9.125,0.0,0.0,0.0,0.0,0.0,0.0,0.0,0.0,0.0,0.0,0.0,10
89446cab283ffff,20,7.0,2.0,0.35,0.2,8.905,0.0,0.0,0.65,0.0,0.0,0.0,0.0,0.0,0.0,0.0,0.0,76
89446cab28bffff,7,2.0,2.0,0.14285714285714285,0.14285714285714285,9.285714285714286,0.0,0.0,0.0,0.0,0.0,0.0,0.0,0.0,0.0,0.0,0.0,64
89446cab28fffff,39,10.0,2.0,0.46153846153846156,0.05128205128205128,9.384615384615385,0.0,0.0,0.9230769230769231,0.0,0.0,0.0,0.0,0.0,0.0,0.0,0.0,43
89446cab293ffff,27,7.0,2.0,0.2222222222222222,0.1111111111111111,9.296296296296296,0.0,0.0,0.7407407407407407,0.0,0.0,0.0,0.0,0.0,0.0,0.0,0.0,38
89446cab297ffff,2,0.0,2.0,0.5,0.0,10.0,0.0,0.0,0.0,0.0,0.0,0.0,0.0,0.0,0.0,0.0,0.0,65
89446cab29bffff,1,0.0,2.0,0.0,0.0,10.0,0.0,0.0,0.0,0.0,0.0,0.0,0.0,0.0,0.0,0.0,0.0,56
89446cab2a3ffff,2,0.0,2.0,1.0,0.0,9.0,0.0,0.0,0.0,0.0,0.0,0.0,0.0,0.0,0.0,0.0,0.0,7
89446cab2a7ffff,1,0.0,2.0,0.0,0.0,10.0,0.0,0.0,0.0,0.0,0.0,0.0,0.0,0.0,0.0,0.0,0.0,22
89446cab2afffff,4,3.0,2.0,0.0,0.0,9.25,0.0,0.0,0.0,0.0,0.0,0.0,0.0,0.0,0.0,0.0,0.0,11
89446cab2bbffff,2,2.0,2.0,1.0,0.0,10.0,0.0,0.0,0.0,0.0,0.0,0.0,0.0,0.0,0.0,0.0,0.0,52
89446cab2cbffff,4,1.0,2.0,0.25,0.0,10.0,0.0,0.0,0.0,0.0,0.0,0.0,0.0,0.0,0.0,0.0,0.0,15
89446cab2cfffff,2,1.0,2.0,0.5,0.0,10.0,0.0,0.0,0.0,0.0,0.0,0.0,0.0,0.0,0.0,0.0,0.0,6
89446cab2d3ffff,9,5.0,2.0,0.3333333333333333,0.2222222222222222,10.0,0.0,0.0,0.0,0.0,0.0,0.0,0.0,0.0,0.0,0.0,0.0,11
89446cab2d7ffff,1,0.0,2.0,1.0,0.0,8.0,0.0,0.0,0.0,0.0,0.0,0.0,0.0,0.0,0.0,0.0,0.0,18
89446cab2dbffff,9,4.0,2.0,0.0,0.0,9.333333333333334,0.0,0.0,0.0,0.0,0.0,0.0,0.0,0.0,0.0,0.0,0.0,13
89446cab303ffff,19,4.0,2.0,0.2631578947368421,0.10526315789473684,9.105263157894736,0.0,0.0,0.0,0.0,0.0,0.0,0.0,0.0,0.0,0.0,0.0,70
89446cab307ffff,14,4.0,2.0,0.07142857142857142,0.0,8.857142857142858,0.0,0.0,0.0,0.0,0.0,0.0,0.0,0.0,0.0,0.0,0.0,99
89446cab30bffff,4,3.0,2.0,0.25,0.0,9.5,0.0,0.0,0.0,0.0,0.0,0.0,0.0,0.0,0.0,0.0,0.0,48
89446cab30fffff,7,4.0,2.0,0.0,0.14285714285714285,7.857142857142857,0.0,0.0,0.0,0.0,0.0,0.0,0.0,0.0,0.0,0.0,0.0,108
89446cab313ffff,24,6.0,2.0,0.4166666666666667,0.041666666666666664,9.416666666666666,0.0,0.0,0.041666666666666664,0.0,0.0,0.0,0.0,0.0,0.0,0.0,0.0,148
89446cab317ffff,16,10.0,2.0,0.3125,0.125,9.4375,0.0,0.0,0.0,0.0,0.0,0.0,0.0,0.0,0.0,0.0,0.0,78
89446cab31bffff,5,4.0,2.0,0.0,0.0,10.0,0.0,0.0,0.0,0.0,0.0,0.0,0.0,0.0,0.0,0.0,0.0,68
89446cab323ffff,4,3.0,2.0,0.25,0.25,10.0,0.0,0.0,0.0,0.0,0.0,0.0,0.0,0.0,0.0,0.0,0.0,96
89446cab327ffff,3,1.0,2.0,0.0,0.0,8.333333333333334,0.0,0.0,0.0,0.0,0.0,0.0,0.0,0.0,0.0,0.0,0.0,36
89446cab32bffff,23,7.0,2.0,0.17391304347826086,0.08695652173913043,7.695652173913044,0.0,0.0,0.0,0.0,0.0,0.0,0.0,0.0,0.0,0.0,0.0,98
89446cab32fffff,1,0.0,2.0,0.0,0.0,10.0,0.0,0.0,0.0,0.0,0.0,0.0,0.0,0.0,0.0,0.0,0.0,63
89446cab333ffff,3,3.0,2.0,0.3333333333333333,0.0,8.666666666666666,0.0,0.0,0.0,0.0,0.0,0.0,0.0,0.0,0.0,0.0,0.3333333333333333,90
89446cab337ffff,14,5.0,2.0,0.07142857142857142,0.0,8.428571428571429,0.0,0.0,0.0,0.0,0.0,0.0,0.0,0.0,0.0,0.0,0.0,35
89446cab33bffff,52,17.0,2.0,0.3076923076923077,0.019230769230769232,9.496153846153847,0.0,0.0,0.5384615384615384,0.0,0.0,0.0,0.0,0.0,0.0,0.0,0.0,58
89446cab343ffff,3,3.0,2.0,0.3333333333333333,0.0,10.0,0.0,0.0,0.0,0.0,0.0,0.0,0.0,0.0,0.0,0.0,0.0,56
89446cab347ffff,4,2.0,2.0,0.5,0.0,9.75,0.0,0.0,0.0,1.0,0.0,0.0,0.0,0.0,0.0,0.0,0.0,46
89446cab34bffff,15,2.0,2.0,0.2,0.06666666666666667,9.8,0.0,0.0,0.0,0.7333333333333333,0.0,0.0,0.0,0.0,0.0,0.0,0.0,106
89446cab34fffff,24,6.0,2.0,0.2916666666666667,0.041666666666666664,9.916666666666666,0.0,0.0,0.0,0.9583333333333334,0.0,0.0,0.0,0.0,0.0,0.0,0.0,33
89446cab353ffff,6,4.0,2.0,0.3333333333333333,0.0,9.0,0.0,0.0,0.0,0.0,0.0,0.0,0.0,0.0,0.0,0.0,0.0,41
89446cab357ffff,1,0.0,2.0,0.0,0.0,10.0,0.0,0.0,0.0,0.0,0.0,0.0,0.0,0.0,0.0,0.0,0.0,34
89446cab35bffff,6,4.0,2.0,0.3333333333333333,0.16666666666666666,8.333333333333334,0.0,0.0,0.0,0.0,0.0,0.0,0.0,0.0,0.0,0.0,0.0,80
89446cab363ffff,1,1.0,2.0,1.0,1.0,10.0,0.0,0.0,0.0,0.0,0.0,0.0,0.0,0.0,0.0,0.0,0.0,30
89446cab367ffff,2,0.0,2.0,0.0,0.0,10.0,0.0,0.0,0.0,0.0,0.0,0.0,0.0,0.0,0.0,0.0,0.0,75
89446cab36bffff,6,3.0,2.0,0.0,0.0,10.0,0.0,0.0,0.0,0.0,0.0,0.0,0.0,0.0,0.0,0.0,0.0,18
89446cab36fffff,1,1.0,2.0,0.0,0.0,10.0,0.0,0.0,0.0,0.0,0.0,0.0,0.0,0.0,0.0,0.0,0.0,33
89446cab373ffff,12,4.0,2.0,0.25,0.08333333333333333,10.0,0.0,0.0,0.9166666666666666,0.0,0.0,0.0,0.0,0.0,0.0,0.0,0.0,25
89446cab377ffff,7,1.0,2.0,0.0,0.0,10.0,0.0,0.0,0.0,0.0,0.0,0.0,0.0,0.0,0.0,0.0,0.0,97
89446cab37bffff,2,0.0,2.0,0.0,0.0,8.5,0.0,0.0,0.0,0.0,0.0,0.0,0.0,0.0,0.0,0.0,0.0,49
89446cab387ffff,4,2.0,2.0,0.0,0.0,8.5,0.0,0.0,0.0,0.0,0.0,0.0,0.0,0.0,0.0,0.0,0.0,29
89446cab38bffff,92,15.0,2.0,0.20652173913043478,0.07608695652173914,8.85,0.0,0.0,0.8369565217391305,0.0,0.0,0.0,0.0,0.0,0.0,0.0,0.0,83
89446cab38fffff,8,5.0,2.0,0.375,0.0,9.125,0.0,0.0,0.0,0.0,0.0,0.0,0.0,0.0,0.0,0.0,0.0,147
89446cab39bffff,32,16.0,2.0,0.21875,0.0,8.9,0.0,0.0,0.0,0.0,0.0,0.0,0.0,0.0,0.0,0.0,0.5,126
89446cab3a3ffff,8,5.0,2.0,0.75,0.125,10.0,0.0,0.0,0.0,0.0,0.0,0.0,0.0,0.0,0.0,0.0,0.0,40
89446cab3a7ffff,9,1.0,2.0,0.3333333333333333,0.0,9.666666666666666,0.0,0.0,0.0,0.0,0.0,0.0,0.0,0.0,0.0,0.0,0.2222222222222222,35
89446cab3abffff,2,0.0,2.0,0.5,0.0,8.0,0.0,0.0,0.0,0.0,0.0,0.0,0.0,0.0,0.0,0.0,0.0,56
89446cab3afffff,4,0.0,2.0,0.25,0.0,9.5,0.0,0.0,0.0,0.0,0.0,0.0,0.0,0.0,0.0,0.0,0.0,45
89446cab3b3ffff,6,1.0,2.0,0.16666666666666666,0.0,10.0,0.0,0.0,0.0,0.0,0.0,0.0,0.0,0.0,0.0,0.0,0.0,79
89446cab3b7ffff,8,3.0,2.0,0.25,0.0,10.0,0.0,0.0,0.0,0.0,0.0,0.0,0.0,0.0,0.0,0.0,0.0,68
89446cab3bbffff,11,4.0,2.0,0.2727272727272727,0.09090909090909091,9.090909090909092,0.0,0.0,0.0,0.0,0.0,0.0,0.0,0.0,0.0,0.0,0.0,44
89446cab3c3ffff,13,2.0,2.0,0.15384615384615385,0.23076923076923078,8.461538461538462,0.0,0.0,0.0,0.0,0.0,0.0,0.0,0.0,0.0,0.0,0.15384615384615385,55
89446cab3c7ffff,8,2.0,2.0,0.25,0.125,10.0,0.0,0.0,0.0,0.0,0.0,0.0,0.0,0.0,0.0,0.0,0.875,157
89446cab3cbffff,14,6.0,2.0,0.5,0.2857142857142857,8.485714285714286,0.0,0.0,0.0,0.0,0.0,0.0,0.0,0.0,0.0,0.0,0.0,44
89446cab3cfffff,12,8.0,2.0,0.25,0.0,10.0,0.0,0.0,0.0,0.0,0.0,0.0,0.0,0.0,0.0,0.0,0.0,47
89446cab3d3ffff,3,2.0,2.0,0.3333333333333333,0.0,10.0,0.0,0.0,0.0,0.0,0.0,0.0,0.0,0.0,0.0,0.0,0.0,48
89446cab3d7ffff,11,3.0,2.0,0.2727272727272727,0.09090909090909091,9.090909090909092,0.0,0.0,0.0,0.0,0.0,0.0,0.0,0.0,0.0,0.0,0.0,158
89446cab3dbffff,7,4.0,2.0,0.2857142857142857,0.0,9.428571428571429,0.0,0.0,0.0,0.0,0.0,0.0,0.0,0.0,0.0,0.0,0.0,36
89446cab403ffff,6,5.0,2.0,0.5,0.0,9.833333333333334,0.0,0.0,0.0,0.0,0.0,0.0,0.0,0.0,0.0,0.0,0.0,9
89446cab407ffff,1,0.0,2.0,0.0,0.0,10.0,0.0,0.0,0.0,0.0,0.0,0.0,0.0,0.0,0.0,0.0,0.0,38
89446cab40bffff,3,3.0,2.0,0.6666666666666666,0.0,10.0,0.0,0.0,0.0,0.0,0.0,0.0,0.0,0.0,0.0,0.0,0.0,67
89446cab40fffff,3,1.0,2.0,0.3333333333333333,0.0,10.0,0.0,0.0,0.0,0.0,0.0,0.0,0.0,0.0,0.0,0.0,0.0,13
89446cab417ffff,2,1.0,2.0,0.5,0.0,10.0,0.0,0.0,0.0,0.0,0.0,0.0,0.0,0.0,0.0,0.0,0.0,27
89446cab423ffff,7,2.0,2.0,0.14285714285714285,0.14285714285714285,8.857142857142858,0.0,0.0,0.0,0.0,0.0,0.0,0.0,0.0,0.0,0.0,0.0,8
89446cab42bffff,1,1.0,2.0,1.0,0.0,8.0,0.0,0.0,0.0,0.0,0.0,0.0,0.0,0.0,0.0,0.0,0.0,11
89446cab433ffff,6,2.0,2.0,0.3333333333333333,0.0,9.666666666666666,0.0,0.0,0.0,0.0,0.0,0.0,0.0,0.0,0.0,0.0,0.0,29
89446cab43bffff,1,1.0,2.0,0.0,0.0,10.0,0.0,0.0,0.0,0.0,0.0,0.0,0.0,0.0,0.0,0.0,0.0,20
89446cab443ffff,2,2.0,2.0,0.5,0.0,9.5,0.0,0.0,0.0,0.0,0.0,0.0,0.0,0.0,0.0,0.0,0.0,69
89446cab447ffff,14,5.0,2.0,0.14285714285714285,0.0,8.928571428571429,0.0,0.0,0.0,0.0,0.0,0.0,0.0,0.0,0.0,0.0,0.0,50
89446cab44bffff,10,1.0,2.0,0.3,0.1,10.0,0.0,0.0,0.0,0.0,0.0,0.0,0.0,0.0,0.0,0.0,0.0,11
89446cab457ffff,44,10.0,2.022727272727273,0.3409090909090909,0.022727272727272728,9.071428571428571,0.0,0.0,0.9318181818181818,0.0,0.0,0.0,0.0,0.0,0.0,0.0,0.0,29
89446cab45bffff,1,1.0,2.0,0.0,0.0,10.0,0.0,0.0,0.0,0.0,0.0,0.0,0.0,0.0,0.0,0.0,0.0,13
89446cab463ffff,22,2.0,2.0,0.09090909090909091,0.045454545454545456,9.285714285714286,0.0,0.0,0.0,0.0,0.0,0.0,0.0,0.0,0.0,0.0,0.0,36
89446cab46bffff,6,0.0,2.0,0.0,0.0,8.666666666666666,0.0,0.0,0.0,0.0,0.0,0.0,0.0,0.0,0.0,0.0,0.0,55
89446cab46fffff,27,6.0,2.0,0.25925925925925924,0.07407407407407407,8.75925925925926,0.0,0.0,0.0,0.0,0.0,0.0,0.0,0.0,0.0,0.0,0.0,40
89446cab477ffff,2,0.0,2.0,0.0,0.5,8.5,0.0,0.0,0.0,0.0,0.0,0.0,0.0,0.0,0.0,0.0,0.0,27
89446cab47bffff,1,0.0,2.0,0.0,0.0,10.0,0.0,0.0,0.0,0.0,0.0,0.0,0.0,0.0,0.0,0.0,0.0,46
89446cab487ffff,6,1.0,2.0,0.16666666666666666,0.16666666666666666,9.4,0.0,0.0,0.0,0.0,0.0,0.0,0.0,0.0,0.0,0.0,0.0,0
89446cab4a3ffff,4,2.0,2.0,0.5,0.0,8.0,0.0,0.0,0.0,0.0,0.0,0.0,0.0,0.0,0.0,0.0,0.0,31
89446cab4abffff,20,4.0,2.0,0.15,0.05,7.4105263157894745,0.0,0.0,0.0,0.0,0.0,0.0,0.0,0.0,0.0,0.0,0.0,13
89446cab4b7ffff,11,3.0,2.0,0.2727272727272727,0.09090909090909091,7.45,0.0,0.0,0.0,0.0,0.0,0.0,0.0,0.0,0.0,0.0,0.0,39
89446cab4c3ffff,1,1.0,2.0,0.0,0.0,10.0,0.0,0.0,0.0,0.0,0.0,0.0,0.0,0.0,0.0,0.0,0.0,18
89446cab4cfffff,10,4.0,2.0,0.1,0.0,8.6,0.0,0.0,0.0,1.0,0.0,0.0,0.0,0.0,0.0,0.0,0.0,45
89446cab4dbffff,8,3.0,2.0,0.25,0.125,9.5,0.0,0.0,0.0,0.0,0.0,0.0,0.0,0.0,0.0,0.0,0.0,7
89446cab507ffff,5,0.0,2.2,0.4,0.0,5.6,0.0,0.0,0.0,0.0,0.0,0.0,0.0,0.0,0.0,0.0,0.0,18
89446cab517ffff,17,3.0,2.4705882352941178,0.5294117647058824,0.11764705882352941,8.785714285714286,0.7647058823529411,0.0,0.0,0.0,0.0,0.0,0.0,0.0,0.0,0.0,0.0,141
89446cab523ffff,24,11.0,2.4583333333333335,0.3333333333333333,0.041666666666666664,8.104166666666666,0.875,0.0,0.0,0.0,0.0,0.0,0.0,0.0,0.0,0.0,0.0,124
89446cab52fffff,123,23.0,2.0569105691056913,0.2764227642276423,0.08943089430894309,8.825,0.0,0.0,0.10569105691056911,0.0,0.0,0.0,0.0,0.0,0.0,0.0,0.0,27
89446cab53bffff,1,0.0,2.0,0.0,0.0,7.0,0.0,0.0,0.0,0.0,0.0,0.0,0.0,0.0,0.0,0.0,0.0,32
89446cab54bffff,10,3.0,2.0,0.1,0.0,8.8,0.0,0.0,0.0,0.0,0.0,0.0,0.0,0.0,0.0,0.0,0.0,4
89446cab563ffff,3,2.0,2.0,0.0,0.0,9.666666666666666,0.0,0.0,0.0,0.0,0.0,0.0,0.0,0.0,0.0,0.0,0.0,29
89446cab567ffff,3,2.0,2.0,0.6666666666666666,0.0,10.0,0.0,0.0,0.0,0.0,0.0,0.0,0.0,0.0,0.0,0.0,0.0,38
89446cab56fffff,23,3.0,2.0,0.13043478260869565,0.0,9.095652173913043,0.0,0.0,0.0,0.0,0.0,0.0,0.0,0.0,0.0,0.0,0.0,18
89446cab577ffff,3,0.0,2.0,0.3333333333333333,0.0,9.0,0.0,0.0,0.0,0.0,0.0,0.0,0.0,0.0,0.0,0.0,0.0,7
89446cab583ffff,32,6.0,2.53125,0.28125,0.09375,8.596774193548388,0.03125,0.0,0.0,0.0,0.0,0.0,0.0,0.0,0.0,0.0,0.0,169
89446cab587ffff,8,2.0,2.0,0.25,0.0,9.5,0.0,0.0,0.0,0.0,0.0,0.0,0.0,0.0,0.0,0.0,0.0,178
89446cab58bffff,1,0.0,2.0,0.0,0.0,10.0,0.0,0.0,0.0,0.0,0.0,0.0,0.0,0.0,0.0,0.0,0.0,172
89446cab58fffff,136,40.0,2.0661764705882355,0.2426470588235294,0.13970588235294118,8.596240601503759,0.0,0.0,0.0,0.0,0.0,0.0,0.0,0.0,0.0,0.0,0.0,58
89446cab593ffff,19,2.0,2.6842105263157894,0.3684210526315789,0.05263157894736842,9.0,0.0,0.0,0.0,0.0,0.0,0.0,0.0,0.0,0.0,0.0,0.0,41
89446cab597ffff,4,0.0,2.25,0.75,0.0,10.0,0.0,0.0,0.0,0.0,0.0,0.0,0.0,0.0,0.0,0.0,0.0,66
89446cab59bffff,1,0.0,2.0,0.0,0.0,10.0,0.0,0.0,0.0,0.0,0.0,0.0,0.0,0.0,0.0,0.0,0.0,57
89446cab5b3ffff,4,2.0,2.0,0.5,0.0,10.0,0.0,0.0,0.0,0.0,0.0,0.0,0.0,0.0,0.0,0.0,0.0,13
89446cab5c7ffff,1,1.0,2.0,0.0,0.0,10.0,0.0,0.0,0.0,0.0,0.0,0.0,0.0,0.0,0.0,0.0,0.0,3
89446cab5d7ffff,2,2.0,2.0,1.0,0.0,9.5,0.0,0.0,0.0,0.0,0.0,0.0,0.0,0.0,0.0,0.0,0.0,6
89446cab607ffff,10,0.0,2.0,0.3,0.0,9.2,0.0,0.0,1.0,0.0,0.0,0.0,0.0,0.0,0.0,0.0,0.0,21
89446cab60bffff,1,1.0,2.0,1.0,0.0,0.25,0.0,0.0,0.0,0.0,0.0,0.0,0.0,0.0,0.0,0.0,0.0,8
89446cab613ffff,3,0.0,2.0,0.0,0.0,10.0,0.0,0.0,0.0,0.0,0.0,0.0,0.0,0.0,0.0,0.0,0.0,17
89446cab623ffff,5,2.0,2.0,0.0,0.2,8.0,0.0,0.0,0.0,0.0,0.0,0.0,0.0,0.0,0.0,0.0,0.0,36
89446cab627ffff,3,0.0,2.0,0.0,0.6666666666666666,6.0,0.0,1.0,0.0,0.0,0.0,0.0,0.0,0.0,0.0,0.0,0.0,22
89446cab62bffff,9,2.0,2.0,0.2222222222222222,0.0,10.0,0.0,0.0,0.0,0.0,0.0,0.0,0.0,0.0,0.0,0.0,0.0,55
89446cab62fffff,6,4.0,2.0,0.5,0.16666666666666666,7.833333333333333,0.0,0.0,0.0,0.0,0.0,0.0,0.0,0.0,0.0,0.0,0.0,52
89446cab633ffff,1,0.0,2.0,0.0,0.0,10.0,0.0,0.0,0.0,0.0,0.0,0.0,0.0,0.0,0.0,0.0,0.0,37
89446cab63bffff,17,4.0,2.0,0.29411764705882354,0.058823529411764705,8.764705882352942,0.0,0.0,0.0,0.0,0.0,0.0,0.0,0.0,0.0,0.0,0.0,25
89446cab643ffff,9,2.0,2.0,0.3333333333333333,0.0,9.444444444444445,0.0,0.0,0.0,0.0,0.0,0.0,0.0,0.0,0.0,0.0,0.0,38
89446cab64bffff,25,8.0,2.0,0.12,0.0,8.8368,0.0,0.0,0.0,1.0,0.0,0.0,0.0,0.0,0.0,0.0,0.0,16
89446cab64fffff,1,1.0,2.0,0.0,0.0,10.0,0.0,0.0,0.0,0.0,0.0,0.0,0.0,0.0,0.0,0.0,0.0,38
89446cab653ffff,2,2.0,2.0,1.0,0.0,10.0,0.0,0.0,0.0,0.0,0.0,0.0,0.0,0.0,0.0,0.0,0.0,31
89446cab657ffff,8,2.0,2.0,0.375,0.125,8.35,0.0,0.0,0.0,0.0,0.0,0.0,0.0,0.0,0.0,0.0,0.0,23
89446cab65bffff,2,1.0,2.0,0.5,0.5,7.0,0.0,0.0,0.0,0.0,0.0,0.0,0.0,0.0,0.0,0.0,0.0,37
89446cab66fffff,1,0.0,2.0,0.0,0.0,9.0,0.0,0.0,0.0,0.0,0.0,0.0,0.0,0.0,0.0,0.0,0.0,11
89446cab683ffff,3,1.0,2.0,0.0,0.0,10.0,0.0,0.0,0.0,0.0,0.0,0.0,0.0,0.0,0.0,0.0,0.0,24
89446cab687ffff,6,3.0,2.0,0.5,0.0,9.666666666666666,0.0,0.0,0.0,0.0,0.0,0.0,0.0,0.0,0.0,0.0,0.0,31
89446cab68bffff,1,0.0,2.0,0.0,1.0,10.0,0.0,0.0,0.0,0.0,0.0,0.0,0.0,0.0,0.0,0.0,0.0,22
89446cab68fffff,16,3.0,2.0,0.375,0.0,9.375,0.0,0.0,0.0,0.0,0.0,0.0,0.0,0.0,0.0,0.0,0.0,13
89446cab697ffff,1,0.0,2.0,0.0,0.0,10.0,0.0,0.0,0.0,0.0,0.0,0.0,0.0,0.0,0.0,0.0,0.0,20
89446cab6a3ffff,4,2.0,2.0,0.5,0.0,9.25,0.0,0.0,0.0,0.0,0.0,0.0,0.0,0.0,0.0,0.0,0.0,11
89446cab6a7ffff,1,0.0,2.0,1.0,0.0,10.0,0.0,0.0,0.0,0.0,0.0,0.0,0.0,0.0,0.0,0.0,0.0,17
89446cab6abffff,3,2.0,2.0,0.0,0.0,10.0,0.0,0.0,0.0,0.0,0.0,0.0,0.0,0.0,0.0,0.0,0.0,17
89446cab6afffff,2,1.0,2.0,0.5,0.5,6.0,0.0,0.0,0.0,0.0,0.0,0.0,0.0,0.0,0.0,0.0,0.0,10
89446cab6b3ffff,1,1.0,2.0,0.0,0.0,10.0,0.0,0.0,0.0,0.0,0.0,0.0,0.0,0.0,0.0,0.0,0.0,24
89446cab6b7ffff,4,3.0,2.0,0.75,0.25,7.5,0.0,0.0,0.0,0.0,0.0,0.0,0.0,0.0,0.0,0.0,0.0,13
89446cab6c3ffff,1,0.0,2.0,0.0,0.0,10.0,0.0,0.0,0.0,0.0,0.0,0.0,0.0,0.0,0.0,0.0,0.0,11
89446cab6cfffff,11,3.0,2.0,0.36363636363636365,0.18181818181818182,9.045454545454545,0.0,0.0,0.0,0.0,0.0,0.0,0.0,0.0,0.0,0.0,0.0,11
89446cac003ffff,7,4.0,2.0,0.5714285714285714,0.0,9.833333333333334,0.0,0.0,0.0,0.0,0.0,0.0,0.0,0.0,0.0,0.0,0.0,68
89446cac007ffff,15,7.0,2.0,0.26666666666666666,0.06666666666666667,9.266666666666667,0.0,0.0,0.0,0.0,0.0,0.0,0.0,0.0,0.0,0.0,0.0,52
89446cac00fffff,10,3.0,2.0,0.4,0.0,9.9,0.0,0.0,0.0,0.0,0.0,0.0,0.0,0.0,0.0,0.0,0.0,27
89446cac013ffff,23,8.0,2.0,0.13043478260869565,0.043478260869565216,9.357142857142858,0.0,0.0,0.782608695652174,0.0,0.0,0.0,0.0,0.0,0.0,0.0,0.0,103
89446cac017ffff,20,8.0,2.05,0.0,0.05,8.86,0.0,0.0,0.0,0.0,0.0,0.0,0.0,0.0,0.0,0.0,0.0,107
89446cac023ffff,21,5.0,2.0,0.19047619047619047,0.0,8.125,0.0,0.0,0.6666666666666666,0.0,0.0,0.0,0.0,0.0,0.0,0.0,0.0,43
89446cac02fffff,27,4.0,2.0,0.18518518518518517,0.037037037037037035,8.696,0.0,0.0,0.4074074074074074,0.0,0.0,0.0,0.0,0.0,0.0,0.0,0.0,86
89446cac033ffff,14,5.0,2.0,0.35714285714285715,0.0,9.076923076923077,0.0,0.0,0.0,0.0,0.0,0.0,0.0,0.0,0.0,0.0,0.0,40
89446cac037ffff,1,0.0,2.0,1.0,0.0,10.0,0.0,0.0,0.0,0.0,0.0,0.0,0.0,0.0,0.0,0.0,0.0,40
89446cac03bffff,1,0.0,2.0,0.0,0.0,10.0,0.0,0.0,0.0,0.0,0.0,0.0,0.0,0.0,0.0,0.0,0.0,64
89446cac043ffff,1,1.0,2.0,0.0,0.0,10.0,0.0,0.0,0.0,0.0,0.0,0.0,0.0,0.0,0.0,0.0,0.0,43
89446cac04bffff,2,1.0,2.0,0.0,0.0,9.0,0.0,0.0,0.0,0.0,0.0,0.0,0.0,0.0,0.0,0.0,0.0,71
89446cac04fffff,2,1.0,2.0,0.5,0.0,9.5,0.0,0.0,0.0,0.0,0.0,0.0,0.0,0.0,0.0,0.0,0.0,9
89446cac053ffff,19,8.0,2.0,0.21052631578947367,0.10526315789473684,8.223684210526315,0.0,0.0,0.0,0.0,0.0,0.0,0.0,0.0,0.0,0.0,0.5263157894736842,44
89446cac05bffff,20,6.0,2.0,0.25,0.0,7.588235294117647,0.0,0.0,0.0,0.0,0.0,0.0,0.0,0.0,0.0,0.0,0.3,80
89446cac063ffff,1,0.0,2.0,0.0,0.0,9.0,0.0,0.0,0.0,0.0,0.0,0.0,0.0,0.0,0.0,0.0,0.0,12
89446cac06bffff,4,3.0,2.0,0.0,0.0,9.0,0.0,0.0,0.0,0.0,0.0,0.0,0.0,0.0,0.0,0.0,0.0,25
89446cac06fffff,4,3.0,2.0,0.25,0.0,10.0,0.0,0.0,0.0,0.0,0.0,0.0,0.0,0.0,0.0,0.0,0.0,21
89446cac077ffff,4,1.0,2.0,0.25,0.0,8.333333333333334,0.0,0.0,0.0,0.0,0.0,0.0,0.0,0.0,0.0,0.0,0.0,12
89446cac083ffff,68,6.0,2.0,0.23529411764705882,0.04411764705882353,9.455882352941176,0.0,0.0,0.8529411764705882,0.0,0.0,0.0,0.0,0.0,0.0,0.0,0.0,102
89446cac08bffff,10,4.0,2.0,0.0,0.2,9.0,0.0,0.0,0.0,0.8,0.0,0.0,0.0,0.0,0.0,0.0,0.0,164
89446cac08fffff,59,13.0,2.0,0.2033898305084746,0.0,9.444827586206896,0.0,0.0,0.7288135593220338,0.0,0.0,0.0,0.0,0.0,0.0,0.0,0.0,124
89446cac093ffff,16,13.0,2.0,0.25,0.0625,8.695,0.0,0.0,0.5,0.0,0.0,0.0,0.0,0.0,0.0,0.0,0.0,306
89446cac097ffff,17,6.0,2.0588235294117645,0.23529411764705882,0.058823529411764705,8.3125,0.0,0.0,1.0,0.0,0.0,0.0,0.0,0.0,0.0,0.0,0.0,93
89446cac0a7ffff,2,2.0,2.0,0.0,0.0,8.0,0.0,0.0,0.0,0.0,0.0,0.0,0.0,0.0,0.0,0.0,0.0,10
89446cac0afffff,2,2.0,2.0,0.5,0.0,5.125,0.0,0.0,0.0,0.0,0.0,0.0,0.0,0.0,0.0,0.0,0.0,20
89446cac0b3ffff,4,1.0,2.0,0.25,0.0,7.75,0.0,0.0,0.0,0.0,0.0,0.0,0.0,0.0,0.0,0.0,0.0,12
89446cac0b7ffff,3,2.0,2.0,0.3333333333333333,0.3333333333333333,9.666666666666666,0.0,0.0,0.0,0.0,0.0,0.0,0.0,0.0,0.0,0.0,0.0,15
89446cac0bbffff,3,2.0,2.0,1.0,0.0,10.0,0.0,0.0,0.0,0.0,0.0,0.0,0.0,0.0,0.0,0.0,0.0,83
89446cac0c3ffff,3,2.0,2.0,0.0,0.3333333333333333,10.0,0.0,0.3333333333333333,0.0,0.0,0.0,0.0,0.0,0.0,0.0,0.0,0.0,45
89446cac0c7ffff,7,4.0,2.0,0.0,0.14285714285714285,8.714285714285714,0.0,0.0,0.0,0.0,0.0,0.0,0.0,0.0,0.0,0.0,0.0,54
89446cac0cbffff,8,0.0,2.0,0.125,0.125,8.35,0.0,0.5,0.5,0.0,0.0,0.0,0.0,0.0,0.0,0.0,0.0,45
89446cac0cfffff,11,2.0,2.0,0.18181818181818182,0.09090909090909091,9.545454545454545,0.0,0.0,0.8181818181818182,0.0,0.0,0.0,0.0,0.0,0.0,0.0,0.0,37
89446cac0d3ffff,4,4.0,2.0,0.75,0.0,8.75,0.0,0.0,0.0,0.0,0.0,0.0,0.0,0.0,0.0,0.0,0.0,214
89446cac0d7ffff,7,4.0,2.0,0.2857142857142857,0.2857142857142857,9.285714285714286,0.0,0.0,0.0,0.0,0.0,0.0,0.0,0.0,0.0,0.0,0.0,33
89446cac0dbffff,8,3.0,2.0,0.375,0.0,9.125,0.0,0.0,0.0,0.0,0.0,0.0,0.0,0.0,0.0,0.0,0.0,165
89446cac103ffff,6,0.0,2.1666666666666665,0.0,0.0,9.6,0.0,0.0,0.0,0.0,0.0,0.0,0.0,0.0,0.0,0.0,0.0,211
89446cac107ffff,8,2.0,2.125,0.25,0.0,9.875,0.0,0.0,0.0,0.0,0.0,0.0,0.0,0.0,0.0,0.0,0.0,225
89446cac10bffff,2,0.0,2.0,0.5,0.0,7.0,0.0,0.0,0.0,0.0,0.0,0.0,0.0,0.0,0.0,0.0,0.0,31
89446cac10fffff,2,2.0,2.0,0.5,0.0,9.0,0.0,0.0,0.0,0.0,0.0,0.0,0.0,0.0,0.0,0.0,0.0,31
89446cac113ffff,1,1.0,2.0,1.0,0.0,10.0,0.0,0.0,0.0,0.0,0.0,0.0,0.0,0.0,0.0,0.0,0.0,231
89446cac117ffff,198,41.0,2.01010101010101,0.25757575757575757,0.045454545454545456,9.009635416666667,0.0,0.0,0.8838383838383839,0.0,0.0,0.0,0.0,0.0,0.0,0.0,0.0,22
89446cac127ffff,18,6.0,2.0,0.3333333333333333,0.0,7.888888888888889,0.0,0.0,0.0,0.0,0.0,0.0,0.0,0.0,0.0,0.0,0.0,13
89446cac12bffff,84,14.0,2.0476190476190474,0.14285714285714285,0.03571428571428571,9.3925,0.0,0.0,0.08333333333333333,0.0,0.0,0.0,0.0,0.0,0.0,0.0,0.0,27
89446cac12fffff,1,1.0,2.0,0.0,0.0,10.0,0.0,0.0,0.0,0.0,0.0,0.0,0.0,0.0,0.0,0.0,0.0,127
89446cac137ffff,2,0.0,2.0,0.0,0.0,10.0,0.0,0.0,0.0,0.0,0.0,0.0,0.0,0.0,0.0,0.0,0.0,22
89446cac13bffff,14,2.0,2.142857142857143,0.21428571428571427,0.0,8.785714285714286,0.6428571428571429,0.0,0.0,0.0,0.0,0.0,0.0,0.0,0.0,0.0,0.0,94
89446cac143ffff,3,2.0,2.0,0.3333333333333333,0.0,10.0,0.0,0.0,0.0,0.0,0.0,0.0,0.0,0.0,0.0,0.0,0.0,25
89446cac147ffff,5,2.0,2.0,0.2,0.0,7.8,0.0,0.0,0.0,0.0,0.0,0.0,0.0,0.0,0.0,0.0,0.0,30
89446cac14fffff,3,2.0,2.0,0.3333333333333333,0.6666666666666666,10.0,0.0,0.0,0.0,0.0,0.0,0.0,0.0,0.0,0.0,0.0,0.0,23
89446cac157ffff,17,5.0,2.0,0.4117647058823529,0.0,9.176470588235293,0.0,0.0,0.8823529411764706,0.0,0.0,0.0,0.0,0.0,0.0,0.0,0.0,14
89446cac16bffff,1,1.0,2.0,0.0,0.0,10.0,0.0,0.0,0.0,0.0,0.0,0.0,0.0,0.0,0.0,0.0,0.0,12
89446cac16fffff,1,0.0,2.0,0.0,0.0,10.0,0.0,0.0,0.0,0.0,0.0,0.0,0.0,0.0,0.0,0.0,0.0,1
89446cac173ffff,1,1.0,2.0,0.0,1.0,10.0,0.0,0.0,0.0,0.0,0.0,0.0,0.0,0.0,0.0,0.0,0.0,13
89446cac17bffff,4,2.0,2.0,0.0,0.0,9.75,0.0,0.0,0.0,0.0,0.0,0.0,0.0,0.0,0.0,0.0,0.0,13
89446cac187ffff,7,4.0,2.0,0.2857142857142857,0.0,9.285714285714286,0.0,0.0,0.0,0.0,0.0,0.0,0.0,0.0,0.0,0.0,0.0,19
89446cac18bffff,25,6.0,2.36,0.28,0.08,9.66,0.8,0.0,0.0,0.0,0.0,0.0,0.0,0.0,0.0,0.0,0.0,8
89446cac18fffff,2,2.0,2.0,0.0,0.5,7.5,0.0,0.0,0.0,0.0,0.0,0.0,0.0,0.0,0.0,0.0,0.0,231
89446cac197ffff,17,4.0,2.0,0.11764705882352941,0.0,9.176470588235293,0.0,0.0,0.0,0.0,0.0,0.0,0.0,0.0,0.0,0.0,0.0,16
89446cac19bffff,2,2.0,2.0,0.0,0.0,10.0,0.0,0.0,0.0,0.0,0.0,0.0,0.0,0.0,0.0,0.0,0.0,46
89446cac1a3ffff,35,9.0,2.0285714285714285,0.2,0.0,8.81764705882353,0.0,0.0,0.9714285714285714,0.0,0.0,0.0,0.0,0.0,0.0,0.0,0.0,9
89446cac1abffff,5,2.0,2.0,0.4,0.0,9.8,0.0,0.0,0.0,0.0,0.0,0.0,0.0,0.0,0.0,0.0,0.0,245
89446cac1afffff,4,0.0,2.0,0.25,0.0,10.0,0.0,0.0,0.0,0.0,0.0,0.0,0.0,0.0,0.0,0.0,0.0,42
89446cac1cfffff,4,3.0,2.0,0.25,0.0,9.75,0.0,0.0,0.0,0.0,0.0,0.0,0.0,0.0,0.0,0.0,0.0,17
89446cac1d7ffff,3,2.0,2.0,0.3333333333333333,0.3333333333333333,5.933333333333334,0.0,0.0,0.0,0.0,0.0,0.0,0.0,0.0,0.0,0.0,0.0,28
89446cac1dbffff,3,1.0,2.0,0.0,0.3333333333333333,10.0,0.0,0.0,0.0,0.0,0.0,0.0,0.0,0.0,0.0,0.0,0.0,5
89446cac203ffff,4,1.0,2.0,0.0,0.0,7.8,0.0,0.0,0.0,0.0,0.0,0.0,0.0,0.0,0.0,0.0,0.0,21
89446cac207ffff,8,2.0,2.0,0.25,0.25,8.8125,0.0,0.0,0.0,0.0,0.0,0.0,0.0,0.0,0.0,0.0,0.0,24
89446cac20fffff,7,2.0,2.0,0.0,0.0,8.714285714285714,0.0,0.0,0.7142857142857143,0.0,0.0,0.0,0.0,0.0,0.0,0.0,0.0,27
89446cac213ffff,2,1.0,2.0,0.5,0.5,9.0,0.0,0.0,0.0,0.0,0.0,0.0,0.0,0.0,0.0,0.0,0.0,27
89446cac217ffff,1,0.0,2.0,0.0,0.0,9.0,0.0,0.0,0.0,0.0,0.0,0.0,0.0,0.0,0.0,0.0,0.0,20
89446cac21bffff,3,1.0,2.0,0.3333333333333333,0.0,8.0,0.0,0.0,0.0,0.0,0.0,0.0,0.0,0.0,0.0,0.0,0.0,28
89446cac223ffff,1,0.0,2.0,0.0,0.0,10.0,0.0,0.0,0.0,0.0,0.0,0.0,0.0,0.0,0.0,0.0,0.0,33
89446cac227ffff,14,4.0,2.0,0.14285714285714285,0.0,9.692307692307692,0.0,0.0,0.7142857142857143,0.0,0.0,0.0,0.0,0.0,0.0,0.0,0.0,15
89446cac22bffff,4,3.0,2.0,0.5,0.25,9.5,0.0,0.0,0.0,0.0,0.0,0.0,0.0,0.0,0.0,0.0,0.0,7
89446cac22fffff,1,1.0,2.0,0.0,1.0,8.0,0.0,0.0,0.0,0.0,0.0,0.0,0.0,0.0,0.0,0.0,0.0,24
89446cac233ffff,6,1.0,2.0,0.0,0.0,8.8,0.0,0.0,0.0,0.0,0.0,0.0,0.0,0.0,0.0,0.0,0.0,59
89446cac237ffff,5,1.0,2.0,0.2,0.0,9.4,0.0,0.0,0.0,0.0,0.0,0.0,0.0,0.0,0.0,0.0,0.0,67
89446cac23bffff,3,0.0,2.0,0.0,0.0,9.0,0.0,0.0,0.0,0.0,0.0,0.0,0.0,0.0,0.0,0.0,0.0,27
89446cac24bffff,10,6.0,2.0,0.3,0.2,8.13888888888889,0.0,0.0,0.0,0.0,0.0,0.0,0.0,0.0,0.0,0.0,0.0,95
89446cac24fffff,8,0.0,2.0,0.375,0.0,9.375,0.0,0.0,1.0,0.0,0.0,0.0,0.0,0.0,0.0,0.0,0.0,87
89446cac253ffff,12,1.0,2.0,0.08333333333333333,0.0,9.583333333333334,0.0,0.0,0.9166666666666666,0.08333333333333333,0.0,0.0,0.0,0.0,0.0,0.0,0.0,35
89446cac257ffff,1,1.0,2.0,1.0,0.0,10.0,0.0,0.0,0.0,0.0,0.0,0.0,0.0,0.0,0.0,0.0,0.0,27
89446cac25bffff,21,14.0,2.0,0.23809523809523808,0.047619047619047616,9.380952380952381,0.0,0.0,0.0,0.6666666666666666,0.0,0.0,0.0,0.0,0.0,0.0,0.0,59
89446cac263ffff,3,1.0,2.0,0.0,0.0,7.166666666666667,0.0,0.0,0.0,0.6666666666666666,0.0,0.0,0.0,0.0,0.0,0.0,0.0,38
89446cac26bffff,1,0.0,2.0,0.0,0.0,6.0,0.0,0.0,0.0,0.0,0.0,0.0,0.0,0.0,0.0,0.0,0.0,31
89446cac26fffff,8,2.0,2.0,0.125,0.0,8.6875,0.0,0.0,0.0,0.75,0.0,0.0,0.0,0.0,0.0,0.0,0.0,22
89446cac273ffff,11,7.0,2.0,0.2727272727272727,0.09090909090909091,8.909090909090908,0.0,0.0,0.2727272727272727,0.0,0.0,0.0,0.0,0.0,0.0,0.0,0.0,28
89446cac277ffff,1,1.0,2.0,0.0,0.0,10.0,0.0,0.0,0.0,0.0,0.0,0.0,0.0,0.0,0.0,0.0,0.0,28
89446cac27bffff,17,4.0,2.0,0.23529411764705882,0.11764705882352941,7.55,0.0,0.0,0.9411764705882353,0.0,0.0,0.0,0.0,0.0,0.0,0.0,0.0,23
89446cac283ffff,12,5.0,2.0833333333333335,0.25,0.08333333333333333,8.833333333333334,0.0,0.0,0.0,0.0,0.0,0.0,0.0,0.0,0.0,0.0,0.0,61
89446cac287ffff,3,2.0,2.0,0.0,0.0,10.0,0.0,0.0,0.0,0.0,0.0,0.0,0.0,0.0,0.0,0.0,0.0,62
89446cac28bffff,10,4.0,2.0,0.2,0.1,8.9,0.0,0.5,0.5,0.0,0.0,0.0,0.0,0.0,0.0,0.0,0.0,38
89446cac297ffff,45,4.0,2.0,0.17777777777777778,0.0,8.737209302325581,0.0,0.7777777777777778,0.7777777777777778,0.0,0.0,0.0,0.0,0.0,0.0,0.0,0.0,46
89446cac29bffff,3,1.0,2.0,0.6666666666666666,0.0,10.0,0.0,0.0,0.0,0.0,0.0,0.0,0.0,0.0,0.0,0.0,0.0,45
89446cac2a3ffff,35,9.0,2.0,0.2857142857142857,0.08571428571428572,8.479411764705883,0.0,0.0,0.7428571428571429,0.0,0.0,0.0,0.0,0.0,0.0,0.0,0.7142857142857143,59
89446cac2a7ffff,8,4.0,2.0,0.125,0.125,9.25,0.0,0.0,0.0,0.0,0.0,0.0,0.0,0.0,0.0,0.0,0.0,90
89446cac2abffff,3,2.0,2.0,0.3333333333333333,0.0,9.666666666666666,0.0,0.0,0.0,0.0,0.0,0.0,0.0,0.0,0.0,0.0,0.0,92
89446cac2afffff,39,9.0,2.0,0.15384615384615385,0.10256410256410256,8.43421052631579,0.0,0.0,1.0,0.0,0.0,0.0,0.0,0.0,0.0,0.0,0.0,57
89446cac2b7ffff,6,2.0,2.0,0.5,0.0,8.8,0.0,0.0,0.0,0.0,0.0,0.0,0.0,0.0,0.0,0.0,0.0,49
89446cac2bbffff,3,0.0,2.0,0.3333333333333333,0.0,7.666666666666667,0.0,0.0,0.0,0.0,0.0,0.0,0.0,0.0,0.0,0.0,0.0,42
89446cac2c7ffff,9,1.0,2.0,0.2222222222222222,0.0,8.457142857142857,0.0,0.0,0.8888888888888888,0.0,0.8888888888888888,0.0,0.0,0.0,0.0,0.0,0.0,39
89446cac2cbffff,1,1.0,2.0,1.0,0.0,10.0,0.0,0.0,0.0,0.0,0.0,0.0,0.0,0.0,0.0,0.0,0.0,24
89446cac2cfffff,12,6.0,2.0833333333333335,0.25,0.16666666666666666,8.5,0.0,0.0,0.75,0.08333333333333333,0.0,0.0,0.0,0.0,0.0,0.0,0.0,26
89446cac2d3ffff,1,0.0,2.0,1.0,0.0,3.0,0.0,0.0,0.0,0.0,0.0,0.0,0.0,0.0,0.0,0.0,0.0,21
89446cac2d7ffff,12,5.0,2.0,0.08333333333333333,0.0,9.454545454545455,0.0,0.0,0.0,0.0,0.0,0.0,0.0,0.0,0.0,0.0,0.0,32
89446cac303ffff,7,2.0,2.0,0.2857142857142857,0.14285714285714285,9.571428571428571,0.0,0.0,0.0,0.0,0.0,0.0,0.0,0.0,0.0,0.0,0.0,6
89446cac307ffff,2,2.0,2.0,0.0,0.0,10.0,0.0,0.5,0.0,0.0,0.0,0.0,0.0,0.0,0.0,0.0,0.0,28
89446cac30bffff,2,1.0,2.0,1.0,0.0,10.0,0.0,0.0,0.0,0.0,0.0,0.0,0.0,0.0,0.0,0.0,0.0,33
89446cac31bffff,2,0.0,2.0,0.0,0.0,10.0,0.0,0.0,0.0,0.0,0.0,0.0,0.0,0.0,0.0,0.0,0.0,35
89446cac327ffff,43,14.0,2.0,0.2558139534883721,0.13953488372093023,8.476190476190476,0.0,0.0,0.8372093023255814,0.06976744186046512,0.0,0.0,0.0,0.0,0.0,0.0,0.0,39
89446cac32fffff,6,3.0,2.0,0.3333333333333333,0.16666666666666666,8.0,0.0,0.0,0.0,0.8333333333333334,0.0,0.0,0.0,0.0,0.0,0.0,0.0,80
89446cac333ffff,1,0.0,2.0,1.0,0.0,8.0,0.0,0.0,0.0,0.0,0.0,0.0,0.0,0.0,0.0,0.0,0.0,74
89446cac337ffff,10,5.0,2.0,0.2,0.1,9.9,0.0,0.8,1.0,0.0,0.0,0.0,0.0,0.0,0.0,0.0,0.0,94
89446cac343ffff,23,3.0,2.0,0.2608695652173913,0.08695652173913043,8.69090909090909,0.0,0.0,0.9130434782608695,0.0,0.0,0.0,0.0,0.0,0.0,0.0,0.0,79
89446cac34bffff,44,9.0,2.0,0.20454545454545456,0.045454545454545456,9.162790697674419,0.0,0.0,0.5454545454545454,0.0,0.0,0.0,0.0,0.0,0.0,0.0,0.0,50
89446cac34fffff,10,8.0,2.0,0.8,0.0,8.5,0.0,0.0,0.0,0.0,0.0,0.0,0.0,0.0,0.0,0.0,0.0,92
89446cac353ffff,1,1.0,2.0,1.0,0.0,10.0,0.0,0.0,0.0,0.0,0.0,0.0,0.0,0.0,0.0,0.0,0.0,69
89446cac357ffff,24,11.0,2.0,0.25,0.0,6.445833333333333,0.0,0.0,0.7083333333333334,0.0,0.0,0.0,0.0,0.0,0.0,0.0,0.0,29
89446cac363ffff,1,1.0,2.0,0.0,0.0,10.0,0.0,0.0,0.0,0.0,0.0,0.0,0.0,0.0,0.0,0.0,0.0,12
89446cac367ffff,2,0.0,2.0,0.0,0.0,10.0,0.0,0.0,0.0,0.0,0.0,0.0,0.0,0.0,0.0,0.0,0.0,37
89446cac36fffff,10,3.0,2.0,0.1,0.2,9.0,0.0,0.0,0.4,0.5,0.0,0.0,0.0,0.0,0.0,0.0,0.0,24
89446cac383ffff,16,6.0,2.0,0.25,0.1875,8.84375,0.0,0.0,0.0,0.0,0.0,0.0,0.0,0.0,0.0,0.0,0.0,89
89446cac387ffff,11,3.0,2.0,0.36363636363636365,0.0,6.931818181818182,0.0,0.0,0.9090909090909091,0.0,0.0,0.0,0.0,0.0,0.0,0.0,0.0,105
89446cac38bffff,2,1.0,2.0,0.5,0.0,9.5,0.0,0.0,0.0,0.0,0.0,0.0,0.0,0.0,0.0,0.0,0.0,28
89446cac38fffff,1,0.0,2.0,0.0,0.0,4.0,0.0,0.0,0.0,0.0,0.0,0.0,0.0,0.0,0.0,0.0,0.0,44
89446cac397ffff,65,12.0,2.0,0.2,0.09230769230769231,8.071666666666667,0.0,0.9846153846153847,0.9846153846153847,0.0,0.0,0.0,0.0,0.0,0.0,0.0,0.0,54
89446cac39bffff,10,4.0,2.0,0.2,0.0,9.8,0.0,0.0,0.3,0.0,0.0,0.0,0.0,0.0,0.0,0.0,0.0,22
89446cac3a3ffff,2,1.0,2.0,0.0,0.0,10.0,0.0,0.0,0.0,0.0,0.0,0.0,0.0,0.0,0.0,0.0,0.0,92
89446cac3a7ffff,4,2.0,2.0,0.0,0.0,10.0,0.0,0.0,0.0,0.0,0.0,0.0,0.0,0.0,0.0,0.0,0.0,49
89446cac3abffff,20,6.0,2.0,0.1,0.05,8.940000000000001,0.0,0.0,1.0,0.0,0.0,0.0,0.0,0.0,0.0,0.0,0.0,62
89446cac3afffff,42,12.0,2.0,0.2619047619047619,0.07142857142857142,8.083333333333334,0.0,0.0,0.9523809523809523,0.0,0.0,0.0,0.0,0.0,0.0,0.0,0.0,38
89446cac3b3ffff,8,5.0,2.0,0.5,0.125,10.0,0.0,0.0,0.5,0.0,0.0,0.0,0.0,0.0,0.0,0.0,0.0,34
89446cac3b7ffff,3,0.0,2.0,0.0,0.0,9.333333333333334,0.0,0.0,0.0,0.0,0.0,0.0,0.0,0.0,0.0,0.0,0.0,22
89446cac3bbffff,15,1.0,2.0,0.2,0.13333333333333333,7.586666666666667,0.0,0.0,0.6,0.4,0.0,0.0,0.0,0.0,0.0,0.0,0.0,42
89446cac3c3ffff,1,1.0,2.0,1.0,1.0,8.0,0.0,0.0,0.0,0.0,0.0,0.0,0.0,0.0,0.0,0.0,0.0,15
89446cac3c7ffff,1,0.0,2.0,0.0,0.0,10.0,0.0,0.0,0.0,0.0,0.0,0.0,0.0,0.0,0.0,0.0,0.0,6
89446cac3cbffff,7,3.0,2.0,0.14285714285714285,0.14285714285714285,8.571428571428571,0.0,0.0,0.0,0.0,0.0,0.0,0.0,0.0,0.0,0.0,0.0,22
89446cac3cfffff,1,0.0,2.0,1.0,0.0,10.0,0.0,0.0,0.0,0.0,0.0,0.0,0.0,0.0,0.0,0.0,0.0,36
89446cac3d3ffff,6,1.0,2.0,0.0,0.0,9.833333333333334,0.0,0.0,0.0,0.0,0.0,0.0,0.0,0.0,0.0,0.0,0.0,17
89446cac403ffff,8,1.0,2.0,0.0,0.0,10.0,0.0,0.0,0.0,0.0,0.0,0.0,0.0,0.0,0.0,0.0,0.0,63
89446cac407ffff,2,1.0,2.0,0.0,0.0,10.0,0.0,0.0,0.0,0.0,0.0,0.0,0.0,0.0,0.0,0.0,0.0,91
89446cac40fffff,54,12.0,2.0,0.16666666666666666,0.09259259259259259,8.538461538461538,0.0,0.6296296296296297,0.9814814814814815,0.0,0.0,0.0,0.0,0.0,0.0,0.0,0.0,43
89446cac413ffff,4,0.0,2.0,0.0,0.0,9.0,0.0,0.0,0.0,0.0,0.0,0.0,0.0,0.0,0.0,0.0,0.0,14
89446cac417ffff,3,0.0,2.0,0.0,0.0,8.666666666666666,0.0,0.0,0.0,0.0,0.0,0.0,0.0,0.0,0.0,0.0,0.0,20
89446cac423ffff,7,4.0,2.2857142857142856,0.2857142857142857,0.0,9.714285714285714,0.0,0.0,0.0,0.0,0.0,0.0,0.0,0.0,0.0,0.0,0.0,91
89446cac427ffff,26,9.0,2.3076923076923075,0.3076923076923077,0.0,9.26923076923077,0.0,0.0,0.0,0.0,0.0,0.0,0.0,0.0,0.0,0.0,0.0,25
89446cac42bffff,35,13.0,2.7714285714285714,0.22857142857142856,0.14285714285714285,8.117647058823529,0.02857142857142857,0.0,0.0,0.0,0.0,0.0,0.0,0.0,0.0,0.0,0.0,235
89446cac42fffff,6,3.0,2.5,0.3333333333333333,0.16666666666666666,8.833333333333334,0.0,0.0,0.0,0.0,0.0,0.0,0.0,0.0,0.0,0.0,0.0,101
89446cac433ffff,2,0.0,2.0,0.0,0.0,10.0,0.0,0.0,0.0,1.0,0.0,0.0,0.0,0.0,0.0,0.0,0.0,36
89446cac437ffff,2,1.0,2.0,0.0,0.0,9.5,0.0,0.0,0.0,0.0,0.0,0.0,0.0,0.0,0.0,0.0,0.0,49
89446cac43bffff,20,2.0,2.0,0.1,0.15,8.455555555555556,0.0,0.0,0.0,0.0,0.0,0.0,0.0,0.0,0.0,0.0,0.0,106
89446cac447ffff,12,3.0,2.0,0.16666666666666666,0.16666666666666666,8.916666666666666,0.0,0.75,0.75,0.25,0.0,0.0,0.0,0.0,0.0,0.0,0.0,31
89446cac44bffff,3,0.0,2.0,0.0,0.0,6.5,0.0,0.0,0.0,0.0,0.0,0.0,0.0,0.0,0.0,0.0,0.0,15
89446cac44fffff,4,0.0,2.0,0.25,0.0,7.375,0.0,0.0,0.0,0.0,0.0,0.0,0.0,0.0,0.0,0.0,0.0,58
89446cac453ffff,1,0.0,2.0,0.0,0.0,10.0,0.0,0.0,0.0,1.0,0.0,0.0,0.0,0.0,0.0,0.0,0.0,3
89446cac457ffff,1,0.0,2.0,1.0,0.0,9.0,0.0,0.0,0.0,0.0,0.0,0.0,0.0,0.0,0.0,0.0,0.0,13
89446cac45bffff,2,1.0,2.0,0.0,0.0,8.0,0.0,0.0,0.0,1.0,0.0,0.0,0.0,0.0,0.0,0.0,0.0,4
89446cac463ffff,38,2.0,2.6578947368421053,0.21052631578947367,0.13157894736842105,7.816216216216216,0.0,0.0,0.0,0.0,0.0,0.0,0.0,0.0,0.0,0.0,0.0,259
89446cac467ffff,180,60.0,2.561111111111111,0.22777777777777777,0.06666666666666667,9.007142857142858,0.0,0.0,0.10555555555555556,0.0,0.0,0.0,0.0,0.0,0.0,0.0,0.0,104
89446cac46bffff,38,10.0,2.6052631578947367,0.3157894736842105,0.05263157894736842,9.052631578947368,0.05263157894736842,0.0,0.0,0.0,0.0,0.0,0.0,0.0,0.0,0.0,0.0,234
89446cac46fffff,9,9.0,2.0,0.1111111111111111,0.0,8.916666666666666,0.0,0.0,0.0,0.0,0.0,0.0,0.0,0.0,0.0,0.0,0.0,267
89446cac473ffff,7,2.0,2.0,0.0,0.0,9.166666666666666,0.0,0.0,0.0,1.0,0.0,0.0,0.0,0.0,0.0,0.0,0.0,129
89446cac477ffff,6,3.0,2.0,0.5,0.0,9.833333333333334,0.0,0.0,0.16666666666666666,0.0,0.0,0.0,0.0,0.0,0.0,0.0,0.0,334
89446cac47bffff,19,3.0,2.0,0.15789473684210525,0.05263157894736842,9.0,0.0,0.9473684210526315,0.0,1.0,0.0,0.0,0.0,0.0,0.0,0.0,0.0,114
89446cac483ffff,7,1.0,2.0,0.14285714285714285,0.0,8.285714285714286,0.0,0.0,0.7142857142857143,0.0,0.0,0.0,0.0,0.0,0.0,0.0,0.0,8
89446cac48bffff,2,1.0,2.0,0.0,0.5,8.0,0.0,0.0,0.0,0.0,0.0,0.0,0.0,0.0,0.0,0.0,0.0,22
89446cac48fffff,1,1.0,2.0,0.0,0.0,10.0,0.0,0.0,0.0,0.0,0.0,0.0,0.0,0.0,0.0,0.0,0.0,17
89446cac497ffff,4,2.0,2.0,0.0,0.25,9.5,0.0,0.0,0.0,0.0,0.0,0.0,0.0,0.0,0.0,0.0,0.0,10
89446cac49bffff,1,1.0,2.0,1.0,0.0,10.0,0.0,0.0,0.0,0.0,0.0,0.0,0.0,0.0,0.0,0.0,0.0,22
89446cac4a3ffff,2,2.0,2.0,1.0,0.0,4.0,0.0,0.0,0.0,0.0,0.0,0.0,0.0,0.0,0.0,0.0,0.0,14
89446cac4a7ffff,6,1.0,2.0,0.5,0.0,9.0,0.0,0.0,0.0,0.0,0.0,0.0,0.0,0.0,0.0,0.0,0.0,73
89446cac4abffff,4,1.0,2.0,0.25,0.25,7.333333333333333,0.0,0.0,0.0,0.0,0.0,0.0,0.0,0.0,0.0,0.0,0.0,11
89446cac4afffff,1,0.0,2.0,0.0,0.0,10.0,0.0,0.0,0.0,0.0,0.0,0.0,0.0,0.0,0.0,0.0,0.0,19
89446cac4b3ffff,1,0.0,2.0,0.0,0.0,10.0,0.0,0.0,0.0,0.0,0.0,0.0,0.0,0.0,0.0,0.0,0.0,15
89446cac4b7ffff,1,1.0,2.0,0.0,1.0,10.0,0.0,0.0,0.0,0.0,0.0,0.0,0.0,0.0,0.0,0.0,0.0,209
89446cac4bbffff,1,0.0,2.0,0.0,0.0,9.0,0.0,0.0,0.0,0.0,0.0,0.0,0.0,0.0,0.0,0.0,0.0,11
89446cac4d7ffff,9,2.0,2.0,0.0,0.0,9.444444444444445,0.0,0.0,0.0,0.0,0.0,0.0,0.0,0.0,0.0,0.0,0.0,7
89446cac503ffff,16,4.0,2.0,0.375,0.0625,7.88,0.0,0.0,0.0,0.0,0.0,0.0,0.0,0.0,0.0,0.0,0.0,212
89446cac507ffff,14,2.0,2.0,0.21428571428571427,0.0,8.857142857142858,0.0,0.0,0.0,0.0,0.0,0.0,0.0,0.0,0.0,0.0,0.0,50
89446cac50bffff,129,32.0,2.0155038759689923,0.1937984496124031,0.05426356589147287,8.985887096774194,0.0,0.0,0.5193798449612403,0.0,0.06976744186046512,0.0,0.0,0.0,0.0,0.0,0.0,94
89446cac50fffff,8,2.0,2.25,0.375,0.0,8.0,0.0,0.0,0.0,0.0,0.0,0.0,0.0,0.0,0.0,0.0,0.0,211
89446cac513ffff,1,0.0,2.0,0.0,0.0,9.0,0.0,0.0,0.0,0.0,0.0,0.0,0.0,0.0,0.0,0.0,0.0,444
89446cac517ffff,10,4.0,2.0,0.2,0.3,8.9,0.0,0.0,0.0,0.0,0.0,0.0,0.0,0.0,0.0,0.0,0.0,60
89446cac51bffff,50,1.0,2.14,0.1,0.08,8.885416666666666,0.18,0.0,0.0,0.0,0.0,0.0,0.0,0.0,0.0,0.0,0.0,571
89446cac523ffff,10,6.0,2.0,0.2,0.1,8.14,0.0,0.0,0.0,0.0,0.0,0.0,0.0,0.0,0.0,0.0,0.2,13
89446cac52fffff,9,4.0,2.0,0.1111111111111111,0.0,10.0,0.0,0.0,0.0,0.0,0.0,0.0,0.0,0.0,0.0,0.0,0.0,27
89446cac533ffff,4,1.0,2.0,0.0,0.0,9.75,0.0,0.0,0.0,0.0,0.0,0.0,0.0,0.0,0.0,0.0,0.0,38
89446cac543ffff,6,1.0,2.0,0.3333333333333333,0.0,9.833333333333334,0.0,0.0,1.0,0.5,0.0,0.0,0.0,0.0,0.0,0.0,0.0,26
89446cac547ffff,2,2.0,2.0,0.0,0.0,10.0,0.0,0.0,0.5,0.0,0.0,0.0,0.0,0.0,0.0,0.0,0.0,160
89446cac54bffff,3,2.0,2.0,0.6666666666666666,0.0,10.0,0.0,0.0,0.0,0.0,0.0,0.0,0.0,0.0,0.0,0.0,0.0,30
89446cac54fffff,3,2.0,2.0,0.3333333333333333,0.0,9.666666666666666,0.0,0.0,0.0,0.0,0.0,0.0,0.0,0.0,0.0,0.0,0.0,22
89446cac557ffff,18,1.0,2.0,0.2222222222222222,0.2222222222222222,7.925,0.0,0.0,1.0,0.0,0.0,0.0,0.0,0.0,0.0,0.0,0.0,266
89446cac567ffff,17,4.0,2.1176470588235294,0.11764705882352941,0.11764705882352941,9.470588235294118,0.0,0.0,0.0,0.0,0.0,0.0,0.0,0.0,0.0,0.0,0.0,55
89446cac56bffff,2,2.0,2.0,1.0,0.5,10.0,0.0,0.0,0.0,0.0,0.0,0.0,0.0,0.0,0.0,0.0,0.0,10
89446cac56fffff,1,0.0,2.0,0.0,0.0,6.0,0.0,0.0,0.0,0.0,0.0,0.0,0.0,0.0,0.0,0.0,0.0,24
89446cac577ffff,52,6.0,2.1153846153846154,0.17307692307692307,0.15384615384615385,8.48,0.038461538461538464,0.0,0.0,0.0,0.0,0.0,0.0,0.0,0.0,0.0,0.0,25
89446cac57bffff,4,3.0,2.0,0.0,0.0,8.5,0.0,0.0,0.0,0.0,0.0,0.0,0.0,0.0,0.0,0.0,0.0,10
89446cac587ffff,48,9.0,2.5208333333333335,0.20833333333333334,0.041666666666666664,9.583333333333334,0.041666666666666664,0.0,0.0,0.0,0.0,0.0,0.0,0.0,0.0,0.0,0.0,157
89446cac58bffff,23,3.0,2.9565217391304346,0.13043478260869565,0.08695652173913043,9.434782608695652,0.0,0.0,0.0,0.0,0.0,0.0,0.0,0.0,0.0,0.0,0.0,364
89446cac58fffff,17,1.0,2.411764705882353,0.4117647058823529,0.058823529411764705,9.40625,0.0,0.0,0.0,0.0,0.0,0.0,0.0,0.0,0.0,0.0,0.0,82
89446cac597ffff,1,1.0,2.0,1.0,0.0,10.0,0.0,0.0,0.0,0.0,0.0,0.0,0.0,0.0,0.0,0.0,0.0,181
89446cac59bffff,1,1.0,2.0,0.0,0.0,10.0,0.0,0.0,0.0,0.0,0.0,0.0,0.0,0.0,0.0,0.0,0.0,82
89446cac5a3ffff,1,0.0,2.0,0.0,0.0,0.2,0.0,0.0,0.0,0.0,0.0,0.0,0.0,0.0,0.0,0.0,0.0,54
89446cac5a7ffff,10,2.0,2.0,0.3,0.0,8.02,0.0,0.0,0.0,0.0,0.0,0.0,0.0,0.0,0.0,0.0,0.0,6
89446cac5abffff,12,4.0,2.0,0.16666666666666666,0.08333333333333333,8.333333333333334,0.0,0.0,1.0,0.0,0.0,0.0,0.0,0.0,0.0,0.0,0.0,31
89446cac5afffff,2,1.0,2.0,0.0,0.0,10.0,0.0,0.0,0.0,0.0,0.0,0.0,0.0,0.0,0.0,0.0,0.0,28
89446cac5b3ffff,28,8.0,2.4285714285714284,0.25,0.07142857142857142,9.185714285714285,0.0,0.0,0.4642857142857143,0.0,0.17857142857142858,0.0,0.0,0.0,0.0,0.0,0.0,179
89446cac5b7ffff,2,2.0,2.0,1.0,0.0,10.0,0.0,0.0,0.0,0.0,0.0,0.0,0.0,0.0,0.0,0.0,0.0,56
89446cac5c3ffff,42,9.0,2.0238095238095237,0.19047619047619047,0.047619047619047616,8.9,0.0,0.0,0.0,0.047619047619047616,0.047619047619047616,0.0,0.0,0.0,0.0,0.0,0.0,449
89446cac5c7ffff,328,76.0,2.4634146341463414,0.2530487804878049,0.07621951219512195,8.840752351097178,0.009146341463414634,0.0,0.06097560975609756,0.0,0.039634146341463415,0.0,0.0,0.0,0.0,0.0,0.006097560975609756,212
89446cac5cbffff,10,4.0,2.4,0.4,0.4,8.4,0.0,0.0,0.0,0.0,0.0,0.0,0.0,0.0,0.0,0.0,0.0,152
89446cac5cfffff,79,48.0,2.2025316455696204,0.1518987341772152,0.1518987341772152,8.192307692307692,0.5949367088607594,0.0,0.0,0.0,0.0,0.0,0.0,0.012658227848101266,0.012658227848101266,0.0,0.0,448
89446cac5d3ffff,12,4.0,2.0,0.16666666666666666,0.08333333333333333,7.818181818181818,0.0,0.0,0.0,0.0,0.0,0.0,0.0,0.0,0.0,0.0,0.4166666666666667,163
89446cac5d7ffff,17,4.0,2.2941176470588234,0.11764705882352941,0.11764705882352941,9.588235294117647,0.0,0.0,0.0,0.0,0.0,0.0,0.0,0.0,0.0,0.0,0.0,447
89446cac5dbffff,3,2.0,2.0,0.6666666666666666,0.0,10.0,0.0,0.0,0.0,0.0,0.0,0.0,0.0,0.0,0.0,0.0,0.0,73
89446cac603ffff,131,41.0,2.7786259541984735,0.29770992366412213,0.07633587786259542,8.7421875,0.015267175572519083,0.0,0.6564885496183206,0.0,0.0,0.0,0.0,0.0,0.0,0.0,0.0,144
89446cac607ffff,83,29.0,2.566265060240964,0.18072289156626506,0.12048192771084337,8.763414634146342,0.24096385542168675,0.0,0.27710843373493976,0.0,0.0,0.0,0.0,0.0,0.0,0.0,0.0,167
89446cac60bffff,60,17.0,2.783333333333333,0.16666666666666666,0.15,8.76271186440678,0.0,0.0,0.0,0.016666666666666666,0.0,0.0,0.0,0.0,0.0,0.0,0.0,179
89446cac617ffff,1,0.0,2.0,1.0,0.0,3.0,0.0,0.0,1.0,0.0,0.0,0.0,0.0,0.0,0.0,0.0,0.0,242
89446cac623ffff,6,3.0,2.0,0.3333333333333333,0.0,9.5,0.0,0.0,0.0,0.0,0.0,0.0,0.0,0.0,0.0,0.0,0.0,63
89446cac627ffff,4,3.0,2.0,0.5,0.0,8.75,0.0,0.0,0.0,0.0,0.0,0.0,0.0,0.0,0.0,0.0,0.0,62
89446cac62bffff,43,7.0,2.0,0.13953488372093023,0.046511627906976744,9.132926829268293,0.0,0.9534883720930233,0.9534883720930233,0.0,0.0,0.0,0.0,0.0,0.0,0.0,0.0,24
89446cac62fffff,9,4.0,2.0,0.5555555555555556,0.0,8.428571428571429,0.0,0.0,0.0,0.0,0.0,0.0,0.0,0.0,0.0,0.0,0.0,118
89446cac63bffff,7,6.0,2.0,0.5714285714285714,0.0,7.285714285714286,0.0,0.0,0.0,0.0,0.0,0.0,0.0,0.0,0.0,0.0,0.0,132
89446cac643ffff,6,2.0,2.3333333333333335,0.16666666666666666,0.0,9.0,0.0,0.0,0.0,0.16666666666666666,0.0,0.0,0.0,0.0,0.0,0.0,0.0,64
89446cac647ffff,45,6.0,2.7555555555555555,0.26666666666666666,0.06666666666666667,9.116279069767442,0.3111111111111111,0.0,0.26666666666666666,0.0,0.0,0.0,0.0,0.0,0.0,0.0,0.044444444444444446,69
89446cac64bffff,17,5.0,2.235294117647059,0.058823529411764705,0.058823529411764705,9.029411764705882,0.0,0.0,0.0,0.0,0.0,0.0,0.0,0.0,0.0,0.0,0.0,17
89446cac657ffff,1,0.0,3.0,0.0,0.0,6.0,0.0,0.0,1.0,0.0,0.0,0.0,0.0,0.0,0.0,0.0,0.0,111
89446cac65bffff,1,0.0,2.0,0.0,1.0,7.0,0.0,0.0,0.0,0.0,0.0,0.0,0.0,0.0,0.0,0.0,0.0,25
89446cac663ffff,2,2.0,2.0,0.5,0.0,10.0,0.0,0.0,0.0,0.0,0.0,0.0,0.0,0.0,0.0,0.0,0.0,13
89446cac667ffff,2,1.0,2.0,1.0,0.0,9.0,0.0,0.0,0.0,0.0,0.0,0.0,0.0,0.0,0.0,0.0,0.0,57
89446cac66fffff,9,2.0,2.0,0.1111111111111111,0.0,9.555555555555555,0.0,0.0,0.7777777777777778,0.0,0.0,0.0,0.0,0.0,0.0,0.0,0.0,20
89446cac673ffff,2,1.0,2.0,0.0,0.5,8.0,0.0,0.0,0.0,0.0,0.0,0.0,0.0,0.0,0.0,0.0,0.0,107
89446cac69bffff,1,0.0,2.0,0.0,0.0,10.0,0.0,0.0,0.0,1.0,0.0,0.0,0.0,0.0,0.0,0.0,0.0,1
89446cac6a3ffff,8,1.0,3.0,0.125,0.125,8.625,0.0,0.0,0.0,0.0,0.0,0.0,0.0,0.0,0.0,0.0,0.0,202
89446cac6a7ffff,149,39.0,2.8120805369127515,0.2751677852348993,0.18120805369127516,8.496043165467626,0.0,0.0,0.2080536912751678,0.0,0.0,0.0,0.0,0.0,0.0,0.0,0.0,74
89446cac6abffff,28,10.0,2.4285714285714284,0.25,0.03571428571428571,8.814814814814815,0.6071428571428571,0.0,0.0,0.0,0.0,0.0,0.0,0.0,0.0,0.0,0.0,93
89446cac6afffff,1,1.0,2.0,1.0,1.0,6.0,0.0,0.0,0.0,0.0,0.0,0.0,0.0,0.0,0.0,0.0,0.0,193
89446cac6b3ffff,9,2.0,2.0,0.2222222222222222,0.0,8.88888888888889,0.0,0.0,0.6666666666666666,0.2222222222222222,0.0,0.0,0.0,0.0,0.0,0.0,0.0,30
89446cac6b7ffff,15,2.0,2.0,0.06666666666666667,0.06666666666666667,8.557142857142857,0.0,0.0,1.0,0.0,0.0,0.0,0.0,0.0,0.0,0.0,0.0,227
89446cac6d7ffff,1,0.0,2.0,0.0,0.0,10.0,0.0,0.0,0.0,0.0,0.0,0.0,0.0,0.0,0.0,0.0,0.0,1
89446cac84bffff,12,3.0,2.1666666666666665,0.08333333333333333,0.0,9.0,0.0,0.0,0.0,0.0,0.0,0.0,0.0,0.0,0.0,0.0,0.0,192
89446cac857ffff,3,1.0,2.0,0.0,0.0,10.0,0.0,0.0,1.0,0.0,0.0,0.0,0.0,0.0,0.0,0.0,0.0,0
89446cac85bffff,97,24.0,2.0309278350515463,0.21649484536082475,0.041237113402061855,9.564948453608247,0.0,0.0,0.5154639175257731,0.0,0.020618556701030927,0.0,0.0,0.0,0.0,0.0,0.0,82
89446cac8cbffff,3,1.0,2.0,0.0,0.0,9.666666666666666,0.0,0.0,0.0,0.0,0.0,0.0,0.0,0.0,0.0,0.0,0.0,13
89446cac987ffff,1,1.0,2.0,1.0,0.0,10.0,0.0,0.0,0.0,0.0,0.0,0.0,0.0,0.0,0.0,0.0,0.0,0
89446caca03ffff,5,0.0,2.2,0.0,0.0,9.4,0.0,0.0,0.0,0.0,0.0,0.0,0.0,0.0,0.0,0.0,0.0,2
89446caca0fffff,2,1.0,2.0,0.5,0.0,10.0,0.0,0.0,0.0,0.0,0.0,0.0,0.0,0.0,0.0,0.0,0.0,42
89446caca23ffff,10,4.0,2.0,0.1,0.1,8.6,0.0,0.0,0.0,0.7,0.0,0.0,0.0,0.0,0.0,0.0,0.0,39
89446caca27ffff,13,5.0,2.076923076923077,0.46153846153846156,0.23076923076923078,7.846153846153846,0.0,0.0,0.0,0.0,0.0,0.0,0.0,0.0,0.0,0.0,0.0,203
89446caca2bffff,16,3.0,2.0625,0.125,0.1875,7.346666666666667,0.0,0.0,0.9375,0.0,0.0,0.0,0.0,0.0,0.0,0.0,0.0,51
89446caca33ffff,1,1.0,2.0,0.0,0.0,10.0,0.0,0.0,0.0,0.0,0.0,0.0,0.0,0.0,0.0,0.0,0.0,39
89446caca37ffff,5,4.0,2.0,0.2,0.0,8.2,0.0,0.0,0.0,0.0,0.0,0.0,0.0,0.0,0.0,0.0,0.0,215
89446caca3bffff,4,1.0,2.0,0.0,0.0,9.75,0.0,0.0,0.0,1.0,0.0,0.0,0.0,0.0,0.0,0.0,0.0,60
89446caca43ffff,3,2.0,2.0,0.6666666666666666,0.0,9.0,0.0,0.0,0.0,0.3333333333333333,0.0,0.0,0.0,0.0,0.0,0.0,0.0,51
89446caca47ffff,39,12.0,2.0,0.28205128205128205,0.07692307692307693,8.61794871794872,0.0,0.48717948717948717,0.7948717948717948,0.10256410256410256,0.0,0.48717948717948717,0.0,0.0,0.0,0.0,0.0,12
89446caca4fffff,2,1.0,2.0,0.0,0.0,10.0,0.0,0.0,0.0,0.0,0.0,0.0,0.0,0.0,0.0,0.0,0.0,144
89446caca53ffff,1,1.0,2.0,0.0,0.0,10.0,0.0,0.0,0.0,0.0,0.0,0.0,0.0,0.0,0.0,0.0,0.0,27
89446caca57ffff,5,1.0,2.0,0.2,0.0,10.0,0.0,0.0,0.0,0.2,0.0,0.0,0.0,0.0,0.0,0.0,0.0,44
89446caca5bffff,4,1.0,2.0,0.5,0.25,6.375,0.0,0.0,0.0,0.0,0.0,0.0,0.0,0.0,0.0,0.0,0.0,38
89446caca63ffff,1,0.0,3.0,1.0,0.0,10.0,0.0,0.0,0.0,1.0,0.0,0.0,0.0,0.0,0.0,0.0,0.0,82
89446caca6bffff,7,7.0,2.5714285714285716,0.2857142857142857,0.0,10.0,0.0,0.0,0.0,0.0,0.0,0.0,0.0,0.0,0.0,0.0,0.0,148
89446caca6fffff,42,23.0,2.1666666666666665,0.2619047619047619,0.09523809523809523,8.738095238095237,0.6190476190476191,0.0,0.0,0.023809523809523808,0.0,0.0,0.0,0.0,0.0,0.0,0.0,34
89446caca73ffff,2,1.0,2.0,1.0,0.0,9.5,0.0,0.0,0.0,1.0,0.0,0.0,0.0,0.0,0.0,0.0,0.0,73
89446caca77ffff,31,11.0,2.0,0.12903225806451613,0.16129032258064516,8.419354838709678,0.0,0.03225806451612903,1.0,0.0,0.41935483870967744,0.03225806451612903,0.0,0.0,0.0,0.0,0.0,25
89446caca83ffff,3,0.0,2.0,0.0,0.3333333333333333,7.0,0.0,0.0,0.0,0.0,0.0,0.0,0.0,0.0,0.0,0.0,0.0,54
89446caca97ffff,54,15.0,2.037037037037037,0.25925925925925924,0.05555555555555555,8.992592592592594,0.0,0.0,0.9259259259259259,0.0,0.0,0.0,0.0,0.0,0.0,0.0,0.0,115
89446cacaa3ffff,83,27.0,2.072289156626506,0.37349397590361444,0.060240963855421686,9.334939759036144,0.2891566265060241,0.0,0.0,0.0,0.0,0.0,0.0,0.0,0.0,0.0,0.0,62
89446cacaabffff,13,2.0,2.0,0.15384615384615385,0.0,7.863636363636363,0.0,0.0,0.0,0.9230769230769231,0.0,0.0,0.0,0.0,0.0,0.0,0.0,92
89446cacaafffff,7,1.0,2.142857142857143,0.2857142857142857,0.0,10.0,0.0,0.0,0.0,0.0,0.0,0.0,0.0,0.0,0.0,0.0,0.0,108
89446cacab3ffff,41,8.0,2.1219512195121952,0.17073170731707318,0.04878048780487805,9.325,0.0,0.0,0.0,0.0,0.0,0.0,0.0,0.0,0.0,0.0,0.024390243902439025,96
89446cacabbffff,1,0.0,2.0,0.0,0.0,10.0,0.0,0.0,0.0,0.0,0.0,0.0,0.0,0.0,0.0,0.0,0.0,137
89446cacacbffff,2,1.0,2.0,0.0,0.0,10.0,0.0,0.0,0.0,0.0,0.0,0.0,0.0,0.0,0.0,0.0,0.0,44
89446cacacfffff,1,0.0,2.0,0.0,0.0,3.0,0.0,0.0,0.0,0.0,0.0,0.0,0.0,0.0,0.0,0.0,0.0,8
89446cacad3ffff,7,3.0,2.0,0.2857142857142857,0.0,9.857142857142858,0.0,0.0,0.0,0.0,0.0,0.0,0.0,0.0,0.0,0.0,0.0,40
89446cacad7ffff,2,1.0,2.0,0.5,0.5,7.0,0.0,0.0,0.0,0.0,0.0,0.0,0.0,0.0,0.0,0.0,0.0,7
89446cacadbffff,22,5.0,2.0,0.3181818181818182,0.045454545454545456,8.954545454545455,0.0,0.0,0.8181818181818182,0.0,0.0,0.0,0.0,0.0,0.0,0.0,0.0,35
89446cacb0bffff,1,1.0,2.0,0.0,0.0,10.0,0.0,0.0,0.0,0.0,0.0,0.0,0.0,0.0,0.0,0.0,0.0,47
89446cacb2bffff,2,1.0,2.5,0.5,0.5,9.5,0.0,0.0,0.0,0.0,0.0,0.0,0.0,0.0,0.0,0.0,0.0,12
89446cacb2fffff,3,2.0,2.3333333333333335,0.3333333333333333,0.3333333333333333,6.0,0.0,0.0,0.0,0.0,0.0,0.0,0.0,0.0,0.0,0.0,0.0,4
89446cacb43ffff,1,0.0,2.0,0.0,0.0,10.0,0.0,0.0,0.0,0.0,0.0,0.0,0.0,0.0,0.0,0.0,0.0,109
89446cacb47ffff,8,4.0,2.0,0.0,0.0,10.0,0.0,0.375,0.0,0.0,0.0,0.375,0.0,0.0,0.0,0.0,0.0,127
89446cacb4bffff,9,1.0,2.111111111111111,0.5555555555555556,0.1111111111111111,6.444444444444445,0.0,0.0,0.0,0.0,0.0,0.0,0.0,0.0,0.0,0.0,0.0,218
89446cacb4fffff,82,37.0,2.207317073170732,0.2926829268292683,0.2073170731707317,8.448170731707316,0.24390243902439024,0.0,0.2926829268292683,0.0,0.0,0.0,0.0,0.0,0.0,0.0,0.0,22
89446cacb53ffff,5,2.0,2.2,0.4,0.0,9.8,0.0,0.0,0.8,0.4,0.0,0.0,0.0,0.0,0.0,0.0,0.0,201
89446cacb5bffff,5,2.0,2.0,0.2,0.0,10.0,0.6,0.0,0.0,0.0,0.0,0.0,0.0,0.0,0.0,0.0,0.0,158
89446cacb73ffff,39,10.0,2.2051282051282053,0.07692307692307693,0.15384615384615385,7.997435897435897,0.0,0.02564102564102564,0.1282051282051282,0.0,0.1794871794871795,0.0,0.0,0.0,0.0,0.0,0.0,22
89446cacb77ffff,9,1.0,2.5555555555555554,0.3333333333333333,0.2222222222222222,6.96875,0.1111111111111111,0.0,0.0,0.0,0.0,0.0,0.0,0.0,0.0,0.0,0.0,41
89446cacb7bffff,4,2.0,2.25,0.0,0.25,9.25,0.0,0.0,0.0,0.0,0.0,0.0,0.0,0.0,0.0,0.0,0.0,129
89446cacbc3ffff,24,6.0,2.0,0.20833333333333334,0.125,7.75,0.0,0.0,0.875,0.0,0.0,0.0,0.0,0.0,0.0,0.0,0.0,189
89446cacbcbffff,178,42.0,2.0280898876404496,0.19101123595505617,0.06179775280898876,9.274011299435028,0.6123595505617978,0.0,0.7471910112359551,0.0,0.1404494382022472,0.0,0.0,0.0,0.0,0.0,0.02247191011235955,57
89446cacbcfffff,4,1.0,2.0,0.25,0.25,8.25,0.0,0.0,0.0,0.0,0.0,0.0,0.0,0.0,0.0,0.0,0.0,207
89446cacbd3ffff,1,0.0,2.0,0.0,0.0,10.0,0.0,0.0,0.0,0.0,0.0,0.0,0.0,0.0,0.0,0.0,0.0,30
89446cacbdbffff,6,3.0,2.1666666666666665,0.3333333333333333,0.0,9.333333333333334,0.0,0.0,0.0,0.0,0.0,0.0,0.0,0.0,0.0,0.0,0.0,215
89446cacc43ffff,4,3.0,2.0,0.25,0.25,8.75,0.0,0.0,0.0,0.0,0.0,0.0,0.0,0.0,0.0,0.0,0.0,80
89446cacc47ffff,6,2.0,2.0,0.0,0.16666666666666666,9.666666666666666,0.0,0.0,0.0,0.0,0.0,0.0,0.0,0.0,0.0,0.0,0.0,67
89446cacc4bffff,1,0.0,2.0,0.0,0.0,10.0,0.0,0.0,0.0,0.0,0.0,0.0,0.0,0.0,0.0,0.0,0.0,330
89446cacc4fffff,63,13.0,1.9841269841269842,0.3333333333333333,0.047619047619047616,8.429166666666667,0.0,0.0,0.8888888888888888,0.0,0.0,0.0,0.0,0.0,0.0,0.0,0.0,29
89446cacc53ffff,1,1.0,2.0,1.0,0.0,10.0,0.0,0.0,0.0,0.0,0.0,0.0,0.0,0.0,0.0,0.0,0.0,31
89446cacc5bffff,9,4.0,2.0,0.4444444444444444,0.0,10.0,0.0,0.0,0.0,0.8888888888888888,0.0,0.0,0.0,0.0,0.0,0.0,0.0,29
89446cacd07ffff,1,0.0,2.0,0.0,0.0,10.0,0.0,0.0,1.0,0.0,0.0,0.0,0.0,0.0,0.0,0.0,0.0,0
89446cacd13ffff,1,1.0,2.0,1.0,0.0,2.0,0.0,0.0,0.0,0.0,0.0,0.0,0.0,0.0,0.0,0.0,0.0,0
89446cacd2bffff,1,0.0,2.0,0.0,0.0,1.5,0.0,0.0,0.0,0.0,0.0,0.0,0.0,0.0,0.0,0.0,0.0,0
89446cacd9bffff,87,41.0,2.0114942528735633,0.367816091954023,0.1839080459770115,8.348275862068965,0.0,0.0,0.0,0.0,0.0,0.0,0.0,0.0,0.0,0.0,0.0,0
89446cace07ffff,8,6.0,2.0,0.375,0.0,10.0,0.0,0.0,0.0,0.0,0.0,0.0,0.0,0.0,0.0,0.0,0.0,30
89446cace0bffff,2,2.0,2.0,0.5,0.0,5.125,0.0,0.0,0.0,0.0,0.0,0.0,0.0,0.0,0.0,0.0,0.0,11
89446cace0fffff,2,2.0,2.0,0.5,0.5,10.0,0.0,0.0,0.0,0.0,0.0,0.0,0.0,0.0,0.0,0.0,0.0,12
89446cace13ffff,1,0.0,2.0,0.0,0.0,10.0,0.0,0.0,0.0,0.0,0.0,0.0,0.0,0.0,0.0,0.0,0.0,25
89446cace1bffff,2,2.0,2.0,0.5,0.0,1.875,0.0,0.0,0.0,0.0,0.0,0.0,0.0,0.0,0.0,0.0,0.0,50
89446cace23ffff,3,0.0,2.0,0.0,0.0,8.333333333333334,0.0,0.0,0.0,0.0,0.0,0.0,0.0,0.0,0.0,0.0,0.0,38
89446cace27ffff,13,7.0,2.0,0.3076923076923077,0.0,9.153846153846153,0.23076923076923078,0.0,0.0,0.0,0.0,0.0,0.0,0.0,0.0,0.0,0.0,106
89446cace2fffff,3,0.0,2.6666666666666665,0.0,0.0,10.0,0.3333333333333333,0.0,0.0,0.0,0.0,0.0,0.0,0.0,0.0,0.0,0.0,167
89446cace33ffff,22,7.0,2.1363636363636362,0.09090909090909091,0.0,9.863636363636363,0.36363636363636365,0.0,0.0,0.0,0.0,0.0,0.0,0.0,0.0,0.0,0.0,17
89446cace43ffff,2,1.0,2.0,0.0,0.0,8.5,0.0,0.0,0.0,0.0,0.0,0.0,0.0,0.0,0.0,0.0,0.0,29
89446cace47ffff,1,1.0,2.0,1.0,0.0,2.0,0.0,0.0,0.0,0.0,0.0,0.0,0.0,0.0,0.0,0.0,0.0,16
89446cace4bffff,3,2.0,2.0,0.3333333333333333,0.6666666666666666,7.0,0.0,0.0,0.0,0.0,0.0,0.0,0.0,0.0,0.0,0.0,0.0,18
89446cace4fffff,3,1.0,2.0,0.6666666666666666,0.0,10.0,0.0,0.0,0.0,0.0,0.0,0.0,0.0,0.0,0.0,0.0,0.0,32
89446cace53ffff,5,1.0,2.0,0.2,0.0,9.4,0.0,0.0,0.0,0.0,0.0,0.0,0.0,0.0,0.0,0.0,0.0,106
89446cace57ffff,6,2.0,2.0,0.0,0.16666666666666666,10.0,0.0,0.0,0.0,0.0,0.0,0.0,0.0,0.0,0.0,0.0,0.0,49
89446cace5bffff,11,9.0,2.0,0.18181818181818182,0.0,8.090909090909092,0.0,0.0,0.0,0.0,0.0,0.0,0.0,0.0,0.0,0.0,0.0,59
89446cace77ffff,2,0.0,2.0,0.0,0.0,10.0,0.0,0.0,0.0,0.0,0.0,0.0,0.0,0.0,0.0,0.0,0.0,2
89446cace7bffff,3,2.0,2.0,0.6666666666666666,0.0,4.5,0.0,0.0,0.0,0.0,0.0,0.0,0.0,0.0,0.0,0.0,0.0,25
89446cace87ffff,237,71.0,2.0168776371308015,0.29957805907172996,0.0379746835443038,9.050210970464136,0.0,0.0,0.5189873417721519,0.0,0.0,0.0,0.0,0.0,0.0,0.0,0.0,44
89446cace8fffff,19,6.0,2.0,0.2631578947368421,0.10526315789473684,8.763157894736842,0.0,0.0,0.9473684210526315,0.0,0.0,0.0,0.0,0.0,0.0,0.0,0.0,245
89446cace93ffff,12,3.0,2.5,0.25,0.08333333333333333,9.291666666666666,0.0,0.0,0.0,0.0,0.0,0.0,0.0,0.0,0.0,0.0,0.0,89
89446cace97ffff,4,3.0,2.0,0.0,0.0,10.0,0.0,0.0,0.0,0.0,0.0,0.0,0.0,0.0,0.0,0.0,0.0,260
89446cacea7ffff,1,0.0,2.0,0.0,0.0,10.0,0.0,0.0,0.0,0.0,0.0,0.0,0.0,0.0,0.0,0.0,0.0,5
89446caceabffff,6,0.0,2.1666666666666665,0.16666666666666666,0.16666666666666666,9.166666666666666,0.0,0.0,0.0,0.0,0.0,0.0,0.0,0.0,0.0,0.0,0.0,37
89446caceb3ffff,13,6.0,2.0,0.38461538461538464,0.0,8.538461538461538,0.0,0.0,0.0,0.0,0.0,0.0,0.0,0.0,0.0,0.0,0.0,313
89446caceb7ffff,5,1.0,2.2,0.0,0.2,7.6,0.0,0.0,0.0,0.0,0.0,0.0,0.0,0.0,0.0,0.0,0.0,77
89446cacebbffff,7,3.0,2.0,0.0,0.0,7.75,0.0,0.0,0.0,0.0,0.0,0.0,0.0,0.0,0.0,0.0,0.0,275
89446cacec3ffff,1,0.0,2.0,1.0,0.0,10.0,0.0,0.0,0.0,1.0,0.0,0.0,0.0,0.0,0.0,0.0,0.0,49
89446cacec7ffff,4,2.0,2.0,1.0,0.25,8.0,0.0,0.0,0.0,0.0,0.0,0.0,0.0,0.0,0.0,0.0,0.0,41
89446cacecbffff,7,3.0,2.0,0.14285714285714285,0.14285714285714285,9.0,0.0,0.0,0.0,0.8571428571428571,0.0,0.0,0.0,0.0,0.0,0.0,0.0,97
89446cacecfffff,37,6.0,2.0,0.2702702702702703,0.05405405405405406,9.162162162162161,0.0,0.0,0.5405405405405406,0.0,0.0,0.0,0.0,0.0,0.0,0.0,0.0,25
89446cacedbffff,1,1.0,2.0,1.0,0.0,10.0,0.0,0.0,0.0,0.0,0.0,0.0,0.0,0.0,0.0,0.0,0.0,64
89446cad003ffff,1,1.0,2.0,1.0,0.0,10.0,0.0,0.0,0.0,0.0,0.0,0.0,0.0,0.0,0.0,0.0,0.0,34
89446cad007ffff,14,4.0,2.0,0.14285714285714285,0.0,9.928571428571429,0.0,0.0,0.0,0.0,0.0,0.0,0.0,0.0,0.0,0.0,0.0,68
89446cad00fffff,11,4.0,2.0,0.0,0.0,8.472727272727273,0.0,0.0,0.9090909090909091,0.0,0.0,0.0,0.0,0.0,0.0,0.0,0.0,21
89446cad017ffff,4,2.0,2.0,0.25,0.0,9.25,0.0,0.0,0.0,0.0,0.0,0.0,0.0,0.0,0.0,0.0,0.0,47
89446cad01bffff,5,1.0,2.0,0.6,0.0,8.0,0.0,0.4,0.0,0.0,0.0,0.0,0.0,0.0,0.0,0.0,0.0,27
89446cad023ffff,6,2.0,2.0,0.0,0.0,9.166666666666666,0.0,0.0,0.0,0.8333333333333334,0.0,0.0,0.0,0.0,0.0,0.0,0.0,126
89446cad027ffff,11,5.0,2.0,0.18181818181818182,0.0,8.381818181818183,0.0,0.0,0.0,1.0,0.0,0.0,0.0,0.0,0.0,0.0,0.0,93
89446cad02fffff,65,20.0,2.0,0.24615384615384617,0.046153846153846156,8.857142857142858,0.0,0.5538461538461539,0.8461538461538461,0.13846153846153847,0.13846153846153847,0.3230769230769231,0.0,0.0,0.0,0.0,0.0,52
89446cad033ffff,49,19.0,2.0,0.08163265306122448,0.12244897959183673,9.122448979591837,0.0,0.0,0.8367346938775511,0.10204081632653061,0.0,0.0,0.0,0.0,0.0,0.0,0.0,42
89446cad037ffff,1,0.0,2.0,1.0,0.0,10.0,0.0,0.0,0.0,0.0,0.0,0.0,0.0,0.0,0.0,0.0,0.0,95
89446cad043ffff,18,3.0,2.0,0.05555555555555555,0.1111111111111111,8.71875,0.0,0.0,0.4444444444444444,0.5,0.0,0.0,0.0,0.0,0.0,0.0,0.0,56
89446cad047ffff,19,1.0,2.0,0.15789473684210525,0.0,8.868421052631579,0.0,0.7894736842105263,0.8947368421052632,0.05263157894736842,0.0,0.7894736842105263,0.0,0.0,0.0,0.0,0.0,46
89446cad04fffff,20,4.0,2.0,0.15,0.1,9.263157894736842,0.0,0.0,0.75,0.2,0.0,0.0,0.0,0.0,0.0,0.0,0.0,63
89446cad05bffff,17,3.0,2.0,0.23529411764705882,0.0,8.588235294117647,0.0,0.29411764705882354,1.0,0.0,0.0,0.29411764705882354,0.0,0.0,0.0,0.0,0.0,34
89446cad063ffff,16,4.0,2.0,0.375,0.125,8.71875,0.0,0.0,0.5,0.3125,0.0,0.0,0.0,0.0,0.0,0.0,0.0,22
89446cad067ffff,3,1.0,2.0,0.0,0.0,10.0,0.0,0.0,0.0,1.0,0.0,0.0,0.0,0.0,0.0,0.0,0.0,24
89446cad06bffff,11,0.0,2.0,0.09090909090909091,0.09090909090909091,9.636363636363637,0.0,0.0,0.0,1.0,0.0,0.0,0.0,0.0,0.0,0.0,0.0,130
89446cad073ffff,6,3.0,2.0,0.3333333333333333,0.0,9.666666666666666,0.0,0.0,0.0,0.0,0.0,0.0,0.0,0.0,0.0,0.0,0.0,48
89446cad07bffff,2,0.0,2.0,0.0,0.0,3.75,0.0,0.0,0.0,1.0,0.0,0.0,0.0,0.0,0.0,0.0,0.0,96
89446cad083ffff,5,3.0,2.0,0.4,0.0,9.8,0.0,0.0,0.0,0.8,0.0,0.0,0.0,0.0,0.0,0.0,0.0,26
89446cad08bffff,1,1.0,2.0,1.0,0.0,10.0,0.0,0.0,0.0,0.0,0.0,0.0,0.0,0.0,0.0,0.0,0.0,52
89446cad08fffff,22,9.0,2.0,0.4090909090909091,0.045454545454545456,9.727272727272727,0.0,0.0,0.45454545454545453,0.18181818181818182,0.0,0.0,0.0,0.0,0.0,0.0,0.0,17
89446cad093ffff,2,0.0,2.0,0.0,0.0,8.5,0.0,0.0,0.0,1.0,0.0,0.0,0.0,0.0,0.0,0.0,0.0,86
89446cad09bffff,1,1.0,2.0,0.0,0.0,10.0,0.0,0.0,0.0,0.0,0.0,0.0,0.0,0.0,0.0,0.0,0.0,34
89446cad0a3ffff,2,0.0,2.0,0.5,0.0,7.0,0.0,0.0,0.0,0.0,0.0,0.0,0.0,0.0,0.0,0.0,0.0,67
89446cad0a7ffff,20,7.0,2.0,0.1,0.1,9.0,0.0,0.0,0.0,0.0,0.0,0.0,0.0,0.0,0.0,0.0,0.0,91
89446cad0abffff,3,2.0,2.0,0.0,0.3333333333333333,7.666666666666667,0.0,0.0,0.0,1.0,0.0,0.0,0.0,0.0,0.0,0.0,0.0,94
89446cad0afffff,18,3.0,2.0,0.1111111111111111,0.05555555555555555,8.25,0.0,0.0,0.0,0.5,0.0,0.0,0.0,0.0,0.0,0.0,0.0,75
89446cad0b3ffff,3,0.0,2.0,0.0,0.0,5.166666666666667,0.0,0.0,0.0,0.0,0.0,0.0,0.0,0.0,0.0,0.0,0.0,62
89446cad0b7ffff,16,3.0,2.0,0.25,0.0,9.146666666666667,0.0,0.0,0.0,0.0,0.0,0.0,0.0,0.0,0.0,0.0,0.375,66
89446cad0bbffff,7,2.0,2.0,0.0,0.14285714285714285,9.0,0.0,0.0,0.0,0.5714285714285714,0.0,0.0,0.0,0.0,0.0,0.0,0.0,34
89446cad0c7ffff,23,3.0,2.0,0.17391304347826086,0.043478260869565216,9.0,0.0,0.8260869565217391,0.8260869565217391,0.0,0.0,0.0,0.0,0.0,0.0,0.0,0.0,10
89446cad0cfffff,3,1.0,2.0,0.0,0.0,10.0,0.0,0.0,0.0,0.0,0.0,0.0,0.0,0.0,0.0,0.0,0.0,28
89446cad0d7ffff,1,1.0,2.0,0.0,0.0,10.0,0.0,1.0,0.0,0.0,0.0,0.0,0.0,0.0,0.0,0.0,0.0,50
89446cad10bffff,2,0.0,2.0,0.0,0.0,10.0,0.0,0.0,0.0,0.5,0.0,0.0,0.0,0.0,0.0,0.0,0.0,72
89446cad10fffff,6,2.0,2.0,0.16666666666666666,0.0,9.4,0.0,0.0,0.0,0.8333333333333334,0.0,0.0,0.0,0.0,0.0,0.0,0.0,29
89446cad113ffff,6,3.0,2.0,0.5,0.16666666666666666,9.166666666666666,0.0,0.0,0.3333333333333333,0.0,0.0,0.0,0.0,0.0,0.0,0.0,0.0,24
89446cad117ffff,4,3.0,2.0,0.5,0.0,9.5,0.0,0.0,0.0,0.0,0.0,0.0,0.0,0.0,0.0,0.0,0.0,21
89446cad11bffff,1,0.0,2.0,0.0,0.0,10.0,0.0,0.0,0.0,0.0,0.0,0.0,0.0,0.0,0.0,0.0,0.0,56
89446cad123ffff,12,6.0,2.0,0.4166666666666667,0.0,9.416666666666666,0.0,0.0,0.0,0.0,0.0,0.0,0.0,0.0,0.0,0.0,0.0,34
89446cad127ffff,3,0.0,2.0,0.0,0.0,10.0,0.0,0.0,0.0,0.0,0.0,0.0,0.0,0.0,0.0,0.0,0.0,67
89446cad12fffff,10,3.0,2.0,0.3,0.0,9.6,0.0,0.2,0.0,0.7,0.0,0.2,0.0,0.0,0.0,0.0,0.0,88
89446cad137ffff,21,2.0,2.0,0.14285714285714285,0.047619047619047616,8.17142857142857,0.0,0.0,0.9047619047619048,0.047619047619047616,0.0,0.0,0.0,0.0,0.0,0.0,0.0,31
89446cad143ffff,17,5.0,2.0,0.11764705882352941,0.0,8.423529411764704,0.0,0.7647058823529411,0.0,1.0,0.0,0.7647058823529411,0.0,0.0,0.0,0.0,0.0,78
89446cad147ffff,46,11.0,2.0,0.2391304347826087,0.08695652173913043,8.855555555555556,0.0,0.34782608695652173,0.9347826086956522,0.0,0.0,0.06521739130434782,0.0,0.0,0.0,0.0,0.0,46
89446cad14fffff,7,4.0,2.0,0.42857142857142855,0.0,9.285714285714286,0.0,0.0,0.0,1.0,0.0,0.0,0.0,0.0,0.0,0.0,0.0,67
89446cad153ffff,5,2.0,2.0,0.8,0.0,6.55,0.0,0.0,0.0,0.2,0.0,0.0,0.0,0.0,0.0,0.0,0.0,90
89446cad157ffff,15,6.0,2.0,0.2,0.0,8.0,0.0,0.0,0.0,0.8,0.0,0.0,0.0,0.0,0.0,0.0,0.0,102
89446cad15bffff,5,2.0,2.0,0.2,0.2,7.040000000000001,0.0,0.0,0.0,1.0,0.0,0.0,0.0,0.0,0.0,0.0,0.0,128
89446cad163ffff,2,2.0,2.0,0.0,0.0,10.0,0.0,0.0,0.0,0.0,0.0,0.0,0.0,0.0,0.0,0.0,0.0,35
89446cad167ffff,5,3.0,2.0,0.2,0.0,10.0,0.0,0.0,0.0,1.0,0.0,0.0,0.0,0.0,0.0,0.0,0.0,86
89446cad16bffff,2,1.0,2.0,0.0,0.0,9.5,0.0,0.0,0.0,0.0,0.0,0.0,0.0,0.0,0.0,0.0,0.0,19
89446cad173ffff,4,1.0,2.0,0.0,0.0,10.0,0.0,0.0,0.0,0.75,0.0,0.0,0.0,0.0,0.0,0.0,0.0,80
89446cad177ffff,23,7.0,2.0,0.13043478260869565,0.08695652173913043,9.285714285714286,0.0,0.8260869565217391,0.782608695652174,0.043478260869565216,0.0,0.043478260869565216,0.0,0.0,0.0,0.0,0.0,17
89446cad17bffff,1,0.0,2.0,1.0,0.0,9.0,0.0,0.0,0.0,0.0,0.0,0.0,0.0,0.0,0.0,0.0,0.0,63
89446cad183ffff,1,1.0,2.0,0.0,0.0,10.0,0.0,0.0,0.0,0.0,0.0,0.0,0.0,0.0,0.0,0.0,0.0,46
89446cad187ffff,4,4.0,2.0,0.5,0.25,7.75,0.0,0.0,0.0,0.0,0.0,0.0,0.0,0.0,0.0,0.0,0.0,88
89446cad18bffff,8,6.0,2.0,0.625,0.125,5.375,0.0,0.0,0.0,0.0,0.0,0.0,0.0,0.0,0.0,0.0,0.0,36
89446cad18fffff,9,3.0,2.0,0.3333333333333333,0.0,9.88888888888889,0.0,0.0,0.0,0.0,0.0,0.0,0.0,0.0,0.0,0.0,0.0,29
89446cad193ffff,12,4.0,2.0,0.3333333333333333,0.0,9.583333333333334,0.0,0.0,0.5,0.25,0.0,0.0,0.0,0.0,0.0,0.0,0.0,67
89446cad197ffff,2,0.0,2.0,0.0,0.0,8.0,0.0,0.0,0.0,0.0,0.0,0.0,0.0,0.0,0.0,0.0,0.0,83
89446cad19bffff,11,6.0,2.0,0.36363636363636365,0.0,9.909090909090908,0.0,0.0,0.0,0.0,0.0,0.0,0.0,0.0,0.0,0.0,0.0,66
89446cad1a3ffff,11,2.0,2.0,0.18181818181818182,0.09090909090909091,7.9818181818181815,0.0,0.0,0.0,0.6363636363636364,0.0,0.0,0.0,0.0,0.0,0.0,0.0,77
89446cad1a7ffff,2,0.0,2.0,0.0,0.0,9.5,0.0,0.0,0.0,1.0,0.0,0.0,0.0,0.0,0.0,0.0,0.0,27
89446cad1afffff,9,4.0,2.0,0.3333333333333333,0.0,7.644444444444444,0.0,0.0,0.0,0.7777777777777778,0.0,0.0,0.0,0.0,0.0,0.0,0.0,39
89446cad1b3ffff,60,18.0,1.9833333333333334,0.2,0.06666666666666667,9.047413793103448,0.0,0.0,0.5833333333333334,0.3,0.0,0.0,0.0,0.0,0.0,0.0,0.0,39
89446cad1bbffff,6,4.0,2.0,0.3333333333333333,0.0,10.0,0.0,0.0,0.0,0.0,0.0,0.0,0.0,0.0,0.0,0.0,0.0,88
89446cad1c3ffff,21,5.0,2.0,0.3333333333333333,0.0,9.619047619047619,0.0,0.0,0.0,0.7142857142857143,0.0,0.0,0.0,0.0,0.0,0.0,0.0,101
89446cad1c7ffff,2,1.0,2.0,0.5,0.0,10.0,0.0,0.0,0.0,0.0,0.0,0.0,0.0,0.0,0.0,0.0,0.0,74
89446cad1cbffff,11,1.0,2.0,0.09090909090909091,0.0,9.272727272727273,0.0,0.0,0.0,0.0,0.0,0.0,0.0,0.0,0.0,0.0,0.0,69
89446cad1cfffff,31,12.0,1.967741935483871,0.3870967741935484,0.0,8.846428571428572,0.0,0.0,0.7096774193548387,0.0,0.0,0.0,0.0,0.0,0.0,0.0,0.0,55
89446cad1d3ffff,50,17.0,2.02,0.22,0.06,9.083333333333334,0.0,0.0,0.86,0.06,0.0,0.0,0.0,0.0,0.0,0.0,0.0,75
89446cad1d7ffff,7,4.0,2.0,0.14285714285714285,0.0,9.714285714285714,0.0,0.0,0.0,0.42857142857142855,0.0,0.0,0.0,0.0,0.0,0.0,0.0,114
89446cad203ffff,36,15.0,2.388888888888889,0.25,0.027777777777777776,8.722857142857142,0.0,0.1111111111111111,0.0,0.0,0.0,0.0,0.0,0.0,0.0,0.0,0.027777777777777776,213
89446cad207ffff,5,2.0,2.0,0.2,0.2,9.6,0.0,0.6,0.0,0.6,0.0,0.0,0.0,0.0,0.0,0.0,0.0,67
89446cad20bffff,171,41.0,2.52046783625731,0.21052631578947367,0.06432748538011696,8.507575757575758,0.08187134502923976,0.2222222222222222,0.8362573099415205,0.0,0.42105263157894735,0.0,0.0,0.0,0.0,0.0,0.0,100
89446cad20fffff,19,2.0,2.0,0.15789473684210525,0.05263157894736842,8.0,0.0,1.0,0.7368421052631579,0.10526315789473684,0.0,0.0,0.0,0.0,0.0,0.0,0.0,233
89446cad213ffff,12,8.0,2.5,0.4166666666666667,0.0,8.416666666666666,0.0,0.16666666666666666,0.0,0.0,0.08333333333333333,0.0,0.0,0.0,0.0,0.0,0.0,150
89446cad217ffff,5,0.0,2.0,0.0,0.2,8.25,0.0,0.0,0.0,1.0,0.0,0.0,0.0,0.0,0.0,0.0,0.0,163
89446cad21bffff,1,0.0,2.0,0.0,0.0,10.0,0.0,0.0,0.0,0.0,0.0,0.0,0.0,0.0,0.0,0.0,0.0,230
89446cad223ffff,3,2.0,2.0,0.3333333333333333,0.3333333333333333,10.0,0.0,0.0,0.0,0.3333333333333333,0.0,0.0,0.0,0.0,0.0,0.0,0.0,52
89446cad227ffff,15,4.0,2.0,0.3333333333333333,0.06666666666666667,8.946666666666665,0.0,0.0,0.0,0.6666666666666666,0.0,0.0,0.0,0.0,0.0,0.0,0.0,14
89446cad22bffff,27,5.0,2.0,0.25925925925925924,0.037037037037037035,7.800000000000001,0.0,0.9259259259259259,0.9259259259259259,0.07407407407407407,0.0,0.0,0.0,0.0,0.0,0.0,0.0,31
89446cad22fffff,4,1.0,2.0,0.0,0.0,9.75,0.0,0.0,0.0,1.0,0.0,0.0,0.0,0.0,0.0,0.0,0.0,47
89446cad237ffff,5,1.0,2.0,0.6,0.0,9.2,0.0,0.0,0.0,0.0,0.0,0.0,0.0,0.0,0.0,0.0,0.0,33
89446cad23bffff,1,0.0,2.0,0.0,0.0,10.0,0.0,0.0,0.0,0.0,0.0,0.0,0.0,0.0,0.0,0.0,0.0,70
89446cad243ffff,1,0.0,2.0,0.0,0.0,10.0,0.0,0.0,0.0,0.0,0.0,0.0,0.0,0.0,0.0,0.0,0.0,98
89446cad247ffff,35,13.0,2.4571428571428573,0.2,0.02857142857142857,9.514285714285714,0.11428571428571428,0.17142857142857143,0.0,0.0,0.02857142857142857,0.0,0.0,0.0,0.0,0.0,0.05714285714285714,235
89446cad24bffff,3,0.0,2.0,0.0,0.0,10.0,0.0,0.0,0.0,1.0,0.0,0.0,0.0,0.0,0.0,0.0,0.0,240
89446cad24fffff,53,11.0,2.452830188679245,0.1509433962264151,0.05660377358490566,8.877358490566039,0.0,0.1320754716981132,0.0,0.07547169811320754,0.0,0.0,0.0,0.0,0.0,0.0,0.0,199
89446cad253ffff,2,1.0,2.0,1.0,0.0,10.0,0.0,0.5,0.0,0.5,0.0,0.0,0.0,0.0,0.0,0.0,0.0,24
89446cad257ffff,5,0.0,2.0,0.2,0.0,8.6,0.0,0.6,0.0,0.6,0.0,0.0,0.0,0.0,0.0,0.0,0.0,211
89446cad263ffff,3,3.0,2.0,0.0,0.0,10.0,0.0,1.0,0.0,1.0,0.0,0.0,0.0,0.0,0.0,0.0,0.0,44
89446cad267ffff,6,2.0,2.0,0.3333333333333333,0.0,10.0,0.0,0.6666666666666666,0.5,0.0,0.0,0.0,0.0,0.0,0.0,0.0,0.0,53
89446cad26bffff,17,4.0,2.0,0.11764705882352941,0.11764705882352941,8.911764705882353,0.0,0.9411764705882353,0.9411764705882353,0.058823529411764705,0.0,0.0,0.0,0.0,0.0,0.0,0.0,14
89446cad273ffff,4,1.0,2.0,0.0,0.0,10.0,0.0,0.0,0.0,1.0,0.0,0.0,0.0,0.0,0.0,0.0,0.0,245
89446cad277ffff,16,1.0,2.0,0.0,0.0,8.966666666666667,0.0,0.75,0.0,0.6875,0.0,0.0,0.0,0.0,0.0,0.0,0.0625,60
89446cad27bffff,1,1.0,2.0,1.0,0.0,10.0,0.0,0.0,0.0,1.0,0.0,0.0,0.0,0.0,0.0,0.0,0.0,112
89446cad283ffff,81,15.0,2.728395061728395,0.32098765432098764,0.04938271604938271,8.753164556962025,0.024691358024691357,0.0,0.0,0.0,0.0,0.0,0.0,0.0,0.0,0.0,0.0,245
89446cad287ffff,54,45.0,2.0,0.4074074074074074,0.12962962962962962,8.722222222222221,0.018518518518518517,0.0,0.09259259259259259,0.0,0.018518518518518517,0.0,0.0,0.0,0.0,0.0,0.0,186
89446cad28bffff,10,4.0,2.1,0.5,0.1,8.9,0.0,0.0,0.5,0.0,0.5,0.0,0.0,0.0,0.0,0.0,0.0,197
89446cad28fffff,93,27.0,2.5376344086021505,0.2903225806451613,0.15053763440860216,9.17032967032967,0.3763440860215054,0.021505376344086023,0.03225806451612903,0.0,0.08602150537634409,0.0,0.0,0.0,0.0,0.0,0.0,173
89446cad293ffff,81,34.0,2.7160493827160495,0.2962962962962963,0.1111111111111111,8.76923076923077,0.18518518518518517,0.012345679012345678,0.012345679012345678,0.024691358024691357,0.037037037037037035,0.0,0.0,0.0,0.0,0.0,0.0,165
89446cad297ffff,1,0.0,2.0,0.0,0.0,10.0,0.0,0.0,0.0,0.0,0.0,0.0,0.0,0.0,0.0,0.0,0.0,237
89446cad29bffff,6,3.0,2.0,0.0,0.16666666666666666,8.033333333333333,0.0,0.0,0.0,0.0,0.3333333333333333,0.0,0.0,0.0,0.0,0.0,0.0,177
89446cad2a3ffff,34,10.0,2.176470588235294,0.35294117647058826,0.058823529411764705,8.948529411764707,0.029411764705882353,0.058823529411764705,0.23529411764705882,0.0,0.0,0.0,0.0,0.0,0.0,0.0,0.0,107
89446cad2a7ffff,64,18.0,2.015625,0.28125,0.046875,9.476190476190476,0.0,0.0625,0.625,0.046875,0.03125,0.0,0.0,0.0,0.0,0.0,0.0,108
89446cad2abffff,6,1.0,2.0,0.0,0.0,7.75,0.0,1.0,0.0,1.0,0.0,0.0,0.0,0.0,0.0,0.0,0.0,57
89446cad2afffff,2,0.0,2.0,0.0,0.0,10.0,0.0,0.0,0.0,0.0,0.0,0.0,0.0,0.0,0.0,0.0,0.0,122
89446cad2b7ffff,24,4.0,2.0,0.20833333333333334,0.0,8.717391304347826,0.0,0.9583333333333334,0.9583333333333334,0.041666666666666664,0.0,0.0,0.0,0.0,0.0,0.0,0.0,131
89446cad2bbffff,11,3.0,2.090909090909091,0.2727272727272727,0.09090909090909091,8.181818181818182,0.09090909090909091,0.0,0.0,0.09090909090909091,0.0,0.0,0.0,0.0,0.0,0.0,0.0,192
89446cad2c3ffff,1,0.0,2.0,0.0,0.0,10.0,0.0,0.0,0.0,0.0,0.0,0.0,0.0,0.0,0.0,0.0,0.0,26
89446cad2c7ffff,5,2.0,2.0,0.0,0.0,9.2,0.0,0.0,0.0,0.0,0.0,0.0,0.0,0.0,0.0,0.0,0.0,25
89446cad2cbffff,15,6.0,2.0,0.2,0.06666666666666667,9.6,0.0,0.0,0.0,0.4,0.0,0.0,0.0,0.0,0.0,0.0,0.0,11
89446cad2cfffff,1,1.0,2.0,0.0,0.0,10.0,0.0,0.0,0.0,1.0,0.0,0.0,0.0,0.0,0.0,0.0,0.0,29
89446cad2d3ffff,1,0.0,2.0,0.0,0.0,3.0,0.0,0.0,0.0,0.0,0.0,0.0,0.0,0.0,0.0,0.0,0.0,7
89446cad2dbffff,4,1.0,2.0,0.0,0.0,8.5,0.0,0.0,0.0,0.75,0.0,0.0,0.0,0.0,0.0,0.0,0.0,20
89446cad303ffff,6,3.0,2.0,0.16666666666666666,0.16666666666666666,7.833333333333333,0.0,0.0,0.0,0.8333333333333334,0.0,0.0,0.0,0.0,0.0,0.0,0.0,64
89446cad307ffff,1,1.0,2.0,0.0,0.0,10.0,0.0,0.0,0.0,1.0,0.0,0.0,0.0,0.0,0.0,0.0,0.0,109
89446cad30bffff,11,4.0,2.0,0.36363636363636365,0.18181818181818182,7.068181818181818,0.0,0.7272727272727273,0.0,0.9090909090909091,0.0,0.0,0.0,0.0,0.0,0.0,0.0,65
89446cad30fffff,1,0.0,2.0,0.0,0.0,9.0,0.0,0.0,0.0,1.0,0.0,0.0,0.0,0.0,0.0,0.0,0.0,28
89446cad313ffff,33,14.0,2.1818181818181817,0.3333333333333333,0.09090909090909091,8.59375,0.030303030303030304,0.12121212121212122,0.12121212121212122,0.0,0.09090909090909091,0.0,0.0,0.0,0.0,0.0,0.0,84
89446cad317ffff,8,2.0,2.0,0.5,0.0,8.428571428571429,0.0,0.5,0.0,0.375,0.0,0.0,0.0,0.25,0.25,0.0,0.0,214
89446cad31bffff,10,3.0,2.0,0.2,0.2,8.0,0.0,0.0,0.0,0.8,0.0,0.0,0.0,0.0,0.0,0.0,0.0,148
89446cad323ffff,3,0.0,2.0,0.3333333333333333,0.0,10.0,0.0,0.0,0.0,0.3333333333333333,0.0,0.0,0.0,0.3333333333333333,0.3333333333333333,0.0,0.0,58
89446cad327ffff,33,9.0,2.0,0.18181818181818182,0.06060606060606061,9.161290322580646,0.0,0.0,0.8484848484848485,0.0,0.0,0.0,0.0,0.0,0.0,0.0,0.0,29
89446cad32bffff,4,3.0,2.0,0.5,0.0,9.5,0.0,0.0,0.0,0.25,0.0,0.0,0.0,0.0,0.0,0.0,0.0,25
89446cad32fffff,8,4.0,2.0,0.125,0.0,7.9,0.0,0.0,0.0,0.5,0.0,0.0,0.0,0.0,0.0,0.0,0.0,48
89446cad333ffff,9,5.0,2.0,0.2222222222222222,0.0,8.355555555555556,0.0,0.1111111111111111,0.0,0.3333333333333333,0.0,0.0,0.0,0.0,0.0,0.0,0.0,116
89446cad337ffff,1,1.0,2.0,1.0,0.0,10.0,0.0,0.0,0.0,0.0,0.0,0.0,0.0,0.0,0.0,0.0,0.0,82
89446cad33bffff,3,1.0,2.0,0.3333333333333333,0.0,9.0,0.0,0.0,0.0,0.0,0.0,0.0,0.0,0.0,0.0,0.0,0.0,18
89446cad347ffff,10,2.0,2.0,0.6,0.0,9.2,0.0,0.8,0.0,0.4,0.0,0.0,0.0,0.0,0.0,0.0,0.0,56
89446cad34bffff,1,0.0,2.0,1.0,0.0,10.0,0.0,0.0,0.0,1.0,0.0,0.0,0.0,0.0,0.0,0.0,0.0,6
89446cad34fffff,3,1.0,2.0,0.0,0.0,10.0,0.0,0.0,0.0,1.0,0.0,0.0,0.0,0.0,0.0,0.0,0.0,17
89446cad353ffff,2,0.0,2.0,0.0,0.0,4.5,0.0,0.0,0.0,0.0,0.0,0.0,0.0,0.0,0.0,0.0,0.0,108
89446cad357ffff,31,6.0,2.0,0.1935483870967742,0.06451612903225806,9.006666666666666,0.0,0.0,0.0,0.9354838709677419,0.03225806451612903,0.0,0.0,0.0,0.0,0.0,0.0,95
89446cad363ffff,3,2.0,2.0,0.0,0.0,10.0,0.0,1.0,0.0,0.0,0.0,0.0,0.0,0.0,0.0,0.0,0.0,35
89446cad367ffff,10,2.0,2.0,0.3,0.0,10.0,0.0,1.0,1.0,0.0,0.0,1.0,0.0,0.0,0.0,0.0,0.0,19
89446cad36bffff,8,2.0,2.0,0.125,0.0,9.25,0.0,0.0,0.0,1.0,0.625,0.0,0.0,0.0,0.0,0.0,0.0,30
89446cad36fffff,6,1.0,2.0,0.16666666666666666,0.0,10.0,0.0,0.16666666666666666,0.0,1.0,0.0,0.0,0.0,0.0,0.0,0.0,0.0,27
89446cad373ffff,7,3.0,1.8571428571428572,0.2857142857142857,0.0,9.142857142857142,0.0,0.0,0.0,0.14285714285714285,0.0,0.0,0.0,0.0,0.0,0.0,0.0,29
89446cad37bffff,4,1.0,2.0,0.5,0.0,10.0,0.0,1.0,0.0,0.0,0.0,0.0,0.0,0.0,0.0,0.0,0.0,32
89446cad383ffff,1,0.0,2.0,0.0,0.0,9.0,0.0,0.0,0.0,0.0,0.0,0.0,0.0,0.0,0.0,0.0,0.0,107
89446cad387ffff,14,3.0,2.0,0.07142857142857142,0.07142857142857142,9.166666666666666,0.0,0.0,0.0,1.0,0.0,0.0,0.0,0.0,0.0,0.0,0.0,124
89446cad38bffff,9,4.0,2.3333333333333335,0.2222222222222222,0.2222222222222222,8.85,0.2222222222222222,0.0,0.0,0.0,0.0,0.0,0.0,0.0,0.0,0.0,0.0,110
89446cad38fffff,46,15.0,2.152173913043478,0.391304347826087,0.043478260869565216,8.484444444444446,0.0,0.7608695652173914,0.7608695652173914,0.0,0.08695652173913043,0.0,0.0,0.0,0.0,0.0,0.0,111
89446cad397ffff,30,8.0,2.0,0.16666666666666666,0.13333333333333333,8.853333333333333,0.0,0.0,0.0,0.8,0.0,0.0,0.0,0.0,0.0,0.0,0.0,85
89446cad39bffff,8,3.0,2.0,0.25,0.0,10.0,0.0,0.0,0.0,0.875,0.0,0.0,0.0,0.0,0.0,0.0,0.0,30
89446cad3a7ffff,4,3.0,2.0,0.5,0.0,9.5,0.0,0.0,0.0,0.0,0.0,0.0,0.0,0.0,0.0,0.0,0.0,43
89446cad3abffff,82,21.0,2.073170731707317,0.2682926829268293,0.12195121951219512,8.677160493827161,0.0,0.024390243902439025,0.3048780487804878,0.0975609756097561,0.024390243902439025,0.0,0.0,0.0,0.0,0.0,0.024390243902439025,90
89446cad3afffff,26,10.0,2.3076923076923075,0.4230769230769231,0.07692307692307693,9.307692307692308,0.038461538461538464,0.0,0.0,0.07692307692307693,0.0,0.0,0.0,0.0,0.0,0.0,0.0,99
89446cad3b3ffff,1,0.0,2.0,1.0,0.0,10.0,0.0,0.0,0.0,0.0,0.0,0.0,0.0,0.0,0.0,0.0,0.0,69
89446cad3b7ffff,2,2.0,2.0,0.5,0.0,10.0,0.0,0.0,0.0,0.0,0.0,0.0,0.0,0.0,0.0,0.0,0.0,15
89446cad3bbffff,46,6.0,2.0,0.2391304347826087,0.06521739130434782,8.544318181818182,0.0,0.0,0.9347826086956522,0.0,0.0,0.0,0.0,0.0,0.0,0.0,0.0,151
89446cad3c3ffff,28,9.0,2.0,0.32142857142857145,0.07142857142857142,9.092592592592593,0.0,0.03571428571428571,0.8928571428571429,0.03571428571428571,0.0,0.0,0.0,0.0,0.0,0.0,0.0,121
89446cad3c7ffff,5,0.0,2.6,0.0,0.0,9.2,0.0,0.2,0.0,0.2,0.0,0.0,0.0,0.0,0.0,0.0,0.0,159
89446cad3cfffff,62,15.0,2.0,0.24193548387096775,0.04838709677419355,8.89516129032258,0.0,0.9516129032258065,0.9516129032258065,0.0,0.0,0.0,0.0,0.0,0.0,0.0,0.0,76
89446cad3d3ffff,24,5.0,2.2083333333333335,0.25,0.16666666666666666,9.375,0.08333333333333333,0.0,0.0,0.0,0.0,0.0,0.0,0.0,0.0,0.0,0.0,133
89446cad3d7ffff,17,11.0,2.0588235294117645,0.29411764705882354,0.0,9.882352941176471,0.29411764705882354,0.47058823529411764,0.0,0.47058823529411764,0.0,0.0,0.0,0.0,0.0,0.0,0.0,74
89446cad3dbffff,13,1.0,2.0,0.15384615384615385,0.0,9.923076923076923,0.0,0.15384615384615385,0.15384615384615385,0.0,0.0,0.0,0.0,0.0,0.0,0.0,0.0,123
89446cad407ffff,11,7.0,2.0,0.36363636363636365,0.0,9.2,0.0,0.0,0.2727272727272727,0.36363636363636365,0.0,0.0,0.0,0.0,0.0,0.0,0.0,27
89446cad40fffff,2,1.0,2.0,0.5,0.0,9.0,0.0,0.0,0.0,0.0,0.0,0.0,0.0,0.0,0.0,0.0,0.0,106
89446cad423ffff,21,12.0,3.0,0.3333333333333333,0.23809523809523808,8.571428571428571,0.0,0.0,0.0,0.0,0.0,0.0,0.0,0.0,0.0,0.0,0.0,136
89446cad42bffff,77,19.0,2.857142857142857,0.4025974025974026,0.12987012987012986,8.265789473684212,0.0,0.0,0.5064935064935064,0.0,0.06493506493506493,0.0,0.0,0.0,0.0,0.0,0.0,121
89446cad42fffff,3,2.0,2.0,0.3333333333333333,0.0,10.0,0.0,0.0,0.0,0.0,0.0,0.0,0.0,0.0,0.0,0.0,0.0,100
89446cad437ffff,36,25.0,2.5833333333333335,0.3611111111111111,0.2777777777777778,7.652777777777778,0.19444444444444445,0.0,0.2222222222222222,0.0,0.08333333333333333,0.0,0.0,0.0,0.0,0.027777777777777776,0.0,136
89446cad43bffff,20,14.0,2.5,0.25,0.25,9.0,0.0,0.0,0.2,0.0,0.1,0.0,0.0,0.0,0.0,0.0,0.0,186
89446cad447ffff,11,4.0,2.0,0.09090909090909091,0.09090909090909091,8.620000000000001,0.0,0.5454545454545454,0.0,0.5454545454545454,0.0,0.0,0.0,0.0,0.0,0.0,0.0,2
89446cad453ffff,1,1.0,2.0,0.0,0.0,2.0,0.0,0.0,0.0,0.0,0.0,0.0,0.0,0.0,0.0,0.0,0.0,2
89446cad45bffff,2,1.0,2.0,0.0,0.0,10.0,0.0,0.0,0.0,0.0,0.0,0.0,0.0,0.0,0.0,0.0,0.0,59
89446cad463ffff,150,44.0,2.78,0.32,0.12666666666666668,8.547972972972973,0.0,0.22,0.42,0.0,0.26,0.0,0.0,0.0,0.0,0.0,0.0,120
89446cad46bffff,18,13.0,2.888888888888889,0.2222222222222222,0.2777777777777778,8.833333333333334,0.05555555555555555,0.05555555555555555,0.05555555555555555,0.0,0.0,0.0,0.0,0.0,0.0,0.0,0.0,189
89446cad46fffff,25,8.0,2.0,0.28,0.04,9.288,0.0,0.88,0.28,0.0,0.0,0.0,0.0,0.0,0.0,0.0,0.0,170
89446cad477ffff,75,16.0,2.6266666666666665,0.32,0.18666666666666668,8.651351351351352,0.64,0.0,0.0,0.0,0.013333333333333334,0.0,0.0,0.0,0.0,0.0,0.0,249
89446cad47bffff,2,1.0,2.0,0.0,0.0,10.0,0.0,1.0,0.0,0.0,0.0,0.0,0.0,0.0,0.0,0.0,0.0,190
89446cad483ffff,39,35.0,2.0,0.3333333333333333,0.0,9.492307692307692,0.0,0.0,0.5384615384615384,0.0,0.0,0.0,0.0,0.0,0.0,0.0,0.0,16
89446cad48fffff,6,1.0,2.0,0.16666666666666666,0.0,9.166666666666666,0.0,0.6666666666666666,0.6666666666666666,0.0,0.0,0.0,0.0,0.0,0.0,0.0,0.0,41
89446cad493ffff,10,4.0,2.0,0.1,0.2,8.35,0.0,0.0,0.1,0.0,0.0,0.0,0.0,0.0,0.0,0.0,0.0,95
89446cad4a3ffff,12,2.0,2.0,0.08333333333333333,0.0,8.833333333333334,0.0,0.0,0.9166666666666666,0.0,0.0,0.0,0.0,0.0,0.0,0.0,0.0,15
89446cad4a7ffff,2,0.0,2.0,0.5,0.0,10.0,0.0,0.0,0.0,0.0,0.0,0.0,0.0,0.0,0.0,0.0,0.0,18
89446cad4abffff,5,2.0,2.0,0.0,0.0,8.4,0.0,0.0,0.0,0.0,0.0,0.0,0.0,0.0,0.0,0.0,0.0,31
89446cad4afffff,6,3.0,2.0,0.0,0.3333333333333333,7.916666666666667,0.0,0.0,0.0,1.0,0.0,0.0,0.0,0.0,0.0,0.0,0.0,55
89446cad4bbffff,2,1.0,2.0,0.0,0.0,10.0,0.0,0.0,0.0,0.0,0.0,0.0,0.0,0.0,0.0,0.0,0.0,23
89446cad4c3ffff,2,1.0,2.0,0.5,0.0,10.0,0.0,0.0,0.0,0.0,0.0,0.0,0.0,0.0,0.0,0.0,0.0,1
89446cad4d7ffff,1,1.0,2.0,0.0,0.0,10.0,0.0,0.0,0.0,0.0,0.0,0.0,0.0,0.0,0.0,0.0,0.0,3
89446cad507ffff,3,0.0,2.0,0.0,0.0,10.0,0.0,0.0,0.0,0.0,0.0,0.0,0.0,0.0,0.0,0.0,0.0,10
89446cad50fffff,6,2.0,2.0,0.16666666666666666,0.0,9.333333333333334,0.0,0.0,0.6666666666666666,0.0,0.0,0.0,0.0,0.0,0.0,0.0,0.6666666666666666,7
89446cad523ffff,4,0.0,2.0,0.25,0.25,6.0,0.0,0.0,0.0,0.0,0.0,0.0,0.0,0.0,0.0,0.0,0.5,40
89446cad52bffff,2,1.0,2.0,0.0,0.0,10.0,0.0,1.0,0.0,0.0,0.0,0.0,0.0,0.0,0.0,0.0,0.0,69
89446cad52fffff,35,11.0,2.0,0.2571428571428571,0.0,9.071428571428571,0.0,0.0,0.6285714285714286,0.22857142857142856,0.0,0.0,0.0,0.0,0.0,0.0,0.0,41
89446cad533ffff,2,0.0,2.0,0.0,0.0,10.0,0.0,0.0,0.0,0.0,0.0,0.0,0.0,0.0,0.0,0.0,0.0,9
89446cad53bffff,1,0.0,2.0,0.0,0.0,10.0,0.0,0.0,0.0,0.0,0.0,0.0,0.0,0.0,0.0,0.0,0.0,18
89446cad543ffff,3,1.0,2.0,0.3333333333333333,0.0,10.0,0.0,0.0,0.0,0.6666666666666666,0.0,0.0,0.0,0.0,0.0,0.0,0.0,44
89446cad547ffff,1,1.0,2.0,0.0,0.0,10.0,0.0,0.0,0.0,0.0,0.0,0.0,0.0,0.0,0.0,0.0,0.0,41
89446cad54bffff,1,0.0,2.0,0.0,0.0,10.0,0.0,0.0,0.0,0.0,0.0,0.0,0.0,0.0,0.0,0.0,0.0,42
89446cad54fffff,36,10.0,2.0,0.2222222222222222,0.05555555555555555,9.117647058823529,0.0,0.0,0.7222222222222222,0.0,0.0,0.0,0.0,0.0,0.0,0.0,0.0,24
89446cad553ffff,6,1.0,2.0,0.0,0.0,9.666666666666666,0.0,0.0,0.0,1.0,0.0,0.0,0.0,0.0,0.0,0.0,0.0,112
89446cad567ffff,16,4.0,2.0,0.125,0.0,8.59375,0.0,0.0,0.0,1.0,0.0,0.0,0.0,0.0,0.0,0.0,0.0,48
89446cad56bffff,5,1.0,2.0,0.0,0.6,7.6,0.0,0.0,0.0,0.0,0.0,0.0,0.0,0.0,0.0,0.0,0.0,108
89446cad56fffff,22,5.0,2.0,0.18181818181818182,0.0,9.318181818181818,0.0,0.5454545454545454,0.45454545454545453,0.5454545454545454,0.0,0.0,0.0,0.0,0.0,0.0,0.0,89
89446cad573ffff,2,0.0,2.0,0.0,0.0,10.0,0.0,0.0,0.0,0.0,0.0,0.0,0.0,0.0,0.0,0.0,0.0,8
89446cad577ffff,1,1.0,2.0,1.0,0.0,2.0,0.0,0.0,0.0,0.0,0.0,0.0,0.0,0.0,0.0,0.0,0.0,27
89446cad583ffff,79,24.0,2.8734177215189876,0.3924050632911392,0.1518987341772152,8.533333333333333,0.0,0.11392405063291139,0.6075949367088608,0.0,0.08860759493670886,0.0,0.0,0.0,0.0,0.0,0.0,41
89446cad587ffff,8,5.0,2.875,0.125,0.125,8.0,0.0,0.375,0.0,0.375,0.0,0.0,0.0,0.0,0.0,0.0,0.0,98
89446cad58bffff,30,9.0,2.566666666666667,0.3333333333333333,0.1,9.068965517241379,0.1,0.0,0.0,0.0,0.0,0.0,0.0,0.0,0.0,0.0,0.0,80
89446cad593ffff,1,0.0,2.0,0.0,0.0,10.0,0.0,0.0,0.0,0.0,0.0,0.0,0.0,0.0,0.0,0.0,0.0,82
89446cad597ffff,2,1.0,2.5,0.0,0.0,10.0,0.0,0.0,0.0,0.0,0.0,0.0,0.0,0.0,0.0,0.0,0.0,106
89446cad5abffff,1,0.0,2.0,0.0,0.0,9.0,0.0,0.0,1.0,0.0,0.0,0.0,0.0,0.0,0.0,0.0,0.0,5
89446cad5c3ffff,8,2.0,2.375,0.625,0.125,9.571428571428571,0.0,0.0,0.0,0.0,0.0,0.0,0.0,0.0,0.0,0.0,0.0,110
89446cad5cbffff,109,32.0,2.669724770642202,0.21100917431192662,0.12844036697247707,8.742718446601941,0.03669724770642202,0.0,0.3577981651376147,0.09174311926605505,0.027522935779816515,0.0,0.0,0.0,0.0,0.0,0.009174311926605505,50
89446cad5d7ffff,1,0.0,3.0,0.0,0.0,10.0,0.0,0.0,0.0,0.0,0.0,0.0,0.0,0.0,0.0,0.0,0.0,38
89446cad603ffff,8,3.0,2.0,0.0,0.125,7.1875,0.0,0.0,0.0,0.0,0.0,0.0,0.0,0.0,0.0,0.0,0.0,156
89446cad607ffff,46,13.0,2.608695652173913,0.391304347826087,0.06521739130434782,9.213953488372093,0.0,0.0,0.0,0.0,0.0,0.0,0.0,0.0,0.0,0.0,0.0,233
89446cad60fffff,1,1.0,2.0,1.0,0.0,10.0,0.0,0.0,0.0,0.0,0.0,0.0,0.0,0.0,0.0,0.0,0.0,185
89446cad613ffff,4,2.0,3.0,0.25,0.0,9.0,0.0,0.0,0.0,0.0,0.0,0.0,0.0,0.0,0.0,0.0,0.0,425
89446cad617ffff,100,26.0,2.75,0.29,0.07,9.013829787234043,0.05,0.05,0.16,0.0,0.0,0.0,0.0,0.0,0.0,0.0,0.0,400
89446cad61bffff,5,2.0,2.0,0.4,0.0,10.0,0.0,0.0,0.0,0.0,0.0,0.0,0.0,0.0,0.0,0.0,0.0,63
89446cad627ffff,11,4.0,2.0,0.2727272727272727,0.0,9.9,0.0,0.0,0.9090909090909091,0.0,0.0,0.0,0.0,0.0,0.0,0.0,0.0,30
89446cad62bffff,68,19.0,2.764705882352941,0.27941176470588236,0.08823529411764706,8.887096774193548,0.0,0.0,0.20588235294117646,0.0,0.0,0.0,0.0,0.0,0.0,0.0,0.0,215
89446cad62fffff,4,0.0,2.0,0.0,0.0,9.0,0.0,0.75,0.75,0.0,0.75,0.0,0.0,0.0,0.0,0.0,0.0,178
89446cad637ffff,9,3.0,2.0,0.3333333333333333,0.1111111111111111,10.0,0.0,0.0,0.0,0.0,0.0,0.0,0.0,0.0,0.0,0.0,0.0,16
89446cad63bffff,114,73.0,2.6491228070175437,0.2719298245614035,0.14035087719298245,9.285087719298245,0.017543859649122806,0.0,0.0,0.0,0.0,0.0,0.0,0.0,0.0,0.0,0.0,126
89446cad64bffff,5,3.0,2.0,0.4,0.0,10.0,0.0,0.0,0.0,0.0,0.0,0.0,0.0,0.0,0.0,0.0,0.0,37
89446cad64fffff,8,4.0,2.0,0.5,0.0,10.0,0.0,0.625,0.0,0.0,0.0,0.625,0.0,0.0,0.0,0.0,0.0,18
89446cad657ffff,11,1.0,2.0,0.18181818181818182,0.09090909090909091,9.181818181818182,0.0,0.0,0.0,0.0,0.0,0.0,0.0,0.0,0.0,0.0,0.0,8
89446cad65bffff,27,7.0,2.037037037037037,0.07407407407407407,0.037037037037037035,9.049999999999999,0.0,0.0,0.0,0.2222222222222222,0.0,0.0,0.0,0.0,0.0,0.0,0.0,26
89446cad667ffff,5,2.0,2.0,0.2,0.0,10.0,0.0,0.0,0.0,0.0,0.0,0.0,0.0,0.0,0.0,0.0,0.0,166
89446cad66bffff,1,0.0,2.0,0.0,0.0,10.0,0.0,0.0,0.0,0.0,0.0,0.0,0.0,0.0,0.0,0.0,0.0,15
89446cad673ffff,6,2.0,2.0,0.3333333333333333,0.16666666666666666,8.466666666666667,0.0,0.0,0.5,0.0,0.5,0.0,0.0,0.0,0.0,0.0,0.0,22
89446cad677ffff,11,4.0,2.0,0.2727272727272727,0.0,8.590909090909092,0.0,0.36363636363636365,0.7272727272727273,0.0,0.0,0.36363636363636365,0.0,0.0,0.0,0.0,0.0,194
89446cad67bffff,10,5.0,2.0,0.2,0.2,9.9,0.0,0.0,0.9,0.0,0.9,0.0,0.0,0.0,0.0,0.0,0.0,18
89446cad683ffff,17,4.0,2.9411764705882355,0.29411764705882354,0.058823529411764705,9.588235294117647,0.0,0.0,0.0,0.0,0.0,0.0,0.0,0.0,0.0,0.0,0.0,440
89446cad687ffff,17,4.0,2.2941176470588234,0.17647058823529413,0.058823529411764705,9.0,0.058823529411764705,0.0,0.0,0.0,0.0,0.0,0.058823529411764705,0.0,0.0,0.0,0.0,382
89446cad68bffff,30,12.0,2.466666666666667,0.26666666666666666,0.06666666666666667,9.724137931034482,0.36666666666666664,0.0,0.0,0.0,0.0,0.0,0.0,0.0,0.0,0.0,0.0,303
89446cad68fffff,245,49.0,2.8612244897959185,0.2816326530612245,0.053061224489795916,8.831434599156118,0.5673469387755102,0.0,0.0,0.0,0.0,0.0,0.0,0.0,0.0,0.0,0.0,255
89446cad693ffff,116,27.0,2.7241379310344827,0.25,0.05172413793103448,9.006140350877194,0.02586206896551724,0.05172413793103448,0.07758620689655173,0.0,0.0,0.0,0.0,0.008620689655172414,0.008620689655172414,0.0603448275862069,0.0,176
89446cad697ffff,32,16.0,2.40625,0.34375,0.0625,8.612903225806452,0.0,0.0,0.0,0.0,0.0,0.0,0.0,0.0,0.0,0.0,0.0,178
89446cad6a3ffff,70,11.0,2.657142857142857,0.24285714285714285,0.02857142857142857,9.045454545454545,0.014285714285714285,0.0,0.0,0.014285714285714285,0.0,0.0,0.0,0.0,0.0,0.0,0.0,115
89446cad6a7ffff,1,0.0,2.0,0.0,0.0,10.0,0.0,0.0,0.0,0.0,0.0,0.0,0.0,0.0,0.0,0.0,0.0,104
89446cad6abffff,10,1.0,2.6,0.5,0.1,8.9,0.0,0.2,0.2,0.0,0.0,0.0,0.0,0.0,0.0,0.0,0.0,308
89446cad6afffff,5,0.0,2.0,0.0,0.0,9.4,0.0,0.0,1.0,0.0,0.0,0.0,0.0,0.0,0.0,1.0,0.0,90
89446cad6b3ffff,1,1.0,2.0,0.0,0.0,10.0,0.0,0.0,0.0,0.0,0.0,0.0,0.0,0.0,0.0,0.0,0.0,185
89446cad6b7ffff,11,8.0,2.272727272727273,0.18181818181818182,0.09090909090909091,9.5,0.0,0.0,0.0,0.0,0.0,0.0,0.0,0.0,0.0,0.0,0.0,92
89446cad6bbffff,87,20.0,2.7241379310344827,0.20689655172413793,0.08045977011494253,8.801204819277109,0.0,0.08045977011494253,0.09195402298850575,0.0,0.022988505747126436,0.0,0.0,0.0,0.0,0.0,0.0,443
89446cad6c3ffff,4,4.0,2.0,1.0,0.0,8.0,0.0,0.0,0.0,0.0,0.0,0.0,0.0,0.0,0.0,0.0,0.0,48
89446cad6c7ffff,37,6.0,2.5945945945945947,0.1891891891891892,0.05405405405405406,9.324324324324325,0.0,0.0,0.0,0.0,0.0,0.0,0.0,0.0,0.0,0.0,0.0,46
89446cad6cbffff,8,6.0,2.25,0.625,0.0,9.875,0.0,0.0,0.0,0.0,0.0,0.0,0.0,0.0,0.0,0.0,0.0,15
89446cad6cfffff,3,1.0,2.6666666666666665,0.0,0.0,10.0,0.0,0.0,0.0,0.0,0.0,0.0,0.0,0.0,0.0,0.0,0.0,65
89446cad803ffff,5,0.0,2.0,0.0,0.0,9.6,0.0,0.4,0.6,0.0,0.4,0.0,0.0,0.0,0.0,0.0,0.0,220
89446cad80bffff,1,0.0,2.0,0.0,0.0,10.0,0.0,0.0,0.0,0.0,0.0,0.0,0.0,0.0,0.0,0.0,0.0,94
89446cad80fffff,3,0.0,2.0,0.0,0.0,10.0,0.0,0.0,0.0,0.0,0.0,0.0,0.0,0.0,0.0,0.0,0.0,37
89446cad813ffff,6,6.0,2.0,0.5,0.5,6.5,0.0,0.0,0.0,0.0,0.0,0.0,0.0,0.0,0.0,0.0,0.0,297
89446cad817ffff,143,41.0,2.0489510489510487,0.27972027972027974,0.11888111888111888,9.052447552447552,0.0,0.0,0.5454545454545454,0.04895104895104895,0.06993006993006994,0.0,0.0,0.0,0.0,0.0,0.0,87
89446cad81bffff,67,11.0,2.014925373134328,0.23880597014925373,0.029850746268656716,9.477611940298507,0.0,0.8955223880597015,0.9104477611940298,0.0,0.13432835820895522,0.0,0.0,0.0,0.0,0.0,0.0,115
89446cad827ffff,17,3.0,2.0,0.17647058823529413,0.058823529411764705,9.647058823529411,0.0,0.0,0.0,0.9411764705882353,0.0,0.0,0.0,0.0,0.0,0.0,0.0,12
89446cad82bffff,1,0.0,2.0,0.0,0.0,10.0,0.0,0.0,0.0,0.0,0.0,0.0,0.0,0.0,0.0,0.0,0.0,71
89446cad83bffff,1,0.0,2.0,0.0,0.0,10.0,0.0,0.0,0.0,0.0,0.0,0.0,0.0,0.0,0.0,0.0,0.0,34
89446cad843ffff,1,0.0,2.0,0.0,0.0,7.0,0.0,0.0,0.0,0.0,0.0,0.0,0.0,0.0,0.0,0.0,0.0,36
89446cad847ffff,1,1.0,2.0,0.0,0.0,10.0,0.0,0.0,0.0,0.0,0.0,0.0,0.0,0.0,0.0,0.0,0.0,30
89446cad84fffff,3,2.0,2.0,0.6666666666666666,0.0,10.0,0.0,0.0,0.0,0.0,0.0,0.0,0.0,0.0,0.0,0.0,0.0,9
89446cad853ffff,2,1.0,2.0,0.5,0.0,10.0,0.0,0.0,0.0,0.5,0.0,0.0,0.0,0.0,0.0,0.0,0.0,62
89446cad857ffff,18,4.0,2.0555555555555554,0.3333333333333333,0.1111111111111111,8.622222222222222,0.0,0.0,0.8888888888888888,0.0,0.0,0.0,0.0,0.0,0.0,0.0,0.0,83
89446cad85bffff,12,4.0,2.0,0.16666666666666666,0.08333333333333333,9.454545454545455,0.0,0.0,0.0,0.8333333333333334,0.0,0.0,0.0,0.0,0.0,0.0,0.0,9
89446cad867ffff,40,6.0,2.0,0.125,0.125,9.1,0.0,0.0,0.0,0.95,0.0,0.0,0.0,0.0,0.0,0.0,0.0,65
89446cad86bffff,7,5.0,2.0,0.5714285714285714,0.14285714285714285,6.785714285714286,0.0,0.0,0.0,0.0,0.0,0.0,0.0,0.0,0.0,0.0,0.0,38
89446cad86fffff,3,1.0,2.0,0.3333333333333333,0.0,8.666666666666666,0.0,0.0,0.0,1.0,0.0,0.0,0.0,0.0,0.0,0.0,0.0,106
89446cad877ffff,30,8.0,2.0,0.13333333333333333,0.2,9.3,0.0,0.0,0.0,0.8666666666666667,0.0,0.0,0.0,0.0,0.0,0.0,0.0,45
89446cad87bffff,7,2.0,2.142857142857143,0.0,0.0,9.857142857142858,0.0,0.0,0.0,0.5714285714285714,0.0,0.0,0.0,0.0,0.0,0.0,0.0,11
89446cad883ffff,2,1.0,2.0,0.0,0.0,10.0,0.0,0.0,0.0,0.0,0.0,0.0,0.0,0.0,0.0,0.0,0.0,24
89446cad887ffff,2,1.0,2.0,0.0,0.0,9.0,0.0,0.0,0.0,0.0,0.0,0.0,0.0,0.0,0.0,0.0,0.0,67
89446cad88fffff,8,2.0,2.125,0.25,0.0,9.75,0.0,0.0,0.0,0.625,0.0,0.0,0.0,0.0,0.0,0.0,0.0,203
89446cad893ffff,13,6.0,2.0,0.23076923076923078,0.15384615384615385,9.246153846153847,0.0,0.0,0.0,0.7692307692307693,0.0,0.0,0.0,0.0,0.0,0.0,0.0,37
89446cad89bffff,1,0.0,2.0,0.0,0.0,6.0,0.0,0.0,0.0,1.0,0.0,0.0,0.0,0.0,0.0,0.0,0.0,56
89446cad8a3ffff,5,3.0,2.0,0.2,0.0,10.0,0.0,0.0,0.0,0.0,0.0,0.0,0.0,0.0,0.0,0.0,0.0,118
89446cad8a7ffff,7,2.0,2.0,0.0,0.14285714285714285,10.0,0.0,0.0,0.0,0.0,0.0,0.0,0.0,0.0,0.0,0.0,0.0,97
89446cad8abffff,18,8.0,2.2222222222222223,0.2777777777777778,0.2777777777777778,8.055555555555555,0.0,0.0,0.0,0.6666666666666666,0.0,0.0,0.0,0.0,0.0,0.0,0.0,231
89446cad8afffff,33,8.0,2.242424242424242,0.24242424242424243,0.030303030303030304,8.727272727272727,0.0,0.18181818181818182,0.0,0.18181818181818182,0.0,0.0,0.0,0.0,0.0,0.0,0.0,56
89446cad8b3ffff,5,2.0,2.0,0.0,0.0,10.0,0.0,0.0,0.0,0.0,0.0,0.0,0.0,0.0,0.0,0.0,0.0,64
89446cad8b7ffff,5,1.0,2.0,0.4,0.0,9.6,0.0,0.2,0.0,0.0,0.0,0.0,0.0,0.0,0.0,0.0,0.0,60
89446cad8bbffff,50,15.0,2.0,0.24,0.06,8.863999999999999,0.0,0.0,0.0,0.94,0.0,0.0,0.0,0.0,0.0,0.0,0.0,181
89446cad8c3ffff,4,3.0,2.0,0.5,0.0,10.0,0.0,0.0,0.0,0.0,0.0,0.0,0.0,0.0,0.0,0.0,0.0,156
89446cad8c7ffff,74,24.0,2.1621621621621623,0.25675675675675674,0.16216216216216217,8.716216216216216,0.13513513513513514,0.013513513513513514,0.7837837837837838,0.0,0.0,0.0,0.0,0.0,0.0,0.0,0.0,98
89446cad8cbffff,16,2.0,2.125,0.25,0.1875,8.333333333333334,0.0,0.0,0.0,0.0,0.0,0.0,0.0,0.0,0.0,0.0,0.0,44
89446cad8cfffff,11,1.0,2.272727272727273,0.2727272727272727,0.09090909090909091,9.545454545454545,0.0,0.0,0.0,0.0,0.0,0.0,0.0,0.0,0.0,0.0,0.0,181
89446cad8d3ffff,44,8.0,2.0,0.18181818181818182,0.06818181818181818,9.340909090909092,0.0,0.0,0.0,0.8636363636363636,0.0,0.0,0.0,0.0,0.0,0.0,0.0,49
89446cad8d7ffff,10,7.0,2.0,0.4,0.0,8.4,0.0,0.0,0.0,0.0,0.0,0.0,0.0,0.0,0.0,0.0,0.0,153
89446cad8dbffff,1,0.0,2.0,1.0,0.0,10.0,0.0,0.0,0.0,0.0,0.0,0.0,0.0,0.0,0.0,0.0,0.0,89
89446cad913ffff,2,0.0,2.0,0.0,0.0,10.0,0.0,0.0,0.0,0.0,0.0,0.0,0.0,0.0,0.0,0.0,0.0,82
89446cad91bffff,21,8.0,2.0,0.09523809523809523,0.0,9.142857142857142,0.0,0.0,1.0,0.0,0.0,0.0,0.0,0.0,0.0,0.0,0.0,16
89446cad957ffff,6,0.0,2.0,0.3333333333333333,0.16666666666666666,8.833333333333334,0.0,0.0,0.0,1.0,0.0,0.0,0.0,0.0,0.0,0.0,0.0,21
89446cad95bffff,11,4.0,2.0,0.18181818181818182,0.2727272727272727,6.818181818181818,0.0,0.0,1.0,0.0,0.0,0.0,0.0,0.0,0.0,0.0,0.0,19
89446cad983ffff,7,3.0,2.0,0.2857142857142857,0.14285714285714285,4.892857142857143,0.0,0.0,0.0,0.0,0.0,0.0,0.0,0.0,0.0,0.0,0.0,72
89446cad987ffff,4,2.0,1.75,0.0,0.0,7.875,0.0,0.0,0.0,0.0,0.0,0.0,0.0,0.0,0.0,0.0,0.0,40
89446cad98bffff,27,10.0,2.2962962962962963,0.14814814814814814,0.18518518518518517,7.962962962962963,0.0,0.0,0.0,0.0,0.0,0.0,0.0,0.0,0.0,0.0,0.0,61
89446cad98fffff,26,8.0,2.423076923076923,0.23076923076923078,0.11538461538461539,9.153846153846153,0.038461538461538464,0.0,0.0,0.0,0.0,0.0,0.0,0.0,0.0,0.0,0.0,47
89446cad993ffff,2,1.0,2.0,0.0,0.0,10.0,0.0,0.0,0.0,0.0,0.0,0.0,0.0,0.0,0.0,0.0,0.0,76
89446cad99bffff,13,5.0,2.0,0.3076923076923077,0.07692307692307693,9.076923076923077,0.0,0.0,0.0,0.0,0.0,0.0,0.0,0.0,0.0,0.0,0.0,62
89446cad9a3ffff,9,6.0,2.5555555555555554,0.4444444444444444,0.1111111111111111,9.0,0.1111111111111111,0.0,0.0,0.0,0.0,0.0,0.0,0.0,0.0,0.0,0.0,110
89446cad9a7ffff,1,0.0,3.0,0.0,0.0,10.0,0.0,1.0,1.0,0.0,1.0,0.0,0.0,0.0,0.0,0.0,0.0,120
89446cad9b7ffff,102,36.0,2.0980392156862746,0.27450980392156865,0.08823529411764706,9.019117647058824,0.0,0.0,0.5490196078431373,0.00980392156862745,0.35294117647058826,0.0,0.0,0.0,0.0,0.0,0.0,19
89446cad9bbffff,7,3.0,2.0,0.14285714285714285,0.2857142857142857,8.714285714285714,0.0,0.0,0.0,0.2857142857142857,0.0,0.0,0.0,0.0,0.0,0.0,0.0,39
89446cad9c3ffff,99,33.0,2.0707070707070705,0.2828282828282828,0.1414141414141414,8.585858585858587,0.0,0.0,0.9393939393939394,0.0,0.0,0.0,0.0,0.0,0.0,0.0,0.0,58
89446cad9c7ffff,8,3.0,2.0,0.25,0.125,8.975,0.0,0.0,0.0,0.0,0.0,0.0,0.0,0.0,0.0,0.0,0.0,154
89446cad9cbffff,1,0.0,2.0,0.0,0.0,10.0,0.0,0.0,0.0,0.0,0.0,0.0,0.0,0.0,0.0,0.0,0.0,142
89446cad9d3ffff,18,9.0,2.0,0.05555555555555555,0.16666666666666666,7.944444444444445,0.0,0.0,0.0,0.0,0.0,0.0,0.0,0.0,0.0,0.0,0.0,150
89446cad9d7ffff,5,4.0,2.0,0.0,0.2,10.0,0.0,0.0,0.0,0.0,0.0,0.0,0.0,0.0,0.0,0.0,0.0,168
89446cad9dbffff,26,9.0,2.3461538461538463,0.38461538461538464,0.07692307692307693,7.892307692307692,0.0,0.0,0.0,0.0,0.0,0.0,0.0,0.0,0.0,0.0,0.0,158
89446cada03ffff,5,2.0,2.0,0.0,0.0,8.6,0.0,0.0,0.0,0.0,0.0,0.0,0.0,0.0,0.0,0.0,0.0,14
89446cada07ffff,11,6.0,2.0,0.09090909090909091,0.0,9.0,0.0,0.0,0.0,0.0,0.0,0.0,0.0,0.0,0.0,0.0,0.0,236
89446cada0fffff,1,0.0,2.0,0.0,0.0,10.0,0.0,1.0,0.0,0.0,0.0,1.0,0.0,0.0,0.0,0.0,0.0,219
89446cada17ffff,1,0.0,2.0,0.0,0.0,9.0,0.0,0.0,0.0,0.0,0.0,0.0,0.0,0.0,0.0,0.0,0.0,29
89446cada1bffff,1,0.0,2.0,0.0,0.0,10.0,0.0,0.0,0.0,0.0,0.0,0.0,0.0,0.0,0.0,0.0,0.0,7
89446cada23ffff,15,5.0,2.0,0.13333333333333333,0.13333333333333333,8.433333333333334,0.0,0.0,0.0,0.0,0.0,0.0,0.0,0.0,0.0,0.0,0.0,258
89446cada27ffff,7,3.0,2.0,0.2857142857142857,0.2857142857142857,9.571428571428571,0.0,0.0,0.0,0.0,0.0,0.0,0.0,0.0,0.0,0.0,0.0,65
89446cada2bffff,1,1.0,2.0,0.0,0.0,10.0,0.0,0.0,0.0,1.0,0.0,0.0,0.0,0.0,0.0,0.0,0.0,167
89446cada33ffff,74,66.0,2.0,0.1891891891891892,0.14864864864864866,8.195945945945946,0.0,0.0,0.33783783783783783,0.0,0.0,0.0,0.0,0.0,0.0,0.0,0.2972972972972973,214
89446cada37ffff,31,26.0,2.0,0.3225806451612903,0.0967741935483871,8.290322580645162,0.0,0.0,0.0,0.3548387096774194,0.0,0.0,0.0,0.0,0.0,0.0,0.0,111
89446cada3bffff,145,61.0,2.0068965517241377,0.1310344827586207,0.041379310344827586,9.237762237762238,0.0,0.6,0.7172413793103448,0.15862068965517243,0.3793103448275862,0.0,0.0,0.0,0.0,0.0,0.0,107
89446cada43ffff,6,0.0,2.0,0.0,0.0,9.333333333333334,0.0,0.0,0.0,0.3333333333333333,0.0,0.0,0.0,0.0,0.0,0.0,0.0,110
89446cada47ffff,18,12.0,2.0,0.3333333333333333,0.0,9.444444444444445,0.0,0.9444444444444444,0.9444444444444444,0.0,0.0,0.0,0.0,0.0,0.0,0.0,0.0,128
89446cada4bffff,2,0.0,2.0,0.0,0.0,10.0,0.0,0.0,0.0,0.0,0.0,0.0,0.0,0.0,0.0,0.0,0.0,82
89446cada4fffff,66,18.0,2.0,0.19696969696969696,0.12121212121212122,9.136363636363637,0.0,0.015151515151515152,0.9393939393939394,0.0,0.0,0.0,0.0,0.0,0.0,0.0,0.0,70
89446cada53ffff,22,5.0,2.0454545454545454,0.3181818181818182,0.0,8.35,0.0,0.8636363636363636,0.0,0.9090909090909091,0.0,0.0,0.0,0.0,0.0,0.0,0.0,49
89446cada5bffff,2,2.0,2.0,0.5,0.0,10.0,0.0,0.0,0.0,0.0,0.0,0.0,0.0,0.0,0.0,0.0,0.0,44
89446cada67ffff,2,0.0,2.0,0.0,0.0,8.5,0.0,0.0,0.0,0.0,0.0,0.0,0.0,0.0,0.0,0.0,0.0,12
89446cada6bffff,5,0.0,2.0,0.4,0.2,9.0,0.0,0.0,0.0,0.0,0.0,0.0,0.0,0.0,0.0,0.0,0.0,52
89446cada73ffff,53,14.0,2.0,0.20754716981132076,0.07547169811320754,9.014423076923077,0.0,0.8679245283018868,0.8679245283018868,0.09433962264150944,0.0,0.0,0.0,0.0,0.0,0.0,0.0,27
89446cada77ffff,5,3.0,2.0,0.4,0.2,7.44,0.0,0.2,0.0,0.0,0.0,0.2,0.0,0.0,0.0,0.0,0.0,202
89446cada7bffff,3,2.0,2.0,0.0,0.0,10.0,0.0,1.0,0.0,1.0,0.0,0.0,0.0,0.0,0.0,0.0,0.0,182
89446cada87ffff,11,2.0,2.0,0.18181818181818182,0.0,8.386363636363637,0.0,0.0,0.0,0.0,0.0,0.0,0.0,0.0,0.0,0.0,0.0,5
89446cada8fffff,2,2.0,2.0,1.0,0.0,10.0,0.0,0.0,0.0,0.0,0.0,0.0,0.0,0.0,0.0,0.0,0.0,13
89446cada93ffff,82,27.0,2.024390243902439,0.24390243902439024,0.06097560975609756,8.535975609756099,0.0,0.0,0.6707317073170732,0.25609756097560976,0.0,0.0,0.0,0.0,0.0,0.0,0.04878048780487805,23
89446cada97ffff,2,1.0,2.0,0.0,0.5,10.0,0.0,0.0,0.0,0.5,0.0,0.0,0.0,0.0,0.0,0.0,0.0,105
89446cada9bffff,7,1.0,2.0,0.5714285714285714,0.0,7.785714285714286,0.0,0.0,0.0,0.8571428571428571,0.0,0.0,0.0,0.0,0.0,0.0,0.0,92
89446cadaabffff,10,4.0,2.0,0.3,0.1,8.6,0.0,0.0,0.0,0.0,0.0,0.0,0.0,0.0,0.0,0.0,0.0,89
89446cadaafffff,2,1.0,2.0,0.0,0.0,9.5,0.0,0.0,0.0,0.0,0.0,0.0,0.0,0.0,0.0,0.0,0.0,124
89446cadabbffff,1,1.0,2.0,0.0,0.0,5.0,0.0,0.0,0.0,0.0,0.0,0.0,0.0,0.0,0.0,0.0,0.0,24
89446cadac3ffff,14,4.0,2.0,0.42857142857142855,0.07142857142857142,8.335714285714285,0.0,0.0,0.0,0.0,0.0,0.0,0.0,0.0,0.0,0.0,0.0,94
89446cadac7ffff,2,1.0,2.0,0.5,0.0,7.5,0.0,0.0,0.0,0.0,0.0,0.0,0.0,0.0,0.0,0.0,0.0,25
89446cadacbffff,33,8.0,2.0,0.21212121212121213,0.09090909090909091,8.636363636363637,0.0,1.0,1.0,0.0,0.0,0.0,0.0,0.0,0.0,0.0,0.0,62
89446cadad3ffff,31,11.0,2.0,0.3548387096774194,0.0967741935483871,9.178571428571429,0.0,0.0,0.0,0.4838709677419355,0.0,0.0,0.0,0.0,0.0,0.0,0.0,95
89446cadad7ffff,10,1.0,2.0,0.1,0.1,9.2,0.0,0.0,0.0,0.0,0.0,0.0,0.0,0.0,0.0,0.0,0.0,54
89446cadadbffff,18,10.0,2.0,0.3333333333333333,0.0,9.38888888888889,0.0,0.2222222222222222,0.0,0.7222222222222222,0.0,0.16666666666666666,0.0,0.0,0.0,0.0,0.0,185
89446cadb03ffff,3,1.0,2.0,0.0,0.0,8.0,0.0,0.0,0.0,0.0,0.0,0.0,0.0,0.0,0.0,0.0,0.0,10
89446cadb07ffff,4,0.0,2.0,0.25,0.0,10.0,0.0,0.0,0.0,1.0,0.0,0.0,0.0,0.0,0.0,0.0,0.0,12
89446cadb0bffff,2,0.0,2.0,0.0,0.5,10.0,0.0,0.0,0.0,0.0,0.0,0.0,0.0,0.0,0.0,0.0,0.0,28
89446cadb0fffff,3,0.0,2.0,0.0,0.0,6.666666666666667,0.0,0.0,0.0,0.0,0.0,0.0,0.0,0.0,0.0,0.0,0.0,14
89446cadb17ffff,1,1.0,2.0,1.0,0.0,10.0,0.0,0.0,0.0,0.0,0.0,0.0,0.0,0.0,0.0,0.0,0.0,7
89446cadb27ffff,1,1.0,2.0,1.0,0.0,10.0,0.0,0.0,0.0,0.0,0.0,0.0,0.0,0.0,0.0,0.0,0.0,3
89446cadb2bffff,3,0.0,2.0,0.3333333333333333,0.3333333333333333,10.0,0.0,0.0,0.0,0.0,0.0,0.0,0.0,0.0,0.0,0.0,0.0,13
89446cadb2fffff,3,2.0,2.0,0.3333333333333333,0.3333333333333333,6.333333333333333,0.0,0.0,0.0,0.0,0.0,0.0,0.0,0.0,0.0,0.0,0.0,7
89446cadb3bffff,5,4.0,2.0,0.4,0.0,10.0,0.0,0.0,0.0,0.2,0.0,0.0,0.0,0.0,0.0,0.0,0.0,10
89446cadb43ffff,7,3.0,2.0,0.14285714285714285,0.2857142857142857,9.428571428571429,0.0,0.0,0.0,0.0,0.0,0.0,0.0,0.0,0.0,0.0,0.0,39
89446cadb47ffff,21,3.0,2.0,0.2857142857142857,0.047619047619047616,8.523809523809524,0.0,0.0,1.0,0.0,0.0,0.0,0.0,0.0,0.0,0.0,0.0,16
89446cadb4fffff,2,0.0,2.0,0.5,0.0,5.75,0.0,0.0,1.0,0.0,0.0,0.0,0.0,0.0,0.0,0.0,0.0,32
89446cadb53ffff,13,1.0,2.0,0.23076923076923078,0.0,8.753846153846153,0.0,0.0,0.0,0.0,0.0,0.0,0.0,0.0,0.0,0.0,0.0,22
89446cadb57ffff,1,0.0,2.0,0.0,0.0,10.0,0.0,0.0,0.0,0.0,0.0,0.0,0.0,0.0,0.0,0.0,0.0,44
89446cadb5bffff,2,2.0,2.0,0.5,0.0,8.5,0.0,0.0,0.0,0.5,0.0,0.0,0.0,0.0,0.0,0.0,0.0,27
89446cadb63ffff,1,1.0,2.0,1.0,0.0,10.0,0.0,0.0,0.0,0.0,0.0,0.0,0.0,0.0,0.0,0.0,0.0,38
89446cadb67ffff,2,1.0,2.0,0.5,0.0,9.5,0.0,0.0,0.0,0.0,0.0,0.0,0.0,0.0,0.0,0.0,0.0,8
89446cadb6bffff,32,10.0,2.0,0.25,0.125,8.961290322580645,0.0,0.0,0.78125,0.0,0.0,0.0,0.0,0.0,0.0,0.0,0.0,21
89446cadb7bffff,4,3.0,2.0,0.25,0.25,9.25,0.0,0.0,0.0,0.0,0.0,0.0,0.0,0.0,0.0,0.0,0.0,56
89446cadb97ffff,2,2.0,2.0,0.5,1.0,4.625,0.0,0.0,0.0,0.0,0.0,0.0,0.0,0.0,0.0,0.0,0.0,11
89446cadb9bffff,31,12.0,2.0,0.41935483870967744,0.06451612903225806,9.225806451612904,0.0,0.9032258064516129,0.9032258064516129,0.0967741935483871,0.0,0.0,0.0,0.0,0.0,0.0,0.0,43
89446cadbcbffff,4,4.0,2.0,0.5,0.0,10.0,0.0,0.0,0.0,0.0,0.0,0.0,0.0,0.0,0.0,0.0,0.0,61
89446cadbcfffff,1,0.0,2.0,0.0,1.0,1.8,0.0,0.0,0.0,0.0,0.0,0.0,0.0,0.0,0.0,0.0,0.0,18
89446cadbd3ffff,28,4.0,2.0,0.25,0.10714285714285714,8.428571428571429,0.0,0.0,0.9285714285714286,0.0,0.0,0.0,0.0,0.0,0.0,0.0,0.0,19
89446cadbdbffff,9,2.0,2.0,0.1111111111111111,0.0,8.777777777777779,0.0,0.1111111111111111,0.0,0.5555555555555556,0.0,0.0,0.0,0.0,0.0,0.0,0.0,65
89446cadc03ffff,3,2.0,2.0,0.3333333333333333,0.0,9.666666666666666,0.0,0.0,0.0,0.0,0.0,0.0,0.0,0.0,0.0,0.0,0.0,54
89446cadc07ffff,18,3.0,2.0,0.2777777777777778,0.1111111111111111,8.11111111111111,0.0,0.0,0.7777777777777778,0.16666666666666666,0.0,0.0,0.0,0.0,0.0,0.0,0.0,30
89446cadc0bffff,13,5.0,2.0,0.15384615384615385,0.0,8.676923076923076,0.0,0.0,0.0,0.0,0.0,0.0,0.0,0.0,0.0,0.0,0.0,54
89446cadc0fffff,18,8.0,2.0,0.3888888888888889,0.0,9.055555555555555,0.0,0.0,1.0,0.0,0.0,0.0,0.0,0.0,0.0,0.0,0.0,60
89446cadc13ffff,1,1.0,2.0,1.0,1.0,8.0,0.0,0.0,0.0,0.0,0.0,0.0,0.0,0.0,0.0,0.0,0.0,14
89446cadc17ffff,1,0.0,2.0,0.0,0.0,10.0,0.0,0.0,0.0,0.0,0.0,0.0,0.0,0.0,0.0,0.0,0.0,24
89446cadc1bffff,3,2.0,2.0,0.3333333333333333,0.0,10.0,0.0,0.0,0.0,0.0,0.0,0.0,0.0,0.0,0.0,0.0,0.0,28
89446cadc23ffff,1,1.0,2.0,0.0,0.0,10.0,0.0,0.0,0.0,0.0,0.0,0.0,0.0,0.0,0.0,0.0,0.0,41
89446cadc2fffff,33,10.0,2.0,0.2727272727272727,0.030303030303030304,9.363636363636363,0.0,0.3939393939393939,0.9696969696969697,0.0,0.9696969696969697,0.3939393939393939,0.0,0.0,0.0,0.0,0.0,14
89446cadc33ffff,8,1.0,2.0,0.375,0.0,8.75,0.0,0.0,0.0,0.5,0.0,0.0,0.0,0.0,0.0,0.0,0.0,21
89446cadc43ffff,24,9.0,2.0,0.125,0.125,7.95,0.0,0.0,0.0,0.3333333333333333,0.0,0.0,0.0,0.0,0.0,0.0,0.0,31
89446cadc4bffff,2,1.0,2.0,0.5,0.0,8.5,0.0,0.0,0.0,1.0,0.0,0.0,0.0,0.0,0.0,0.0,0.0,56
89446cadc53ffff,5,3.0,2.0,0.8,0.0,10.0,0.0,0.0,0.0,0.0,0.0,0.0,0.0,0.0,0.0,0.0,0.0,53
89446cadc57ffff,7,3.0,2.0,0.0,0.0,9.714285714285714,0.0,0.0,0.0,0.0,0.0,0.0,0.0,0.0,0.0,0.0,0.0,45
89446cadc5bffff,17,5.0,2.0,0.35294117647058826,0.058823529411764705,8.223529411764707,0.0,0.0,0.0,0.0,0.0,0.0,0.0,0.0,0.0,0.0,0.0,49
89446cadc63ffff,1,0.0,2.0,0.0,0.0,10.0,0.0,0.0,0.0,0.0,0.0,0.0,0.0,0.0,0.0,0.0,0.0,107
89446cadc67ffff,1,1.0,2.0,0.0,0.0,10.0,0.0,0.0,0.0,0.0,0.0,0.0,0.0,0.0,0.0,0.0,0.0,48
89446cadc6bffff,3,2.0,2.0,0.0,0.0,9.0,0.0,0.0,0.0,0.0,0.0,0.0,0.0,0.0,0.0,0.0,0.0,130
89446cadc6fffff,30,10.0,2.0,0.26666666666666666,0.03333333333333333,8.9,0.0,0.0,0.7333333333333333,0.13333333333333333,0.0,0.0,0.0,0.0,0.0,0.0,0.0,60
89446cadc73ffff,23,6.0,2.0,0.13043478260869565,0.21739130434782608,8.991304347826087,0.0,0.0,0.043478260869565216,0.34782608695652173,0.0,0.0,0.0,0.0,0.0,0.0,0.0,82
89446cadc77ffff,3,1.0,2.0,0.0,0.0,10.0,0.0,0.0,0.0,1.0,0.0,0.0,0.0,0.0,0.0,0.0,0.0,43
89446cadc7bffff,47,10.0,2.021276595744681,0.23404255319148937,0.0425531914893617,9.071428571428571,0.0,1.0,1.0,0.0,0.0,0.6382978723404256,0.0,0.0,0.0,0.0,0.0,34
89446cadc83ffff,17,10.0,2.0,0.17647058823529413,0.0,9.235294117647058,0.0,0.0,0.0,0.0,0.0,0.0,0.0,0.0,0.0,0.0,0.0,10
89446cadc8bffff,3,2.0,2.0,1.0,0.0,10.0,0.0,0.0,0.0,0.0,0.0,0.0,0.0,0.0,0.0,0.0,0.0,39
89446cadc93ffff,1,0.0,2.0,0.0,0.0,10.0,0.0,0.0,0.0,0.0,0.0,0.0,0.0,0.0,0.0,0.0,0.0,28
89446cadc97ffff,4,3.0,2.0,0.5,0.5,7.875,0.0,0.0,0.0,0.0,0.0,0.0,0.0,0.0,0.0,0.0,0.0,63
89446cadc9bffff,2,0.0,2.0,0.0,0.0,10.0,0.0,0.0,0.0,0.0,0.0,0.0,0.0,0.0,0.0,0.0,0.0,44
89446cadca3ffff,3,2.0,2.0,1.0,0.0,8.0,0.0,0.0,0.0,0.0,0.0,0.0,0.0,0.0,0.0,0.0,0.0,76
89446cadca7ffff,47,15.0,2.0,0.2978723404255319,0.02127659574468085,8.822222222222223,0.0,0.0,0.8297872340425532,0.0,0.0,0.0,0.0,0.0,0.0,0.0,0.0,38
89446cadcafffff,2,1.0,2.0,0.5,0.0,10.0,0.0,0.0,0.0,1.0,0.0,0.0,0.0,0.0,0.0,0.0,0.0,62
89446cadcb3ffff,13,4.0,2.0,0.38461538461538464,0.07692307692307693,7.361538461538462,0.0,0.0,0.5384615384615384,0.0,0.0,0.0,0.0,0.0,0.0,0.0,0.0,71
89446cadcb7ffff,12,4.0,2.0,0.3333333333333333,0.0,8.375,0.0,0.0,0.0,0.0,0.0,0.0,0.0,0.0,0.0,0.0,0.08333333333333333,73
89446cadcbbffff,2,1.0,2.0,1.0,0.0,10.0,0.0,0.0,0.0,0.0,0.0,0.0,0.0,0.0,0.0,0.0,0.0,17
89446cadcc3ffff,4,3.0,2.0,0.5,0.0,10.0,0.0,0.0,0.0,0.0,0.0,0.0,0.0,0.0,0.0,0.0,0.0,27
89446cadcc7ffff,4,1.0,2.0,0.25,0.0,9.75,0.0,0.0,0.0,0.0,0.0,0.0,0.0,0.0,0.0,0.0,0.0,26
89446cadccbffff,2,1.0,2.0,0.0,0.0,9.0,0.0,0.0,0.0,0.0,0.0,0.0,0.0,0.0,0.0,0.0,0.0,38
89446cadcd3ffff,1,1.0,2.0,1.0,0.0,10.0,0.0,0.0,0.0,0.0,0.0,0.0,0.0,0.0,0.0,0.0,0.0,35
89446cadcd7ffff,15,6.0,2.0,0.5333333333333333,0.06666666666666667,8.8,0.0,0.0,0.6666666666666666,0.0,0.0,0.0,0.0,0.0,0.0,0.0,0.0,22
89446cadcdbffff,5,3.0,2.0,0.2,0.2,8.8,0.0,0.0,0.0,0.0,0.0,0.0,0.0,0.0,0.0,0.0,0.0,39
89446cadd03ffff,2,0.0,2.0,0.5,0.0,10.0,0.0,0.0,0.0,0.0,0.0,0.0,0.0,0.0,0.0,0.0,0.0,5
89446cadd0bffff,1,1.0,2.0,1.0,0.0,10.0,0.0,0.0,0.0,0.0,0.0,0.0,0.0,0.0,0.0,0.0,0.0,49
89446cadd0fffff,2,0.0,2.0,0.0,0.0,9.5,0.0,0.0,0.0,0.0,0.0,0.0,0.0,0.0,0.0,0.0,0.0,20
89446cadd17ffff,1,1.0,2.0,0.0,0.0,10.0,0.0,0.0,0.0,0.0,0.0,0.0,0.0,0.0,0.0,0.0,0.0,40
89446cadd1bffff,1,0.0,2.0,0.0,0.0,10.0,0.0,0.0,0.0,0.0,0.0,0.0,0.0,0.0,0.0,0.0,0.0,14
89446cadd27ffff,12,6.0,2.0,0.3333333333333333,0.08333333333333333,8.270833333333334,0.0,0.0,0.0,0.0,0.0,0.0,0.0,0.0,0.0,0.0,0.0,37
89446cadd2bffff,16,5.0,2.0,0.25,0.125,9.375,0.0,0.0,0.0,0.0,0.0,0.0,0.0,0.0,0.0,0.0,0.0,59
89446cadd2fffff,22,4.0,2.0,0.13636363636363635,0.09090909090909091,9.011363636363637,0.0,0.0,0.0,0.0,0.0,0.0,0.0,0.0,0.0,0.0,0.0,34
89446cadd33ffff,7,2.0,1.8571428571428572,0.2857142857142857,0.0,9.857142857142858,0.0,0.0,0.0,0.0,0.0,0.0,0.0,0.0,0.0,0.0,0.0,22
89446cadd37ffff,8,3.0,2.0,0.375,0.0,10.0,0.0,0.0,0.0,0.0,0.0,0.0,0.0,0.0,0.0,0.0,0.0,45
89446cadd3bffff,1,0.0,2.0,0.0,1.0,2.5,0.0,0.0,0.0,0.0,0.0,0.0,0.0,0.0,0.0,0.0,0.0,41
89446cadd43ffff,2,2.0,2.0,0.0,0.0,10.0,0.0,0.0,0.0,0.0,0.0,0.0,0.0,0.0,0.0,0.0,0.0,67
89446cadd47ffff,41,16.0,2.0,0.2926829268292683,0.04878048780487805,8.804878048780488,0.0,0.04878048780487805,0.8536585365853658,0.0,0.0,0.04878048780487805,0.0,0.0,0.0,0.0,0.0,39
89446cadd4bffff,2,2.0,2.0,0.0,0.0,8.0,0.0,0.0,0.0,0.0,0.0,0.0,0.0,0.0,0.0,0.0,0.0,9
89446cadd53ffff,21,12.0,2.0,0.2857142857142857,0.09523809523809523,8.609523809523811,0.0,0.0,0.0,0.0,0.0,0.0,0.0,0.0,0.0,0.0,0.0,8
89446cadd57ffff,3,0.0,2.0,0.0,0.0,9.333333333333334,0.0,0.0,0.0,0.0,0.0,0.0,0.0,0.0,0.0,0.0,0.0,66
89446cadd63ffff,30,9.0,2.0,0.3333333333333333,0.16666666666666666,9.033333333333333,0.0,0.0,0.7333333333333333,0.0,0.0,0.0,0.0,0.0,0.0,0.0,0.0,80
89446cadd67ffff,18,3.0,2.0,0.2222222222222222,0.16666666666666666,9.444444444444445,0.0,0.6111111111111112,0.7777777777777778,0.0,0.0,0.6111111111111112,0.0,0.0,0.0,0.0,0.0,80
89446cadd6bffff,10,3.0,2.0,0.2,0.0,8.7,0.0,0.0,0.0,0.0,0.0,0.0,0.0,0.0,0.0,0.0,0.1,96
89446cadd6fffff,3,3.0,2.0,0.3333333333333333,0.0,9.333333333333334,0.0,0.0,0.0,0.0,0.0,0.0,0.0,0.0,0.0,0.0,0.0,94
89446cadd77ffff,16,5.0,2.0,0.4375,0.0625,8.3875,0.0,0.0625,0.0,0.75,0.0,0.0625,0.0,0.0,0.0,0.0,0.0,67
89446cadd7bffff,33,10.0,2.0,0.24242424242424243,0.030303030303030304,9.030303030303031,0.0,0.7272727272727273,0.7272727272727273,0.0,0.0,0.0,0.0,0.0,0.0,0.0,0.0,86
89446cadd83ffff,2,1.0,2.0,0.0,0.0,10.0,0.0,0.0,0.0,0.0,0.0,0.0,0.0,0.0,0.0,0.0,0.0,53
89446cadd8fffff,27,9.0,2.0,0.25925925925925924,0.1111111111111111,8.22962962962963,0.0,0.0,0.0,0.0,0.0,0.0,0.0,0.0,0.0,0.0,0.0,3
89446cadd93ffff,26,8.0,2.0,0.23076923076923078,0.0,8.365384615384615,0.0,0.0,1.0,0.0,0.0,0.0,0.0,0.0,0.0,0.0,0.0,10
89446cadda3ffff,6,2.0,2.0,0.16666666666666666,0.0,8.0,0.0,0.0,0.0,0.0,0.0,0.0,0.0,0.0,0.0,0.0,0.0,52
89446cadda7ffff,16,3.0,2.0,0.125,0.0625,9.9375,0.0,0.0,0.0,0.0,0.0,0.0,0.0,0.0,0.0,0.0,0.0,58
89446caddabffff,11,5.0,2.0,0.6363636363636364,0.18181818181818182,8.954545454545455,0.0,0.0,0.0,0.0,0.0,0.0,0.0,0.0,0.0,0.0,0.0,16
89446caddafffff,2,0.0,2.0,0.5,0.0,10.0,0.0,0.0,0.0,0.0,0.0,0.0,0.0,0.0,0.0,0.0,0.0,70
89446caddb3ffff,2,2.0,2.0,1.0,0.0,10.0,0.0,0.0,0.0,0.0,0.0,0.0,0.0,0.0,0.0,0.0,0.0,33
89446caddb7ffff,21,5.0,2.0,0.38095238095238093,0.047619047619047616,9.238095238095237,0.0,0.0,0.0,0.0,0.0,0.0,0.0,0.0,0.0,0.0,0.0,30
89446caddc7ffff,8,2.0,2.0,0.125,0.0,9.5,0.0,0.0,0.0,0.0,0.0,0.0,0.0,0.0,0.0,0.0,0.0,5
89446caddcbffff,3,0.0,2.0,0.0,0.0,9.666666666666666,0.0,0.0,0.0,0.0,0.0,0.0,0.0,0.0,0.0,0.0,0.0,25
89446caddd3ffff,17,11.0,2.0,0.29411764705882354,0.058823529411764705,8.40625,0.0,0.0,0.23529411764705882,0.058823529411764705,0.0,0.0,0.0,0.0,0.0,0.0,0.0,65
89446caddd7ffff,4,4.0,2.0,0.25,0.0,9.75,0.0,0.0,0.0,0.0,0.0,0.0,0.0,0.0,0.0,0.0,0.0,35
89446cadddbffff,4,4.0,2.0,0.0,0.5,6.5,0.0,0.0,0.0,0.0,0.0,0.0,0.0,0.0,0.0,0.0,0.0,69
89446cade03ffff,63,20.0,2.126984126984127,0.23809523809523808,0.14285714285714285,8.970967741935485,0.0,0.0,0.7936507936507936,0.0,0.015873015873015872,0.0,0.0,0.0,0.0,0.0,0.0,82
89446cade07ffff,37,20.0,2.054054054054054,0.08108108108108109,0.10810810810810811,8.708108108108108,0.0,0.0,0.1891891891891892,0.13513513513513514,0.0,0.0,0.0,0.0,0.0,0.0,0.02702702702702703,242
89446cade0bffff,4,1.0,2.0,0.25,0.0,10.0,0.0,0.0,0.0,1.0,0.0,0.0,0.0,0.0,0.0,0.0,0.0,92
89446cade0fffff,6,3.0,2.0,0.0,0.0,7.8,0.0,0.0,1.0,0.0,0.0,0.0,0.0,0.0,0.0,0.0,0.0,182
89446cade13ffff,16,3.0,2.125,0.1875,0.0625,8.866666666666667,0.0,0.0,0.0,0.5625,0.0,0.0,0.0,0.0,0.0,0.0,0.0,237
89446cade17ffff,14,4.0,2.0,0.14285714285714285,0.0,7.942857142857143,0.0,0.0,0.07142857142857142,0.5714285714285714,0.0,0.0,0.0,0.0,0.0,0.0,0.0,178
89446cade1bffff,5,0.0,2.4,0.4,0.2,5.5600000000000005,0.0,0.0,0.0,0.0,0.0,0.0,0.0,0.0,0.0,0.0,0.0,199
89446cade23ffff,2,1.0,2.0,0.0,0.0,10.0,0.0,0.0,0.0,1.0,0.0,0.0,0.0,0.0,0.0,0.0,0.0,199
89446cade27ffff,4,2.0,2.0,0.25,0.25,8.25,0.0,0.0,0.0,1.0,0.0,0.0,0.0,0.0,0.0,0.0,0.0,54
89446cade2bffff,14,3.0,2.0714285714285716,0.2857142857142857,0.07142857142857142,7.833333333333333,0.0,0.0,0.0,0.8571428571428571,0.0,0.0,0.0,0.0,0.0,0.0,0.0,161
89446cade33ffff,82,24.0,2.1219512195121952,0.2804878048780488,0.08536585365853659,9.039024390243902,0.036585365853658534,0.0,0.0,0.0,0.0,0.0,0.0,0.0,0.0,0.0,0.0,140
89446cade37ffff,22,5.0,2.3181818181818183,0.4090909090909091,0.0,9.454545454545455,0.045454545454545456,0.0,0.0,0.045454545454545456,0.0,0.0,0.0,0.0,0.0,0.0,0.0,107
89446cade3bffff,77,13.0,2.0,0.1038961038961039,0.07792207792207792,7.685333333333333,0.0,0.935064935064935,0.935064935064935,0.0,0.0,0.0,0.0,0.0,0.0,0.0,0.0,141
89446cade47ffff,17,5.0,2.0,0.23529411764705882,0.058823529411764705,8.71875,0.0,0.35294117647058826,0.35294117647058826,0.47058823529411764,0.0,0.0,0.0,0.0,0.0,0.0,0.0,17
89446cade4bffff,20,6.0,2.0,0.15,0.15,8.342105263157896,0.0,0.0,0.0,0.8,0.0,0.0,0.0,0.0,0.0,0.0,0.0,121
89446cade4fffff,11,3.0,2.0,0.09090909090909091,0.09090909090909091,9.909090909090908,0.0,0.7272727272727273,0.0,0.7272727272727273,0.0,0.0,0.0,0.0,0.0,0.0,0.0,133
89446cade53ffff,2,1.0,2.0,0.0,0.0,9.5,0.0,0.0,0.0,1.0,0.0,0.0,0.0,0.0,0.0,0.0,0.0,61
89446cade5bffff,7,4.0,2.0,0.2857142857142857,0.0,9.857142857142858,0.0,0.0,1.0,0.0,1.0,0.0,0.0,0.0,0.0,0.0,0.0,63
89446cade63ffff,1,0.0,2.0,0.0,0.0,9.0,0.0,0.0,0.0,0.0,0.0,0.0,0.0,0.0,0.0,0.0,0.0,4
89446cade6bffff,2,2.0,2.0,0.0,0.0,8.5,0.0,0.0,0.0,0.0,0.0,0.0,0.0,0.0,0.0,0.0,0.0,86
89446cade73ffff,1,1.0,2.0,1.0,1.0,10.0,0.0,0.0,0.0,0.0,0.0,0.0,0.0,0.0,0.0,0.0,0.0,29
89446cade7bffff,1,1.0,2.0,1.0,0.0,10.0,0.0,0.0,0.0,0.0,0.0,0.0,0.0,0.0,0.0,0.0,0.0,34
89446cade83ffff,17,4.0,2.0,0.058823529411764705,0.058823529411764705,9.125,0.0,0.0,0.0,1.0,0.0,0.0,0.0,0.0,0.0,0.0,0.0,121
89446cade87ffff,3,2.0,2.0,0.3333333333333333,0.0,8.0,0.0,0.0,0.0,0.0,0.0,0.0,0.0,0.0,0.0,0.0,0.0,93
89446cade8bffff,4,2.0,2.0,0.25,0.0,9.75,0.0,0.0,0.0,0.0,0.0,0.0,0.0,0.0,0.0,0.0,0.0,200
89446cade8fffff,48,22.0,2.0,0.10416666666666667,0.08333333333333333,8.816666666666666,0.0,0.6458333333333334,0.6458333333333334,0.3333333333333333,0.0,0.0,0.0,0.0,0.0,0.0,0.0,68
89446cade93ffff,51,8.0,2.0,0.11764705882352941,0.0,9.224,0.0,0.0,0.7450980392156863,0.23529411764705882,0.0,0.0,0.0,0.0,0.0,0.0,0.0,47
89446cade97ffff,5,3.0,2.0,0.0,0.2,9.2,0.0,0.0,0.0,0.0,0.0,0.0,0.0,0.0,0.0,0.0,0.0,100
89446cade9bffff,10,5.0,2.0,0.6,0.0,9.7,0.0,0.0,0.0,1.0,0.0,0.0,0.0,0.0,0.0,0.0,0.0,83
89446cadea7ffff,1,1.0,2.0,0.0,0.0,10.0,0.0,0.0,0.0,0.0,0.0,0.0,0.0,0.0,0.0,0.0,0.0,57
89446cadeafffff,2,1.0,2.0,0.5,0.0,10.0,0.0,0.0,0.0,0.0,0.5,0.0,0.0,0.0,0.0,0.0,0.0,106
89446cadeb3ffff,7,5.0,2.0,0.14285714285714285,0.0,8.714285714285714,0.0,0.0,0.0,0.42857142857142855,0.0,0.0,0.0,0.0,0.0,0.0,0.0,26
89446cadeb7ffff,7,6.0,2.0,0.14285714285714285,0.0,9.142857142857142,0.0,0.0,0.8571428571428571,0.14285714285714285,0.0,0.0,0.0,0.0,0.0,0.0,0.0,58
89446cadebbffff,14,5.0,2.0,0.2857142857142857,0.07142857142857142,7.714285714285714,0.0,0.0,0.0,0.5714285714285714,0.0,0.0,0.0,0.0,0.0,0.0,0.0,72
89446cadec3ffff,17,4.0,2.7058823529411766,0.35294117647058826,0.0,9.6,0.0,0.0,0.0,0.058823529411764705,0.0,0.0,0.0,0.0,0.0,0.0,0.0,143
89446cadec7ffff,103,21.0,2.0776699029126213,0.1553398058252427,0.038834951456310676,8.966494845360824,0.22330097087378642,0.0,0.0970873786407767,0.0,0.019417475728155338,0.0,0.0,0.0,0.0,0.0,0.0,61
89446cadecbffff,8,4.0,2.0,0.625,0.0,10.0,0.0,0.0,0.0,1.0,0.0,0.0,0.0,0.0,0.0,0.0,0.0,69
89446cadecfffff,13,4.0,2.0,0.15384615384615385,0.07692307692307693,7.8076923076923075,0.0,0.0,0.07692307692307693,0.8461538461538461,0.0,0.0,0.0,0.0,0.0,0.0,0.0,135
89446caded3ffff,10,4.0,2.0,0.4,0.1,6.38,0.0,0.0,0.0,0.0,0.0,0.0,0.0,0.0,0.0,0.0,0.0,32
89446caded7ffff,6,1.0,2.0,0.3333333333333333,0.3333333333333333,8.666666666666666,0.0,0.0,0.0,0.0,0.0,0.0,0.0,0.0,0.0,0.0,0.0,144
89446cadedbffff,3,2.0,2.3333333333333335,0.3333333333333333,0.3333333333333333,10.0,0.0,0.0,0.0,0.0,0.0,0.0,0.0,0.0,0.0,0.0,0.0,66
89446cae003ffff,14,2.0,2.0,0.07142857142857142,0.0,8.928571428571429,0.0,0.0,0.0,0.35714285714285715,0.0,0.0,0.0,0.0,0.0,0.0,0.0,82
89446cae007ffff,1,1.0,2.0,1.0,0.0,10.0,0.0,0.0,0.0,0.0,0.0,0.0,0.0,0.0,0.0,0.0,0.0,115
89446cae00bffff,2,1.0,2.0,0.0,0.0,10.0,0.0,0.0,0.0,0.0,0.0,0.0,0.0,0.0,0.0,0.0,0.0,105
89446cae00fffff,58,16.0,2.0,0.25862068965517243,0.05172413793103448,8.662962962962963,0.0,0.0,0.9137931034482759,0.034482758620689655,0.0,0.0,0.0,0.0,0.0,0.0,0.0,59
89446cae013ffff,3,0.0,2.0,0.0,0.0,9.333333333333334,0.0,0.0,0.0,0.0,0.0,0.0,0.0,0.0,0.0,0.0,0.0,109
89446cae017ffff,16,8.0,2.0,0.4375,0.0625,9.6875,0.0,0.0,0.0,0.0,0.0,0.0,0.0,0.0,0.0,0.0,0.0,27
89446cae01bffff,2,1.0,2.0,0.0,0.0,10.0,0.0,0.0,0.0,0.0,0.0,0.0,0.0,0.0,0.0,0.0,0.0,67
89446cae023ffff,2,1.0,2.0,0.5,0.0,10.0,0.0,0.0,0.0,0.0,0.0,0.0,0.0,0.0,0.0,0.0,0.0,37
89446cae027ffff,4,4.0,2.0,0.5,0.0,10.0,0.0,0.0,0.0,0.0,0.0,0.0,0.0,0.0,0.0,0.0,0.0,7
89446cae02bffff,3,0.0,2.0,0.0,0.0,10.0,0.0,0.0,0.0,0.0,0.0,0.0,0.0,0.0,0.0,0.0,0.0,35
89446cae02fffff,2,1.0,2.0,0.0,0.0,7.5,0.0,0.0,0.0,0.5,0.0,0.0,0.0,0.0,0.0,0.0,0.0,23
89446cae033ffff,6,1.0,2.0,0.16666666666666666,0.16666666666666666,8.5,0.0,0.0,1.0,0.0,0.0,0.0,0.0,0.0,0.0,0.0,0.0,46
89446cae037ffff,2,1.0,2.0,1.0,0.0,10.0,0.0,0.0,0.0,0.0,0.0,0.0,0.0,0.0,0.0,0.0,0.0,70
89446cae03bffff,20,5.0,2.0,0.25,0.05,9.165000000000001,0.0,0.0,0.95,0.0,0.0,0.0,0.0,0.0,0.0,0.0,0.0,71
89446cae043ffff,2,0.0,2.0,0.0,0.0,9.5,0.0,0.0,0.0,0.0,0.0,0.0,0.0,0.0,0.0,0.0,0.0,34
89446cae047ffff,10,3.0,2.0,0.2,0.2,6.85,0.0,0.0,1.0,0.0,0.0,0.0,0.0,0.0,0.0,0.0,0.0,34
89446cae04bffff,11,3.0,2.0,0.0,0.0,9.0,0.0,0.0,0.0,0.36363636363636365,0.0,0.0,0.0,0.0,0.0,0.0,0.0,254
89446cae04fffff,9,3.0,2.0,0.1111111111111111,0.0,9.777777777777779,0.0,0.0,0.8888888888888888,0.0,0.0,0.0,0.0,0.0,0.0,0.0,0.0,228
89446cae053ffff,1,0.0,2.0,0.0,0.0,10.0,0.0,0.0,0.0,0.0,0.0,0.0,0.0,0.0,0.0,0.0,0.0,102
89446cae05bffff,3,1.0,2.0,0.0,0.0,9.666666666666666,0.0,0.0,0.0,0.0,0.0,0.0,0.0,0.0,0.0,0.0,0.0,94
89446cae063ffff,3,0.0,2.0,0.0,0.0,10.0,0.0,0.0,0.0,0.0,0.0,0.0,0.0,0.0,0.0,0.0,0.0,24
89446cae067ffff,1,1.0,2.0,0.0,0.0,10.0,0.0,0.0,0.0,0.0,0.0,0.0,0.0,0.0,0.0,0.0,0.0,16
89446cae06bffff,1,1.0,2.0,0.0,0.0,10.0,0.0,0.0,0.0,0.0,0.0,0.0,0.0,0.0,0.0,0.0,0.0,4
89446cae073ffff,21,6.0,2.0,0.19047619047619047,0.0,8.947368421052632,0.0,0.0,0.9523809523809523,0.0,0.0,0.0,0.0,0.0,0.0,0.0,0.0,74
89446cae077ffff,1,1.0,2.0,0.0,0.0,10.0,0.0,0.0,0.0,0.0,0.0,0.0,0.0,0.0,0.0,0.0,0.0,106
89446cae083ffff,115,27.0,2.0,0.21739130434782608,0.08695652173913043,8.670175438596491,0.0,0.0,0.991304347826087,0.0,0.0,0.0,0.0,0.0,0.0,0.0,0.0,114
89446cae087ffff,48,9.0,2.0,0.25,0.14583333333333334,9.457446808510639,0.0,0.0,0.9375,0.0,0.0,0.0,0.0,0.0,0.0,0.0,0.0,187
89446cae08bffff,21,20.0,2.0,0.19047619047619047,0.0,10.0,0.0,0.0,0.0,0.0,0.0,0.0,0.0,0.0,0.0,0.0,0.0,342
89446cae08fffff,8,6.0,2.0,0.5,0.125,9.75,0.0,0.0,0.0,0.0,0.0,0.0,0.0,0.0,0.0,0.0,0.0,203
89446cae097ffff,14,2.0,2.0,0.35714285714285715,0.0,9.857142857142858,0.0,0.0,0.0,1.0,0.0,0.0,0.0,0.0,0.0,0.0,0.0,210
89446cae09bffff,23,3.0,2.0,0.17391304347826086,0.0,9.869565217391305,0.0,0.0,0.0,0.9130434782608695,0.0,0.0,0.0,0.0,0.0,0.0,0.0,333
89446cae0a3ffff,3,2.0,2.0,0.6666666666666666,0.0,10.0,0.0,0.0,0.0,0.0,0.0,0.0,0.0,0.0,0.0,0.0,0.0,29
89446cae0a7ffff,2,1.0,2.0,0.5,0.0,10.0,0.0,0.0,0.0,0.0,0.0,0.0,0.0,0.0,0.0,0.0,0.0,78
89446cae0abffff,1,0.0,2.0,0.0,0.0,3.0,0.0,0.0,0.0,0.0,0.0,0.0,0.0,0.0,0.0,0.0,0.0,46
89446cae0afffff,20,9.0,2.0,0.1,0.1,9.55,0.0,0.0,0.0,0.75,0.0,0.0,0.0,0.0,0.0,0.0,0.0,51
89446cae0b3ffff,4,1.0,2.0,0.0,0.0,10.0,0.0,0.0,0.0,0.0,0.0,0.0,0.0,0.0,0.0,0.0,0.0,106
89446cae0b7ffff,2,1.0,2.0,0.0,0.0,10.0,0.0,0.0,0.0,0.0,0.0,0.0,0.0,0.0,0.0,0.0,0.0,44
89446cae0c3ffff,76,20.0,2.0,0.14473684210526316,0.0,9.07,0.0,0.0,0.9342105263157895,0.02631578947368421,0.0,0.0,0.0,0.0,0.0,0.0,0.0,253
89446cae0c7ffff,48,42.0,2.0,0.041666666666666664,0.125,9.770833333333334,0.0,0.0,0.020833333333333332,0.0,0.0,0.0,0.0,0.0,0.0,0.0,0.041666666666666664,247
89446cae0cbffff,39,10.0,2.0,0.15384615384615385,0.0,9.307692307692308,0.0,0.0,0.48717948717948717,0.0,0.0,0.0,0.0,0.0,0.0,0.0,0.0,145
89446cae0d3ffff,20,5.0,2.05,0.2,0.0,8.66,0.0,0.0,0.9,0.0,0.0,0.0,0.0,0.0,0.0,0.0,0.0,290
89446cae0d7ffff,145,75.0,2.0068965517241377,0.1103448275862069,0.034482758620689655,9.306338028169014,0.0,0.0,0.6,0.0,0.0,0.0,0.0,0.0,0.0,0.0,0.0,239
89446cae0dbffff,1,0.0,2.0,0.0,0.0,10.0,0.0,0.0,0.0,0.0,0.0,0.0,0.0,0.0,0.0,0.0,0.0,158
89446cae117ffff,1,0.0,2.0,0.0,0.0,10.0,0.0,0.0,0.0,0.0,0.0,0.0,0.0,0.0,0.0,0.0,0.0,4
89446cae11bffff,1,1.0,2.0,0.0,1.0,9.0,0.0,0.0,0.0,0.0,0.0,0.0,0.0,0.0,0.0,0.0,0.0,9
89446cae127ffff,3,0.0,2.0,0.3333333333333333,0.0,10.0,0.0,0.0,1.0,1.0,0.0,0.0,0.0,0.0,0.0,0.0,0.0,79
89446cae12bffff,1,0.0,2.0,0.0,0.0,10.0,0.0,0.0,0.0,0.0,0.0,0.0,0.0,0.0,0.0,0.0,0.0,24
89446cae12fffff,12,6.0,2.0,0.16666666666666666,0.0,9.333333333333334,0.0,0.0,0.0,1.0,0.0,0.0,0.0,0.0,0.0,0.0,0.0,18
89446cae157ffff,6,2.0,2.0,0.0,0.0,9.666666666666666,0.0,0.0,0.0,0.0,0.0,0.0,0.0,0.0,0.0,0.0,0.0,4
89446cae163ffff,2,1.0,2.0,0.0,0.0,10.0,0.0,0.0,0.0,0.0,0.0,0.0,0.0,0.0,0.0,0.0,0.0,13
89446cae167ffff,7,1.0,2.0,0.14285714285714285,0.14285714285714285,9.0,0.0,0.0,1.0,0.0,0.0,0.0,0.0,0.0,0.0,0.0,0.0,31
89446cae16fffff,1,0.0,2.0,0.0,0.0,10.0,0.0,0.0,1.0,0.0,0.0,0.0,0.0,0.0,0.0,0.0,0.0,32
89446cae173ffff,5,2.0,2.0,0.2,0.0,9.2,0.0,0.0,0.0,0.0,0.0,0.0,0.0,0.0,0.0,0.0,0.0,2
89446cae187ffff,6,0.0,2.0,0.3333333333333333,0.5,9.0,0.0,0.0,0.6666666666666666,0.0,0.0,0.0,0.0,0.0,0.0,0.0,0.0,15
89446cae18bffff,1,0.0,2.0,0.0,1.0,10.0,0.0,0.0,0.0,0.0,0.0,0.0,0.0,0.0,0.0,0.0,0.0,7
89446cae18fffff,2,2.0,2.0,1.0,0.0,10.0,0.0,0.0,0.0,0.0,0.0,0.0,0.0,0.0,0.0,0.0,0.0,10
89446cae193ffff,2,1.0,2.0,0.5,0.0,10.0,0.0,0.0,0.0,0.0,0.0,0.0,0.0,0.0,0.0,0.0,0.0,5
89446cae1a7ffff,1,0.0,2.0,0.0,0.0,9.0,0.0,0.0,0.0,0.0,0.0,0.0,0.0,0.0,0.0,0.0,0.0,36
89446cae1b3ffff,8,5.0,2.0,0.625,0.125,9.25,0.0,0.0,0.0,0.375,0.0,0.0,0.0,0.0,0.0,0.0,0.0,79
89446cae1b7ffff,25,6.0,2.0,0.24,0.12,9.14,0.0,1.0,1.0,0.0,0.0,0.0,0.0,0.0,0.0,0.0,0.0,60
89446cae1bbffff,2,0.0,2.0,1.0,0.0,10.0,0.0,0.0,0.0,0.0,0.0,0.0,0.0,0.0,0.0,0.0,0.0,17
89446cae1cbffff,1,1.0,2.0,1.0,0.0,10.0,0.0,0.0,0.0,0.0,0.0,0.0,0.0,0.0,0.0,0.0,0.0,46
89446cae1cfffff,3,2.0,2.0,0.6666666666666666,0.0,7.666666666666667,0.0,0.0,0.0,0.0,0.0,0.0,0.0,0.0,0.0,0.0,0.0,8
89446cae1d3ffff,2,1.0,2.0,0.0,0.0,10.0,0.0,0.0,0.0,0.0,0.0,0.0,0.0,0.0,0.0,0.0,0.0,58
89446cae1d7ffff,5,0.0,2.0,0.2,0.4,10.0,0.0,0.0,0.0,0.0,0.0,0.0,0.0,0.0,0.0,0.0,0.0,3
89446cae1dbffff,37,18.0,2.0,0.16216216216216217,0.05405405405405406,8.972972972972974,0.0,0.0,0.8378378378378378,0.0,0.0,0.0,0.0,0.0,0.0,0.0,0.0,27
89446cae203ffff,1,1.0,2.0,1.0,0.0,10.0,0.0,0.0,0.0,0.0,0.0,0.0,0.0,0.0,0.0,0.0,0.0,2
89446cae213ffff,2,0.0,2.0,0.0,0.0,7.5,0.0,0.0,0.0,0.0,0.0,0.0,0.0,0.0,0.0,0.0,0.0,18
89446cae227ffff,13,3.0,2.0,0.15384615384615385,0.0,9.333333333333334,0.0,0.0,0.23076923076923078,0.0,0.0,0.0,0.0,0.0,0.0,0.0,0.0,81
89446cae233ffff,1,1.0,2.0,0.0,0.0,10.0,0.0,0.0,0.0,0.0,0.0,0.0,0.0,0.0,0.0,0.0,0.0,191
89446cae237ffff,40,10.0,2.1,0.375,0.1,8.368421052631579,0.1,0.0,0.0,0.0,0.0,0.0,0.0,0.0,0.0,0.0,0.0,182
89446cae243ffff,6,1.0,2.0,0.6666666666666666,0.0,5.933333333333334,0.0,0.0,0.0,0.0,0.0,0.0,0.0,0.0,0.0,0.0,0.0,55
89446cae247ffff,8,1.0,2.0,0.5,0.0,10.0,0.0,0.0,0.0,0.0,0.0,0.0,0.0,0.0,0.0,0.0,0.0,9
89446cae253ffff,47,11.0,2.021276595744681,0.1702127659574468,0.0425531914893617,8.345652173913043,0.0,0.0,0.9148936170212766,0.0,0.0,0.0,0.0,0.0,0.0,0.0,0.0,31
89446cae263ffff,2,2.0,2.0,0.5,0.0,10.0,0.0,0.0,0.0,0.0,0.0,0.0,0.0,0.0,0.0,0.0,0.0,7
89446cae26fffff,4,2.0,2.0,0.0,0.25,8.0,0.0,0.0,1.0,0.0,0.0,0.0,0.0,0.0,0.0,0.0,0.0,12
89446cae273ffff,3,0.0,2.0,0.0,0.0,10.0,0.0,0.0,0.0,0.0,0.0,0.0,0.0,0.0,0.0,0.0,0.0,10
89446cae283ffff,1,0.0,2.0,0.0,0.0,10.0,0.0,0.0,0.0,0.0,0.0,0.0,0.0,0.0,0.0,0.0,0.0,53
89446cae287ffff,24,11.0,2.125,0.3333333333333333,0.0,9.208333333333334,0.08333333333333333,0.08333333333333333,0.08333333333333333,0.0,0.0,0.0,0.0,0.0,0.0,0.0,0.0,244
89446cae28bffff,1,0.0,2.0,0.0,0.0,9.0,0.0,0.0,0.0,0.0,0.0,0.0,0.0,0.0,0.0,0.0,0.0,21
89446cae28fffff,15,5.0,2.0,0.26666666666666666,0.13333333333333333,8.727272727272727,0.0,0.0,0.8,0.0,0.0,0.0,0.0,0.0,0.0,0.0,0.0,29
89446cae297ffff,11,6.0,2.0,0.45454545454545453,0.09090909090909091,9.10909090909091,0.0,0.0,0.0,0.0,0.0,0.0,0.0,0.0,0.0,0.0,0.0,50
89446cae29bffff,2,1.0,2.0,0.0,0.0,5.1,0.0,0.0,0.0,0.0,0.0,0.0,0.0,0.0,0.0,0.0,0.0,4
89446cae2a3ffff,47,17.0,2.106382978723404,0.3404255319148936,0.0425531914893617,9.078723404255319,0.19148936170212766,0.0,0.0,0.0,0.0,0.0,0.0,0.0,0.0,0.0,0.0,357
89446cae2afffff,151,21.0,2.0993377483443707,0.271523178807947,0.006622516556291391,9.19054054054054,0.0,0.0,0.0,0.0,0.0,0.0,0.0,0.0,0.0,0.0,0.0,89
89446cae2b3ffff,205,44.0,2.024390243902439,0.25853658536585367,0.05365853658536585,8.923618090452262,0.0,0.01951219512195122,0.5853658536585366,0.0,0.01951219512195122,0.0,0.0,0.0,0.0,0.0,0.0,92
89446cae2bbffff,1,1.0,2.0,1.0,0.0,10.0,0.0,0.0,0.0,0.0,0.0,0.0,0.0,0.0,0.0,0.0,0.0,291
89446cae2c7ffff,1,0.0,2.0,0.0,0.0,10.0,0.0,0.0,0.0,0.0,0.0,0.0,0.0,0.0,0.0,0.0,0.0,5
89446cae2cbffff,4,2.0,2.0,0.0,0.0,9.5,0.0,0.0,0.0,0.0,0.0,0.0,0.0,0.0,0.0,0.0,0.0,90
89446cae2cfffff,2,2.0,2.0,0.0,0.0,10.0,0.0,0.0,0.0,0.0,0.0,0.0,0.0,0.0,0.0,0.0,0.0,52
89446cae2dbffff,21,1.0,2.0,0.047619047619047616,0.09523809523809523,8.857142857142858,0.0,0.0,0.8095238095238095,0.0,0.0,0.0,0.0,0.0,0.0,0.0,0.0,15
89446cae303ffff,1,1.0,2.0,1.0,0.0,10.0,0.0,0.0,0.0,0.0,0.0,0.0,0.0,0.0,0.0,0.0,0.0,3
89446cae30bffff,2,1.0,2.0,0.0,0.0,10.0,0.0,0.0,0.0,0.0,0.0,0.0,0.0,0.0,0.0,0.0,0.0,79
89446cae30fffff,1,1.0,2.0,1.0,0.0,10.0,0.0,0.0,0.0,0.0,0.0,0.0,0.0,0.0,0.0,0.0,0.0,19
89446cae323ffff,9,4.0,2.0,0.3333333333333333,0.0,9.11111111111111,0.0,0.0,0.0,0.8888888888888888,0.0,0.0,0.0,0.0,0.0,0.0,0.0,51
89446cae32fffff,9,4.0,2.0,0.2222222222222222,0.1111111111111111,10.0,0.0,0.0,0.7777777777777778,0.6666666666666666,0.0,0.0,0.0,0.0,0.0,0.0,0.0,23
89446cae333ffff,34,14.0,2.0,0.14705882352941177,0.14705882352941177,9.147058823529411,0.0,0.0,0.5,0.2647058823529412,0.0,0.0,0.0,0.0,0.0,0.0,0.0,32
89446cae33bffff,8,4.0,2.0,0.25,0.375,8.25,0.0,0.0,0.125,0.0,0.0,0.0,0.0,0.0,0.0,0.0,0.0,47
89446cae343ffff,7,4.0,2.0,0.14285714285714285,0.14285714285714285,7.666666666666667,0.0,0.0,0.0,0.0,0.0,0.0,0.0,0.0,0.0,0.0,0.0,108
89446cae347ffff,50,19.0,2.12,0.3,0.06,8.411111111111111,0.0,0.0,0.48,0.0,0.0,0.0,0.0,0.0,0.0,0.0,0.0,182
89446cae34bffff,1,1.0,2.0,1.0,0.0,10.0,0.0,0.0,0.0,0.0,0.0,0.0,0.0,0.0,0.0,0.0,0.0,24
89446cae34fffff,10,2.0,2.0,0.1,0.1,9.222222222222221,0.0,0.0,0.9,0.0,0.0,0.0,0.0,0.0,0.0,0.0,0.0,196
89446cae353ffff,23,3.0,2.0869565217391304,0.5217391304347826,0.043478260869565216,9.391304347826088,0.043478260869565216,0.0,0.0,0.0,0.0,0.0,0.0,0.0,0.0,0.0,0.0,60
89446cae357ffff,22,3.0,2.0454545454545454,0.13636363636363635,0.09090909090909091,8.714285714285714,0.045454545454545456,0.7727272727272727,0.8181818181818182,0.0,0.0,0.0,0.0,0.0,0.0,0.0,0.0,82
89446cae35bffff,2,1.0,2.0,0.0,0.0,9.0,0.0,0.0,0.0,0.0,0.0,0.0,0.0,0.0,0.0,0.0,0.0,48
89446cae363ffff,37,5.0,2.027027027027027,0.10810810810810811,0.08108108108108109,9.175675675675675,0.0,0.0,0.918918918918919,0.0,0.918918918918919,0.0,0.0,0.0,0.0,0.0,0.0,240
89446cae367ffff,1,1.0,2.0,0.0,0.0,10.0,0.0,0.0,0.0,0.0,0.0,0.0,0.0,0.0,0.0,0.0,0.0,82
89446cae36bffff,54,14.0,2.0185185185185186,0.2037037037037037,0.09259259259259259,8.471153846153847,0.018518518518518517,0.0,0.8703703703703703,0.0,0.8333333333333334,0.0,0.0,0.0,0.0,0.0,0.0,233
89446cae36fffff,41,8.0,2.048780487804878,0.12195121951219512,0.024390243902439025,9.185897435897436,0.024390243902439025,0.0,0.0,0.0,0.0,0.0,0.0,0.0,0.0,0.024390243902439025,0.0,122
89446cae373ffff,5,1.0,2.0,0.2,0.0,6.640000000000001,0.0,0.0,0.0,0.0,0.0,0.0,0.0,0.0,0.0,0.0,0.0,229
89446cae377ffff,3,3.0,2.0,0.6666666666666666,0.0,3.5,0.0,0.0,0.0,0.0,0.0,0.0,0.0,0.0,0.0,0.0,0.0,52
89446cae37bffff,136,34.0,2.0588235294117645,0.2426470588235294,0.022058823529411766,8.824626865671641,0.0,0.0,0.9338235294117647,0.0,0.35294117647058826,0.0,0.0,0.0,0.0,0.0,0.0,157
89446cae387ffff,11,3.0,2.0,0.36363636363636365,0.0,7.909090909090909,0.0,0.0,1.0,0.0,0.0,0.0,0.0,0.0,0.0,0.0,0.0,5
89446cae393ffff,9,4.0,2.0,0.1111111111111111,0.1111111111111111,9.625,0.0,0.2222222222222222,0.7777777777777778,0.2222222222222222,0.0,0.0,0.0,0.0,0.0,0.0,0.0,11
89446cae397ffff,5,0.0,2.0,0.4,0.0,7.7,0.0,0.0,0.0,0.8,0.0,0.0,0.0,0.0,0.0,0.0,0.0,22
89446cae3abffff,15,4.0,2.0,0.06666666666666667,0.0,9.533333333333333,0.0,0.0,1.0,0.0,0.0,0.0,0.0,0.0,0.0,0.0,0.0,34
89446cae3c3ffff,1,0.0,2.0,0.0,0.0,10.0,0.0,0.0,0.0,0.0,0.0,0.0,0.0,0.0,0.0,0.0,0.0,18
89446cae3cbffff,16,9.0,2.125,0.125,0.0625,9.625,0.0,0.0,0.0,0.0,0.0,0.0,0.0,0.0,0.0,0.0,0.0,78
89446cae3d3ffff,1,1.0,2.0,1.0,0.0,10.0,0.0,0.0,0.0,0.0,0.0,0.0,0.0,0.0,0.0,0.0,0.0,3
89446cae3dbffff,1,1.0,2.0,0.0,0.0,10.0,0.0,0.0,0.0,0.0,0.0,0.0,0.0,0.0,0.0,0.0,0.0,209
89446cae403ffff,6,4.0,2.0,0.5,0.0,10.0,0.0,0.0,0.0,0.0,0.0,0.0,0.0,0.0,0.0,0.0,0.0,6
89446cae40fffff,2,1.0,2.0,0.5,0.5,10.0,0.0,0.0,0.0,0.0,0.0,0.0,0.0,0.0,0.0,0.0,0.0,46
89446cae413ffff,4,2.0,2.0,0.25,0.0,9.5,0.0,0.0,0.0,0.75,0.0,0.0,0.0,0.0,0.0,0.0,0.0,78
89446cae423ffff,1,0.0,2.0,1.0,0.0,10.0,0.0,0.0,1.0,0.0,0.0,0.0,0.0,0.0,0.0,0.0,0.0,28
89446cae427ffff,1,1.0,2.0,0.0,0.0,10.0,0.0,0.0,0.0,0.0,0.0,0.0,0.0,0.0,0.0,0.0,0.0,43
89446cae42bffff,23,6.0,2.0,0.21739130434782608,0.13043478260869565,9.478260869565217,0.0,0.0,0.9565217391304348,0.0,0.0,0.0,0.0,0.0,0.0,0.0,0.0,38
89446cae433ffff,3,3.0,2.0,0.3333333333333333,0.0,10.0,0.0,0.0,0.0,0.0,0.0,0.0,0.0,0.0,0.0,0.0,0.0,9
89446cae43bffff,1,1.0,2.0,1.0,0.0,10.0,0.0,0.0,0.0,0.0,0.0,0.0,0.0,0.0,0.0,0.0,0.0,64
89446cae443ffff,17,7.0,2.0,0.17647058823529413,0.0,9.176470588235293,0.0,0.0,0.0,0.0,0.0,0.0,0.0,0.0,0.0,0.0,0.0,73
89446cae44fffff,8,2.0,2.0,0.25,0.125,7.625,0.0,0.0,0.0,0.0,0.0,0.0,0.0,0.0,0.0,0.0,0.0,51
89446cae457ffff,52,13.0,2.0,0.19230769230769232,0.07692307692307693,8.73076923076923,0.0,0.9423076923076923,0.9423076923076923,0.0,0.0,0.0,0.0,0.0,0.0,0.0,0.0,89
89446cae45bffff,13,6.0,2.1538461538461537,0.38461538461538464,0.07692307692307693,7.6692307692307695,0.8461538461538461,0.0,0.0,0.0,0.0,0.0,0.0,0.0,0.0,0.0,0.0,72
89446cae463ffff,53,18.0,2.0,0.24528301886792453,0.11320754716981132,8.566037735849056,0.0,0.9811320754716981,0.9245283018867925,0.0,0.0,0.0,0.0,0.0,0.0,0.0,0.0,95
89446cae467ffff,1,1.0,2.0,1.0,0.0,10.0,0.0,0.0,0.0,0.0,0.0,0.0,0.0,0.0,0.0,0.0,0.0,185
89446cae46bffff,4,3.0,2.0,0.5,0.0,8.25,0.0,0.5,0.5,0.0,0.0,0.0,0.0,0.0,0.0,0.0,0.0,171
89446cae46fffff,51,12.0,2.0,0.1568627450980392,0.0784313725490196,9.12,0.0,0.8431372549019608,0.9607843137254902,0.0,0.0,0.0,0.0,0.0,0.0,0.0,0.0,246
89446cae473ffff,4,1.0,2.0,0.25,0.25,9.25,0.0,1.0,0.0,0.0,0.0,0.0,0.0,0.0,0.0,0.0,0.0,90
89446cae477ffff,35,8.0,2.0,0.2,0.08571428571428572,9.414285714285715,0.0,0.8857142857142857,0.0,0.8857142857142857,0.0,0.0,0.0,0.0,0.0,0.0,0.05714285714285714,84
89446cae483ffff,6,3.0,2.0,0.16666666666666666,0.0,8.333333333333334,0.0,0.0,0.0,0.0,0.0,0.0,0.0,0.0,0.0,0.0,0.0,44
89446cae487ffff,9,4.0,2.0,0.1111111111111111,0.0,9.333333333333334,0.0,0.0,0.0,0.0,0.0,0.0,0.0,0.0,0.0,0.0,0.0,51
89446cae48bffff,5,2.0,2.0,0.0,0.2,10.0,0.0,0.0,0.0,0.0,0.0,0.0,0.0,0.0,0.0,0.0,0.0,89
89446cae48fffff,19,5.0,2.0,0.21052631578947367,0.05263157894736842,9.210526315789474,0.0,0.0,0.0,0.0,0.0,0.0,0.0,0.0,0.0,0.0,0.0,24
89446cae493ffff,4,2.0,2.0,0.25,0.0,10.0,0.0,0.0,0.0,0.0,0.0,0.0,0.0,0.0,0.0,0.0,0.0,16
89446cae497ffff,1,1.0,2.0,0.0,0.0,10.0,0.0,0.0,0.0,0.0,0.0,0.0,0.0,0.0,0.0,0.0,0.0,56
89446cae49bffff,6,4.0,2.0,0.5,0.16666666666666666,9.833333333333334,0.0,0.0,0.0,0.0,0.0,0.0,0.0,0.0,0.0,0.0,0.0,34
89446cae4abffff,7,2.0,2.0,0.42857142857142855,0.14285714285714285,10.0,0.0,0.0,0.0,0.0,0.0,0.0,0.0,0.0,0.0,0.0,0.0,3
89446cae4b3ffff,2,2.0,2.0,0.5,0.0,10.0,0.5,0.0,0.0,0.0,0.0,0.0,0.0,0.0,0.0,0.0,0.0,98
89446cae4c3ffff,22,4.0,2.0,0.13636363636363635,0.13636363636363635,9.181818181818182,0.0,0.0,0.9545454545454546,0.0,0.0,0.0,0.0,0.0,0.0,0.0,0.0,157
89446cae4c7ffff,48,12.0,2.0,0.22916666666666666,0.0625,9.375,0.0,0.0,0.5416666666666666,0.14583333333333334,0.0,0.0,0.0,0.0,0.0,0.0,0.0,109
89446cae4cbffff,6,5.0,2.0,0.5,0.0,10.0,0.0,0.0,0.0,0.5,0.0,0.0,0.0,0.0,0.0,0.0,0.0,121
89446cae4cfffff,72,22.0,2.0555555555555554,0.3333333333333333,0.041666666666666664,9.180555555555555,0.0,0.5416666666666666,0.5416666666666666,0.041666666666666664,0.0,0.0,0.0,0.0,0.0,0.0,0.0,128
89446cae4d3ffff,18,5.0,2.0,0.2222222222222222,0.1111111111111111,9.48611111111111,0.0,0.0,0.0,0.0,0.0,0.0,0.0,0.0,0.0,0.0,0.0,57
89446cae4d7ffff,6,2.0,2.0,0.16666666666666666,0.0,8.416666666666666,0.0,0.0,0.0,0.0,0.0,0.0,0.0,0.0,0.0,0.0,0.0,110
89446cae4dbffff,7,1.0,2.0,0.14285714285714285,0.2857142857142857,8.571428571428571,0.0,0.0,0.0,0.0,0.0,0.0,0.0,0.0,0.0,0.0,0.0,55
89446cae503ffff,42,7.0,2.0,0.2619047619047619,0.09523809523809523,9.380952380952381,0.0,0.0,0.8333333333333334,0.0,0.0,0.0,0.0,0.0,0.0,0.0,0.0,147
89446cae507ffff,37,15.0,2.0,0.3783783783783784,0.16216216216216217,9.18918918918919,0.0,0.0,0.0,0.0,0.0,0.0,0.0,0.0,0.0,0.0,0.0,264
89446cae50bffff,96,20.0,2.0104166666666665,0.15625,0.08333333333333333,9.328645833333333,0.0,0.0,0.8854166666666666,0.0,0.0,0.0,0.0,0.0,0.0,0.0,0.0,69
89446cae50fffff,5,4.0,2.0,0.4,0.2,10.0,0.0,0.0,0.0,0.0,0.0,0.0,0.0,0.0,0.0,0.0,0.0,179
89446cae513ffff,7,4.0,2.0,0.2857142857142857,0.14285714285714285,8.142857142857142,0.0,0.0,0.0,0.0,0.0,0.0,0.0,0.0,0.0,0.0,0.0,87
89446cae51bffff,2,1.0,2.0,0.0,0.5,10.0,0.0,0.0,0.0,0.0,0.0,0.0,0.0,0.0,0.0,0.0,0.0,217
89446cae523ffff,1,0.0,2.0,0.0,0.0,10.0,0.0,0.0,0.0,0.0,0.0,0.0,0.0,0.0,0.0,0.0,0.0,33
89446cae527ffff,24,3.0,2.0,0.3333333333333333,0.0,10.0,0.0,0.0,0.9583333333333334,0.0,0.0,0.0,0.0,0.0,0.0,0.0,0.9583333333333334,29
89446cae52bffff,1,0.0,2.0,0.0,0.0,10.0,0.0,0.0,0.0,0.0,0.0,0.0,0.0,0.0,0.0,0.0,0.0,8
89446cae52fffff,1,1.0,2.0,1.0,0.0,10.0,0.0,0.0,0.0,0.0,0.0,0.0,0.0,0.0,0.0,0.0,0.0,54
89446cae533ffff,6,2.0,2.0,0.16666666666666666,0.0,9.333333333333334,0.0,0.0,0.0,0.0,0.0,0.0,0.0,0.0,0.0,0.0,0.0,277
89446cae537ffff,1,0.0,2.0,0.0,0.0,10.0,0.0,0.0,0.0,0.0,0.0,0.0,0.0,0.0,0.0,0.0,0.0,58
89446cae543ffff,114,19.0,2.017543859649123,0.2631578947368421,0.12280701754385964,9.605263157894736,0.0,0.0,0.868421052631579,0.0,0.0,0.0,0.0,0.0,0.0,0.0,0.0,110
89446cae547ffff,14,5.0,2.0,0.2857142857142857,0.07142857142857142,9.071428571428571,0.0,0.0,0.0,0.0,0.0,0.0,0.0,0.0,0.0,0.0,0.0,237
89446cae54bffff,46,11.0,2.0,0.30434782608695654,0.08695652173913043,9.652173913043478,0.0,0.0,0.9565217391304348,0.0,0.0,0.0,0.0,0.0,0.0,0.0,0.0,188
89446cae54fffff,7,3.0,2.0,0.7142857142857143,0.14285714285714285,10.0,0.0,0.0,0.0,0.0,0.0,0.0,0.0,0.0,0.0,0.0,0.0,194
89446cae553ffff,39,10.0,2.0,0.3333333333333333,0.15384615384615385,9.256410256410257,0.0,0.0,0.8461538461538461,0.0,0.0,0.0,0.0,0.0,0.0,0.0,0.0,165
89446cae557ffff,3,0.0,2.0,0.0,0.0,9.333333333333334,0.0,0.0,0.0,0.0,0.0,0.0,0.0,0.0,0.0,0.0,0.0,309
89446cae55bffff,1,0.0,2.0,0.0,0.0,10.0,0.0,0.0,0.0,0.0,0.0,0.0,0.0,0.0,0.0,0.0,0.0,214
89446cae563ffff,1,1.0,2.0,1.0,0.0,10.0,0.0,0.0,0.0,0.0,0.0,0.0,0.0,0.0,0.0,0.0,0.0,35
89446cae567ffff,3,2.0,2.0,0.0,0.3333333333333333,9.666666666666666,0.0,0.0,0.0,0.0,0.0,0.0,0.0,0.0,0.0,0.0,0.0,5
89446cae56bffff,14,6.0,2.0,0.35714285714285715,0.0,9.857142857142858,0.0,0.0,0.0,0.0,0.0,0.0,0.0,0.0,0.0,0.0,0.0,21
89446cae573ffff,3,3.0,2.0,0.6666666666666666,0.3333333333333333,8.666666666666666,0.0,0.0,0.0,0.0,0.0,0.0,0.0,0.0,0.0,0.0,0.0,131
89446cae577ffff,1,1.0,2.0,1.0,0.0,1.0,0.0,0.0,0.0,0.0,0.0,0.0,0.0,0.0,0.0,0.0,0.0,13
89446cae57bffff,14,7.0,2.0,0.42857142857142855,0.07142857142857142,9.285714285714286,0.0,0.0,0.0,0.0,0.0,0.0,0.0,0.0,0.0,0.0,0.0,41
89446cae587ffff,58,19.0,2.0,0.13793103448275862,0.06896551724137931,9.53448275862069,0.0,0.0,0.8793103448275862,0.0,0.0,0.0,0.0,0.0,0.0,0.0,0.0,63
89446cae58bffff,18,6.0,2.0555555555555554,0.5,0.1111111111111111,10.0,0.0,0.0,0.9444444444444444,0.0,0.0,0.0,0.0,0.0,0.0,0.0,0.0,38
89446cae593ffff,3,2.0,2.0,0.3333333333333333,0.0,7.666666666666667,0.0,0.0,0.0,0.0,0.0,0.0,0.0,0.0,0.0,0.0,0.0,74
89446cae597ffff,19,9.0,2.0,0.10526315789473684,0.0,9.842105263157896,0.0,0.0,0.0,0.0,0.0,0.0,0.0,0.0,0.0,0.0,0.0,95
89446cae59bffff,6,3.0,2.0,0.16666666666666666,0.0,8.466666666666667,0.0,0.0,0.0,0.0,0.0,0.0,0.0,0.0,0.0,0.0,0.0,23
89446cae5a3ffff,33,25.0,2.0,0.2727272727272727,0.21212121212121213,9.909090909090908,0.0,0.0,0.0,0.030303030303030304,0.0,0.0,0.0,0.0,0.0,0.0,0.0,281
89446cae5abffff,211,116.0,2.0,0.3222748815165877,0.052132701421800945,9.637440758293838,0.0,0.0,0.5450236966824644,0.0,0.0,0.0,0.0,0.0,0.0,0.0,0.0,140
89446cae5afffff,27,21.0,2.0,0.18518518518518517,0.0,9.962962962962964,0.0,0.0,0.0,0.0,0.0,0.0,0.0,0.0,0.0,0.0,0.0,251
89446cae5b3ffff,6,3.0,2.0,0.3333333333333333,0.0,10.0,0.0,0.0,0.0,0.0,0.0,0.0,0.0,0.0,0.0,0.0,0.0,130
89446cae5bbffff,37,27.0,2.0,0.21621621621621623,0.02702702702702703,9.891891891891891,0.0,0.0,0.0,0.0,0.0,0.0,0.0,0.0,0.0,0.0,0.0,308
89446cae5c3ffff,1,0.0,2.0,0.0,0.0,10.0,0.0,0.0,0.0,0.0,0.0,0.0,0.0,0.0,0.0,0.0,0.0,117
89446cae5c7ffff,25,4.0,2.0,0.08,0.08,9.68,0.0,0.0,0.0,0.0,0.0,0.0,0.0,0.0,0.0,0.0,0.0,72
89446cae5cbffff,2,2.0,2.0,1.0,0.0,10.0,0.0,0.0,1.0,0.0,0.0,0.0,0.0,0.0,0.0,0.0,0.0,95
89446cae5cfffff,44,8.0,2.0,0.25,0.06818181818181818,9.268181818181818,0.0,0.0,0.9772727272727273,0.0,0.0,0.0,0.0,0.0,0.0,0.0,0.0,72
89446cae5d3ffff,36,12.0,2.0,0.2222222222222222,0.05555555555555555,9.178571428571429,0.0,0.0,1.0,0.0,0.0,0.0,0.0,0.0,0.0,0.0,0.0,13
89446cae5dbffff,10,1.0,2.0,0.4,0.2,8.1,0.0,0.0,1.0,0.0,0.0,0.0,0.0,0.0,0.0,0.0,0.0,39
89446cae603ffff,6,4.0,2.0,0.0,0.0,9.666666666666666,0.0,0.8333333333333334,0.0,0.8333333333333334,0.0,0.0,0.0,0.0,0.0,0.0,0.0,181
89446cae607ffff,14,8.0,2.0,0.2857142857142857,0.0,9.571428571428571,0.0,0.0,0.0,0.0,0.21428571428571427,0.0,0.0,0.0,0.0,0.0,0.0,177
89446cae60bffff,45,12.0,2.0,0.2,0.08888888888888889,8.46111111111111,0.0,0.8888888888888888,0.9111111111111111,0.0,0.0,0.0,0.0,0.0,0.0,0.0,0.0,72
89446cae617ffff,121,28.0,2.0165289256198347,0.19008264462809918,0.06611570247933884,8.933760683760683,0.7933884297520661,0.10743801652892562,0.0743801652892562,0.08264462809917356,0.0,0.0,0.0,0.0,0.0,0.0,0.0,167
89446cae61bffff,1,0.0,2.0,1.0,0.0,10.0,0.0,0.0,0.0,0.0,0.0,0.0,0.0,0.0,0.0,0.0,0.0,164
89446cae623ffff,226,64.0,2.017699115044248,0.25663716814159293,0.048672566371681415,8.92262443438914,0.004424778761061947,0.37168141592920356,0.38495575221238937,0.0,0.35398230088495575,0.0,0.0,0.0,0.0,0.0,0.0,132
89446cae627ffff,58,16.0,2.0,0.15517241379310345,0.034482758620689655,9.101754385964911,0.0,0.8103448275862069,0.8793103448275862,0.06896551724137931,0.0,0.0,0.0,0.0,0.0,0.0,0.1206896551724138,289
89446cae62bffff,47,22.0,2.0,0.2553191489361702,0.0,9.686363636363636,0.0,0.7446808510638298,0.7446808510638298,0.0,0.0,0.0,0.0,0.0,0.0,0.0,0.0,240
89446cae62fffff,11,9.0,2.090909090909091,0.5454545454545454,0.0,7.386363636363637,0.0,0.0,0.0,0.09090909090909091,0.0,0.0,0.0,0.0,0.0,0.0,0.0,345
89446cae633ffff,7,3.0,2.0,0.42857142857142855,0.0,10.0,0.0,0.0,0.0,0.0,0.0,0.0,0.0,0.0,0.0,0.0,0.0,293
89446cae637ffff,9,0.0,2.0,0.3333333333333333,0.0,9.11111111111111,0.0,0.1111111111111111,0.7777777777777778,0.0,0.0,0.0,0.0,0.0,0.0,0.0,0.0,332
89446cae643ffff,3,3.0,2.0,0.3333333333333333,0.0,8.333333333333334,0.0,1.0,0.0,0.0,0.0,0.0,0.0,0.0,0.0,0.0,0.0,228
89446cae64bffff,50,35.0,2.0,0.3,0.02,9.432653061224489,0.0,0.0,0.0,0.0,0.0,0.0,0.0,0.0,0.0,0.0,0.0,224
89446cae64fffff,25,8.0,2.0,0.16,0.0,9.333333333333334,0.0,1.0,0.0,0.96,0.0,0.0,0.0,0.0,0.0,0.0,0.0,138
89446cae653ffff,1,0.0,2.0,0.0,0.0,10.0,0.0,0.0,0.0,0.0,0.0,0.0,0.0,0.0,0.0,0.0,0.0,326
89446cae657ffff,36,12.0,2.0,0.2777777777777778,0.05555555555555555,8.32,0.0,0.8611111111111112,0.0,0.5833333333333334,0.0,0.0,0.0,0.0,0.0,0.0,0.0,94
89446cae65bffff,116,47.0,2.0086206896551726,0.1810344827586207,0.0603448275862069,9.24070796460177,0.0,0.5258620689655172,0.5344827586206896,0.14655172413793102,0.0,0.0,0.0,0.0,0.0,0.0,0.0,223
89446cae663ffff,26,9.0,2.0,0.3076923076923077,0.0,9.333333333333334,0.0,0.0,0.9615384615384616,0.0,0.0,0.0,0.0,0.0,0.0,0.0,0.0,71
89446cae667ffff,1,1.0,2.0,0.0,0.0,10.0,0.0,0.0,0.0,0.0,0.0,0.0,0.0,0.0,0.0,0.0,0.0,78
89446cae66bffff,38,19.0,2.0,0.23684210526315788,0.05263157894736842,9.405405405405405,0.0,0.7368421052631579,0.6578947368421053,0.05263157894736842,0.0,0.0,0.0,0.0,0.0,0.0,0.0,80
89446cae66fffff,1,1.0,2.0,1.0,0.0,3.0,0.0,0.0,0.0,0.0,0.0,0.0,0.0,0.0,0.0,0.0,0.0,67
89446cae673ffff,29,10.0,2.0,0.06896551724137931,0.10344827586206896,8.392857142857142,0.0,0.0,0.0,0.9310344827586207,0.0,0.0,0.0,0.0,0.0,0.0,0.0,73
89446cae677ffff,2,1.0,2.0,0.5,0.5,9.0,0.0,0.0,0.0,0.0,0.0,0.0,0.0,0.0,0.0,0.0,0.0,103
89446cae683ffff,143,46.0,2.034965034965035,0.24475524475524477,0.055944055944055944,8.888732394366198,0.0,0.13286713286713286,0.5174825174825175,0.0,0.06293706293706294,0.0,0.0,0.0,0.0,0.0,0.0,314
89446cae687ffff,56,17.0,2.0,0.32142857142857145,0.05357142857142857,8.260714285714286,0.0,0.017857142857142856,0.9642857142857143,0.0,0.0,0.0,0.0,0.0,0.0,0.0,0.0,252
89446cae68bffff,18,4.0,2.0,0.2222222222222222,0.05555555555555555,8.458333333333334,0.0,1.0,0.0,0.1111111111111111,0.0,0.0,0.0,0.0,0.0,0.0,0.0,250
89446cae68fffff,41,22.0,2.048780487804878,0.17073170731707318,0.07317073170731707,9.658536585365853,0.5853658536585366,0.0,0.0,0.0,0.0,0.0,0.0,0.0,0.0,0.0,0.0,401
89446cae693ffff,189,49.0,2.0211640211640214,0.2328042328042328,0.05291005291005291,8.825405405405405,0.07407407407407407,0.021164021164021163,0.4444444444444444,0.0,0.0,0.0,0.0,0.0,0.0,0.0,0.0,223
89446cae697ffff,5,4.0,2.0,0.2,0.2,8.1,0.2,0.2,0.0,0.0,0.0,0.0,0.0,0.0,0.0,0.0,0.0,436
89446cae69bffff,5,1.0,2.0,0.2,0.0,10.0,0.0,0.0,0.0,0.0,0.0,0.0,0.0,0.0,0.0,0.0,0.0,422
89446cae6a3ffff,5,4.0,2.0,0.0,0.0,10.0,0.0,1.0,0.0,0.0,0.0,0.0,0.0,0.0,0.0,0.0,0.0,154
89446cae6a7ffff,13,6.0,2.0,0.6153846153846154,0.0,8.653846153846153,0.0,0.0,0.0,0.0,0.0,0.0,0.0,0.0,0.0,0.0,0.0,65
89446cae6abffff,43,11.0,2.0697674418604652,0.23255813953488372,0.06976744186046512,9.05813953488372,0.18604651162790697,0.0,0.5348837209302325,0.0,0.0,0.0,0.0,0.0,0.0,0.0,0.0,211
89446cae6afffff,1,0.0,2.0,1.0,0.0,10.0,0.0,0.0,0.0,0.0,0.0,0.0,0.0,0.0,0.0,0.0,0.0,78
89446cae6b7ffff,34,10.0,2.0,0.14705882352941177,0.029411764705882353,8.63125,0.0,0.8529411764705882,0.8529411764705882,0.0,0.0,0.0,0.0,0.0,0.0,0.0,0.0,30
89446cae6bbffff,63,17.0,2.0,0.19047619047619047,0.031746031746031744,9.056666666666667,0.0,0.8571428571428571,0.9523809523809523,0.0,0.0,0.0,0.0,0.0,0.0,0.0,0.0,266
89446cae6c3ffff,1,0.0,2.0,0.0,0.0,7.0,0.0,1.0,0.0,0.0,0.0,0.0,0.0,0.0,0.0,0.0,0.0,194
89446cae6c7ffff,33,6.0,2.0,0.21212121212121213,0.030303030303030304,9.333333333333334,0.0,0.9696969696969697,0.8787878787878788,0.0,0.0,0.0,0.0,0.0,0.0,0.0,0.0,92
89446cae6cbffff,2,1.0,2.0,0.0,0.0,7.0,0.0,1.0,0.0,0.0,0.0,0.0,0.0,0.0,0.0,0.0,0.5,255
89446cae6cfffff,44,19.0,2.0,0.20454545454545456,0.06818181818181818,8.731818181818182,0.0,1.0,0.7272727272727273,0.0,0.0,0.0,0.0,0.0,0.0,0.0,0.0,74
89446cae6d3ffff,73,17.0,2.0821917808219177,0.1917808219178082,0.0547945205479452,8.870422535211267,0.0,0.0,0.4246575342465753,0.3287671232876712,0.0,0.0,0.0,0.0,0.0,0.0,0.0,75
89446cae6d7ffff,28,2.0,2.0714285714285716,0.21428571428571427,0.03571428571428571,9.407407407407407,0.07142857142857142,0.0,0.0,0.0,0.0,0.0,0.0,0.0,0.0,0.0,0.0,159
89446cae6dbffff,14,8.0,2.0,0.21428571428571427,0.0,8.657142857142857,0.0,0.0,0.0,0.5,0.0,0.0,0.0,0.0,0.0,0.0,0.0,182
89446cae893ffff,89,15.0,2.6741573033707864,0.2808988764044944,0.033707865168539325,9.585227272727273,0.3707865168539326,0.0,0.12359550561797752,0.0,0.30337078651685395,0.0,0.0,0.0,0.0,0.0,0.0,201
89446cae897ffff,43,8.0,2.0,0.18604651162790697,0.16279069767441862,9.19186046511628,0.0,0.9302325581395349,0.9302325581395349,0.0,0.0,0.0,0.0,0.0,0.0,0.0,0.0,233
89446cae89bffff,1,0.0,2.0,0.0,0.0,10.0,0.0,0.0,0.0,0.0,0.0,0.0,0.0,0.0,0.0,0.0,0.0,198
89446cae8d3ffff,141,8.0,2.6808510638297873,0.2695035460992908,0.03546099290780142,9.336879432624114,0.0,0.0070921985815602835,0.14893617021276595,0.0,0.05673758865248227,0.0,0.0,0.0,0.0,0.0,0.0,163
89446cae94bffff,11,4.0,2.0,0.18181818181818182,0.0,7.2727272727272725,0.0,0.0,1.0,0.0,0.0,0.0,0.0,0.0,0.0,0.0,0.0,0
89446cae9a7ffff,105,35.0,2.0095238095238095,0.20952380952380953,0.09523809523809523,7.304455445544554,0.0,0.780952380952381,0.780952380952381,0.14285714285714285,0.0,0.0,0.0,0.0,0.0,0.0,0.0,4
89446cae9abffff,3,1.0,2.0,0.3333333333333333,0.0,7.333333333333333,0.0,0.0,0.0,1.0,0.0,0.0,0.0,0.0,0.0,0.0,0.0,0
89446cae9b7ffff,1,0.0,2.0,1.0,0.0,5.0,0.0,0.0,0.0,0.0,0.0,0.0,0.0,0.0,0.0,0.0,0.0,106
89446caea43ffff,1,0.0,2.0,0.0,0.0,7.0,0.0,0.0,0.0,0.0,0.0,0.0,0.0,0.0,0.0,0.0,0.0,1
89446caea53ffff,1,0.0,2.0,0.0,0.0,7.0,0.0,0.0,0.0,0.0,0.0,0.0,0.0,0.0,0.0,0.0,0.0,4
89446caeac3ffff,5,2.0,2.0,0.4,0.0,10.0,0.0,0.0,0.0,0.0,0.0,0.0,0.0,0.0,0.0,0.0,0.0,4
89446caeacbffff,1,1.0,2.0,0.0,0.0,10.0,0.0,0.0,0.0,0.0,0.0,0.0,0.0,0.0,0.0,0.0,0.0,9
89446caeacfffff,2,1.0,2.0,0.5,0.0,10.0,0.0,0.0,0.0,0.0,0.0,0.0,0.0,0.0,0.0,0.0,0.0,7
89446caeadbffff,1,0.0,2.0,0.0,0.0,5.0,0.0,0.0,0.0,0.0,0.0,0.0,0.0,0.0,0.0,0.0,0.0,18
89446caeb17ffff,7,1.0,2.0,0.2857142857142857,0.14285714285714285,8.857142857142858,0.0,0.0,1.0,0.0,0.0,0.0,0.0,0.0,0.0,0.0,0.0,0
89446caeb37ffff,1,0.0,2.0,0.0,0.0,10.0,0.0,0.0,0.0,1.0,0.0,0.0,0.0,0.0,0.0,0.0,0.0,0
89446caec03ffff,14,6.0,2.0,0.35714285714285715,0.0,9.857142857142858,0.0,0.0,0.0,0.0,0.0,0.0,0.0,0.0,0.0,0.0,0.0,21
89446caec07ffff,7,0.0,2.0,0.14285714285714285,0.0,9.857142857142858,0.0,0.42857142857142855,0.42857142857142855,0.0,0.0,0.0,0.0,0.0,0.0,0.0,0.0,84
89446caec0bffff,2,2.0,2.0,0.5,0.0,10.0,0.0,0.0,0.0,0.0,0.0,0.0,0.0,0.0,0.0,0.0,0.0,51
89446caec17ffff,1,0.0,2.0,0.0,0.0,10.0,0.0,0.0,0.0,0.0,0.0,0.0,0.0,0.0,0.0,0.0,0.0,22
89446caec1bffff,11,3.0,2.0,0.09090909090909091,0.09090909090909091,9.454545454545455,0.0,0.0,0.6363636363636364,0.36363636363636365,0.0,0.0,0.0,0.0,0.0,0.0,0.0,22
89446caec27ffff,11,10.0,2.090909090909091,0.36363636363636365,0.0,9.727272727272727,0.0,0.0,0.0,0.0,0.0,0.0,0.0,0.0,0.0,0.0,0.0,167
89446caec2bffff,4,1.0,2.25,0.25,0.0,10.0,0.0,0.0,0.25,0.0,0.0,0.0,0.0,0.5,0.5,0.0,0.5,305
89446caec2fffff,144,31.0,2.5416666666666665,0.2361111111111111,0.09027777777777778,9.163194444444445,0.0,0.24305555555555555,0.3125,0.0,0.125,0.0,0.0,0.0,0.0,0.0,0.0,147
89446caec33ffff,6,2.0,2.0,0.3333333333333333,0.0,10.0,0.0,0.0,0.0,0.0,0.0,0.0,0.0,0.0,0.0,0.0,0.0,79
89446caec37ffff,9,1.0,2.0,0.1111111111111111,0.0,10.0,0.0,0.0,0.0,0.0,0.0,0.0,0.0,0.0,0.0,0.0,0.0,23
89446caec3bffff,63,11.0,2.0,0.15873015873015872,0.07936507936507936,9.373015873015873,0.0,1.0,1.0,0.0,0.5079365079365079,0.0,0.0,0.0,0.0,0.0,0.0,17
89446caec43ffff,12,6.0,2.0,0.16666666666666666,0.0,9.5,0.0,1.0,1.0,0.0,0.0,0.0,0.0,0.0,0.0,0.0,0.0,94
89446caec47ffff,25,5.0,2.0,0.12,0.08,8.742,0.0,0.76,0.76,0.2,0.0,0.0,0.0,0.0,0.0,0.0,0.0,32
89446caec4bffff,8,3.0,2.125,0.375,0.25,8.375,0.0,0.375,0.0,0.0,0.0,0.0,0.0,0.0,0.0,0.0,0.0,33
89446caec53ffff,51,10.0,2.019607843137255,0.17647058823529413,0.0196078431372549,9.299019607843137,0.0,0.9019607843137255,0.9019607843137255,0.058823529411764705,0.0,0.0,0.0,0.0,0.0,0.0392156862745098,0.0,37
89446caec57ffff,1,1.0,2.0,0.0,0.0,10.0,0.0,0.0,0.0,0.0,0.0,0.0,0.0,0.0,0.0,0.0,0.0,106
89446caec5bffff,9,2.0,2.0,0.1111111111111111,0.0,9.666666666666666,0.0,0.0,0.5555555555555556,0.3333333333333333,0.0,0.0,0.0,0.0,0.0,0.0,0.0,86
89446caec63ffff,4,1.0,2.0,0.0,0.0,10.0,0.0,0.0,0.0,0.0,0.0,0.0,0.0,0.0,0.0,0.0,0.0,147
89446caec67ffff,9,7.0,2.3333333333333335,0.2222222222222222,0.0,10.0,0.0,0.0,0.0,0.0,0.0,0.0,0.0,0.0,0.0,0.0,0.0,198
89446caec6bffff,21,7.0,2.0476190476190474,0.19047619047619047,0.14285714285714285,9.609523809523811,0.0,0.9523809523809523,0.09523809523809523,0.7619047619047619,0.047619047619047616,0.0,0.0,0.0,0.0,0.0,0.0,304
89446caec6fffff,100,33.0,2.65,0.22,0.08,9.378787878787879,0.0,0.0,0.0,0.0,0.0,0.0,0.0,0.0,0.0,0.0,0.0,176
89446caec7bffff,17,2.0,2.0,0.29411764705882354,0.0,9.117647058823529,0.0,1.0,1.0,0.0,0.0,0.0,0.0,0.0,0.0,0.0,0.0,50
89446caec87ffff,23,5.0,2.0,0.13043478260869565,0.0,9.402173913043478,0.0,0.8695652173913043,0.9565217391304348,0.0,0.0,0.0,0.0,0.043478260869565216,0.043478260869565216,0.0,0.0,5
89446caec8bffff,1,1.0,2.0,0.0,0.0,10.0,0.0,0.0,0.0,0.0,0.0,0.0,0.0,0.0,0.0,0.0,0.0,2
89446caec93ffff,1,1.0,2.0,1.0,0.0,10.0,0.0,0.0,0.0,0.0,0.0,0.0,0.0,0.0,0.0,0.0,0.0,21
89446caec97ffff,3,0.0,2.0,0.0,0.0,10.0,0.0,0.0,0.0,0.0,0.0,0.0,0.0,0.0,0.0,0.0,0.0,46
89446caeca7ffff,2,2.0,2.0,0.5,0.0,8.5,0.0,0.0,0.0,0.0,0.0,0.0,0.0,0.0,0.0,0.0,0.0,7
89446caecbbffff,1,0.0,2.0,0.0,0.0,10.0,0.0,0.0,0.0,0.0,0.0,0.0,0.0,0.0,0.0,0.0,0.0,24
89446caeccbffff,7,2.0,2.0,0.14285714285714285,0.14285714285714285,10.0,0.0,0.0,0.0,1.0,0.0,0.0,0.0,0.0,0.0,0.0,0.0,67
89446caeccfffff,5,2.0,2.0,0.4,0.0,10.0,0.0,0.8,0.0,0.8,0.0,0.0,0.0,0.0,0.0,0.0,0.0,70
89446caecd7ffff,2,1.0,2.0,0.0,0.0,10.0,0.0,0.0,0.0,0.0,0.0,0.0,0.0,0.0,0.0,0.0,0.0,1
89446caecdbffff,8,3.0,2.0,0.25,0.0,10.0,0.0,0.0,0.0,0.25,0.0,0.0,0.0,0.0,0.0,0.0,0.0,8
89446caed13ffff,35,20.0,2.4,0.4,0.11428571428571428,9.371428571428572,0.0,0.14285714285714285,0.45714285714285713,0.0,0.0,0.0,0.0,0.0,0.0,0.0,0.0,18
89446caed17ffff,3,0.0,2.0,0.0,0.0,7.0,0.0,1.0,1.0,0.0,0.0,0.0,0.0,0.0,0.0,0.0,0.0,51
89446caed1bffff,3,3.0,2.6666666666666665,0.3333333333333333,0.0,10.0,0.0,0.6666666666666666,0.0,0.0,0.0,0.0,0.0,0.0,0.0,0.0,0.0,54
89446caed37ffff,1,0.0,2.0,1.0,0.0,5.0,0.0,0.0,0.0,0.0,0.0,0.0,0.0,0.0,0.0,0.0,0.0,0
89446caed53ffff,14,10.0,2.2142857142857144,0.2857142857142857,0.0,9.785714285714286,0.0,0.0,0.0,0.0,0.0,0.0,0.0,0.0,0.0,0.0,0.0,27
89446caed57ffff,4,1.0,2.0,0.5,0.0,8.5,0.0,0.0,0.0,1.0,0.0,0.0,0.0,0.0,0.0,0.0,0.0,29
89446caed83ffff,3,1.0,2.0,0.3333333333333333,0.0,10.0,0.0,0.0,0.0,0.0,0.0,0.0,0.0,0.0,0.0,0.0,0.0,61
89446caed87ffff,51,5.0,2.2941176470588234,0.13725490196078433,0.0784313725490196,9.454901960784314,0.5294117647058824,0.0,0.0,0.0,0.0,0.0,0.0,0.0,0.0,0.0,0.0196078431372549,286
89446caed8bffff,2,1.0,2.0,0.0,0.0,10.0,0.0,0.0,0.0,0.0,0.0,0.0,0.0,0.0,0.0,0.0,0.0,48
89446caed8fffff,7,4.0,2.142857142857143,0.7142857142857143,0.0,10.0,0.0,0.42857142857142855,0.0,0.0,0.0,0.0,0.0,0.0,0.0,0.0,0.0,102
89446caed93ffff,1,1.0,2.0,0.0,0.0,10.0,0.0,0.0,0.0,0.0,0.0,0.0,0.0,0.0,0.0,0.0,0.0,84
89446caeda3ffff,52,13.0,2.0384615384615383,0.19230769230769232,0.09615384615384616,9.349019607843138,0.0,0.9615384615384616,0.9615384615384616,0.0,0.0,0.0,0.0,0.0,0.0,0.0,0.0,269
89446caeda7ffff,3,3.0,2.0,0.0,0.0,9.0,0.0,0.0,0.0,0.0,0.0,0.0,0.0,0.0,0.0,0.0,0.0,72
89446caedabffff,1,0.0,2.0,1.0,0.0,10.0,0.0,0.0,0.0,0.0,0.0,0.0,0.0,0.0,0.0,0.0,0.0,63
89446caedb3ffff,256,87.0,2.80859375,0.32421875,0.09765625,9.409607843137254,0.0234375,0.21484375,0.20703125,0.0,0.0,0.0,0.0,0.0,0.0,0.0,0.0,137
89446caedb7ffff,1,0.0,2.0,0.0,0.0,10.0,0.0,0.0,0.0,0.0,0.0,0.0,0.0,0.0,0.0,0.0,0.0,355
89446caedbbffff,8,6.0,2.625,0.5,0.0,8.875,0.0,0.0,0.0,0.0,0.0,0.0,0.0,0.0,0.0,0.0,0.0,370
89446caedc3ffff,2,2.0,2.0,0.5,0.0,10.0,0.0,0.0,0.0,1.0,0.0,0.0,0.0,0.0,0.0,0.0,0.0,22
89446caedc7ffff,3,1.0,2.3333333333333335,0.3333333333333333,0.0,10.0,0.0,0.0,0.0,0.0,0.0,0.0,0.0,0.0,0.0,0.0,0.0,54
89446caedcfffff,12,4.0,2.0833333333333335,0.25,0.16666666666666666,8.916666666666666,0.0,0.16666666666666666,0.0,0.25,0.0,0.0,0.0,0.0,0.0,0.0,0.0,26
89446caedd3ffff,1,0.0,2.0,1.0,0.0,8.0,0.0,0.0,0.0,0.0,0.0,0.0,0.0,0.0,0.0,0.0,0.0,11
89446caeddbffff,6,1.0,2.0,0.16666666666666666,0.0,9.0,0.0,0.6666666666666666,0.6666666666666666,0.0,0.0,0.0,0.0,0.0,0.0,0.0,0.0,14
89446caee03ffff,3,1.0,2.0,0.0,0.0,10.0,0.0,0.0,0.0,1.0,0.0,0.0,0.0,0.0,0.0,0.0,0.0,238
89446caee07ffff,63,31.0,2.761904761904762,0.3333333333333333,0.031746031746031744,9.612903225806452,0.3968253968253968,0.0,0.0,0.0,0.0,0.0,0.0,0.0,0.0,0.0,0.0,181
89446caee0bffff,2,0.0,2.0,0.0,0.0,10.0,0.0,0.0,0.0,0.5,0.0,0.0,0.0,0.0,0.0,0.0,0.0,211
89446caee0fffff,168,24.0,2.7738095238095237,0.22023809523809523,0.07142857142857142,9.578869047619047,0.0,0.0,0.25595238095238093,0.0,0.0,0.0,0.0,0.0,0.0,0.0,0.0,76
89446caee13ffff,5,0.0,2.0,0.0,0.2,8.6,0.0,0.0,0.0,0.0,0.0,0.0,0.0,0.0,0.0,0.0,0.0,11
89446caee33ffff,5,5.0,2.6,0.6,0.2,10.0,0.0,0.0,0.0,0.0,0.0,0.0,0.0,0.0,0.0,0.0,0.0,85
89446caee37ffff,5,2.0,2.0,0.4,0.0,10.0,0.0,0.0,0.0,0.8,0.0,0.0,0.0,0.0,0.0,0.0,0.0,17
89446caee3bffff,2,0.0,2.0,0.0,0.0,9.0,0.0,0.0,0.0,1.0,0.0,0.0,0.0,0.0,1.0,0.0,0.0,240
89446caee47ffff,38,10.0,2.5,0.3684210526315789,0.05263157894736842,9.763157894736842,0.02631578947368421,0.0,0.0,0.02631578947368421,0.0,0.0,0.0,0.0,0.0,0.0,0.0,21
89446caee4bffff,111,23.0,2.72972972972973,0.23423423423423423,0.09009009009009009,9.463963963963964,0.0,0.0,0.4864864864864865,0.04504504504504504,0.07207207207207207,0.0,0.0,0.0,0.0,0.0,0.0,107
89446caee4fffff,17,8.0,2.7058823529411766,0.23529411764705882,0.11764705882352941,9.647058823529411,0.0,0.0,0.0,0.0,0.0,0.0,0.0,0.0,0.0,0.0,0.0,179
89446caee53ffff,2,1.0,2.0,0.0,0.0,7.0,0.0,0.0,0.0,0.0,0.0,0.0,0.0,0.0,0.0,0.0,0.0,14
89446caee5bffff,13,8.0,2.0,0.07692307692307693,0.0,10.0,0.0,0.0,0.5384615384615384,0.46153846153846156,0.0,0.0,0.0,0.0,0.0,0.0,0.0,123
89446caee73ffff,2,2.0,4.0,0.0,0.0,10.0,0.0,0.0,0.0,0.0,0.0,0.0,0.0,0.0,0.0,0.0,0.0,212
89446caee77ffff,4,4.0,2.0,0.0,0.0,6.6875,0.0,0.0,0.0,0.25,0.0,0.0,0.0,0.0,0.0,0.0,0.0,172
89446caee83ffff,2,0.0,2.0,0.0,0.0,10.0,0.0,0.0,0.0,0.0,0.0,0.0,0.0,0.0,0.0,0.0,0.0,44
89446caee87ffff,9,1.0,2.0,0.2222222222222222,0.0,10.0,0.0,0.0,0.0,0.0,0.0,0.0,0.0,0.0,0.0,0.0,0.0,16
89446caee8bffff,5,1.0,2.0,0.4,0.4,8.8,0.0,0.0,0.0,0.0,0.0,0.0,0.0,0.0,0.0,0.0,0.0,32
89446caee8fffff,3,1.0,2.0,0.0,0.3333333333333333,7.333333333333333,0.0,0.0,0.0,0.0,0.0,0.0,0.0,0.0,0.0,0.0,0.0,21
89446caee93ffff,5,3.0,2.0,0.0,0.0,9.8,0.0,0.8,0.8,0.0,0.0,0.0,0.0,0.0,0.0,0.0,0.0,44
89446caee9bffff,22,6.0,2.0,0.22727272727272727,0.045454545454545456,9.772727272727273,0.0,0.0,0.7727272727272727,0.0,0.0,0.0,0.0,0.0,0.0,0.0,0.0,20
89446caeea3ffff,2,0.0,2.0,0.0,0.0,10.0,0.0,1.0,0.0,1.0,0.0,0.0,0.0,0.0,0.0,0.0,0.0,60
89446caeea7ffff,42,15.0,2.5,0.23809523809523808,0.07142857142857142,9.714285714285714,0.4523809523809524,0.023809523809523808,0.0,0.0,0.0,0.0,0.0,0.0,0.0,0.0,0.0,176
89446caeeabffff,3,1.0,2.0,0.6666666666666666,0.0,10.0,0.0,1.0,0.0,0.0,0.0,0.0,0.0,0.0,0.0,0.0,0.0,82
89446caeeafffff,12,8.0,2.0833333333333335,0.3333333333333333,0.0,10.0,0.0,0.16666666666666666,0.0,0.0,0.0,0.0,0.0,0.0,0.0,0.0,0.0,57
89446caeeb3ffff,3,3.0,2.0,1.0,0.0,10.0,0.0,1.0,0.0,0.0,0.0,0.0,0.0,1.0,1.0,0.0,0.0,19
89446caeec3ffff,2,0.0,2.0,0.5,0.0,10.0,0.0,0.0,0.0,0.0,0.0,0.0,0.0,0.0,0.0,0.0,0.0,7
89446caeecbffff,1,0.0,2.0,0.0,0.0,10.0,0.0,0.0,0.0,0.0,0.0,0.0,0.0,0.0,0.0,0.0,0.0,9
89446caeed3ffff,1,1.0,2.0,0.0,0.0,10.0,0.0,0.0,0.0,0.0,0.0,0.0,0.0,0.0,0.0,0.0,0.0,8
89446caeedbffff,5,2.0,2.0,0.2,0.0,10.0,0.0,0.0,0.0,0.0,0.0,0.0,0.0,0.0,0.0,0.0,0.0,4
89446caf003ffff,7,3.0,2.0,0.5714285714285714,0.0,9.285714285714286,0.0,0.5714285714285714,0.5714285714285714,0.0,0.0,0.0,0.0,0.0,0.0,0.0,0.0,39
89446caf007ffff,1,0.0,2.0,1.0,0.0,10.0,0.0,0.0,0.0,0.0,0.0,0.0,0.0,0.0,0.0,0.0,0.0,17
89446caf00bffff,11,2.0,2.0,0.09090909090909091,0.0,8.618181818181817,0.0,0.45454545454545453,0.45454545454545453,0.0,0.0,0.0,0.0,0.0,0.0,0.0,0.0,64
89446caf00fffff,10,6.0,2.0,0.5,0.0,9.75,0.0,0.0,0.0,0.0,0.0,0.0,0.0,0.0,0.0,0.0,0.0,121
89446caf01bffff,17,6.0,2.0,0.058823529411764705,0.058823529411764705,8.588235294117647,0.0,0.0,0.23529411764705882,0.0,0.0,0.0,0.0,0.0,0.0,0.0,0.0,52
89446caf023ffff,4,0.0,2.0,0.25,0.0,10.0,0.0,0.0,0.0,0.0,0.0,0.0,0.0,0.0,0.0,0.0,0.0,0
89446caf043ffff,2,0.0,2.0,1.0,0.0,10.0,0.0,0.0,0.0,0.0,0.0,0.0,0.0,0.0,0.0,0.0,0.0,19
89446caf047ffff,4,1.0,2.0,0.0,0.0,9.5,0.0,0.0,0.0,0.0,0.0,0.0,0.0,0.0,0.0,0.0,0.0,48
89446caf04bffff,3,0.0,2.0,0.3333333333333333,0.0,10.0,0.0,0.0,0.0,1.0,0.0,0.0,0.0,0.0,0.0,0.0,0.0,42
89446caf04fffff,6,3.0,2.0,0.16666666666666666,0.16666666666666666,8.333333333333334,0.0,0.8333333333333334,0.8333333333333334,0.0,0.0,0.0,0.0,0.0,0.0,0.0,0.0,31
89446caf053ffff,1,0.0,2.0,0.0,0.0,10.0,0.0,0.0,0.0,0.0,0.0,0.0,0.0,0.0,0.0,0.0,0.0,53
89446caf057ffff,5,3.0,2.0,0.6,0.0,10.0,0.0,0.0,0.0,0.0,0.0,0.0,0.0,0.0,0.0,0.0,0.0,46
89446caf067ffff,51,24.0,2.0,0.17647058823529413,0.11764705882352941,9.714285714285714,0.0,0.0,0.7450980392156863,0.0,0.0,0.0,0.0,0.0,0.0,0.0,0.0,95
89446caf06fffff,9,5.0,2.0,0.3333333333333333,0.0,9.625,0.0,0.0,0.1111111111111111,0.0,0.0,0.0,0.0,0.0,0.0,0.0,0.0,59
89446caf073ffff,21,10.0,2.0,0.047619047619047616,0.23809523809523808,9.095238095238095,0.0,0.5714285714285714,0.5714285714285714,0.0,0.0,0.0,0.0,0.0,0.0,0.0,0.0,109
89446caf077ffff,81,26.0,2.0123456790123457,0.14814814814814814,0.12345679012345678,9.26923076923077,0.0,0.7407407407407407,0.7407407407407407,0.04938271604938271,0.0,0.0,0.0,0.0,0.0,0.0,0.012345679012345678,82
89446caf07bffff,3,0.0,2.0,0.0,0.0,9.333333333333334,0.0,0.3333333333333333,0.0,0.3333333333333333,0.0,0.0,0.0,0.0,0.0,0.0,0.0,31
89446caf083ffff,23,9.0,2.0,0.34782608695652173,0.0,9.045454545454545,0.0,0.6956521739130435,0.0,0.34782608695652173,0.0,0.0,0.0,0.0,0.0,0.0,0.0,138
89446caf087ffff,2,2.0,2.0,0.0,0.0,10.0,0.0,0.0,0.0,0.0,0.0,0.0,0.0,0.0,0.0,0.0,0.0,177
89446caf08bffff,73,41.0,2.0,0.1917808219178082,0.3013698630136986,8.471428571428572,0.0,0.9726027397260274,0.7123287671232876,0.0,0.0,0.0,0.0,0.0,0.0,0.0,0.0,358
89446caf08fffff,1,1.0,2.0,1.0,0.0,10.0,0.0,0.0,0.0,0.0,0.0,0.0,0.0,0.0,0.0,0.0,0.0,98
89446caf097ffff,50,16.0,2.02,0.16,0.04,8.428571428571429,0.0,1.0,1.0,0.0,0.0,0.0,0.0,0.0,0.0,0.0,0.0,131
89446caf09bffff,12,6.0,2.0,0.4166666666666667,0.08333333333333333,8.5,0.0,0.0,0.0,0.0,0.0,0.0,0.0,0.0,0.0,0.0,0.0,598
89446caf0c3ffff,95,42.0,2.0,0.42105263157894735,0.08421052631578947,8.76063829787234,0.0,0.9052631578947369,0.4842105263157895,0.0,0.0,0.0,0.0,0.0,0.0,0.0,0.0,374
89446caf0c7ffff,18,15.0,2.0,0.1111111111111111,0.05555555555555555,9.444444444444445,0.0,0.0,0.2222222222222222,0.0,0.0,0.0,0.0,0.0,0.0,0.0,0.7222222222222222,500
89446caf0cbffff,34,14.0,2.0,0.35294117647058826,0.029411764705882353,9.287878787878787,0.0,0.8823529411764706,0.47058823529411764,0.38235294117647056,0.0,0.0,0.0,0.0,0.0,0.0,0.0,152
89446caf0cfffff,11,5.0,2.0,0.2727272727272727,0.09090909090909091,10.0,0.0,0.0,0.0,0.0,0.0,0.0,0.0,0.0,0.0,0.0,0.0,170
89446caf0d3ffff,7,2.0,2.0,0.2857142857142857,0.0,9.857142857142858,0.0,0.0,0.0,1.0,0.0,0.0,0.0,0.0,0.0,0.0,0.0,629
89446caf0d7ffff,304,154.0,2.0065789473684212,0.21052631578947367,0.11513157894736842,8.688205980066446,0.0,0.21710526315789475,0.6447368421052632,0.0,0.0,0.0,0.0,0.0,0.0,0.0,0.003289473684210526,398
89446caf133ffff,1,0.0,2.0,0.0,0.0,10.0,0.0,0.0,0.0,0.0,0.0,0.0,0.0,0.0,0.0,0.0,0.0,0
89446caf143ffff,1,0.0,2.0,0.0,0.0,7.0,0.0,0.0,0.0,0.0,0.0,0.0,0.0,0.0,0.0,0.0,0.0,0
89446caf177ffff,1,0.0,2.0,0.0,0.0,10.0,0.0,0.0,0.0,0.0,0.0,0.0,0.0,0.0,0.0,0.0,0.0,0
89446caf187ffff,6,2.0,2.0,0.16666666666666666,0.0,9.666666666666666,0.0,0.0,0.0,0.3333333333333333,0.0,0.0,0.0,0.0,0.0,0.0,0.0,5
89446caf18fffff,4,0.0,2.0,0.0,0.0,6.666666666666667,0.0,0.0,0.0,0.0,0.0,0.0,0.0,0.0,0.0,0.0,0.0,7
89446caf193ffff,4,1.0,2.0,0.5,0.25,8.0,0.0,0.0,0.0,0.0,0.0,0.0,0.0,0.0,0.0,0.0,0.0,6
89446caf19bffff,5,1.0,2.0,0.0,0.2,7.2,0.0,0.6,1.0,0.0,0.6,0.0,0.0,0.0,0.0,0.0,0.0,6
89446caf1a7ffff,1,0.0,2.0,0.0,0.0,9.0,0.0,0.0,0.0,0.0,0.0,0.0,0.0,0.0,0.0,0.0,0.0,1
89446caf1b7ffff,1,1.0,2.0,0.0,1.0,10.0,0.0,0.0,0.0,0.0,0.0,0.0,0.0,0.0,0.0,0.0,0.0,1
89446caf1bbffff,1,1.0,2.0,0.0,0.0,10.0,0.0,0.0,0.0,1.0,0.0,0.0,0.0,0.0,0.0,0.0,0.0,10
89446caf1c3ffff,2,0.0,2.0,0.0,0.0,10.0,0.0,0.0,0.5,0.0,0.0,0.0,0.0,0.0,0.0,0.0,0.0,4
89446caf1d7ffff,2,1.0,2.0,0.0,0.0,7.5,0.0,0.0,1.0,0.0,0.0,0.0,0.0,0.0,0.0,0.0,0.0,7
89446caf1dbffff,2,1.0,2.0,0.5,0.0,5.5,0.0,1.0,1.0,0.0,1.0,0.0,0.0,0.0,0.0,0.0,0.0,2
89446caf203ffff,3,1.0,2.0,0.0,0.0,8.333333333333334,0.0,0.6666666666666666,0.0,0.0,0.0,0.0,0.0,0.0,0.0,0.0,0.0,65
89446caf207ffff,1,0.0,2.0,0.0,0.0,9.0,0.0,0.0,0.0,0.0,0.0,0.0,0.0,0.0,0.0,0.0,0.0,24
89446caf20fffff,7,1.0,2.0,0.14285714285714285,0.0,7.25,0.0,0.5714285714285714,0.14285714285714285,0.0,0.0,0.0,0.0,0.0,0.0,0.0,0.0,14
89446caf213ffff,42,10.0,2.0,0.19047619047619047,0.023809523809523808,8.805,0.0,0.9523809523809523,0.9761904761904762,0.0,0.0,0.0,0.0,0.0,0.0,0.38095238095238093,0.0,51
89446caf217ffff,7,3.0,2.0,0.0,0.0,9.428571428571429,0.0,0.0,0.0,0.0,0.0,0.0,0.0,0.0,0.0,0.0,0.0,111
89446caf21bffff,8,5.0,2.0,0.375,0.0,10.0,0.0,0.0,0.0,0.0,0.0,0.0,0.0,0.0,0.0,0.0,0.0,58
89446caf223ffff,7,1.0,2.0,0.0,0.0,8.714285714285714,0.0,0.0,0.0,0.0,0.0,0.0,0.0,0.0,0.0,1.0,0.0,37
89446caf22bffff,23,5.0,2.0,0.13043478260869565,0.043478260869565216,9.0,0.0,1.0,0.6086956521739131,0.0,0.0,0.0,0.0,0.0,0.0,0.0,0.0,59
89446caf233ffff,4,4.0,2.0,0.25,0.0,9.75,0.0,0.0,0.0,0.0,0.0,0.0,0.0,0.0,0.0,0.0,0.0,22
89446caf237ffff,9,1.0,2.0,0.2222222222222222,0.1111111111111111,9.333333333333334,0.0,0.0,1.0,0.0,0.0,0.0,0.0,0.0,0.0,0.0,0.0,16
89446caf23bffff,1,0.0,2.0,0.0,0.0,10.0,0.0,1.0,0.0,0.0,0.0,0.0,0.0,0.0,0.0,0.0,0.0,50
89446caf243ffff,5,1.0,2.0,0.0,0.4,9.6,0.0,0.0,0.0,0.8,0.0,0.0,0.0,0.0,0.0,0.0,0.0,51
89446caf247ffff,4,0.0,2.0,0.25,0.0,10.0,0.0,0.0,0.0,1.0,0.0,0.0,0.0,0.0,0.0,0.0,0.75,9
89446caf24bffff,5,1.0,2.0,0.2,0.0,9.0,0.0,0.0,0.0,0.4,0.0,0.0,0.0,0.0,0.0,0.0,0.0,59
89446caf24fffff,2,0.0,2.0,0.0,0.0,10.0,0.0,0.0,0.0,1.0,0.0,0.0,0.0,0.0,0.0,0.0,0.0,23
89446caf253ffff,30,5.0,2.0,0.1,0.1,8.966666666666667,0.0,0.8333333333333334,0.8333333333333334,0.1,0.0,0.0,0.0,0.0,0.0,0.0,0.0,43
89446caf25bffff,10,5.0,2.0,0.0,0.1,9.2,0.0,1.0,0.0,0.5,0.0,0.0,0.0,0.0,0.0,0.1,0.0,145
89446caf267ffff,33,2.0,2.0,0.06060606060606061,0.12121212121212122,8.433333333333334,0.0,0.8787878787878788,0.8787878787878788,0.09090909090909091,0.0,0.0,0.0,0.0,0.0,0.8787878787878788,0.0,42
89446caf26bffff,3,2.0,2.0,0.3333333333333333,0.0,10.0,0.0,0.0,0.0,1.0,0.0,0.0,0.0,0.0,0.0,0.0,0.0,20
89446caf26fffff,1,0.0,2.0,0.0,0.0,10.0,0.0,0.0,0.0,1.0,0.0,0.0,0.0,0.0,0.0,0.0,0.0,37
89446caf273ffff,1,1.0,2.0,0.0,0.0,10.0,0.0,0.0,0.0,1.0,0.0,0.0,0.0,0.0,0.0,0.0,0.0,20
89446caf277ffff,8,4.0,2.0,0.5,0.0,8.875,0.0,0.0,0.0,0.625,0.0,0.0,0.0,0.0,0.0,0.0,0.0,65
89446caf27bffff,1,0.0,2.0,0.0,0.0,10.0,0.0,0.0,0.0,0.0,0.0,0.0,0.0,0.0,0.0,0.0,0.0,12
89446caf283ffff,3,2.0,2.0,0.6666666666666666,0.0,8.333333333333334,0.0,0.0,0.0,0.0,0.0,0.0,0.0,0.0,0.0,0.0,0.0,55
89446caf287ffff,7,3.0,2.0,0.14285714285714285,0.0,8.857142857142858,0.0,0.0,0.0,0.8571428571428571,0.0,0.0,0.0,0.0,0.0,0.0,0.0,96
89446caf28bffff,5,0.0,2.0,0.0,0.2,8.2,0.0,0.0,0.0,0.0,0.0,0.0,0.0,0.0,0.0,0.0,0.0,75
89446caf28fffff,27,5.0,2.0,0.037037037037037035,0.0,9.5,0.0,0.9629629629629629,0.9629629629629629,0.0,0.0,0.0,0.0,0.0,0.0,0.9259259259259259,0.0,100
89446caf293ffff,8,1.0,2.0,0.0,0.0,9.875,0.0,0.125,0.125,0.0,0.0,0.0,0.0,0.0,0.0,0.0,0.0,111
89446caf297ffff,8,7.0,2.0,0.625,0.0,8.25,0.0,1.0,0.0,0.0,0.0,0.0,0.0,0.0,0.0,0.0,0.375,38
89446caf2a3ffff,2,1.0,2.0,1.0,0.0,10.0,0.0,0.0,0.0,0.0,0.0,0.0,0.0,0.0,0.0,0.0,0.0,59
89446caf2abffff,2,1.0,2.0,0.5,0.0,8.5,0.0,0.0,0.0,0.0,0.0,0.0,0.0,0.0,0.0,0.0,0.0,52
89446caf2afffff,2,2.0,2.0,0.0,0.0,10.0,0.0,0.0,0.0,0.0,0.0,0.0,0.0,0.0,0.0,0.0,0.0,20
89446caf2b3ffff,19,2.0,2.0,0.10526315789473684,0.05263157894736842,9.194444444444445,0.0,0.5263157894736842,0.47368421052631576,0.05263157894736842,0.0,0.0,0.0,0.0,0.0,0.0,0.0,54
89446caf2bbffff,36,5.0,1.9722222222222223,0.1111111111111111,0.08333333333333333,9.257142857142858,0.0,0.9722222222222222,0.9722222222222222,0.0,0.0,0.0,0.0,0.0,0.0,0.0,0.0,64
89446caf2c3ffff,3,2.0,2.0,0.6666666666666666,0.0,8.666666666666666,0.0,0.0,0.0,0.6666666666666666,0.0,0.0,0.0,0.0,0.0,0.0,0.0,29
89446caf2c7ffff,1,1.0,2.0,1.0,0.0,10.0,0.0,0.0,0.0,0.0,0.0,0.0,0.0,0.0,0.0,0.0,0.0,72
89446caf2cbffff,7,2.0,2.0,0.0,0.0,9.428571428571429,0.0,0.0,0.0,0.8571428571428571,0.0,0.0,0.0,0.0,0.0,0.0,0.0,70
89446caf2cfffff,12,4.0,2.0,0.16666666666666666,0.0,9.75,0.0,0.5,0.5,0.4166666666666667,0.0,0.0,0.0,0.0,0.0,0.0,0.0,49
89446caf2d7ffff,2,1.0,2.0,0.5,0.0,10.0,0.0,0.0,0.0,0.0,0.0,0.0,0.0,0.0,0.0,0.0,0.0,44
89446caf2dbffff,7,3.0,2.0,0.42857142857142855,0.0,9.571428571428571,0.0,0.0,0.0,0.0,0.0,0.0,0.0,0.0,0.0,0.0,0.14285714285714285,108
89446caf303ffff,1,0.0,2.0,1.0,0.0,5.0,0.0,0.0,0.0,0.0,0.0,0.0,0.0,0.0,0.0,0.0,0.0,7
89446caf307ffff,1,1.0,2.0,0.0,1.0,9.0,0.0,0.0,0.0,0.0,0.0,0.0,0.0,0.0,0.0,0.0,0.0,3
89446caf313ffff,6,0.0,2.0,0.16666666666666666,0.3333333333333333,9.333333333333334,0.0,0.0,1.0,0.0,0.0,0.0,0.0,0.0,0.0,0.0,0.0,3
89446caf32bffff,1,0.0,2.0,0.0,0.0,10.0,0.0,0.0,1.0,0.0,0.0,0.0,0.0,0.0,0.0,0.0,0.0,3
89446caf33bffff,2,0.0,2.0,0.0,0.0,9.0,0.0,0.0,0.0,0.0,0.0,0.0,0.0,0.0,0.0,0.0,0.0,2
89446caf387ffff,3,1.0,2.0,0.0,0.0,9.333333333333334,0.0,0.0,0.3333333333333333,0.0,0.0,0.0,0.0,0.0,0.0,0.0,0.0,1
89446caf38bffff,1,0.0,2.0,0.0,0.0,10.0,0.0,0.0,0.0,0.0,0.0,0.0,0.0,0.0,0.0,0.0,0.0,14
89446caf38fffff,1,0.0,2.0,0.0,0.0,4.0,0.0,0.0,0.0,0.0,0.0,0.0,0.0,0.0,0.0,0.0,0.0,10
89446caf39bffff,5,1.0,2.0,0.0,0.0,7.6,0.0,0.0,0.0,0.0,0.0,0.0,0.0,0.0,0.0,0.0,0.0,63
89446caf3d3ffff,1,0.0,2.0,0.0,0.0,10.0,0.0,0.0,0.0,0.0,0.0,0.0,0.0,0.0,0.0,0.0,0.0,14
89446caf3d7ffff,2,2.0,2.0,0.5,0.0,7.0,0.0,0.0,0.0,0.0,0.0,0.0,0.0,0.0,0.0,0.0,0.0,16
89446caf3dbffff,3,1.0,2.0,0.0,0.0,10.0,0.0,0.0,1.0,0.0,0.0,0.0,0.0,0.0,0.0,0.0,0.0,12
89446caf403ffff,13,7.0,2.0,0.0,0.15384615384615385,8.580769230769231,0.0,0.0,0.0,0.6923076923076923,0.0,0.0,0.0,0.0,0.0,0.0,0.0,78
89446caf407ffff,2,0.0,2.0,0.0,0.0,10.0,0.0,0.0,0.0,0.0,0.0,0.0,0.0,0.0,0.0,0.0,0.0,91
89446caf40bffff,16,9.0,2.0,0.25,0.0,8.40625,0.0,0.0,0.0,0.625,0.0,0.0,0.0,0.0,0.0,0.0,0.0,380
89446caf40fffff,3,1.0,2.0,0.3333333333333333,0.3333333333333333,8.0,0.0,0.0,0.0,0.0,0.0,0.0,0.0,0.0,0.0,0.0,0.0,101
89446caf413ffff,22,5.0,2.0,0.13636363636363635,0.09090909090909091,9.0,0.0,0.0,0.5909090909090909,0.2727272727272727,0.0,0.0,0.0,0.0,0.0,0.0,0.045454545454545456,120
89446caf417ffff,15,2.0,2.1333333333333333,0.26666666666666666,0.0,8.767857142857142,0.3333333333333333,0.6666666666666666,0.0,0.6666666666666666,0.0,0.0,0.0,0.0,0.0,0.0,0.0,144
89446caf41bffff,20,15.0,2.0,0.1,0.15,9.0875,0.0,0.0,0.0,0.0,0.0,0.0,0.0,0.0,0.0,0.0,0.0,236
89446caf423ffff,60,20.0,2.0,0.3,0.1,9.568965517241379,0.0,0.9,0.7666666666666667,0.0,0.0,0.0,0.0,0.0,0.0,0.0,0.0,66
89446caf427ffff,16,5.0,2.0,0.375,0.0625,8.925,0.0,0.0,0.0,0.0,0.0,0.0,0.0,0.0,0.0,0.0,0.0,142
89446caf42bffff,3,1.0,2.0,0.3333333333333333,0.0,6.6000000000000005,0.0,0.3333333333333333,0.0,0.0,0.0,0.0,0.0,0.0,0.0,0.0,0.0,73
89446caf433ffff,9,7.0,2.0,0.4444444444444444,0.2222222222222222,8.88888888888889,0.0,0.0,0.0,0.8888888888888888,0.0,0.0,0.0,0.0,0.0,0.0,0.1111111111111111,154
89446caf437ffff,38,13.0,2.0,0.21052631578947367,0.02631578947368421,9.133333333333333,0.0,0.7105263157894737,0.34210526315789475,0.0,0.0,0.0,0.0,0.0,0.0,0.0,0.0,174
89446caf443ffff,29,14.0,2.0344827586206895,0.10344827586206896,0.0,9.0,0.0,0.0,0.41379310344827586,0.0,0.0,0.0,0.0,0.0,0.0,0.0,0.0,588
89446caf447ffff,173,89.0,2.005780346820809,0.1907514450867052,0.046242774566473986,9.093859649122807,0.005780346820809248,0.0,0.6473988439306358,0.0,0.0,0.0,0.0,0.0,0.0,0.0,0.0,277
89446caf44bffff,190,103.0,2.468421052631579,0.3105263157894737,0.18947368421052632,8.286612903225807,0.031578947368421054,0.0,0.05263157894736842,0.0,0.0,0.0,0.0,0.0,0.0,0.0,0.0,383
89446caf44fffff,22,5.0,2.0,0.22727272727272727,0.045454545454545456,7.199999999999999,0.0,0.0,0.0,0.0,0.0,0.0,0.0,0.0,0.0,0.0,0.0,460
89446caf453ffff,59,42.0,2.169491525423729,0.3220338983050847,0.1016949152542373,8.952586206896552,0.0,0.0,0.0,0.0,0.0,0.0,0.0,0.0,0.0,0.0,0.0,522
89446caf457ffff,109,45.0,2.1009174311926606,0.14678899082568808,0.027522935779816515,9.048076923076923,0.2018348623853211,0.0,0.48623853211009177,0.0,0.0,0.0,0.0,0.0,0.0,0.0,0.009174311926605505,365
89446caf45bffff,35,17.0,2.3714285714285714,0.2857142857142857,0.0,8.271428571428572,0.0,0.34285714285714286,0.0,0.4857142857142857,0.0,0.0,0.0,0.0,0.0,0.0,0.0,375
89446caf463ffff,68,55.0,2.0,0.5588235294117647,0.058823529411764705,9.485294117647058,0.0,0.1323529411764706,0.04411764705882353,0.08823529411764706,0.0,0.0,0.0,0.0,0.0,0.0,0.0,339
89446caf467ffff,5,2.0,2.0,0.6,0.0,10.0,0.0,1.0,0.0,1.0,0.0,0.0,0.0,0.0,0.0,0.0,0.0,284
89446caf46bffff,32,12.0,2.03125,0.28125,0.0,9.28125,0.0,0.8125,0.75,0.1875,0.0,0.0,0.0,0.0,0.0,0.0,0.0,315
89446caf46fffff,193,101.0,2.010362694300518,0.3160621761658031,0.11917098445595854,8.755263157894737,0.0,0.41450777202072536,0.48704663212435234,0.0,0.0,0.0,0.0,0.0,0.0,0.0,0.0,428
89446caf473ffff,62,24.0,2.0,0.24193548387096775,0.06451612903225806,9.203225806451613,0.0,0.0,0.7096774193548387,0.0,0.0,0.0,0.0,0.0,0.0,0.0,0.0,307
89446caf477ffff,8,2.0,2.0,0.125,0.25,7.6875,0.0,0.0,1.0,0.0,0.0,0.0,0.0,0.0,0.0,0.0,0.0,141
89446caf47bffff,39,17.0,2.0,0.15384615384615385,0.02564102564102564,9.102564102564102,0.0,0.0,0.0,0.0,0.0,0.0,0.0,0.0,0.0,0.0,0.0,360
89446caf487ffff,14,3.0,2.0,0.2857142857142857,0.0,9.714285714285714,0.0,0.0,0.0,0.7142857142857143,0.0,0.0,0.0,0.0,0.0,0.0,0.0,109
89446caf48bffff,8,1.0,2.0,0.0,0.125,8.25,0.0,0.0,0.0,0.0,0.0,0.0,0.0,0.0,0.0,0.0,0.0,114
89446caf48fffff,56,19.0,2.0,0.16071428571428573,0.08928571428571429,9.482142857142858,0.0,0.0,0.42857142857142855,0.08928571428571429,0.0,0.0,0.0,0.0,0.0,0.0,0.0,59
89446caf493ffff,10,5.0,2.0,0.5,0.0,9.2,0.0,0.0,0.0,0.0,0.0,0.0,0.0,0.0,0.0,0.0,0.0,74
89446caf497ffff,33,14.0,2.0,0.24242424242424243,0.0,9.235483870967743,0.0,0.0,0.0,0.8484848484848485,0.0,0.0,0.0,0.0,0.0,0.0,0.0,61
89446caf49bffff,13,5.0,2.0,0.15384615384615385,0.0,9.0,0.0,0.0,0.0,0.0,0.0,0.0,0.0,0.0,0.0,0.0,0.0,67
89446caf4a3ffff,8,3.0,2.125,0.125,0.25,7.59375,0.0,0.0,0.0,0.0,0.0,0.0,0.0,0.0,0.0,0.0,0.0,269
89446caf4a7ffff,20,2.0,2.05,0.15,0.0,9.4,0.0,0.4,0.0,0.8,0.0,0.0,0.0,0.0,0.0,0.0,0.0,254
89446caf4abffff,51,25.0,2.0,0.3333333333333333,0.0392156862745098,8.79313725490196,0.0,0.09803921568627451,0.5686274509803921,0.21568627450980393,0.0,0.0,0.0,0.0,0.0,0.0,0.0,37
89446caf4afffff,3,2.0,2.0,0.0,0.3333333333333333,10.0,0.0,0.0,0.0,0.0,0.0,0.0,0.0,0.0,0.0,0.0,0.0,173
89446caf4b3ffff,19,13.0,2.0,0.15789473684210525,0.10526315789473684,9.736842105263158,0.0,0.0,0.0,0.7368421052631579,0.0,0.0,0.0,0.0,0.0,0.0,0.0,344
89446caf4b7ffff,176,78.0,2.0170454545454546,0.29545454545454547,0.0625,8.371176470588235,0.0,0.6136363636363636,0.6193181818181818,0.21022727272727273,0.0,0.0,0.0,0.0,0.0,0.0,0.0,214
89446caf4c3ffff,125,79.0,2.424,0.312,0.376,9.492,0.072,0.0,0.0,0.08,0.0,0.0,0.0,0.0,0.0,0.0,0.0,314
89446caf4c7ffff,8,3.0,2.0,0.0,0.125,8.5,0.0,0.0,0.0,0.0,0.0,0.0,0.0,0.0,0.0,0.0,0.0,258
89446caf4cbffff,219,36.0,2.4840182648401825,0.3424657534246575,0.045662100456621,8.97,0.0,0.2328767123287671,0.8447488584474886,0.0,0.1187214611872146,0.0,0.0,0.0,0.0,0.0,0.0,336
89446caf4cfffff,68,53.0,2.1029411764705883,0.29411764705882354,0.058823529411764705,9.417910447761194,0.0,0.0,0.4852941176470588,0.0,0.4852941176470588,0.0,0.0,0.0,0.0,0.0,0.17647058823529413,540
89446caf4d3ffff,2,2.0,2.0,0.0,0.0,3.5,0.0,0.0,0.0,0.0,0.0,0.0,0.0,0.0,0.0,0.0,0.0,183
89446caf4d7ffff,15,9.0,2.1333333333333333,0.13333333333333333,0.06666666666666667,8.5,0.0,0.0,0.0,0.0,0.0,0.0,0.0,0.0,0.0,0.0,0.0,172
89446caf4dbffff,2,0.0,2.0,0.0,0.0,10.0,0.0,0.0,0.0,1.0,0.0,0.0,0.0,0.0,0.0,0.0,0.0,386
89446caf503ffff,14,4.0,2.0,0.2857142857142857,0.0,8.615384615384615,0.0,1.0,0.0,0.9285714285714286,0.0,0.0,0.0,0.0,0.0,0.0,0.0,108
89446caf50bffff,45,16.0,2.0,0.26666666666666666,0.044444444444444446,8.824390243902439,0.0,1.0,0.9333333333333333,0.0,0.0,0.0,0.0,0.0,0.0,0.0,0.0,221
89446caf50fffff,1,1.0,2.0,1.0,0.0,10.0,0.0,0.0,0.0,0.0,0.0,0.0,0.0,0.0,0.0,0.0,0.0,61
89446caf517ffff,54,15.0,2.0,0.3333333333333333,0.018518518518518517,8.74622641509434,0.0,0.8518518518518519,0.8333333333333334,0.0,0.0,0.0,0.0,0.0,0.0,0.0,0.0,53
89446caf51bffff,8,4.0,2.0,0.625,0.0,9.375,0.0,0.0,0.0,0.0,0.0,0.0,0.0,0.0,0.0,0.0,0.0,264
89446caf523ffff,1,0.0,2.0,0.0,0.0,10.0,0.0,0.0,0.0,0.0,0.0,0.0,0.0,0.0,0.0,0.0,0.0,43
89446caf527ffff,19,4.0,2.0,0.15789473684210525,0.0,9.377777777777778,0.0,0.0,0.0,0.0,0.0,0.0,0.0,0.0,0.0,0.0,0.0,54
89446caf52fffff,1,1.0,2.0,0.0,0.0,10.0,0.0,0.0,0.0,0.0,0.0,0.0,0.0,0.0,0.0,0.0,0.0,24
89446caf533ffff,22,13.0,2.0,0.2727272727272727,0.09090909090909091,8.83095238095238,0.0,0.0,0.0,0.5454545454545454,0.0,0.0,0.0,0.0,0.0,0.0,0.0,42
89446caf537ffff,1,0.0,2.0,0.0,0.0,10.0,0.0,0.0,0.0,0.0,0.0,0.0,0.0,0.0,0.0,0.0,0.0,71
89446caf543ffff,50,23.0,2.0,0.28,0.08,8.900408163265306,0.0,0.96,0.74,0.0,0.0,0.0,0.0,0.0,0.0,0.0,0.0,319
89446caf547ffff,13,1.0,2.0,0.15384615384615385,0.07692307692307693,7.2749999999999995,0.0,0.0,0.0,0.0,0.0,0.0,0.0,0.0,0.0,0.0,0.0,295
89446caf54bffff,103,21.0,2.0,0.17475728155339806,0.038834951456310676,9.215,0.0,0.8932038834951457,0.9029126213592233,0.0,0.0,0.0,0.0,0.0,0.0,0.0,0.0,120
89446caf54fffff,15,3.0,2.0,0.26666666666666666,0.06666666666666667,8.571428571428571,0.0,0.0,0.0,0.0,0.0,0.0,0.0,0.0,0.0,0.0,0.0,166
89446caf553ffff,2,2.0,2.0,0.5,0.0,10.0,0.0,0.0,0.0,0.0,0.0,0.0,0.0,0.0,0.0,0.0,0.0,304
89446caf557ffff,183,109.0,2.0,0.29508196721311475,0.15846994535519127,8.600568181818183,0.0,0.8524590163934426,0.41530054644808745,0.0273224043715847,0.0,0.0,0.0,0.0,0.0,0.0,0.0,131
89446caf55bffff,3,1.0,2.0,0.3333333333333333,0.0,9.666666666666666,0.0,0.0,0.0,0.0,0.0,0.0,0.0,0.0,0.0,0.0,0.0,221
89446caf563ffff,1,0.0,2.0,0.0,0.0,9.0,0.0,0.0,0.0,0.0,0.0,0.0,0.0,0.0,0.0,0.0,0.0,2
89446caf573ffff,2,0.0,2.0,0.0,0.0,6.5,0.0,0.0,0.0,0.0,0.0,0.0,0.0,0.0,0.0,0.0,0.0,60
89446caf583ffff,27,14.0,2.0,0.3333333333333333,0.0,8.962962962962964,0.0,0.8888888888888888,0.0,0.5185185185185185,0.0,0.0,0.0,0.0,0.0,0.0,0.0,98
89446caf587ffff,3,0.0,2.0,0.3333333333333333,0.0,7.0,0.0,0.0,0.0,1.0,0.0,0.0,0.0,0.0,0.0,0.0,0.0,157
89446caf58bffff,37,18.0,2.0,0.24324324324324326,0.02702702702702703,9.14864864864865,0.0,0.972972972972973,0.0,0.3783783783783784,0.0,0.0,0.0,0.0,0.0,0.0,0.0,82
89446caf58fffff,1,0.0,2.0,1.0,0.0,9.0,0.0,0.0,0.0,0.0,0.0,0.0,0.0,0.0,0.0,0.0,0.0,123
89446caf593ffff,3,1.0,2.0,0.6666666666666666,0.3333333333333333,9.0,0.0,0.0,0.0,0.0,0.0,0.0,0.0,0.0,0.0,0.0,0.0,89
89446caf597ffff,39,16.0,2.0,0.28205128205128205,0.05128205128205128,8.607692307692307,0.0,0.7692307692307693,0.7692307692307693,0.02564102564102564,0.0,0.0,0.0,0.02564102564102564,0.02564102564102564,0.0,0.0,204
89446caf59bffff,15,6.0,2.0,0.13333333333333333,0.0,8.746666666666666,0.0,0.0,0.0,0.0,0.0,0.0,0.0,0.0,0.0,0.0,0.0,116
89446caf5a3ffff,123,61.0,2.008130081300813,0.1951219512195122,0.04878048780487805,9.014957264957266,0.0,0.0,0.7398373983739838,0.06504065040650407,0.0,0.0,0.0,0.0,0.0,0.14634146341463414,0.0,133
89446caf5a7ffff,6,5.0,2.0,0.0,0.0,10.0,0.0,0.0,0.0,0.0,0.0,0.0,0.0,0.0,0.0,0.0,0.0,233
89446caf5abffff,36,17.0,2.0,0.1388888888888889,0.08333333333333333,9.13888888888889,0.0,0.0,0.8611111111111112,0.0,0.0,0.0,0.0,0.0,0.0,0.0,0.0,205
89446caf5afffff,4,3.0,2.0,0.25,0.0,9.5,0.0,0.0,0.0,0.0,0.0,0.0,0.0,0.0,0.0,0.0,0.0,209
89446caf5b3ffff,38,21.0,2.0,0.18421052631578946,0.10526315789473684,8.848648648648648,0.0,0.0,0.47368421052631576,0.0,0.0,0.0,0.0,0.0,0.0,0.0,0.0,250
89446caf5b7ffff,47,44.0,2.0,0.6382978723404256,0.02127659574468085,9.617021276595745,0.0,0.19148936170212766,0.0,0.0425531914893617,0.0,0.0,0.0,0.0,0.0,0.0,0.0,230
89446caf5bbffff,2,0.0,2.0,0.0,0.0,10.0,0.0,0.0,0.0,1.0,0.0,0.0,0.0,0.0,0.0,0.0,0.0,255
89446caf5c3ffff,87,28.0,2.0,0.27586206896551724,0.04597701149425287,8.735714285714286,0.0,0.9885057471264368,0.8160919540229885,0.0,0.0,0.0,0.0,0.0,0.0,0.0,0.0,141
89446caf5c7ffff,9,6.0,2.0,0.2222222222222222,0.0,9.555555555555555,0.0,0.0,0.0,0.0,0.0,0.0,0.0,0.0,0.0,0.0,0.0,175
89446caf5cbffff,39,20.0,2.0256410256410255,0.15384615384615385,0.02564102564102564,9.307692307692308,0.0,0.7692307692307693,0.02564102564102564,0.0,0.0,0.0,0.0,0.0,0.0,0.0,0.0,203
89446caf5cfffff,13,6.0,2.0,0.3076923076923077,0.07692307692307693,9.076923076923077,0.0,0.8461538461538461,0.0,0.0,0.0,0.0,0.0,0.0,0.0,0.0,0.0,328
89446caf5d3ffff,3,2.0,2.0,0.3333333333333333,0.0,10.0,0.0,0.0,0.0,0.0,0.0,0.0,0.0,0.0,0.0,0.0,0.0,217
89446caf5d7ffff,30,9.0,2.0,0.13333333333333333,0.03333333333333333,9.392857142857142,0.0,0.9,0.8,0.0,0.0,0.0,0.0,0.0,0.0,0.0,0.0,167
89446caf5dbffff,47,28.0,2.0,0.23404255319148937,0.02127659574468085,9.630434782608695,0.0,0.851063829787234,0.0,0.6170212765957447,0.0,0.0,0.0,0.0,0.0,0.0,0.0,190
89446caf603ffff,2,0.0,2.0,0.5,0.0,8.5,0.0,0.5,0.0,0.0,0.0,0.0,0.0,0.0,0.0,0.0,0.0,327
89446caf607ffff,102,30.0,2.0098039215686274,0.30392156862745096,0.058823529411764705,8.374897959183674,0.0,0.6568627450980392,0.6470588235294118,0.09803921568627451,0.0,0.0,0.0,0.0,0.0,0.0,0.0,93
89446caf60bffff,57,31.0,2.0,0.3157894736842105,0.03508771929824561,8.635087719298246,0.0,1.0,0.017543859649122806,0.0,0.0,0.0,0.0,0.0,0.0,0.0,0.0,367
89446caf60fffff,1,1.0,2.0,1.0,0.0,10.0,0.0,0.0,0.0,0.0,0.0,0.0,0.0,0.0,0.0,0.0,0.0,234
89446caf613ffff,139,53.0,2.6043165467625897,0.33093525179856115,0.050359712230215826,9.12406015037594,0.0,0.0,0.39568345323741005,0.0,0.0,0.0,0.0,0.0,0.0,0.0,0.007194244604316547,165
89446caf617ffff,21,7.0,2.0476190476190474,0.23809523809523808,0.09523809523809523,9.238095238095237,0.0,0.0,0.0,0.0,0.0,0.0,0.0,0.0,0.0,0.0,0.0,342
89446caf61bffff,7,1.0,2.0,0.2857142857142857,0.0,9.285714285714286,0.0,0.0,0.0,0.0,0.0,0.0,0.0,0.0,0.0,0.0,0.0,851
89446caf623ffff,25,6.0,2.0,0.24,0.12,9.200000000000001,0.0,0.0,0.0,0.0,0.0,0.0,0.0,0.0,0.0,0.0,0.0,176
89446caf627ffff,1,0.0,2.0,0.0,0.0,10.0,0.0,0.0,0.0,0.0,0.0,0.0,0.0,0.0,0.0,0.0,0.0,121
89446caf62bffff,83,34.0,2.0,0.39759036144578314,0.060240963855421686,8.701234567901235,0.0,0.6867469879518072,0.6867469879518072,0.0,0.0,0.0,0.0,0.0,0.0,0.0,0.0,84
89446caf62fffff,17,4.0,2.0,0.23529411764705882,0.0,9.265625,0.0,0.6470588235294118,0.6470588235294118,0.0,0.0,0.0,0.0,0.0,0.0,0.0,0.6470588235294118,125
89446caf633ffff,4,3.0,2.0,0.75,0.0,10.0,0.0,0.0,0.0,0.0,0.0,0.0,0.0,0.0,0.0,0.0,0.0,258
89446caf637ffff,44,12.0,2.0,0.25,0.022727272727272728,8.870000000000001,0.0,0.75,0.7272727272727273,0.045454545454545456,0.0,0.0,0.0,0.0,0.0,0.0,0.0,86
89446caf63bffff,27,7.0,2.0,0.14814814814814814,0.037037037037037035,9.307692307692308,0.0,0.0,0.7037037037037037,0.0,0.0,0.0,0.0,0.0,0.0,0.0,0.0,222
89446caf643ffff,9,4.0,2.0,0.3333333333333333,0.0,8.555555555555555,0.0,0.7777777777777778,0.0,0.7777777777777778,0.0,0.0,0.0,0.0,0.0,0.0,0.0,413
89446caf647ffff,213,150.0,2.0,0.1643192488262911,0.046948356807511735,9.31547619047619,0.0,0.4272300469483568,0.3615023474178404,0.004694835680751174,0.0,0.0,0.0,0.004694835680751174,0.004694835680751174,0.018779342723004695,0.004694835680751174,222
89446caf64bffff,51,14.0,2.0,0.1568627450980392,0.058823529411764705,8.788,0.0,0.9215686274509803,0.8627450980392157,0.0,0.0,0.0,0.0,0.0,0.0,0.19607843137254902,0.0392156862745098,89
89446caf64fffff,3,1.0,2.0,0.0,0.0,7.5,0.0,0.0,0.0,0.0,0.0,0.0,0.0,0.0,0.0,0.0,0.0,318
89446caf653ffff,24,7.0,2.6666666666666665,0.20833333333333334,0.0,8.695833333333333,0.0,0.0,0.0,0.0,0.0,0.0,0.0,0.0,0.0,0.0,0.0,747
89446caf657ffff,105,86.0,2.0,0.42857142857142855,0.047619047619047616,9.666666666666666,0.0,0.0,0.0,0.0,0.0,0.0,0.0,0.0,0.0,0.0,0.0,804
89446caf65bffff,17,6.0,2.176470588235294,0.11764705882352941,0.058823529411764705,8.258823529411766,0.0,0.35294117647058826,1.0,0.0,0.35294117647058826,0.0,0.0,0.0,0.0,0.0,0.0,296
89446caf663ffff,174,76.0,2.0,0.14367816091954022,0.05172413793103448,8.895882352941177,0.0,0.6264367816091954,0.632183908045977,0.0,0.0,0.0,0.0,0.0,0.0,0.0,0.0,102
89446caf66bffff,12,1.0,2.0,0.08333333333333333,0.0,9.4,0.0,0.25,0.0,0.3333333333333333,0.0,0.0,0.0,0.0,0.0,0.0,0.0,252
89446caf66fffff,35,33.0,2.0,0.05714285714285714,0.0,9.82857142857143,0.0,0.0,0.0,0.0,0.0,0.0,0.0,0.0,0.0,0.0,0.0,188
89446caf673ffff,39,25.0,2.0,0.15384615384615385,0.0,9.513157894736842,0.0,0.0,0.46153846153846156,0.07692307692307693,0.0,0.0,0.0,0.0,0.0,0.0,0.0,461
89446caf677ffff,7,2.0,2.0,0.2857142857142857,0.0,9.285714285714286,0.0,0.0,0.0,0.14285714285714285,0.0,0.0,0.0,0.0,0.0,0.0,0.0,324
89446caf67bffff,9,8.0,2.0,0.3333333333333333,0.0,10.0,0.0,0.3333333333333333,0.2222222222222222,0.7777777777777778,0.0,0.0,0.0,0.0,0.0,0.0,0.0,446
89446caf683ffff,1,1.0,2.0,0.0,0.0,10.0,0.0,0.0,0.0,0.0,0.0,0.0,0.0,0.0,0.0,0.0,0.0,385
89446caf687ffff,238,60.0,2.5714285714285716,0.23109243697478993,0.1092436974789916,8.51038961038961,0.01680672268907563,0.0,0.1134453781512605,0.0,0.0,0.0,0.0,0.0,0.0,0.0,0.0,311
89446caf68bffff,25,5.0,2.04,0.24,0.08,8.360869565217392,0.0,0.0,0.84,0.0,0.0,0.0,0.0,0.0,0.0,0.0,0.0,286
89446caf68fffff,56,40.0,2.4642857142857144,0.3392857142857143,0.25,8.172727272727272,0.05357142857142857,0.0,0.0,0.0,0.0,0.0,0.0,0.0,0.0,0.0,0.0,429
89446caf693ffff,10,8.0,2.0,0.4,0.2,9.2,0.0,0.0,0.0,0.0,0.0,0.0,0.0,0.0,0.0,0.0,0.1,155
89446caf697ffff,33,5.0,2.0,0.30303030303030304,0.030303030303030304,9.0,0.0,0.0,0.0,0.0,0.0,0.0,0.0,0.0,0.0,0.0,0.0,476
89446caf69bffff,23,8.0,2.0,0.21739130434782608,0.0,8.30909090909091,0.0,0.0,1.0,0.0,0.0,0.0,0.0,0.0,0.0,0.0,0.0,113
89446caf6a3ffff,3,1.0,2.0,0.6666666666666666,0.3333333333333333,7.333333333333333,0.0,0.0,0.0,0.0,0.0,0.0,0.0,0.0,0.0,0.0,0.0,99
89446caf6a7ffff,5,2.0,2.0,0.2,0.0,9.4,0.0,0.6,0.0,0.0,0.0,0.0,0.0,0.0,0.0,0.0,0.0,67
89446caf6abffff,38,13.0,2.026315789473684,0.2894736842105263,0.05263157894736842,8.359722222222222,0.0,0.868421052631579,0.7368421052631579,0.02631578947368421,0.0,0.0,0.0,0.0,0.0,0.0,0.0,157
89446caf6afffff,22,13.0,2.0,0.36363636363636365,0.09090909090909091,8.95,0.0,0.13636363636363635,0.0,0.4090909090909091,0.0,0.0,0.0,0.0,0.0,0.0,0.0,94
89446caf6b3ffff,26,6.0,2.0,0.4230769230769231,0.0,8.767999999999999,0.0,0.0,0.0,0.0,0.0,0.0,0.0,0.0,0.0,0.0,0.0,461
89446caf6b7ffff,3,3.0,2.0,0.6666666666666666,0.0,10.0,0.0,0.0,0.0,0.0,0.0,0.0,0.0,0.0,0.0,0.0,0.0,127
89446caf6bbffff,5,0.0,2.0,0.0,0.0,9.8,0.0,0.0,0.0,0.0,0.0,0.0,0.0,0.0,0.0,0.0,0.0,382
89446caf6c3ffff,32,12.0,2.0,0.125,0.0625,8.080645161290322,0.0,0.0,0.0,0.0,0.0,0.0,0.0,0.0,0.0,0.0,0.0,645
89446caf6c7ffff,54,25.0,2.5185185185185186,0.2962962962962963,0.09259259259259259,9.19811320754717,0.0,0.0,0.0,0.0,0.0,0.0,0.0,0.0,0.0,0.0,0.0,710
89446caf6cbffff,20,6.0,2.0,0.15,0.1,8.95,0.0,0.0,0.0,0.0,0.0,0.0,0.0,0.0,0.0,0.0,0.2,661
89446caf6cfffff,494,140.0,2.623481781376518,0.2388663967611336,0.044534412955465584,8.776250000000001,0.0020242914979757085,0.0,0.6032388663967612,0.0,0.46356275303643724,0.0,0.0,0.0,0.0,0.0,0.0,242
89446caf6d3ffff,56,12.0,2.0,0.17857142857142858,0.05357142857142857,8.219090909090909,0.0,0.0,0.8928571428571429,0.0,0.0,0.0,0.0,0.0,0.0,0.0,0.0,100
89446caf6d7ffff,13,5.0,2.0,0.38461538461538464,0.0,9.25,0.0,0.0,0.0,0.7692307692307693,0.0,0.0,0.0,0.0,0.0,0.0,0.0,204
89446caf6dbffff,8,2.0,2.0,0.125,0.125,6.90625,0.0,0.0,0.0,1.0,0.0,0.0,0.0,0.0,0.0,0.0,0.0,109
89446cb8807ffff,1,1.0,2.0,0.0,0.0,10.0,0.0,0.0,0.0,0.0,0.0,0.0,0.0,0.0,0.0,0.0,0.0,22
89446cb880bffff,8,6.0,2.0,0.5,0.0,9.125,0.0,0.0,0.0,0.0,0.0,0.0,0.0,0.0,0.0,0.0,0.0,8
89446cb880fffff,3,1.0,2.0,0.3333333333333333,0.3333333333333333,8.0,0.0,0.0,0.0,0.0,0.0,0.0,0.0,0.0,0.0,0.0,0.0,12
89446cb8813ffff,5,1.0,2.0,0.2,0.0,10.0,0.0,0.0,1.0,0.0,0.0,0.0,0.0,0.0,0.0,0.0,0.0,1
89446cb881bffff,1,0.0,2.0,0.0,0.0,10.0,0.0,0.0,0.0,0.0,0.0,0.0,0.0,0.0,0.0,0.0,0.0,25
89446cb8823ffff,4,2.0,2.0,0.5,0.0,5.55,0.0,0.0,0.0,0.0,0.0,0.0,0.0,0.0,0.0,0.0,0.0,117
89446cb8827ffff,8,3.0,2.0,0.625,0.125,8.75,0.0,0.0,0.0,0.0,0.0,0.0,0.0,0.0,0.0,0.0,0.0,106
89446cb882bffff,8,2.0,2.0,0.375,0.125,8.25,0.0,0.0,0.0,0.0,0.0,0.0,0.0,0.0,0.0,0.0,0.0,75
89446cb882fffff,63,17.0,2.015873015873016,0.20634920634920634,0.047619047619047616,9.19047619047619,0.0,0.0,0.8095238095238095,0.0,0.0,0.0,0.0,0.0,0.0,0.0,0.8095238095238095,128
89446cb8833ffff,12,5.0,2.0,0.25,0.0,9.5,0.0,0.0,0.0,0.0,0.0,0.0,0.0,0.0,0.0,0.0,0.0,41
89446cb8837ffff,23,4.0,2.0,0.17391304347826086,0.08695652173913043,8.804347826086957,0.0,0.8695652173913043,0.8695652173913043,0.0,0.0,0.0,0.0,0.0,0.0,0.0,0.043478260869565216,38
89446cb883bffff,3,2.0,2.0,0.3333333333333333,0.0,10.0,0.0,0.0,0.0,0.0,0.0,0.0,0.0,0.0,0.0,0.0,0.0,28
89446cb8843ffff,1,1.0,2.0,0.0,0.0,10.0,0.0,0.0,0.0,0.0,0.0,0.0,0.0,0.0,0.0,0.0,0.0,14
89446cb8847ffff,1,0.0,2.0,0.0,0.0,10.0,0.0,0.0,0.0,0.0,0.0,0.0,0.0,0.0,0.0,0.0,0.0,18
89446cb884bffff,2,2.0,2.0,1.0,0.0,10.0,0.0,0.0,0.0,0.0,0.0,0.0,0.0,0.0,0.0,0.0,0.0,9
89446cb884fffff,4,2.0,2.0,0.5,0.25,10.0,0.0,0.0,0.0,0.0,0.0,0.0,0.0,0.0,0.0,0.0,0.0,13
89446cb8853ffff,2,1.0,2.0,0.0,0.0,5.125,0.0,0.0,0.0,0.0,0.0,0.0,0.0,0.0,0.0,0.0,0.0,15
89446cb8857ffff,3,0.0,2.0,0.6666666666666666,0.0,6.833333333333333,0.0,0.0,0.0,0.0,0.0,0.0,0.0,0.0,0.0,0.0,0.0,22
89446cb885bffff,2,0.0,2.0,0.5,0.0,7.5,0.0,0.0,0.0,0.0,0.0,0.0,0.0,0.0,0.0,0.0,0.0,5
89446cb8863ffff,5,4.0,2.0,0.8,0.0,9.4,0.0,0.0,0.0,0.0,0.0,0.0,0.0,0.0,0.0,0.0,0.0,15
89446cb8867ffff,5,3.0,2.0,0.6,0.2,10.0,0.0,0.0,0.0,0.0,0.0,0.0,0.0,0.0,0.0,0.0,0.0,21
89446cb886bffff,3,2.0,2.0,0.6666666666666666,0.0,10.0,0.0,0.0,0.0,0.0,0.0,0.0,0.0,0.0,0.0,0.0,0.0,39
89446cb886fffff,5,3.0,2.0,0.4,0.0,9.4,0.0,0.0,0.0,0.0,0.0,0.0,0.0,0.0,0.0,0.0,0.0,28
89446cb887bffff,2,0.0,2.0,0.5,0.0,10.0,0.0,0.0,0.0,0.0,0.0,0.0,0.0,0.0,0.0,0.0,0.0,18
89446cb88a3ffff,7,4.0,2.0,0.5714285714285714,0.14285714285714285,10.0,0.0,0.0,0.0,0.2857142857142857,0.0,0.0,0.0,0.0,0.0,0.0,0.0,31
89446cb88a7ffff,1,0.0,2.0,0.0,0.0,10.0,0.0,0.0,0.0,0.0,0.0,0.0,0.0,0.0,0.0,0.0,0.0,15
89446cb88abffff,4,2.0,2.0,0.0,0.0,9.25,0.0,0.0,0.0,0.0,0.0,0.0,0.0,0.0,0.0,0.0,0.0,28
89446cb88afffff,6,4.0,2.0,0.16666666666666666,0.0,10.0,0.0,0.3333333333333333,0.0,0.0,0.0,0.0,0.0,0.0,0.0,0.0,0.0,47
89446cb88b3ffff,17,7.0,2.0588235294117645,0.17647058823529413,0.11764705882352941,8.617647058823529,0.0,0.7058823529411765,0.7058823529411765,0.0,0.0,0.0,0.0,0.0,0.0,0.0,0.0,11
89446cb88b7ffff,1,0.0,2.0,0.0,0.0,5.0,0.0,0.0,0.0,0.0,0.0,0.0,0.0,0.0,0.0,0.0,0.0,27
89446cb88bbffff,2,0.0,2.0,0.5,0.0,5.1,0.0,0.5,0.0,0.0,0.0,0.0,0.0,0.0,0.0,0.0,0.0,28
89446cb88cfffff,9,2.0,2.0,0.1111111111111111,0.1111111111111111,9.666666666666666,0.0,0.0,0.8888888888888888,0.0,0.0,0.0,0.0,0.0,0.0,0.0,0.0,6
89446cb891bffff,8,5.0,2.0,0.375,0.25,7.5,0.0,0.0,0.0,0.0,0.0,0.0,0.0,0.0,0.0,0.0,0.0,10
89446cb8923ffff,1,1.0,2.0,0.0,0.0,10.0,0.0,0.0,0.0,0.0,0.0,0.0,0.0,0.0,0.0,0.0,0.0,54
89446cb8927ffff,3,2.0,2.0,0.3333333333333333,0.0,10.0,0.0,0.0,0.0,0.0,0.0,0.0,0.0,0.0,0.0,0.0,0.0,44
89446cb892bffff,39,14.0,2.076923076923077,0.358974358974359,0.02564102564102564,9.051282051282051,0.20512820512820512,0.0,0.2564102564102564,0.0,0.0,0.0,0.0,0.0,0.0,0.0,0.0,26
89446cb892fffff,8,5.0,2.0,0.5,0.0,9.375,0.0,0.0,0.0,0.0,0.0,0.0,0.0,0.0,0.0,0.0,0.0,68
89446cb893bffff,4,2.0,2.0,0.0,0.0,7.625,0.0,0.0,0.0,0.0,0.0,0.0,0.0,0.0,0.0,0.0,0.0,48
89446cb894bffff,4,2.0,2.0,0.75,0.0,7.75,0.0,0.0,0.0,0.0,0.0,0.0,0.0,0.0,0.0,0.0,0.0,184
89446cb894fffff,6,3.0,2.1666666666666665,1.0,0.0,8.333333333333334,0.0,0.0,0.0,0.0,0.0,0.0,0.0,0.0,0.0,0.0,0.0,9
89446cb8953ffff,5,3.0,2.0,0.8,0.2,7.6,0.0,0.0,0.0,0.0,0.0,0.0,0.0,0.0,0.0,0.0,0.0,25
89446cb8957ffff,2,2.0,2.0,0.0,0.0,10.0,0.0,0.0,0.0,0.0,0.0,0.0,0.0,0.0,0.0,0.0,0.0,17
89446cb895bffff,3,3.0,2.0,0.0,0.0,10.0,0.0,0.0,0.0,0.0,0.0,0.0,0.0,0.0,0.0,0.0,0.0,185
89446cb8963ffff,94,20.0,2.0106382978723403,0.2127659574468085,0.05319148936170213,8.931914893617021,0.0,0.0,0.1276595744680851,0.0,0.0,0.0,0.0,0.0,0.0,0.0,0.0,34
89446cb896bffff,1,1.0,2.0,0.0,0.0,10.0,0.0,0.0,0.0,0.0,0.0,0.0,0.0,0.0,0.0,0.0,0.0,98
89446cb8973ffff,21,5.0,2.0,0.23809523809523808,0.0,9.247619047619047,0.0,0.0,0.5238095238095238,0.0,0.0,0.0,0.0,0.0,0.0,0.0,0.0,106
89446cb8977ffff,8,4.0,2.125,0.125,0.0,8.375,0.0,0.0,0.0,0.0,0.0,0.0,0.0,0.0,0.0,0.0,0.0,158
89446cb897bffff,4,3.0,2.25,0.75,0.0,10.0,0.0,0.0,0.0,0.0,0.0,0.0,0.0,0.0,0.0,0.0,0.0,122
89446cb898bffff,1,0.0,2.0,0.0,0.0,10.0,0.0,0.0,0.0,0.0,0.0,0.0,0.0,0.0,0.0,0.0,0.0,17
89446cb899bffff,8,3.0,2.0,0.25,0.125,10.0,0.0,0.0,0.0,0.0,0.0,0.0,0.0,0.0,0.0,0.0,0.0,6
89446cb89c3ffff,1,1.0,2.0,0.0,1.0,5.0,0.0,0.0,0.0,0.0,0.0,0.0,0.0,0.0,0.0,0.0,0.0,22
89446cb89c7ffff,4,2.0,2.0,0.75,0.0,7.75,0.0,0.0,0.0,0.0,0.0,0.0,0.0,0.0,0.0,0.0,0.0,19
89446cb89cbffff,8,5.0,2.0,0.25,0.125,7.375,0.0,0.0,0.0,0.0,0.0,0.0,0.0,0.0,0.0,0.0,0.0,41
89446cb89cfffff,4,0.0,2.0,0.0,0.25,7.25,0.0,0.0,0.0,0.0,0.0,0.0,0.0,0.0,0.0,0.0,0.0,28
89446cb89d3ffff,1,1.0,2.0,0.0,0.0,10.0,0.0,0.0,0.0,0.0,0.0,0.0,0.0,0.0,0.0,0.0,0.0,7
89446cb89d7ffff,5,1.0,2.0,0.4,0.0,8.4,0.0,0.0,0.0,0.0,0.0,0.0,0.0,0.0,0.0,0.0,0.0,15
89446cb8a33ffff,13,1.0,2.230769230769231,0.23076923076923078,0.15384615384615385,9.23076923076923,0.0,0.0,0.0,0.0,0.0,0.0,0.0,0.0,0.0,0.0,0.0,26
89446cb8a4fffff,43,4.0,2.0697674418604652,0.13953488372093023,0.11627906976744186,9.174418604651162,0.0,0.0,0.023255813953488372,0.0,0.0,0.0,0.0,0.0,0.0,0.0,0.0,17
89446cb8a73ffff,1,0.0,2.0,0.0,0.0,10.0,0.0,0.0,0.0,0.0,0.0,0.0,0.0,0.0,0.0,0.0,0.0,14
89446cb8a7bffff,14,10.0,2.0,0.14285714285714285,0.21428571428571427,8.615384615384615,0.0,0.0,0.0,0.0,0.0,0.0,0.0,0.0,0.0,0.0,0.0,44
89446cb8a93ffff,1,0.0,2.0,0.0,0.0,10.0,0.0,0.0,0.0,0.0,0.0,0.0,0.0,0.0,0.0,0.0,0.0,0
89446cb8aa7ffff,12,8.0,2.0,0.4166666666666667,0.0,8.654545454545454,0.0,0.0,0.0,0.0,0.0,0.0,0.0,0.0,0.0,0.0,0.0,45
89446cb8aafffff,26,10.0,2.076923076923077,0.3076923076923077,0.15384615384615385,8.673076923076923,0.0,0.0,0.0,0.0,0.0,0.0,0.0,0.0,0.0,0.0,0.0,26
89446cb8ab3ffff,2,1.0,2.0,0.0,0.0,8.5,0.0,0.0,0.0,0.0,0.0,0.0,0.0,0.0,0.0,0.0,0.0,11
89446cb8ab7ffff,5,4.0,2.0,0.4,0.0,9.4,0.0,0.0,0.0,0.0,0.0,0.0,0.0,0.0,0.0,0.0,0.0,23
89446cb8acfffff,1,1.0,2.0,1.0,0.0,10.0,0.0,1.0,0.0,1.0,0.0,1.0,0.0,0.0,0.0,0.0,0.0,0
89446cb8ad3ffff,3,0.0,2.0,0.0,0.0,10.0,0.0,0.0,0.0,0.0,0.0,0.0,0.0,0.0,0.0,0.0,0.0,1
89446cb8b13ffff,2,0.0,2.0,0.0,0.5,7.0,0.0,0.0,0.0,0.0,0.0,0.0,0.0,0.0,0.0,0.0,0.0,18
89446cb8b17ffff,3,0.0,2.0,0.0,0.0,10.0,0.0,0.0,0.0,0.0,0.0,0.0,0.0,0.0,0.0,0.0,0.0,53
89446cb8b1bffff,5,4.0,2.0,0.2,0.2,9.4,0.0,0.0,0.0,0.0,0.0,0.0,0.0,0.0,0.0,0.0,0.0,15
89446cb8b27ffff,31,10.0,2.0,0.2903225806451613,0.0,8.879032258064516,0.0,0.0,0.0,0.0,0.0,0.0,0.0,0.0,0.0,0.0,0.03225806451612903,84
89446cb8b2bffff,1,1.0,2.0,0.0,0.0,7.0,0.0,0.0,0.0,0.0,0.0,0.0,0.0,0.0,0.0,0.0,0.0,2
89446cb8b33ffff,4,3.0,2.0,0.0,0.0,10.0,0.0,0.0,0.0,0.0,0.0,0.0,0.0,0.0,0.0,0.0,0.0,80
89446cb8b37ffff,37,15.0,2.027027027027027,0.2702702702702703,0.05405405405405406,8.838888888888889,0.0,0.7837837837837838,0.7837837837837838,0.0,0.0,0.0,0.0,0.0,0.0,0.0,0.0,84
89446cb8b3bffff,1,0.0,2.0,0.0,0.0,0.2,0.0,0.0,0.0,0.0,0.0,0.0,0.0,0.0,0.0,0.0,0.0,6
89446cb8b43ffff,14,6.0,2.0,0.21428571428571427,0.14285714285714285,7.642857142857143,0.0,0.0,0.35714285714285715,0.0,0.0,0.0,0.0,0.0,0.0,0.0,0.0,21
89446cb8b47ffff,2,0.0,2.0,0.5,0.0,10.0,0.0,0.0,0.0,0.0,0.0,0.0,0.0,0.0,0.0,0.0,0.0,62
89446cb8b4fffff,6,4.0,2.0,0.3333333333333333,0.0,5.833333333333333,0.0,0.0,0.0,0.0,0.0,0.0,0.0,0.0,0.0,0.0,0.0,94
89446cb8b53ffff,1,1.0,2.0,1.0,0.0,10.0,0.0,0.0,0.0,0.0,0.0,0.0,0.0,0.0,0.0,0.0,0.0,26
89446cb8b57ffff,10,6.0,2.0,0.2,0.2,9.2,0.0,0.0,0.0,0.0,0.0,0.0,0.0,0.0,0.0,0.0,0.0,22
89446cb8b5bffff,2,0.0,2.0,0.0,0.5,6.0,0.0,0.0,0.0,0.0,0.0,0.0,0.0,0.0,0.0,0.0,0.0,21
89446cb8b63ffff,1,1.0,2.0,0.0,1.0,8.0,0.0,0.0,0.0,0.0,0.0,0.0,0.0,0.0,0.0,0.0,0.0,41
89446cb8b6bffff,4,3.0,2.0,0.75,0.0,9.25,0.0,0.0,0.0,0.0,0.0,0.0,0.0,0.0,0.0,0.0,0.0,74
89446cb8b6fffff,4,1.0,2.0,0.5,0.0,8.5,0.0,0.0,0.0,0.0,0.0,0.0,0.0,0.0,0.0,0.0,0.0,14
89446cb8b73ffff,17,6.0,2.0,0.35294117647058826,0.0,9.411764705882353,0.0,0.0,0.0,0.0,0.0,0.0,0.0,0.0,0.0,0.0,0.0,19
89446cb8b77ffff,1,0.0,2.0,0.0,0.0,10.0,0.0,0.0,0.0,0.0,0.0,0.0,0.0,0.0,0.0,0.0,0.0,20
89446cb8b7bffff,15,5.0,2.0,0.26666666666666666,0.06666666666666667,8.514285714285714,0.0,0.0,0.0,0.0,0.0,0.0,0.0,0.0,0.0,0.0,0.0,81
89446cb8b83ffff,4,2.0,2.0,0.0,0.0,10.0,0.0,0.0,0.0,0.0,0.0,0.0,0.0,0.0,0.0,0.0,0.0,184
89446cb8b87ffff,69,43.0,2.0434782608695654,0.2898550724637681,0.08695652173913043,8.340579710144928,0.0,0.0,0.7246376811594203,0.0,0.0,0.0,0.0,0.0,0.0,0.0,0.0,165
89446cb8b8bffff,6,4.0,2.0,0.5,0.0,10.0,0.0,0.0,0.0,0.0,0.0,0.0,0.0,0.0,0.0,0.0,0.0,15
89446cb8b8fffff,1,0.0,2.0,0.0,0.0,10.0,0.0,0.0,0.0,0.0,0.0,0.0,0.0,0.0,0.0,0.0,0.0,134
89446cb8b97ffff,105,12.0,2.019047619047619,0.2571428571428571,0.05714285714285714,8.755288461538461,0.0,0.0,0.13333333333333333,0.0,0.0,0.0,0.0,0.0,0.0,0.0,0.0,143
89446cb8b9bffff,3,1.0,2.0,1.0,0.0,4.166666666666667,0.0,0.0,0.0,0.0,0.0,0.0,0.0,0.0,0.0,0.0,0.0,22
89446cb8ba3ffff,7,3.0,2.0,0.42857142857142855,0.14285714285714285,6.028571428571429,0.0,0.0,0.0,0.0,0.0,0.0,0.0,0.0,0.0,0.0,0.0,93
89446cb8bafffff,42,15.0,2.0,0.30952380952380953,0.047619047619047616,9.504761904761905,0.0,0.0,0.7380952380952381,0.0,0.0,0.0,0.0,0.0,0.0,0.0,0.0,48
89446cb8bb3ffff,1,0.0,2.0,0.0,0.0,10.0,0.0,0.0,0.0,0.0,0.0,0.0,0.0,0.0,0.0,0.0,0.0,136
89446cb8bbbffff,50,13.0,2.0,0.24,0.04,9.6,0.0,0.0,0.1,0.0,0.0,0.0,0.0,0.0,0.0,0.0,0.0,81
89446cb8bc3ffff,3,1.0,2.0,0.0,0.0,8.0,0.0,0.0,0.0,0.0,0.0,0.0,0.0,0.0,0.0,0.0,0.0,16
89446cb8bc7ffff,3,1.0,2.0,0.6666666666666666,0.0,9.0,0.0,0.0,0.0,0.0,0.0,0.0,0.0,0.0,0.0,0.0,0.0,18
89446cb8bd3ffff,10,7.0,2.0,0.2,0.0,8.075,0.0,0.0,0.0,0.0,0.0,0.0,0.0,0.0,0.0,0.0,0.0,26
89446cb8bd7ffff,2,2.0,2.0,0.5,0.0,10.0,0.0,0.0,0.0,0.0,0.0,0.0,0.0,0.0,0.0,0.0,0.0,30
89446cb8bdbffff,1,0.0,2.0,1.0,0.0,10.0,0.0,0.0,0.0,0.0,0.0,0.0,0.0,0.0,0.0,0.0,0.0,51
89446cb8d4fffff,1,0.0,2.0,0.0,0.0,10.0,0.0,0.0,1.0,0.0,0.0,0.0,0.0,0.0,0.0,0.0,0.0,19
89446cb8d63ffff,4,1.0,2.0,0.0,0.0,10.0,0.0,0.0,0.0,0.0,0.0,0.0,0.0,0.0,0.0,0.0,0.0,9
89446cb8d73ffff,8,0.0,2.0,0.375,0.0,9.375,0.0,0.0,1.0,0.0,0.0,0.0,0.0,0.0,0.0,0.0,0.0,5
89446cb8d7bffff,1,0.0,2.0,0.0,0.0,10.0,0.0,0.0,0.0,0.0,0.0,0.0,0.0,0.0,0.0,0.0,0.0,14
89446cb8e6fffff,1,0.0,2.0,0.0,0.0,10.0,0.0,0.0,0.0,0.0,0.0,0.0,0.0,0.0,0.0,0.0,0.0,3
89446cb980bffff,44,5.0,2.1363636363636362,0.3181818181818182,0.11363636363636363,8.937209302325583,0.022727272727272728,0.0,0.0,0.0,0.0,0.0,0.0,0.0,0.0,0.0,0.0,36
89446cb9827ffff,23,4.0,2.217391304347826,0.21739130434782608,0.08695652173913043,8.695652173913043,0.0,0.0,0.043478260869565216,0.0,0.043478260869565216,0.0,0.0,0.0,0.0,0.0,0.0,12
89446cb982fffff,1,0.0,2.0,0.0,0.0,9.0,0.0,0.0,0.0,0.0,0.0,0.0,0.0,0.0,0.0,0.0,0.0,24
89446cb9863ffff,12,1.0,2.75,0.5,0.0,9.75,0.08333333333333333,0.0,0.0,0.0,0.0,0.0,0.0,0.0,0.0,0.0,0.0,353
89446cb9867ffff,3,2.0,2.0,0.0,0.3333333333333333,6.916666666666667,0.0,0.0,0.0,0.0,0.0,0.0,0.0,0.0,0.0,0.0,0.0,346
89446cb986fffff,314,69.0,2.0636942675159236,0.2515923566878981,0.07006369426751592,9.076547231270359,0.050955414012738856,0.0,0.03184713375796178,0.0,0.009554140127388535,0.0,0.0,0.0,0.0,0.0,0.0,44
89446cb9873ffff,36,8.0,2.5833333333333335,0.25,0.0,9.67741935483871,0.0,0.0,0.0,0.0,0.0,0.0,0.0,0.0,0.0,0.0,0.0,56
89446cb9907ffff,2,1.0,2.0,1.0,0.0,10.0,0.0,0.0,0.0,0.0,0.0,0.0,0.0,0.0,0.0,0.0,0.0,21
89446cb990bffff,4,3.0,2.0,0.25,0.0,9.0,0.0,0.0,0.0,0.0,0.0,0.0,0.0,0.0,0.0,0.0,0.0,8
89446cb9913ffff,2,0.0,2.0,0.0,0.0,10.0,0.0,0.0,0.0,0.0,0.0,0.0,0.0,0.0,0.0,0.0,0.0,53
89446cb9917ffff,3,2.0,2.0,0.0,0.0,8.0,0.0,0.0,0.0,0.0,0.0,0.0,0.0,0.0,0.0,0.0,0.0,33
89446cb991bffff,6,0.0,2.0,0.5,0.0,9.2,0.0,0.0,0.0,0.0,0.0,0.0,0.0,0.0,0.0,0.0,0.0,41
89446cb9927ffff,14,9.0,2.0,0.2857142857142857,0.0,9.571428571428571,0.0,0.07142857142857142,0.0,0.0,0.0,0.07142857142857142,0.0,0.0,0.0,0.0,0.0,115
89446cb992fffff,1,1.0,2.0,1.0,0.0,10.0,0.0,0.0,0.0,0.0,0.0,0.0,0.0,0.0,0.0,0.0,0.0,110
89446cb9933ffff,11,3.0,2.0,0.2727272727272727,0.0,8.6,0.0,0.0,0.0,0.0,0.0,0.0,0.0,0.0,0.0,0.0,0.5454545454545454,15
89446cb9937ffff,5,3.0,2.0,0.4,0.0,10.0,0.0,0.0,0.0,0.0,0.0,0.0,0.0,0.0,0.0,0.0,0.0,61
89446cb993bffff,5,1.0,2.0,0.0,0.0,9.6,0.0,0.0,0.0,0.0,0.0,0.0,0.0,0.0,0.0,0.0,0.0,26
89446cb9953ffff,11,2.0,2.3636363636363638,0.18181818181818182,0.0,9.363636363636363,0.0,0.0,0.45454545454545453,0.0,0.36363636363636365,0.0,0.0,0.0,0.0,0.0,0.0,36
89446cb9957ffff,1,1.0,2.0,0.0,0.0,10.0,0.0,0.0,0.0,0.0,0.0,0.0,0.0,0.0,0.0,0.0,0.0,33
89446cb9967ffff,1,0.0,2.0,0.0,0.0,10.0,0.0,0.0,0.0,0.0,0.0,0.0,0.0,0.0,0.0,0.0,0.0,35
89446cb996bffff,2,0.0,2.0,0.5,0.5,7.0,0.0,0.0,0.0,0.0,0.0,0.0,0.0,0.0,0.0,0.0,0.0,13
89446cb996fffff,2,2.0,2.0,0.5,0.0,10.0,0.0,0.0,0.0,0.0,0.0,0.0,0.0,0.0,0.0,0.0,0.0,52
89446cb9973ffff,1,1.0,2.0,0.0,1.0,8.0,0.0,0.0,0.0,0.0,0.0,0.0,0.0,0.0,0.0,0.0,0.0,18
89446cb9977ffff,13,7.0,2.0,0.46153846153846156,0.07692307692307693,9.061538461538461,0.0,0.0,0.0,0.0,0.0,0.0,0.0,0.0,0.0,0.0,0.0,7
89446cb997bffff,1,0.0,2.0,0.0,0.0,10.0,0.0,0.0,0.0,0.0,0.0,0.0,0.0,0.0,0.0,0.0,0.0,8
89446cb9987ffff,3,0.0,2.0,0.0,0.0,9.333333333333334,0.0,0.0,0.0,0.0,0.0,0.0,0.0,0.0,0.0,0.0,0.0,30
89446cb998fffff,22,4.0,2.227272727272727,0.18181818181818182,0.045454545454545456,8.818181818181818,0.0,0.0,0.0,0.0,0.0,0.0,0.0,0.0,0.0,0.0,0.0,13
89446cb99a7ffff,7,2.0,2.0,0.14285714285714285,0.14285714285714285,8.357142857142858,0.0,0.42857142857142855,0.42857142857142855,0.0,0.0,0.42857142857142855,0.0,0.0,0.0,0.0,0.0,38
89446cb99abffff,2,0.0,2.0,0.0,0.0,6.0,0.0,0.0,0.0,0.0,0.0,0.0,0.0,0.0,0.0,0.0,0.0,22
89446cb99afffff,1,0.0,2.0,0.0,0.0,10.0,0.0,1.0,0.0,0.0,0.0,1.0,0.0,0.0,0.0,0.0,1.0,59
89446cb99b3ffff,3,0.0,2.0,0.6666666666666666,0.0,8.666666666666666,0.0,0.0,0.0,0.0,0.0,0.0,0.0,0.0,0.0,0.0,0.0,51
89446cb99bbffff,5,1.0,2.0,0.4,0.0,9.8,0.0,0.0,0.0,0.0,0.0,0.0,0.0,0.0,0.0,0.0,0.0,33
89446cb99c7ffff,22,4.0,2.090909090909091,0.4090909090909091,0.0,9.952380952380953,0.0,0.0,0.0,0.0,0.0,0.0,0.0,0.0,0.0,0.0,0.0,20
89446cb99cfffff,12,3.0,2.25,0.0,0.0,9.181818181818182,0.0,0.0,0.0,0.0,0.0,0.0,0.0,0.0,0.0,0.0,0.0,40
89446cb9a07ffff,1,0.0,2.0,0.0,0.0,10.0,0.0,0.0,1.0,0.0,0.0,0.0,0.0,0.0,0.0,0.0,0.0,30
89446cb9a0fffff,18,2.0,2.0555555555555554,0.3333333333333333,0.2222222222222222,7.8125,0.9444444444444444,0.0,0.0,0.0,0.0,0.0,0.0,0.0,0.0,0.0,0.0,8
89446cb9a33ffff,8,5.0,2.375,0.375,0.0,8.785714285714286,0.0,0.0,0.0,0.0,0.0,0.0,0.0,0.0,0.0,0.0,0.0,14
89446cb9a3bffff,4,1.0,2.0,0.75,0.0,10.0,0.0,0.0,0.25,0.0,0.0,0.0,0.0,0.0,0.0,0.0,0.0,28
89446cb9a4bffff,2,1.0,2.0,0.5,0.0,10.0,0.0,0.0,0.0,0.0,0.0,0.0,0.0,0.0,0.0,0.0,0.0,169
89446cb9a4fffff,2,1.0,2.0,0.5,0.0,10.0,0.0,0.0,0.0,0.0,0.0,0.0,0.0,0.0,0.0,0.0,0.0,168
89446cb9a5bffff,3,0.0,2.0,0.3333333333333333,0.0,10.0,0.0,0.0,0.0,0.0,0.0,0.0,0.0,0.0,0.0,0.0,0.0,4
89446cb9a6bffff,1,1.0,2.0,1.0,0.0,10.0,0.0,0.0,0.0,0.0,0.0,0.0,0.0,0.0,0.0,0.0,0.0,6
89446cb9a73ffff,2,1.0,2.0,0.0,0.5,5.5,0.0,0.0,0.0,0.0,0.0,0.0,0.0,0.0,0.0,0.0,0.0,20
89446cb9a77ffff,1,0.0,2.0,0.0,0.0,10.0,0.0,0.0,0.0,0.0,0.0,0.0,0.0,0.0,0.0,0.0,0.0,24
89446cb9a7bffff,1,0.0,2.0,0.0,0.0,10.0,0.0,0.0,0.0,0.0,0.0,0.0,0.0,0.0,0.0,0.0,0.0,7
89446cb9aafffff,9,1.0,2.111111111111111,0.2222222222222222,0.1111111111111111,8.222222222222221,0.0,0.0,0.0,0.0,0.0,0.0,0.0,0.0,0.0,0.0,0.0,9
89446cb9b03ffff,43,3.0,2.511627906976744,0.3488372093023256,0.046511627906976744,8.976744186046512,0.9302325581395349,0.0,0.0,0.0,0.0,0.0,0.0,0.0,0.0,0.0,0.0,46
89446cb9b0fffff,43,17.0,2.116279069767442,0.27906976744186046,0.16279069767441862,8.011627906976743,0.0,0.023255813953488372,0.16279069767441862,0.0,0.0,0.0,0.0,0.0,0.0,0.0,0.0,209
89446cb9b13ffff,3,0.0,2.3333333333333335,0.0,0.0,9.0,0.3333333333333333,0.0,0.0,0.0,0.0,0.0,0.0,0.0,0.0,0.0,0.0,67
89446cb9b2bffff,2,2.0,2.0,0.0,0.5,7.0,0.0,0.0,0.0,0.0,0.0,0.0,0.0,0.0,0.0,0.0,0.0,165
89446cb9b2fffff,2,1.0,2.0,0.0,0.0,10.0,0.0,0.0,0.0,0.0,0.0,0.0,0.0,0.0,0.0,0.0,0.0,28
89446cb9b33ffff,10,2.0,2.0,0.1,0.1,9.444444444444445,0.0,0.0,0.0,0.0,0.0,0.0,0.0,0.0,0.0,0.0,0.0,129
89446cb9b37ffff,1,1.0,2.0,1.0,0.0,3.0,0.0,0.0,0.0,0.0,0.0,0.0,0.0,0.0,0.0,0.0,0.0,16
89446cb9b3bffff,128,29.0,2.015625,0.234375,0.0546875,9.17741935483871,0.0,0.0,0.0234375,0.015625,0.0,0.0,0.0,0.0,0.0,0.0,0.0,71
89446cb9b57ffff,2,1.0,2.0,0.0,0.5,6.5,0.0,0.0,0.0,0.0,0.0,0.0,0.0,0.0,0.0,0.0,0.0,0
89446cb9b63ffff,5,4.0,2.0,0.6,0.0,10.0,0.0,0.0,0.0,0.0,0.0,0.0,0.0,0.0,0.0,0.0,0.0,76
89446cb9b6fffff,3,1.0,2.0,0.3333333333333333,0.0,10.0,0.0,0.0,0.0,0.0,0.0,0.0,0.0,0.0,0.0,0.0,0.0,8
89446cb9b73ffff,22,5.0,2.0,0.13636363636363635,0.09090909090909091,8.5,0.0,0.5,0.0,0.0,0.0,0.0,0.0,0.0,0.0,0.0,0.0,99
89446cb9b77ffff,16,2.0,2.0,0.25,0.0,8.6875,0.0,0.1875,0.0,0.0,0.0,0.0,0.0,0.0,0.0,0.0,0.0,200
89446cb9b7bffff,35,6.0,2.0,0.2,0.02857142857142857,9.485714285714286,0.0,0.0,0.0,0.9428571428571428,0.0,0.0,0.0,0.0,0.0,0.9428571428571428,0.0,38
89446cb9b8bffff,24,3.0,2.2916666666666665,0.3333333333333333,0.08333333333333333,8.391304347826088,0.0,0.0,0.0,0.0,0.0,0.0,0.0,0.0,0.0,0.0,0.0,25
89446cb9b93ffff,1,1.0,2.0,0.0,0.0,10.0,0.0,0.0,0.0,0.0,0.0,0.0,0.0,0.0,0.0,0.0,0.0,23
89446cb9b9bffff,19,6.0,2.1578947368421053,0.2631578947368421,0.10526315789473684,7.8657894736842096,0.0,0.0,0.10526315789473684,0.2631578947368421,0.05263157894736842,0.0,0.0,0.0,0.0,0.0,0.0,345
89446cb9bb7ffff,5,4.0,2.0,0.6,0.0,9.6,0.0,0.0,0.0,0.0,0.0,0.0,0.0,0.0,0.0,0.0,0.0,3
89446cb9bc3ffff,1,1.0,2.0,0.0,0.0,0.25,0.0,0.0,0.0,0.0,0.0,0.0,0.0,0.0,0.0,0.0,0.0,11
89446cb9bd3ffff,7,3.0,2.2857142857142856,0.42857142857142855,0.14285714285714285,8.714285714285714,0.0,0.0,0.0,0.0,0.0,0.0,0.0,0.0,0.0,0.0,0.0,319
89446cb9bd7ffff,3,0.0,2.3333333333333335,0.3333333333333333,0.0,10.0,0.0,0.0,0.0,0.0,0.0,0.0,0.0,0.0,0.0,0.0,0.0,365
89446cb9bdbffff,1,0.0,3.0,0.0,0.0,5.0,0.0,0.0,0.0,0.0,0.0,0.0,0.0,0.0,0.0,0.0,0.0,17
89446dcb2c3ffff,7,3.0,2.0,0.14285714285714285,0.14285714285714285,7.892857142857143,0.0,0.0,0.0,0.0,0.14285714285714285,0.0,0.0,0.0,0.0,0.0,0.0,3
89446dcb2dbffff,3,3.0,2.0,1.0,0.0,10.0,0.0,0.0,0.0,0.0,0.0,0.0,0.0,0.0,0.0,0.0,0.0,10
89446dcb603ffff,1,1.0,2.0,0.0,0.0,10.0,0.0,0.0,1.0,0.0,0.0,0.0,0.0,0.0,0.0,0.0,0.0,1
89446dcb61bffff,1,0.0,2.0,0.0,0.0,10.0,0.0,0.0,0.0,0.0,0.0,0.0,0.0,0.0,0.0,0.0,0.0,1
89446dcb643ffff,1,0.0,2.0,0.0,0.0,10.0,0.0,0.0,1.0,0.0,0.0,0.0,0.0,0.0,0.0,0.0,0.0,0
89446dd8243ffff,1,0.0,2.0,0.0,0.0,8.0,0.0,0.0,0.0,0.0,0.0,0.0,0.0,0.0,0.0,0.0,0.0,0
89446dd82a3ffff,1,0.0,2.0,1.0,0.0,6.0,0.0,0.0,0.0,0.0,0.0,0.0,0.0,0.0,0.0,0.0,0.0,0
89446dd8457ffff,3,2.0,3.0,0.0,0.0,6.666666666666667,0.0,0.0,1.0,0.0,0.0,0.0,0.0,0.0,0.0,0.0,0.0,0
89446dd902bffff,2,2.0,2.0,0.0,0.0,9.0,0.0,0.0,0.0,0.0,0.0,0.0,0.0,0.0,0.0,0.0,0.0,32
89446dd902fffff,2,0.0,2.0,0.0,0.0,10.0,0.0,1.0,0.0,0.0,0.0,1.0,0.0,0.0,0.0,0.0,0.0,26
89446dd9043ffff,7,4.0,2.142857142857143,0.2857142857142857,0.14285714285714285,9.428571428571429,0.0,0.0,0.0,0.0,0.0,0.0,0.0,0.0,0.0,0.0,0.0,32
89446dd9047ffff,6,3.0,2.1666666666666665,0.8333333333333334,0.16666666666666666,7.666666666666667,0.16666666666666666,0.0,0.0,0.0,0.0,0.0,0.0,0.0,0.0,0.0,0.0,9
89446dd904bffff,1,0.0,2.0,0.0,0.0,10.0,0.0,0.0,0.0,0.0,0.0,0.0,0.0,0.0,0.0,0.0,0.0,32
89446dd905bffff,25,14.0,2.32,0.32,0.08,8.302,0.0,0.28,0.52,0.0,0.0,0.28,0.0,0.0,0.0,0.0,0.0,43
89446dd9067ffff,6,6.0,2.1666666666666665,0.16666666666666666,0.16666666666666666,7.0,0.16666666666666666,0.0,0.0,0.0,0.0,0.0,0.0,0.0,0.0,0.0,0.0,26
89446dd9073ffff,2,0.0,3.0,0.0,0.0,10.0,0.0,0.0,0.0,0.0,0.0,0.0,0.0,0.0,0.0,0.0,0.0,6
89446dd90cbffff,2,0.0,2.0,0.5,0.5,10.0,0.0,0.0,1.0,0.0,0.0,0.0,0.0,0.0,0.0,0.0,0.0,0
89446dd9127ffff,1,0.0,2.0,0.0,0.0,4.0,0.0,0.0,0.0,0.0,0.0,0.0,0.0,0.0,0.0,0.0,0.0,1
89446dd9137ffff,1,0.0,2.0,0.0,0.0,10.0,0.0,0.0,0.0,0.0,0.0,0.0,0.0,0.0,0.0,0.0,0.0,1
89446dd914fffff,2,1.0,2.0,0.0,0.0,10.0,0.5,0.0,0.0,0.0,0.0,0.0,0.0,0.0,0.0,0.0,0.0,38
89446dd917bffff,36,14.0,2.0833333333333335,0.2777777777777778,0.1388888888888889,9.027777777777779,0.0,0.0,0.05555555555555555,0.0,0.08333333333333333,0.0,0.0,0.0,0.0,0.0,0.0,2
89446dd91b7ffff,1,0.0,2.0,0.0,0.0,5.0,0.0,0.0,1.0,0.0,0.0,0.0,0.0,0.0,0.0,0.0,0.0,0
89446dd9257ffff,2,0.0,2.0,0.0,0.5,10.0,0.0,0.0,1.0,0.0,0.0,0.0,0.0,0.0,0.0,0.0,0.0,0
89446dd9353ffff,1,1.0,2.0,0.0,0.0,10.0,0.0,0.0,0.0,0.0,0.0,0.0,0.0,0.0,0.0,0.0,0.0,2
89446dd935bffff,1,1.0,2.0,1.0,0.0,6.0,0.0,0.0,0.0,0.0,0.0,0.0,0.0,0.0,0.0,0.0,0.0,2
89446dd9373ffff,1,0.0,2.0,0.0,0.0,10.0,0.0,0.0,1.0,0.0,0.0,0.0,0.0,0.0,0.0,0.0,0.0,0
89446dd9383ffff,7,1.0,2.2857142857142856,0.14285714285714285,0.14285714285714285,9.0,0.0,0.0,0.0,0.0,0.0,0.0,0.0,0.0,0.0,0.0,0.0,26
89446dd9387ffff,2,0.0,2.0,0.0,0.5,7.0,0.0,0.0,0.0,0.0,0.0,0.0,0.0,0.0,0.0,0.0,0.0,9
89446dd9393ffff,24,6.0,2.0416666666666665,0.3333333333333333,0.125,8.866666666666667,0.0,0.0,0.20833333333333334,0.0,0.0,0.0,0.0,0.0,0.0,0.0,0.0,17
89446dd93b3ffff,2,1.0,3.0,0.5,0.0,9.5,0.0,0.0,0.0,0.0,0.0,0.0,0.0,0.0,0.0,0.0,0.0,4
89446dd93cfffff,1,1.0,4.0,1.0,0.0,10.0,0.0,0.0,0.0,0.0,0.0,0.0,0.0,0.0,0.0,0.0,0.0,1
89446dd93d7ffff,1,1.0,2.0,1.0,0.0,10.0,0.0,0.0,0.0,0.0,0.0,0.0,0.0,0.0,0.0,0.0,0.0,0
89446dd9413ffff,1,0.0,2.0,0.0,0.0,7.0,0.0,0.0,1.0,0.0,0.0,0.0,0.0,0.0,0.0,0.0,0.0,0
89446dd945bffff,1,0.0,4.0,0.0,1.0,5.0,0.0,0.0,1.0,0.0,0.0,0.0,0.0,0.0,0.0,0.0,0.0,0
89446dd962bffff,6,5.0,2.0,0.5,0.0,10.0,0.0,0.0,0.0,0.0,0.0,0.0,0.0,0.0,0.0,0.0,0.0,39
89446dd962fffff,35,11.0,2.142857142857143,0.2,0.05714285714285714,8.971428571428572,0.0,0.0,0.5142857142857142,0.0,0.4,0.0,0.0,0.0,0.0,0.0,0.0,31
89446dd9643ffff,48,22.0,2.0208333333333335,0.22916666666666666,0.041666666666666664,8.578723404255319,0.0,0.020833333333333332,0.5208333333333334,0.0,0.0,0.020833333333333332,0.0,0.0,0.0,0.0,0.0,3
89446dd9647ffff,1,1.0,2.0,0.0,0.0,7.0,0.0,0.0,0.0,0.0,0.0,0.0,0.0,0.0,0.0,0.0,0.0,61
89446dd965bffff,2,0.0,3.0,0.0,0.0,10.0,0.0,0.0,0.0,0.0,0.0,0.0,0.0,0.0,0.0,0.0,0.0,51
89446dd9673ffff,13,7.0,2.3846153846153846,0.38461538461538464,0.0,8.23076923076923,0.0,0.07692307692307693,0.0,0.0,0.0,0.07692307692307693,0.0,0.0,0.0,0.0,0.0,5
89446dd9677ffff,4,1.0,2.75,0.0,0.0,10.0,0.0,0.0,0.0,0.0,0.0,0.0,0.0,0.0,0.0,0.0,0.0,19
89446dd96a7ffff,1,0.0,2.0,0.0,0.0,10.0,0.0,0.0,0.0,0.0,0.0,0.0,0.0,0.0,0.0,0.0,0.0,0
89446dda24fffff,3,0.0,2.0,0.0,0.3333333333333333,6.333333333333333,0.0,0.0,0.0,0.0,0.0,0.0,0.0,0.0,0.0,0.0,0.0,0
89446ddb257ffff,1,0.0,2.0,0.0,0.0,10.0,0.0,0.0,0.0,0.0,0.0,0.0,0.0,0.0,0.0,0.0,0.0,0
89446ddb307ffff,1,0.0,2.0,0.0,0.0,2.5,0.0,1.0,1.0,0.0,0.0,0.0,0.0,0.0,0.0,0.0,0.0,0
89446ddb38bffff,3,0.0,4.0,0.0,0.0,10.0,0.0,1.0,1.0,0.0,0.0,0.0,0.0,0.0,0.0,0.0,0.0,0
89446ddb40fffff,2,0.0,2.0,0.0,0.0,7.5,0.0,0.0,0.0,0.0,0.0,0.0,0.0,0.0,0.0,0.0,0.0,0
89446ddb447ffff,11,2.0,2.0,0.2727272727272727,0.09090909090909091,7.42,0.0,0.0,0.9090909090909091,0.0,0.0,0.0,0.0,0.0,0.0,0.0,0.0,0
89446ddb463ffff,1,0.0,2.0,0.0,0.0,10.0,0.0,0.0,0.0,0.0,0.0,0.0,0.0,0.0,0.0,0.0,0.0,6
89446ddb467ffff,1,1.0,2.0,1.0,0.0,9.0,0.0,0.0,0.0,0.0,0.0,0.0,0.0,0.0,0.0,0.0,0.0,2
89446ddb46bffff,4,0.0,2.0,0.25,0.0,7.75,0.0,0.0,1.0,0.0,0.0,0.0,0.0,0.0,0.0,0.0,0.0,7
89446ddb46fffff,1,1.0,2.0,1.0,1.0,0.75,0.0,0.0,0.0,0.0,0.0,0.0,0.0,0.0,0.0,0.0,0.0,6
89446ddb4afffff,3,0.0,2.0,0.0,0.3333333333333333,6.0,0.0,0.0,1.0,0.0,0.0,0.0,0.0,0.0,0.0,0.0,0.0,0
89446ddb4cfffff,2,0.0,2.0,0.0,0.0,9.5,0.0,0.0,0.0,0.0,0.0,0.0,0.0,0.0,0.0,0.0,0.0,0
89446ddb4d3ffff,1,0.0,2.0,0.0,0.0,9.0,0.0,0.0,0.0,0.0,0.0,0.0,0.0,0.0,0.0,0.0,0.0,107
89446ddb4dbffff,2,1.0,2.0,1.0,0.5,6.0,0.0,0.0,0.0,0.0,0.0,0.0,0.0,0.0,0.0,0.0,0.0,106
89446ddb5d3ffff,5,0.0,2.0,0.4,0.0,10.0,0.0,0.0,0.8,0.0,0.0,0.0,0.0,0.0,0.0,0.0,0.0,1
89446ddb5d7ffff,1,1.0,2.0,1.0,0.0,10.0,0.0,0.0,0.0,0.0,0.0,0.0,0.0,0.0,0.0,0.0,0.0,5
89446ddb603ffff,1,1.0,2.0,1.0,0.0,10.0,0.0,0.0,0.0,0.0,0.0,0.0,0.0,0.0,0.0,0.0,0.0,5
89446ddb607ffff,4,2.0,2.0,0.25,0.0,7.25,0.0,0.0,1.0,0.0,0.0,0.0,0.0,0.0,0.0,0.0,0.0,1
89446ddb60bffff,1,0.0,2.0,0.0,0.0,10.0,0.0,0.0,0.0,0.0,0.0,0.0,0.0,0.0,0.0,0.0,0.0,3
89446ddb643ffff,12,2.0,2.0,0.16666666666666666,0.08333333333333333,6.2250000000000005,0.0,0.0,0.8333333333333334,0.0,0.0,0.0,0.0,0.0,0.0,0.0,0.0,3
89446ddb647ffff,2,2.0,2.0,0.5,0.5,5.0,0.0,0.0,0.0,0.0,0.0,0.0,0.0,0.0,0.0,0.0,0.0,13
89446ddb64bffff,1,0.0,2.0,0.0,0.0,10.0,0.0,0.0,0.0,0.0,0.0,0.0,0.0,0.0,0.0,0.0,0.0,12
89446ddb6a3ffff,2,0.0,2.0,0.5,0.0,7.5,0.0,0.0,0.0,1.0,0.0,0.0,0.0,0.0,0.0,0.0,0.0,5
89446ddb6a7ffff,5,2.0,1.8,0.0,0.0,6.45,0.0,0.8,0.8,0.0,0.0,0.0,0.0,0.0,0.0,0.0,0.0,6
