cell_id,feature,feature_value,shap_value,rank
89446ca8597ffff,n_acc,157.0,3.3150303157924994,1
89446ca8597ffff,n_recent,42.0,3.0644758164102184,2
89446ca8597ffff,nb_acc,256.0,0.8483519370947646,3
89446ca8597ffff,Traffic_Signal,0.2292993630573248,0.5299196537868051,4
89446ca8597ffff,mean_sev,2.3694267515923566,0.3354737652339415,5
89446ca8597ffff,Give_Way,0.1783439490445859,0.2850058771602446,6
89446ca9943ffff,n_acc,64.0,2.9183637920573746,1
89446ca9943ffff,n_recent,23.0,2.916558252385034,2
89446ca9943ffff,nb_acc,343.0,0.85185783785862,3
89446ca9943ffff,Traffic_Signal,0.296875,0.449001695072095,4
89446ca9943ffff,Give_Way,0.09375,0.3197879830913724,5
89446ca9943ffff,mean_sev,2.46875,0.30674015438495483,6
89446ca9883ffff,n_acc,144.0,3.1425526511572395,1
89446ca9883ffff,n_recent,47.0,3.0405711681002154,2
89446ca9883ffff,nb_acc,455.0,0.8241335798548287,3
89446ca9883ffff,mean_sev,2.3402777777777777,0.4215364692835781,4
89446ca9883ffff,Traffic_Signal,0.375,0.34729052113474923,5
89446ca9883ffff,Stop,0.1458333333333333,0.21298232940349876,6
89446ca9dc3ffff,n_acc,222.0,3.286368701570164,1
89446ca9dc3ffff,n_recent,51.0,3.2277785119050595,2
89446ca9dc3ffff,nb_acc,260.0,0.7047967299668317,3
89446ca9dc3ffff,mean_sev,2.333333333333333,0.41727534678710504,4
89446ca9dc3ffff,Traffic_Signal,0.4144144144144144,0.2741644932233763,5
89446ca9dc3ffff,Stop,0.1396396396396396,0.15884540109341594,6
89446c32a63ffff,n_recent,114.0,3.3069705042432127,1
89446c32a63ffff,n_acc,327.0,3.168996164729654,2
89446c32a63ffff,nb_acc,302.0,0.6482989443729268,3
89446c32a63ffff,Traffic_Signal,0.709480122324159,0.3281885089488969,4
89446c32a63ffff,Crossing,0.4740061162079511,0.16107905626256847,5
89446c32a63ffff,mean_vis,9.176073619631902,0.126375623870317,6
89446c32a53ffff,n_recent,89.0,3.212301889913341,1
89446c32a53ffff,n_acc,233.0,3.1018686311535415,2
89446c32a53ffff,nb_acc,178.0,0.35281267045878995,3
89446c32a53ffff,mean_sev,2.776824034334764,0.34089230580962526,4
89446c32a53ffff,Give_Way,0.1802575107296137,0.2640653126978084,5
89446c32a53ffff,Traffic_Signal,0.6952789699570815,0.23665389490011243,6
89446ca1843ffff,n_recent,25.0,3.3781824292203484,1
89446ca1843ffff,n_acc,72.0,3.203224106850681,2
89446ca1843ffff,nb_acc,196.0,0.7894573241797608,3
89446ca1843ffff,Traffic_Signal,0.6527777777777778,0.30377712240449883,4
89446ca1843ffff,mean_sev,2.458333333333333,0.16595345884452456,5
89446ca1843ffff,Crossing,0.4305555555555556,0.15912563181830416,6
89446c324abffff,n_acc,149.0,3.325611603107832,1
89446c324abffff,n_recent,45.0,3.0290046586160417,2
89446c324abffff,nb_acc,216.0,0.7970684906803346,3
89446c324abffff,mean_sev,2.2885906040268456,0.39390075686108494,4
89446c324abffff,Stop,0.2885906040268456,0.26847166106609693,5
89446c324abffff,Junction,0.174496644295302,0.2560099670033833,6
89446ca8e03ffff,n_acc,247.0,3.289186462946178,1
89446ca8e03ffff,n_recent,94.0,3.1395464413018455,2
89446ca8e03ffff,nb_acc,263.0,0.6563311007843832,3
89446ca8e03ffff,Traffic_Signal,0.4129554655870445,0.35854802863817675,4
89446ca8e03ffff,mean_sev,2.396761133603239,0.26924412698664885,5
89446ca8e03ffff,Stop,0.145748987854251,0.1816188143154081,6
89446c323d3ffff,n_acc,115.0,3.2537890548937116,1
89446c323d3ffff,n_recent,39.0,3.1248744908362025,2
89446c323d3ffff,Stop,0.3130434782608696,0.46050438345349465,3
89446c323d3ffff,nb_acc,157.0,0.43291691955181955,4
89446c323d3ffff,Traffic_Signal,0.5391304347826087,0.28027475061535684,5
89446c323d3ffff,mean_sev,2.5130434782608697,0.14242438197204982,6
89446c0651bffff,n_acc,312.0,3.2418476800897578,1
89446c0651bffff,n_recent,86.0,3.013290054078319,2
89446c0651bffff,nb_acc,228.0,0.8145871745993482,3
89446c0651bffff,Traffic_Signal,0.3653846153846153,0.32229967572414764,4
89446c0651bffff,mean_sev,2.6538461538461537,0.24623235745190344,5
89446c0651bffff,Stop,0.0544871794871794,0.10128917785675519,6
89446cae65bffff,n_acc,116.0,3.2847853591917606,1
89446cae65bffff,n_recent,47.0,3.1494329870800972,2
89446cae65bffff,nb_acc,223.0,0.9246511287446756,3
89446cae65bffff,Traffic_Signal,0.5344827586206896,0.25394020595197225,4
89446cae65bffff,mean_vis,9.24070796460177,0.13335680447435014,5
89446cae65bffff,Crossing,0.5258620689655172,0.09145798205383386,6
89446c3269bffff,n_recent,30.0,3.0486427248408936,1
89446c3269bffff,n_acc,67.0,2.9621385509814515,2
89446c3269bffff,nb_acc,322.0,0.48626737449848934,3
89446c3269bffff,mean_sev,2.2686567164179103,0.324594681281059,4
89446c3269bffff,Give_Way,0.1044776119402985,0.29778880382055145,5
89446c3269bffff,Traffic_Signal,0.6268656716417911,0.29514781000409795,6
89446c32153ffff,n_acc,265.0,3.4446810121058515,1
89446c32153ffff,n_recent,70.0,3.186600601973428,2
89446c32153ffff,nb_acc,197.0,0.6903245218918712,3
89446c32153ffff,mean_sev,2.4037735849056605,0.3207914404516637,4
89446c32153ffff,Stop,0.2037735849056604,-0.26697198724492704,5
89446c32153ffff,Traffic_Signal,0.4452830188679245,0.2666189020128936,6
89446c32647ffff,n_recent,88.0,3.2014683336973757,1
89446c32647ffff,n_acc,152.0,2.994056368937769,2
89446c32647ffff,Traffic_Signal,0.2302631578947368,0.49338245497075117,3
89446c32647ffff,nb_acc,314.0,0.4675985537243736,4
89446c32647ffff,Give_Way,0.1578947368421052,0.2044950751932782,5
89446c32647ffff,mean_vis,8.655960264900662,0.14227524381876025,6
89446ca8583ffff,n_acc,119.0,3.3482361877616755,1
89446ca8583ffff,n_recent,30.0,3.2506291985026285,2
89446ca8583ffff,nb_acc,299.0,0.5165784471480891,3
89446ca8583ffff,Traffic_Signal,0.2941176470588235,0.4640104327469764,4
89446ca8583ffff,mean_sev,2.3361344537815127,0.36823256341334354,5
89446ca8583ffff,share_rain,0.0252100840336134,0.06879267474864906,6
89446c33113ffff,n_recent,78.0,3.12179422900629,1
89446c33113ffff,n_acc,137.0,2.9520996617555006,2
89446c33113ffff,nb_acc,241.0,0.7201527142216664,3
89446c33113ffff,Traffic_Signal,0.1751824817518248,0.41401815894000354,4
89446c33113ffff,mean_vis,9.256934306569343,0.12555978833320774,5
89446c33113ffff,share_rain,0.0510948905109489,0.11613817770110342,6
89446caa917ffff,n_acc,74.0,3.310178475152655,1
89446caa917ffff,n_recent,26.0,3.1841165862014353,2
89446caa917ffff,nb_acc,263.0,0.6322772355928084,3
89446caa917ffff,Traffic_Signal,0.3108108108108108,0.47201828856688743,4
89446caa917ffff,share_night,0.2837837837837837,0.1304243422989182,5
89446caa917ffff,mean_vis,9.336111111111112,0.08930702294619333,6
89446caee4bffff,n_recent,23.0,3.1199032748072764,1
89446caee4bffff,n_acc,111.0,3.0575554797555675,2
89446caee4bffff,nb_acc,107.0,0.36620237190606414,3
89446caee4bffff,Traffic_Signal,0.4864864864864865,0.3032889603902256,4
89446caee4bffff,Give_Way,0.072072072072072,0.259926915313178,5
89446caee4bffff,mean_sev,2.72972972972973,0.25615310527381757,6
89446c30897ffff,n_recent,73.0,3.2954741179428253,1
89446c30897ffff,n_acc,274.0,3.2279941102871264,2
89446c30897ffff,nb_acc,168.0,0.4281170862942097,3
89446c30897ffff,Traffic_Signal,0.8540145985401459,0.22254181505118503,4
89446c30897ffff,mean_sev,2.7153284671532845,0.18083916656819624,5
89446c30897ffff,mean_vis,9.363553113553111,0.14534809848993704,6
89446caf647ffff,n_acc,213.0,3.255757002147009,1
89446caf647ffff,n_recent,150.0,3.1177543362244844,2
89446caf647ffff,nb_acc,222.0,0.8923397413651015,3
89446caf647ffff,Traffic_Signal,0.3615023474178404,0.2991681147062657,4
89446caf647ffff,Crossing,0.4272300469483568,0.11827983023552299,5
89446caf647ffff,mean_vis,9.31547619047619,0.07342193081712005,6
89446ca9cb3ffff,n_acc,153.0,3.3464075402225486,1
89446ca9cb3ffff,n_recent,38.0,3.0982342390316946,2
89446ca9cb3ffff,nb_acc,212.0,0.7677093332638317,3
89446ca9cb3ffff,Traffic_Signal,0.2091503267973856,0.5045780355109936,4
89446ca9cb3ffff,Junction,0.1372549019607843,0.18045219114137515,5
89446ca9cb3ffff,share_night,0.2352941176470588,0.13847597422739186,6
89446c04d4bffff,n_acc,134.0,3.3880757491886144,1
89446c04d4bffff,n_recent,39.0,3.152342019458087,2
89446c04d4bffff,mean_sev,2.343283582089552,0.33283770405094987,3
89446c04d4bffff,Give_Way,0.126865671641791,0.280057941266645,4
89446c04d4bffff,Traffic_Signal,0.7910447761194029,0.2479704457036832,5
89446c04d4bffff,mean_vis,9.438059701492538,0.24650895292091068,6
89446c32483ffff,n_acc,94.0,3.3314672910675416,1
89446c32483ffff,n_recent,48.0,3.2216899346085177,2
89446c32483ffff,nb_acc,251.0,0.7163194907756968,3
89446c32483ffff,Stop,0.4148936170212766,0.2958558015767439,4
89446c32483ffff,Traffic_Signal,0.5106382978723404,0.2912273504226379,5
89446c32483ffff,mean_vis,8.820879120879122,0.16494511587862218,6
89446caf6cfffff,n_acc,494.0,3.3868876761525524,1
89446caf6cfffff,n_recent,140.0,3.302197145087453,2
89446caf6cfffff,nb_acc,242.0,0.6707118120577943,3
89446caf6cfffff,Traffic_Signal,0.6032388663967612,0.30498683090885054,4
89446caf6cfffff,share_night,0.2388663967611336,0.1073443586341863,5
89446caf6cfffff,mean_sev,2.623481781376518,0.09064560770391077,6
89446ca987bffff,n_recent,25.0,3.2141135231040923,1
89446ca987bffff,n_acc,72.0,3.2103297076241,2
89446ca987bffff,nb_acc,263.0,0.698089414639325,3
89446ca987bffff,mean_sev,2.25,0.31991585829552344,4
89446ca987bffff,Traffic_Signal,0.4861111111111111,0.24484837070826027,5
89446ca987bffff,Stop,0.0416666666666666,0.10678970129937601,6
89446c30837ffff,n_recent,79.0,3.35868342347119,1
89446c30837ffff,n_acc,239.0,3.2510013818829333,2
89446c30837ffff,nb_acc,165.0,0.4208470509996844,3
89446c30837ffff,mean_sev,2.774058577405858,0.25617563003958366,4
89446c30837ffff,Traffic_Signal,0.7824267782426778,0.23220517441645927,5
89446c30837ffff,Crossing,0.4728033472803347,0.11823051193275325,6
89446cada3bffff,n_acc,145.0,3.4075838267420346,1
89446cada3bffff,n_recent,61.0,3.3018467964412643,2
89446cada3bffff,nb_acc,107.0,0.314176021436437,3
89446cada3bffff,Traffic_Signal,0.7172413793103448,0.2640603813785435,4
89446cada3bffff,Stop,0.1586206896551724,0.19122881347625376,5
89446cada3bffff,mean_vis,9.237762237762238,0.09036162455808854,6
89446ca8e87ffff,n_acc,74.0,3.3227559259879937,1
89446ca8e87ffff,n_recent,44.0,2.9973889385885677,2
89446ca8e87ffff,nb_acc,258.0,0.727760519905828,3
89446ca8e87ffff,Traffic_Signal,0.2702702702702703,0.4658957948096133,4
89446ca8e87ffff,share_rain,0.0945945945945946,-0.11648722918506522,5
89446ca8e87ffff,Stop,0.1621621621621621,0.11266982656967814,6
89446c04d2bffff,n_acc,144.0,3.183824693976676,1
89446c04d2bffff,n_recent,52.0,3.0096419585720104,2
89446c04d2bffff,mean_sev,2.6319444444444446,0.36138175253142507,3
89446c04d2bffff,nb_acc,81.0,0.30246882224975197,4
89446c04d2bffff,Stop,0.1736111111111111,0.2732072935689846,5
89446c04d2bffff,Traffic_Signal,0.4652777777777778,0.22612441534381633,6
89446ca8d17ffff,n_recent,22.0,3.1614346094809815,1
89446ca8d17ffff,n_acc,67.0,2.8644297751611765,2
89446ca8d17ffff,nb_acc,321.0,0.44412227251617115,3
89446ca8d17ffff,mean_sev,2.298507462686567,0.3384815835747502,4
89446ca8d17ffff,Traffic_Signal,0.4776119402985074,0.30098718048571443,5
89446ca8d17ffff,mean_vis,9.363636363636363,0.16345712130456122,6
89446ca9ecfffff,n_acc,91.0,3.2514349011048114,1
89446ca9ecfffff,n_recent,23.0,3.1767982415854226,2
89446ca9ecfffff,mean_sev,2.340659340659341,0.4057046763679257,3
89446ca9ecfffff,nb_acc,116.0,0.29499145109552455,4
89446ca9ecfffff,Stop,0.2637362637362637,0.25035815637134884,5
89446ca9ecfffff,mean_vis,8.591111111111111,0.1489299391118668,6
89446c32457ffff,n_acc,121.0,3.1706585699111502,1
89446c32457ffff,n_recent,47.0,3.0484075865879263,2
89446c32457ffff,Traffic_Signal,0.2975206611570248,0.4141858668180059,3
89446c32457ffff,nb_acc,109.0,0.39453218718844857,4
89446c32457ffff,mean_sev,2.5950413223140494,0.21168439217454782,5
89446c32457ffff,share_night,0.2396694214876033,0.10889160585729236,6
89446caf46fffff,n_acc,193.0,3.209621930961506,1
89446caf46fffff,n_recent,101.0,3.1586563561427896,2
89446caf46fffff,nb_acc,428.0,0.7642046986022035,3
89446caf46fffff,Traffic_Signal,0.4870466321243523,0.25807619181579794,4
89446caf46fffff,share_night,0.3160621761658031,0.1233502752373891,5
89446caf46fffff,mean_sev,2.010362694300518,0.05834516618435624,6
89446c32643ffff,n_recent,36.0,3.345161102759671,1
89446c32643ffff,n_acc,103.0,3.241120303508445,2
89446c32643ffff,nb_acc,212.0,0.7343736695320123,3
89446c32643ffff,mean_vis,8.632,0.2258130083297569,4
89446c32643ffff,mean_sev,2.650485436893204,0.22569063829721064,5
89446c32643ffff,Stop,0.1067961165048543,0.1401619812576117,6
89446ca8d0fffff,n_acc,340.0,3.367595622132279,1
89446ca8d0fffff,n_recent,131.0,3.184696828668629,2
89446ca8d0fffff,nb_acc,257.0,0.8416124227757441,3
89446ca8d0fffff,Traffic_Signal,0.5882352941176471,0.26923692727729737,4
89446ca8d0fffff,Amenity,0.0705882352941176,-0.24578472165622742,5
89446ca8d0fffff,Junction,0.4588235294117647,0.14405115924741593,6
89446c30b27ffff,n_acc,102.0,3.3614041433907595,1
89446c30b27ffff,n_recent,29.0,3.2589841524199,2
89446c30b27ffff,nb_acc,298.0,0.5029209872138609,3
89446c30b27ffff,Traffic_Signal,0.7058823529411765,0.2764888936869497,4
89446c30b27ffff,Give_Way,0.1470588235294117,0.24973858857946463,5
89446c30b27ffff,share_night,0.2745098039215686,0.08385412150653443,6
89446ca92d7ffff,n_acc,130.0,3.356377661988911,1
89446ca92d7ffff,n_recent,43.0,3.1259350986391543,2
89446ca92d7ffff,Traffic_Signal,0.5846153846153846,0.2953229950566729,3
89446ca92d7ffff,Give_Way,0.1307692307692307,0.26825441616351414,4
89446ca92d7ffff,nb_acc,172.0,0.20195652335306383,5
89446ca92d7ffff,mean_vis,9.48076923076923,0.14737987147323842,6
89446ca9893ffff,n_acc,203.0,3.2453390382410574,1
89446ca9893ffff,n_recent,42.0,3.1120282966015567,2
89446ca9893ffff,nb_acc,295.0,0.6494531984422737,3
89446ca9893ffff,Traffic_Signal,0.3448275862068966,0.3583993797458116,4
89446ca9893ffff,mean_sev,2.3596059113300494,0.3017804037784387,5
89446ca9893ffff,Junction,0.2216748768472906,0.13894574249075617,6
89446ca9e33ffff,n_recent,46.0,3.1349786012238687,1
89446ca9e33ffff,n_acc,216.0,2.9785816501998545,2
89446ca9e33ffff,nb_acc,232.0,0.6296734106251292,3
89446ca9e33ffff,Traffic_Signal,0.2685185185185185,0.5044704476579243,4
89446ca9e33ffff,Give_Way,0.0925925925925925,0.325961613048306,5
89446ca9e33ffff,share_rain,0.0416666666666666,0.10693018581351013,6
89446caa9bbffff,n_acc,127.0,3.299356435477807,1
89446caa9bbffff,n_recent,45.0,3.081544001575252,2
89446caa9bbffff,nb_acc,197.0,0.6139992647727168,3
89446caa9bbffff,Traffic_Signal,0.6692913385826772,0.29722338697847744,4
89446caa9bbffff,Stop,0.1811023622047244,0.13629848803968217,5
89446caa9bbffff,mean_vis,9.25,0.11615422668406745,6
89446c344b7ffff,n_acc,122.0,3.635171321642116,1
89446c344b7ffff,n_recent,37.0,3.494207622674723,2
89446c344b7ffff,Traffic_Signal,0.5983606557377049,0.39997779722817983,3
89446c344b7ffff,share_night,0.2295081967213114,0.2345615371506053,4
89446c344b7ffff,nb_acc,11.0,0.12442339678770989,5
89446c344b7ffff,mean_sev,2.098360655737705,-0.0967478385464027,6
89446ca8d67ffff,n_recent,68.0,3.133098614565647,1
89446ca8d67ffff,n_acc,236.0,3.131971764245633,2
89446ca8d67ffff,nb_acc,124.0,0.36593103422546625,3
89446ca8d67ffff,Give_Way,0.0762711864406779,0.30912356914625644,4
89446ca8d67ffff,Traffic_Signal,0.5042372881355932,0.28275220829388553,5
89446ca8d67ffff,mean_sev,2.461864406779661,0.16187853624589674,6
89446cad583ffff,n_recent,24.0,3.3523317773958454,1
89446cad583ffff,n_acc,79.0,3.2541238248117272,2
89446cad583ffff,mean_sev,2.873417721518988,0.34074017844421006,3
89446cad583ffff,Traffic_Signal,0.6075949367088608,0.24113682605615566,4
89446cad583ffff,Give_Way,0.0886075949367088,0.21199682336681075,5
89446cad583ffff,mean_vis,8.533333333333333,0.13185605999132946,6
89446ca1babffff,n_acc,111.0,3.2488659972633127,1
89446ca1babffff,n_recent,58.0,3.205823621590095,2
89446ca1babffff,nb_acc,272.0,0.6754307539888978,3
89446ca1babffff,Traffic_Signal,0.3873873873873873,0.3296549477283849,4
89446ca1babffff,Stop,0.081081081081081,0.05461752926818414,5
89446ca1babffff,Crossing,0.3873873873873873,0.05060133252574254,6
89446cae693ffff,n_acc,189.0,3.2687877883244667,1
89446cae693ffff,n_recent,49.0,3.0932579527028836,2
89446cae693ffff,nb_acc,223.0,0.7943462103167332,3
89446cae693ffff,Traffic_Signal,0.4444444444444444,0.15905433565678168,4
89446cae693ffff,share_night,0.2328042328042328,0.12564948411749682,5
89446cae693ffff,mean_vis,8.825405405405405,0.10443837881467959,6
89446cae0d7ffff,n_acc,145.0,3.293555739683371,1
89446cae0d7ffff,n_recent,75.0,3.192714411603361,2
89446cae0d7ffff,nb_acc,239.0,0.5948976534190359,3
89446cae0d7ffff,Traffic_Signal,0.6,0.34564513394900365,4
89446cae0d7ffff,share_night,0.1103448275862069,-0.07565458228756144,5
89446cae0d7ffff,mean_vis,9.306338028169014,0.06986210889278129,6
89446c043b7ffff,n_acc,119.0,3.3742567975145974,1
89446c043b7ffff,n_recent,44.0,3.347971001136147,2
89446c043b7ffff,Traffic_Signal,0.3949579831932773,0.2959095248353688,3
89446c043b7ffff,Give_Way,0.1848739495798319,0.29193256381988286,4
89446c043b7ffff,mean_sev,2.899159663865546,0.2166951245278098,5
89446c043b7ffff,nb_acc,29.0,-0.10183361318768365,6
89446c3544bffff,n_acc,77.0,3.36874169803009,1
89446c3544bffff,n_recent,49.0,3.3337843772867735,2
89446c3544bffff,nb_acc,185.0,0.35647232197951356,3
89446c3544bffff,Give_Way,0.0649350649350649,0.23341391179415713,4
89446c3544bffff,share_night,0.2337662337662337,0.13163848406424844,5
89446c3544bffff,share_rain,0.1428571428571428,-0.08687379925410885,6
89446ca1d37ffff,n_acc,191.0,3.348090896981387,1
89446ca1d37ffff,n_recent,73.0,3.188393535327094,2
89446ca1d37ffff,nb_acc,204.0,0.6686975097824812,3
89446ca1d37ffff,Traffic_Signal,0.7853403141361257,0.28701508296371414,4
89446ca1d37ffff,mean_vis,9.442105263157895,0.2752276335624761,5
89446ca1d37ffff,share_night,0.2984293193717277,0.04214086100497834,6
89446caf557ffff,n_recent,109.0,3.2861428112773576,1
89446caf557ffff,n_acc,183.0,3.1556625353828496,2
89446caf557ffff,nb_acc,131.0,0.4341010597417859,3
89446caf557ffff,Traffic_Signal,0.4153005464480874,0.26844027736011356,4
89446caf557ffff,mean_vis,8.600568181818183,0.14921325077311504,5
89446caf557ffff,share_rain,0.1584699453551912,-0.0974883388603283,6
89446c32393ffff,n_recent,36.0,3.1537755955306754,1
89446c32393ffff,n_acc,114.0,3.135589686095391,2
89446c32393ffff,nb_acc,115.0,0.3784315155758604,3
89446c32393ffff,Traffic_Signal,0.5087719298245614,0.24030569557113293,4
89446c32393ffff,mean_sev,2.6140350877192984,0.15292721893584893,5
89446c32393ffff,Stop,0.043859649122807,0.12122745315934047,6
89446c326c3ffff,n_recent,30.0,3.095916491775389,1
89446c326c3ffff,n_acc,97.0,3.049165283534575,2
89446c326c3ffff,nb_acc,437.0,0.8053665650255853,3
89446c326c3ffff,mean_sev,2.742268041237113,0.1706998953851214,4
89446c326c3ffff,Stop,0.0309278350515463,0.169317474455652,5
89446c326c3ffff,mean_vis,9.18421052631579,0.16347562562130777,6
89446caf4cbffff,n_acc,219.0,3.2753376712827262,1
89446caf4cbffff,n_recent,36.0,3.093014491672979,2
89446caf4cbffff,nb_acc,336.0,0.4780401762480189,3
89446caf4cbffff,Give_Way,0.1187214611872146,0.2981978235881769,4
89446caf4cbffff,mean_sev,2.4840182648401825,0.2270132687897061,5
89446caf4cbffff,Traffic_Signal,0.8447488584474886,0.1263889004873418,6
89446c32273ffff,n_acc,107.0,3.0941156294611027,1
89446c32273ffff,n_recent,37.0,2.982724253722431,2
89446c32273ffff,nb_acc,144.0,0.4863885603602871,3
89446c32273ffff,Traffic_Signal,0.411214953271028,0.3581729383208514,4
89446c32273ffff,Stop,0.1588785046728972,0.32968602220637205,5
89446c32273ffff,Crossing,0.4392523364485981,0.19486889569696517,6
89446ca1d7bffff,n_acc,74.0,3.3216014840744665,1
89446ca1d7bffff,n_recent,32.0,3.245612462056254,2
89446ca1d7bffff,nb_acc,248.0,0.790395211165149,3
89446ca1d7bffff,Traffic_Signal,0.8243243243243243,0.17659336518243704,4
89446ca1d7bffff,mean_vis,8.773611111111112,0.12391298889032513,5
89446ca1d7bffff,share_night,0.2972972972972973,0.08359487331607672,6
89446ca8b77ffff,n_acc,122.0,3.245553929328586,1
89446ca8b77ffff,n_recent,37.0,3.2365418200739517,2
89446ca8b77ffff,nb_acc,237.0,0.6236852423516209,3
89446ca8b77ffff,mean_sev,2.5737704918032787,0.16333207869279925,4
89446ca8b77ffff,share_night,0.2295081967213114,0.12648591795163738,5
89446ca8b77ffff,Stop,0.1065573770491803,0.10789026156576485,6
89446c30513ffff,n_recent,71.0,3.360784403440078,1
89446c30513ffff,n_acc,219.0,3.1770746382483095,2
89446c30513ffff,nb_acc,287.0,0.33855771913161165,3
89446c30513ffff,mean_sev,2.8858447488584478,0.18104772982474682,4
89446c30513ffff,Traffic_Signal,0.7031963470319634,0.15582212993863534,5
89446c30513ffff,share_night,0.2831050228310502,0.1085864748720229,6
89446ca8c33ffff,n_recent,44.0,3.395852872141677,1
89446ca8c33ffff,n_acc,182.0,3.3175431115228626,2
89446ca8c33ffff,nb_acc,146.0,0.41563846343257227,3
89446ca8c33ffff,Traffic_Signal,0.7747252747252747,0.23509300817959686,4
89446ca8c33ffff,mean_vis,8.8,0.17551920302409535,5
89446ca8c33ffff,mean_sev,2.467032967032967,0.15874421963596264,6
89446caf4b7ffff,n_recent,78.0,3.3382547688270585,1
89446caf4b7ffff,n_acc,176.0,3.271898823493396,2
89446caf4b7ffff,nb_acc,214.0,0.7975185898761301,3
89446caf4b7ffff,Stop,0.2102272727272727,-0.37316963855067964,4
89446caf4b7ffff,Traffic_Signal,0.6193181818181818,0.3544419093111737,5
89446caf4b7ffff,share_night,0.2954545454545454,0.036140139636306724,6
89446cae623ffff,n_acc,226.0,3.3679295566928014,1
89446cae623ffff,n_recent,64.0,3.3582476819501195,2
89446cae623ffff,nb_acc,132.0,0.43835318776973803,3
89446cae623ffff,Traffic_Signal,0.3849557522123893,0.3292268333553765,4
89446cae623ffff,share_rain,0.0486725663716814,0.0640065840157048,5
89446cae623ffff,Junction,0.0044247787610619,0.03378010983320277,6
89446cae37bffff,n_acc,136.0,3.4719053406964044,1
89446cae37bffff,n_recent,34.0,3.3436874931251954,2
89446cae37bffff,nb_acc,157.0,0.2877985447041024,3
89446cae37bffff,Traffic_Signal,0.9338235294117648,0.1453526178389706,4
89446cae37bffff,share_night,0.2426470588235294,0.10480680638550845,5
89446cae37bffff,mean_vis,8.824626865671641,0.07860182385502931,6
89446c322d3ffff,n_acc,86.0,3.34288314819387,1
89446c322d3ffff,n_recent,38.0,3.220769716934925,2
89446c322d3ffff,nb_acc,110.0,0.44915046047084595,3
89446c322d3ffff,mean_sev,2.36046511627907,0.3172030454098506,4
89446c322d3ffff,mean_vis,8.343253012048192,0.1715257468755039,5
89446c322d3ffff,Stop,0.1395348837209302,0.07196130724361964,6
89446cae4cfffff,n_acc,72.0,3.222000038864971,1
89446cae4cfffff,n_recent,22.0,3.189954437760868,2
89446cae4cfffff,nb_acc,128.0,0.448613667762585,3
89446cae4cfffff,Traffic_Signal,0.5416666666666666,0.2465722928132847,4
89446cae4cfffff,Crossing,0.5416666666666666,0.13939062329763552,5
89446cae4cfffff,mean_vis,9.180555555555555,0.08928466585757837,6
89446caec2fffff,n_acc,144.0,3.267078940512413,1
89446caec2fffff,n_recent,31.0,3.1173654555684225,2
89446caec2fffff,Traffic_Signal,0.3125,0.42344459084467,3
89446caec2fffff,nb_acc,147.0,0.3726426017744129,4
89446caec2fffff,Give_Way,0.125,0.30526499371263843,5
89446caec2fffff,share_night,0.2361111111111111,0.11623831992718485,6
89446ca1847ffff,n_recent,29.0,3.386088015036809,1
89446ca1847ffff,n_acc,95.0,3.29943682666599,2
89446ca1847ffff,nb_acc,168.0,0.33444619607741255,3
89446ca1847ffff,mean_sev,2.336842105263158,0.221238401184218,4
89446ca1847ffff,Traffic_Signal,0.4631578947368421,0.1556667128500908,5
89446ca1847ffff,share_night,0.3157894736842105,0.05460817368614675,6
89446c304b3ffff,n_acc,285.0,3.2216596822604076,1
89446c304b3ffff,n_recent,112.0,3.1722927262534744,2
89446c304b3ffff,nb_acc,322.0,0.4447216658469338,3
89446c304b3ffff,Give_Way,0.1298245614035087,0.2892140388341115,4
89446c304b3ffff,Traffic_Signal,0.4631578947368421,0.1634332185885525,5
89446c304b3ffff,mean_vis,8.84505300353357,-0.10411552272297944,6
89446ca846fffff,n_acc,158.0,3.3998043365538893,1
89446ca846fffff,n_recent,45.0,3.258773633425838,2
89446ca846fffff,mean_sev,2.518987341772152,0.19059478413635655,3
89446ca846fffff,Traffic_Signal,0.4936708860759494,0.18829506538191132,4
89446ca846fffff,share_night,0.2278481012658227,0.1467645291785081,5
89446ca846fffff,nb_acc,58.0,0.1385641037110567,6
89446c30517ffff,n_acc,139.0,3.3563232073302625,1
89446c30517ffff,n_recent,36.0,2.982830926530263,2
89446c30517ffff,nb_acc,341.0,0.6047292511124399,3
89446c30517ffff,mean_sev,2.4388489208633093,0.2327325261802624,4
89446c30517ffff,Stop,0.2517985611510791,0.20465045857513628,5
89446c30517ffff,Junction,0.4676258992805755,0.0889539507415966,6
89446ca8ebbffff,n_acc,188.0,3.2644482720893344,1
89446ca8ebbffff,n_recent,67.0,3.080329638292817,2
89446ca8ebbffff,nb_acc,265.0,0.6237163119389012,3
89446ca8ebbffff,Traffic_Signal,0.2074468085106383,0.5274687633810741,4
89446ca8ebbffff,mean_sev,2.3351063829787235,0.2973720657453758,5
89446ca8ebbffff,Junction,0.1489361702127659,0.18547594172325776,6
89446ca893bffff,n_recent,65.0,3.145393823513557,1
89446ca893bffff,n_acc,325.0,2.9535284739996266,2
89446ca893bffff,nb_acc,214.0,0.6374486947464277,3
89446ca893bffff,Traffic_Signal,0.556923076923077,0.27977370316248323,4
89446ca893bffff,mean_vis,9.163607594936709,0.10441056407474889,5
89446ca893bffff,share_night,0.2338461538461538,0.10273551557614266,6
89446cacb4fffff,n_acc,82.0,3.5400607666089363,1
89446cacb4fffff,n_recent,37.0,3.49340664675248,2
89446cacb4fffff,Traffic_Signal,0.2926829268292683,0.36912014712919045,3
89446cacb4fffff,nb_acc,22.0,-0.2626043425785596,4
89446cacb4fffff,mean_vis,8.448170731707316,0.24448679792130354,5
89446cacb4fffff,mean_sev,2.207317073170732,0.22475849853434973,6
89446c30497ffff,n_recent,45.0,3.3445572358771862,1
89446c30497ffff,n_acc,80.0,3.2241787730619196,2
89446c30497ffff,nb_acc,150.0,0.483847802666029,3
89446c30497ffff,mean_sev,2.325,0.35859524350249905,4
89446c30497ffff,Stop,0.075,0.09939861134798686,5
89446c30497ffff,share_rain,0.025,0.05716926092148783,6
89446ca18cfffff,n_recent,38.0,3.2586700167514104,1
89446ca18cfffff,n_acc,101.0,3.108195868129702,2
89446ca18cfffff,mean_sev,2.366336633663366,0.32834890433897723,3
89446ca18cfffff,Traffic_Signal,0.396039603960396,0.2944820506013612,4
89446ca18cfffff,nb_acc,86.0,0.20351741391231187,5
89446ca18cfffff,share_night,0.2376237623762376,0.11250483347981118,6
89446caf44bffff,n_recent,103.0,3.311260224076012,1
89446caf44bffff,n_acc,190.0,3.2292296006457906,2
89446caf44bffff,nb_acc,383.0,0.794337141972593,3
89446caf44bffff,share_rain,0.1894736842105263,0.21140613583065515,4
89446caf44bffff,mean_vis,8.286612903225807,0.16543863465268263,5
89446caf44bffff,mean_sev,2.468421052631579,0.14609547724362146,6
89446cad817ffff,n_acc,143.0,3.319567329684667,1
89446cad817ffff,n_recent,41.0,3.2557290627737823,2
89446cad817ffff,Traffic_Signal,0.5454545454545454,0.27639268403882494,3
89446cad817ffff,Give_Way,0.0699300699300699,0.23230458304050994,4
89446cad817ffff,nb_acc,87.0,0.21403891021465518,5
89446cad817ffff,mean_vis,9.052447552447552,0.1162267476903862,6
89446cac6a7ffff,n_recent,39.0,3.392145406967407,1
89446cac6a7ffff,n_acc,149.0,3.15360030344381,2
89446cac6a7ffff,Traffic_Signal,0.2080536912751678,0.46203477361652945,3
89446cac6a7ffff,nb_acc,74.0,0.2545398598623181,4
89446cac6a7ffff,mean_vis,8.496043165467626,0.21605632433892394,5
89446cac6a7ffff,share_rain,0.1812080536912751,0.16850866590481603,6
89446caf457ffff,n_acc,109.0,3.287842407525435,1
89446caf457ffff,n_recent,45.0,3.1394420047813174,2
89446caf457ffff,nb_acc,365.0,0.5665850777475339,3
89446caf457ffff,Junction,0.2018348623853211,0.2648380209898664,4
89446caf457ffff,Traffic_Signal,0.4862385321100917,0.22698734826674655,5
89446caf457ffff,mean_vis,9.048076923076923,0.08295181606128653,6
89446cad463ffff,n_recent,44.0,3.3971694964776513,1
89446cad463ffff,n_acc,150.0,3.01883125575008,2
89446cad463ffff,nb_acc,120.0,0.36065712302854175,3
89446cad463ffff,mean_sev,2.78,0.2927297192669399,4
89446cad463ffff,Traffic_Signal,0.42,0.24608020732647842,5
89446cad463ffff,Crossing,0.22,-0.11573769308788226,6
89446c331b3ffff,n_recent,59.0,3.0708330598885882,1
89446c331b3ffff,n_acc,225.0,2.9429128898904997,2
89446c331b3ffff,nb_acc,110.0,0.47267650920135884,3
89446c331b3ffff,Traffic_Signal,0.4977777777777777,0.21166545940173678,4
89446c331b3ffff,Junction,0.1822222222222222,0.17623485687238247,5
89446c331b3ffff,mean_sev,2.671111111111111,0.15650873452707312,6
89446c1411bffff,n_acc,74.0,3.309298780833135,1
89446c1411bffff,n_recent,45.0,3.176279119390138,2
89446c1411bffff,nb_acc,169.0,0.3768117839687877,3
89446c1411bffff,Give_Way,0.081081081081081,0.31900712216372895,4
89446c1411bffff,Traffic_Signal,0.7432432432432432,0.14956248794607094,5
89446c1411bffff,share_night,0.1081081081081081,-0.0929274513799442,6
89446c06b3bffff,n_acc,94.0,3.2327177738417947,1
89446c06b3bffff,n_recent,32.0,3.1435867725385847,2
89446c06b3bffff,nb_acc,119.0,0.332219068618374,3
89446c06b3bffff,mean_sev,2.393617021276596,0.24232518548680154,4
89446c06b3bffff,Stop,0.1382978723404255,0.15007107329732125,5
89446c06b3bffff,Traffic_Signal,0.4361702127659574,0.1258847996505781,6
89446c0431bffff,n_acc,102.0,3.204735595889481,1
89446c0431bffff,n_recent,37.0,3.0825678756505823,2
89446c0431bffff,nb_acc,109.0,0.3952094900812175,3
89446c0431bffff,Traffic_Signal,0.6568627450980392,0.3349202806817107,4
89446c0431bffff,mean_sev,2.617647058823529,0.16987579901105113,5
89446c0431bffff,share_rain,0.1862745098039215,0.10750233764973126,6
89446caaea7ffff,n_acc,81.0,3.2171416696633313,1
89446caaea7ffff,n_recent,30.0,3.1833434163144116,2
89446caaea7ffff,Traffic_Signal,0.1975308641975308,0.3854101779906589,3
89446caaea7ffff,nb_acc,160.0,0.31904717639033636,4
89446caaea7ffff,mean_sev,2.617283950617284,0.12434167295508795,5
89446caaea7ffff,share_night,0.1851851851851851,0.059098517031394994,6
89446ca1d77ffff,n_recent,112.0,3.308877936924331,1
89446ca1d77ffff,n_acc,358.0,3.2754561219220424,2
89446ca1d77ffff,nb_acc,266.0,0.5806793737441649,3
89446ca1d77ffff,mean_vis,9.355307262569832,0.14107473409435112,4
89446ca1d77ffff,share_night,0.2374301675977653,0.12087685373117557,5
89446ca1d77ffff,mean_sev,2.016759776536313,0.06341057683956647,6
89446c32417ffff,n_acc,71.0,3.2720257833474755,1
89446c32417ffff,n_recent,39.0,2.767088096168385,2
89446c32417ffff,nb_acc,283.0,0.6336221241594756,3
89446c32417ffff,Traffic_Signal,0.2112676056338028,0.5747392373463842,4
89446c32417ffff,Stop,0.1971830985915492,-0.26390034679134755,5
89446c32417ffff,mean_vis,9.190845070422537,0.22177482213306535,6
89446c34443ffff,n_acc,76.0,3.6104576081409947,1
89446c34443ffff,n_recent,21.0,3.475069688339025,2
89446c34443ffff,Traffic_Signal,0.7368421052631579,0.2846820468419135,3
89446c34443ffff,nb_acc,20.0,-0.12967341005857086,4
89446c34443ffff,share_night,0.2763157894736842,0.11891602866688991,5
89446c34443ffff,mean_vis,9.328947368421051,0.0774213279762121,6
89446c224bbffff,n_acc,96.0,3.3343773753273074,1
89446c224bbffff,n_recent,31.0,3.3342618688487304,2
89446c224bbffff,nb_acc,277.0,0.5883306385277174,3
89446c224bbffff,Traffic_Signal,0.7708333333333334,0.2110164789950805,4
89446c224bbffff,share_night,0.28125,0.1363832894034502,5
89446c224bbffff,mean_vis,8.578125,0.09681009200963438,6
89446ca981bffff,n_acc,163.0,3.0774491974557394,1
89446ca981bffff,n_recent,48.0,2.8472819791448045,2
89446ca981bffff,mean_sev,2.374233128834356,0.4277317376691745,3
89446ca981bffff,Traffic_Signal,0.5766871165644172,0.31374608379690294,4
89446ca981bffff,Stop,0.263803680981595,0.3015569139309771,5
89446ca981bffff,mean_vis,9.179012345679013,0.15294080079438657,6
89446c304a7ffff,n_recent,59.0,3.1477009435890135,1
89446c304a7ffff,n_acc,301.0,2.9511045575225086,2
89446c304a7ffff,nb_acc,170.0,0.38995620484400234,3
89446c304a7ffff,Traffic_Signal,0.574750830564784,0.2407224121068431,4
89446c304a7ffff,Junction,0.2126245847176079,0.1557937181132265,5
89446c304a7ffff,Stop,0.0465116279069767,0.11119263391737934,6
89446cacbcbffff,n_acc,178.0,3.4634712053915004,1
89446cacbcbffff,n_recent,42.0,2.9643505722176577,2
89446cacbcbffff,Give_Way,0.1404494382022472,0.24863919895498043,3
89446cacbcbffff,Traffic_Signal,0.7471910112359551,0.2291414053359711,4
89446cacbcbffff,nb_acc,57.0,0.16244498636526114,5
89446cacbcbffff,mean_vis,9.274011299435028,0.0664023508319812,6
89446cad20bffff,n_acc,171.0,3.410845551994786,1
89446cad20bffff,n_recent,41.0,3.236306712041404,2
89446cad20bffff,nb_acc,100.0,0.2781491545724361,3
89446cad20bffff,Traffic_Signal,0.8362573099415205,0.17527726148345454,4
89446cad20bffff,mean_sev,2.52046783625731,0.16592740978047577,5
89446cad20bffff,mean_vis,8.507575757575758,0.10138824937510058,6
89446ca8c7bffff,n_acc,167.0,3.420066051665292,1
89446ca8c7bffff,n_recent,50.0,3.17705867347796,2
89446ca8c7bffff,Traffic_Signal,0.6047904191616766,0.3142167797644263,3
89446ca8c7bffff,nb_acc,175.0,0.31157474881246977,4
89446ca8c7bffff,mean_sev,2.3473053892215567,0.28538559918581585,5
89446ca8c7bffff,share_rain,0.029940119760479,0.08232861153219558,6
89446ca8dc3ffff,n_recent,36.0,3.2472374508205295,1
89446ca8dc3ffff,n_acc,112.0,3.041404772312633,2
89446ca8dc3ffff,nb_acc,164.0,0.3187159320058804,3
89446ca8dc3ffff,Give_Way,0.1339285714285714,0.3065780274490263,4
89446ca8dc3ffff,share_rain,0.0535714285714285,0.0907002272006823,5
89446ca8dc3ffff,mean_vis,8.964864864864865,-0.04226096423497992,6
89446ca928bffff,n_acc,99.0,3.346890821351482,1
89446ca928bffff,n_recent,30.0,3.203534576148854,2
89446ca928bffff,Give_Way,0.1212121212121212,0.32016773967299356,3
89446ca928bffff,Traffic_Signal,0.5050505050505051,0.25280397010561995,4
89446ca928bffff,mean_sev,2.4646464646464645,0.14384367143102025,5
89446ca928bffff,nb_acc,191.0,0.08675663767688517,6
89446c32a7bffff,n_recent,55.0,3.2707819512436105,1
89446c32a7bffff,n_acc,124.0,3.156666395422472,2
89446c32a7bffff,nb_acc,383.0,0.8772197095425844,3
89446c32a7bffff,mean_sev,2.4516129032258065,0.1442083977070411,4
89446c32a7bffff,share_night,0.3064516129032258,-0.12457465256387346,5
89446c32a7bffff,share_rain,0.064516129032258,0.11670020060467545,6
89446ca1b33ffff,n_acc,197.0,3.2250099575730737,1
89446ca1b33ffff,n_recent,138.0,3.0825397376148107,2
89446ca1b33ffff,nb_acc,329.0,0.5243141347944951,3
89446ca1b33ffff,Traffic_Signal,0.4314720812182741,0.29056379240027025,4
89446ca1b33ffff,mean_vis,9.516410256410255,0.23349155832873958,5
89446ca1b33ffff,share_rain,0.015228426395939,-0.05778843777118967,6
89446c33033ffff,n_recent,35.0,3.2685194497218917,1
89446c33033ffff,n_acc,361.0,3.127531819793748,2
89446c33033ffff,nb_acc,183.0,0.34907593261161035,3
89446c33033ffff,mean_sev,2.916897506925208,0.2224927031301412,4
89446c33033ffff,share_rain,0.0415512465373961,0.13100657790195924,5
89446c33033ffff,share_night,0.1772853185595568,0.10515918531152796,6
89446ca8907ffff,n_acc,109.0,3.270646847517724,1
89446ca8907ffff,n_recent,25.0,3.0903709020454455,2
89446ca8907ffff,Traffic_Signal,0.2018348623853211,0.4348128515290513,3
89446ca8907ffff,nb_acc,349.0,0.4038741959017227,4
89446ca8907ffff,mean_sev,2.458715596330275,0.34307741351710264,5
89446ca8907ffff,share_night,0.2201834862385321,-0.06177170618873821,6
89446ca9057ffff,n_acc,91.0,3.2488352897116908,1
89446ca9057ffff,n_recent,20.0,2.6567875623556625,2
89446ca9057ffff,mean_sev,2.4065934065934065,0.333166605839571,3
89446ca9057ffff,Traffic_Signal,0.4065934065934066,0.3228414935389688,4
89446ca9057ffff,nb_acc,83.0,0.3190479455091147,5
89446ca9057ffff,mean_vis,9.428571428571429,0.2716468458126821,6
89446c0618bffff,n_acc,98.0,3.2390029730878878,1
89446c0618bffff,n_recent,28.0,3.1664672860280447,2
89446c0618bffff,nb_acc,231.0,0.7917954553034267,3
89446c0618bffff,Stop,0.1530612244897959,0.2233999700175336,4
89446c0618bffff,mean_sev,2.6122448979591835,0.19863005525407423,5
89446c0618bffff,Junction,0.2142857142857142,0.18166117623666872,6
89446c32493ffff,n_acc,87.0,3.3850244603371147,1
89446c32493ffff,n_recent,31.0,3.007115578049468,2
89446c32493ffff,nb_acc,184.0,0.5061017535811227,3
89446c32493ffff,Traffic_Signal,0.1954022988505747,0.4146973036137292,4
89446c32493ffff,Amenity,0.1149425287356321,-0.38436136075285104,5
89446c32493ffff,Stop,0.4597701149425287,0.16518205603221572,6
89446ca0e43ffff,n_acc,75.0,3.340919873750209,1
89446ca0e43ffff,n_recent,40.0,3.1955339334989334,2
89446ca0e43ffff,nb_acc,307.0,0.48140298193380293,3
89446ca0e43ffff,Traffic_Signal,0.7466666666666667,0.22433265598638064,4
89446ca0e43ffff,share_night,0.1733333333333333,0.06557469303322688,5
89446ca0e43ffff,Stop,0.0,-0.03076633676196614,6
89446ca8203ffff,n_recent,26.0,3.1048969715683317,1
89446ca8203ffff,n_acc,61.0,2.9032016366812576,2
89446ca8203ffff,nb_acc,205.0,0.6437183794647078,3
89446ca8203ffff,Traffic_Signal,0.4098360655737705,0.37644752314111113,4
89446ca8203ffff,Stop,0.5081967213114754,0.1974237525837732,5
89446ca8203ffff,mean_vis,9.134426229508197,0.1706985845167597,6
89446ca98cfffff,n_acc,149.0,3.1944349566400243,1
89446ca98cfffff,n_recent,29.0,3.0910574361794834,2
89446ca98cfffff,nb_acc,388.0,0.6647231466183607,3
89446ca98cfffff,mean_sev,2.25503355704698,0.4127325995446366,4
89446ca98cfffff,Traffic_Signal,0.4966442953020134,0.23775827807279404,5
89446ca98cfffff,share_rain,0.0536912751677852,0.09917071631046845,6
89446cad9b7ffff,n_acc,102.0,3.6523088297022013,1
89446cad9b7ffff,n_recent,36.0,3.5008344896323367,2
89446cad9b7ffff,Traffic_Signal,0.5490196078431373,0.3101120601822355,3
89446cad9b7ffff,nb_acc,19.0,-0.12081392514622455,4
89446cad9b7ffff,mean_sev,2.0980392156862746,-0.09363045185987853,5
89446cad9b7ffff,mean_vis,9.019117647058824,0.08855909869630013,6
89446c36acbffff,n_acc,149.0,3.293668773028528,1
89446c36acbffff,n_recent,27.0,3.2288111624997144,2
89446c36acbffff,Give_Way,0.087248322147651,0.32142689496768145,3
89446c36acbffff,nb_acc,105.0,0.3032927234392184,4
89446c36acbffff,mean_vis,9.197297297297297,0.05590868499699313,5
89446c36acbffff,share_rain,0.0402684563758389,0.04173083656310566,6
89446caac27ffff,n_acc,72.0,3.371692653889997,1
89446caac27ffff,n_recent,30.0,3.1901336889593077,2
89446caac27ffff,Traffic_Signal,0.3055555555555556,0.41907977834054083,3
89446caac27ffff,nb_acc,72.0,0.2410652498901142,4
89446caac27ffff,share_night,0.2222222222222222,0.10810075222872298,5
89446caac27ffff,mean_vis,9.31338028169014,0.08954459555253574,6
89446c16a4fffff,n_acc,166.0,3.4364460424529386,1
89446c16a4fffff,n_recent,24.0,3.313449378298333,2
89446c16a4fffff,Traffic_Signal,0.2289156626506024,0.5847775778866139,3
89446c16a4fffff,nb_acc,59.0,0.14950088919557336,4
89446c16a4fffff,Give_Way,0.2289156626506024,0.10848331834022516,5
89446c16a4fffff,share_rain,0.0662650602409638,0.06336771305778162,6
89446ca508bffff,n_acc,186.0,3.2778414368576345,1
89446ca508bffff,n_recent,45.0,3.1462143680653276,2
89446ca508bffff,mean_vis,9.420698924731182,0.2654405589298896,3
89446ca508bffff,nb_acc,96.0,0.25364417552702245,4
89446ca508bffff,Traffic_Signal,0.8870967741935484,0.14342372040936058,5
89446ca508bffff,share_night,0.1774193548387097,0.07876496686144185,6
89446c36307ffff,n_acc,123.0,3.5631426269524913,1
89446c36307ffff,n_recent,30.0,3.3490032570192847,2
89446c36307ffff,share_night,0.2276422764227642,0.32160706527716343,3
89446c36307ffff,nb_acc,6.0,-0.1969583777946208,4
89446c36307ffff,mean_vis,9.447560975609756,0.12575051138729787,5
89446c36307ffff,share_rain,0.0975609756097561,-0.09491161940000017,6
89446c321bbffff,n_recent,25.0,3.0652114292571624,1
89446c321bbffff,n_acc,53.0,2.0513698390567865,2
89446c321bbffff,nb_acc,217.0,0.6905402939594816,3
89446c321bbffff,mean_sev,2.320754716981132,0.36416801630021794,4
89446c321bbffff,Give_Way,0.0943396226415094,0.334295911180286,5
89446c321bbffff,Stop,0.4339622641509434,0.27481974039099816,6
89446caf5a3ffff,n_acc,123.0,3.298944001630617,1
89446caf5a3ffff,n_recent,61.0,3.2073477237701993,2
89446caf5a3ffff,nb_acc,133.0,0.412312211140009,3
89446caf5a3ffff,Traffic_Signal,0.7398373983739838,0.2650730006848342,4
89446caf5a3ffff,Stop,0.065040650406504,0.05300350769074614,5
89446caf5a3ffff,Crossing,0.0,0.03767576993358088,6
89446ca0b07ffff,n_acc,91.0,3.4091626276442533,1
89446ca0b07ffff,n_recent,37.0,3.164497450096452,2
89446ca0b07ffff,nb_acc,70.0,0.368516634463866,3
89446ca0b07ffff,Traffic_Signal,0.6483516483516484,0.24754787545003268,4
89446ca0b07ffff,mean_vis,9.417582417582418,0.2459537339453431,5
89446ca0b07ffff,Stop,0.0,-0.03333580810148729,6
89446ca0a7bffff,n_acc,90.0,3.1818569603001112,1
89446ca0a7bffff,n_recent,90.0,3.151200017568441,2
89446ca0a7bffff,nb_acc,379.0,0.8520962416248025,3
89446ca0a7bffff,share_night,0.0222222222222222,-0.09033950934310704,4
89446ca0a7bffff,Traffic_Signal,0.0222222222222222,-0.07591596220319834,5
89446ca0a7bffff,share_rain,0.1555555555555555,0.04277737782262026,6
89446caf613ffff,n_recent,53.0,3.2169765652610485,1
89446caf613ffff,n_acc,139.0,3.2157121007151925,2
89446caf613ffff,nb_acc,165.0,0.353129212287812,3
89446caf613ffff,Traffic_Signal,0.39568345323741,0.30207427074644755,4
89446caf613ffff,share_rain,0.0503597122302158,0.07369165886250809,5
89446caf613ffff,mean_sev,2.6043165467625897,0.06113273817506778,6
89446c048bbffff,n_acc,79.0,3.379187827338007,1
89446c048bbffff,n_recent,28.0,3.2667675747602765,2
89446c048bbffff,Traffic_Signal,0.4050632911392405,0.3725264910665087,3
89446c048bbffff,share_night,0.240506329113924,0.2529469383668743,4
89446c048bbffff,Stop,0.5189873417721519,0.21083083596606444,5
89446c048bbffff,mean_vis,9.186075949367089,0.15079937992174774,6
89446cae683ffff,n_acc,143.0,3.3249291001383847,1
89446cae683ffff,n_recent,46.0,3.186770756756412,2
89446cae683ffff,nb_acc,314.0,0.3887343719639015,3
89446cae683ffff,Give_Way,0.0629370629370629,0.20614443776819497,4
89446cae683ffff,Traffic_Signal,0.5174825174825175,0.2049184211384379,5
89446cae683ffff,share_night,0.2447552447552447,0.06591082844762519,6
89446c34527ffff,n_recent,22.0,3.155399304438672,1
89446c34527ffff,n_acc,55.0,2.453221404226401,2
89446c34527ffff,nb_acc,200.0,0.6592197131016722,3
89446c34527ffff,Traffic_Signal,0.3272727272727272,0.4922757263636629,4
89446c34527ffff,Give_Way,0.2545454545454545,0.14662516159190542,5
89446c34527ffff,mean_vis,9.245454545454546,0.1454461514474362,6
89446c04c2fffff,n_acc,104.0,3.5063911305237627,1
89446c04c2fffff,n_recent,27.0,3.2086558500828612,2
89446c04c2fffff,Traffic_Signal,0.6634615384615384,0.29555995109326,3
89446c04c2fffff,mean_sev,2.644230769230769,0.24188133627797878,4
89446c04c2fffff,nb_acc,61.0,0.12514718017731224,5
89446c04c2fffff,Junction,0.0673076923076923,-0.1215580433111815,6
89446ca8e57ffff,n_acc,84.0,3.22975015418713,1
89446ca8e57ffff,n_recent,35.0,3.191106756250469,2
89446ca8e57ffff,nb_acc,239.0,0.729295506648279,3
89446ca8e57ffff,Junction,0.1547619047619047,0.2422780393701567,4
89446ca8e57ffff,mean_sev,2.452380952380953,0.1846813976402063,5
89446ca8e57ffff,Stop,0.0238095238095238,0.10293840108049063,6
89446cac50bffff,n_acc,129.0,3.309597380363759,1
89446cac50bffff,n_recent,32.0,3.2301938041053946,2
89446cac50bffff,Give_Way,0.0697674418604651,0.2606022668255075,3
89446cac50bffff,nb_acc,94.0,0.24654381059471775,4
89446cac50bffff,Traffic_Signal,0.5193798449612403,0.1884994601049214,5
89446cac50bffff,share_rain,0.0542635658914728,0.0416424679392998,6
89446c333afffff,n_recent,29.0,3.3037835674067857,1
89446c333afffff,n_acc,82.0,2.960838282282557,2
89446c333afffff,Traffic_Signal,0.6097560975609756,0.3458587421803896,3
89446c333afffff,Give_Way,0.1341463414634146,0.27853892292727217,4
89446c333afffff,mean_vis,9.32716049382716,0.11356727628852104,5
89446c333afffff,nb_acc,62.0,0.10725325837739394,6
89446caf62bffff,n_recent,34.0,3.2891634065087785,1
89446caf62bffff,n_acc,83.0,3.2712096653841396,2
89446caf62bffff,nb_acc,84.0,0.3677089314631034,3
89446caf62bffff,Traffic_Signal,0.6867469879518072,0.14533065995245134,4
89446caf62bffff,Crossing,0.6867469879518072,-0.09675081905720942,5
89446caf62bffff,mean_vis,8.701234567901235,0.07072575138422772,6
89446ca9d3bffff,n_acc,99.0,3.3596341042119304,1
89446ca9d3bffff,n_recent,47.0,3.25100350597267,2
89446ca9d3bffff,nb_acc,187.0,0.352795398065877,3
89446ca9d3bffff,Traffic_Signal,0.5050505050505051,0.2805389680787244,4
89446ca9d3bffff,Stop,0.404040404040404,0.17669971828552128,5
89446ca9d3bffff,mean_vis,9.208333333333334,0.14736510115970197,6
89446ca8647ffff,n_recent,40.0,3.260153764495768,1
89446ca8647ffff,n_acc,188.0,3.121707748969667,2
89446ca8647ffff,Traffic_Signal,0.2765957446808511,0.4918525267619871,3
89446ca8647ffff,nb_acc,121.0,0.3104958860348147,4
89446ca8647ffff,mean_sev,2.4468085106382977,0.10325704038318664,5
89446ca8647ffff,share_rain,0.0425531914893617,0.059034833189334175,6
89446c3318fffff,n_recent,21.0,3.231030586410487,1
89446c3318fffff,n_acc,126.0,3.060508992835779,2
89446c3318fffff,nb_acc,245.0,0.7087507383767346,3
89446c3318fffff,Stop,0.0317460317460317,0.14697628263099238,4
89446c3318fffff,mean_vis,8.824603174603176,0.10963269144426081,5
89446c3318fffff,share_night,0.2142857142857142,-0.061358197512600035,6
89446ca1a3bffff,n_recent,43.0,3.424864666343541,1
89446ca1a3bffff,n_acc,162.0,3.168415060810495,2
89446ca1a3bffff,nb_acc,82.0,0.2458774815414607,3
89446ca1a3bffff,Traffic_Signal,0.8209876543209876,0.2350108521447168,4
89446ca1a3bffff,mean_sev,2.4753086419753085,0.18065922466659295,5
89446ca1a3bffff,Give_Way,0.228395061728395,0.08518940046424857,6
89446ca8c73ffff,n_acc,57.0,2.840526717588549,1
89446ca8c73ffff,n_recent,20.0,2.5917604127525107,2
89446ca8c73ffff,nb_acc,295.0,0.5311233169190279,3
89446ca8c73ffff,mean_sev,2.473684210526316,0.36315536891611216,4
89446ca8c73ffff,Give_Way,0.1228070175438596,0.28697039044246664,5
89446ca8c73ffff,mean_vis,9.330357142857142,0.1952252093286407,6
89446caf607ffff,n_recent,30.0,3.3364844029666916,1
89446caf607ffff,n_acc,102.0,3.2579340079333448,2
89446caf607ffff,Traffic_Signal,0.6470588235294118,0.3669890082422929,3
89446caf607ffff,nb_acc,93.0,0.2451956564758429,4
89446caf607ffff,Stop,0.0980392156862745,0.0691738478302888,5
89446caf607ffff,mean_vis,8.374897959183674,0.06135363696875296,6
89446ca5897ffff,n_recent,42.0,3.0792628326128386,1
89446ca5897ffff,n_acc,113.0,3.040053701016453,2
89446ca5897ffff,mean_sev,2.911504424778761,0.4364067886840095,3
89446ca5897ffff,nb_acc,99.0,0.4059888373814229,4
89446ca5897ffff,mean_vis,9.410714285714286,0.18749472414155643,5
89446ca5897ffff,share_rain,0.0884955752212389,-0.12234973331056746,6
89446caf447ffff,n_acc,173.0,3.3120597442468718,1
89446caf447ffff,n_recent,89.0,3.1688466393877386,2
89446caf447ffff,nb_acc,277.0,0.5121328176888215,3
89446caf447ffff,Traffic_Signal,0.6473988439306358,0.22941225210178154,4
89446caf447ffff,mean_vis,9.093859649122807,-0.06289167219276016,5
89446caf447ffff,mean_sev,2.005780346820809,0.04251926688651455,6
89446c332b7ffff,n_recent,34.0,3.175881024290345,1
89446c332b7ffff,n_acc,99.0,3.157618055195902,2
89446c332b7ffff,Give_Way,0.0808080808080808,0.3117228150331839,3
89446c332b7ffff,Traffic_Signal,0.5656565656565656,0.21598368280936084,4
89446c332b7ffff,nb_acc,88.0,0.17722060069832302,5
89446c332b7ffff,share_night,0.2222222222222222,0.13507385952000708,6
89446ca0e57ffff,n_recent,24.0,3.2792448099342746,1
89446ca0e57ffff,n_acc,86.0,3.2708743630619606,2
89446ca0e57ffff,nb_acc,130.0,0.3668562144964955,3
89446ca0e57ffff,Traffic_Signal,0.7906976744186046,0.24256160787336864,4
89446ca0e57ffff,share_night,0.2325581395348837,0.1455080371923791,5
89446ca0e57ffff,mean_vis,9.22093023255814,0.09214201595329621,6
89446c0435bffff,n_recent,33.0,3.2752015186333585,1
89446c0435bffff,n_acc,90.0,3.243429831682673,2
89446c0435bffff,nb_acc,87.0,0.3280531068085699,3
89446c0435bffff,share_rain,0.1888888888888888,0.10892899977416698,4
89446c0435bffff,mean_sev,2.6222222222222222,0.09876688305446024,5
89446c0435bffff,mean_vis,8.844318181818181,-0.04714569313701856,6
89446ca9b57ffff,n_acc,96.0,3.4115068709432816,1
89446ca9b57ffff,n_recent,26.0,3.082260658617326,2
89446ca9b57ffff,Stop,0.3958333333333333,0.3694263254121028,3
89446ca9b57ffff,mean_sev,2.3125,0.29026360165959325,4
89446ca9b57ffff,share_night,0.2395833333333333,0.14588258420409478,5
89446ca9b57ffff,share_rain,0.09375,-0.11542061639912718,6
89446c02dc7ffff,n_recent,53.0,3.4803269884431507,1
89446c02dc7ffff,n_acc,137.0,3.4002756925216615,2
89446c02dc7ffff,share_night,0.2335766423357664,0.2284068404353296,3
89446c02dc7ffff,mean_vis,9.198175182481751,0.09778007233632675,4
89446c02dc7ffff,share_rain,0.1386861313868613,0.051397112818025475,5
89446c02dc7ffff,mean_sev,2.0291970802919708,0.045176953848646985,6
89446c3560bffff,n_acc,241.0,3.2192774619696714,1
89446c3560bffff,n_recent,63.0,3.1848134334827782,2
89446c3560bffff,Traffic_Signal,0.2365145228215767,0.562239077645283,3
89446c3560bffff,nb_acc,176.0,0.2809053677879158,4
89446c3560bffff,share_rain,0.0954356846473029,-0.11473487912878315,5
89446c3560bffff,mean_sev,2.655601659751037,0.08366835833429494,6
89446ca0e4bffff,n_acc,180.0,3.333433799605496,1
89446ca0e4bffff,n_recent,114.0,3.1600898235467123,2
89446ca0e4bffff,nb_acc,162.0,0.3978796289418884,3
89446ca0e4bffff,Traffic_Signal,0.4444444444444444,0.24224116305750834,4
89446ca0e4bffff,mean_vis,9.719444444444443,-0.0750408843351044,5
89446ca0e4bffff,share_night,0.3333333333333333,0.059400054985578356,6
89446c3234fffff,n_acc,88.0,3.188497026864762,1
89446c3234fffff,n_recent,34.0,3.098837773054435,2
89446c3234fffff,Traffic_Signal,0.6363636363636364,0.36368996347758803,3
89446c3234fffff,nb_acc,455.0,0.2800756382899557,4
89446c3234fffff,Stop,0.2386363636363636,0.2515107533979033,5
89446c3234fffff,share_night,0.2386363636363636,0.2058173604506477,6
89446ca1a37ffff,n_recent,41.0,3.279567870170546,1
89446ca1a37ffff,n_acc,106.0,3.2420313058874792,2
89446ca1a37ffff,nb_acc,82.0,0.2980345294689993,3
89446ca1a37ffff,Traffic_Signal,0.7547169811320755,0.26318932452791366,4
89446ca1a37ffff,mean_vis,8.802403846153847,0.15707244640282406,5
89446ca1a37ffff,share_rain,0.0660377358490566,0.034558428267351775,6
89446ca8eabffff,n_acc,78.0,3.290728259151007,1
89446ca8eabffff,n_recent,22.0,2.952353010701318,2
89446ca8eabffff,nb_acc,370.0,0.5350869439817141,3
89446ca8eabffff,Traffic_Signal,0.4230769230769231,0.45727078420185363,4
89446ca8eabffff,Amenity,0.0641025641025641,-0.23686431756233414,5
89446ca8eabffff,mean_vis,9.353246753246754,0.10337737991928309,6
89446ca1dc3ffff,n_acc,133.0,3.324535036325481,1
89446ca1dc3ffff,n_recent,26.0,3.1061573322522973,2
89446ca1dc3ffff,nb_acc,217.0,0.7228846148254277,3
89446ca1dc3ffff,Crossing,0.962406015037594,-0.2159802561113762,4
89446ca1dc3ffff,Traffic_Signal,0.518796992481203,0.08074571492589612,5
89446ca1dc3ffff,mean_vis,8.649230769230769,0.05531113888992146,6
89446cad3abffff,n_acc,82.0,3.3002476832213192,1
89446cad3abffff,n_recent,21.0,3.2298347820632776,2
89446cad3abffff,Traffic_Signal,0.3048780487804878,0.4171467264047829,3
89446cad3abffff,nb_acc,90.0,0.21805106594284665,4
89446cad3abffff,Stop,0.0975609756097561,0.07473629782569632,5
89446cad3abffff,share_night,0.2682926829268293,0.06010784501765395,6
89446caee0fffff,n_recent,24.0,3.186736279063665,1
89446caee0fffff,n_acc,168.0,3.05363684824308,2
89446caee0fffff,Traffic_Signal,0.2559523809523809,0.48521664049548474,3
89446caee0fffff,nb_acc,76.0,0.3791093364127087,4
89446caee0fffff,mean_sev,2.773809523809524,0.304010221053963,5
89446caee0fffff,share_rain,0.0714285714285714,0.07905004325992358,6
89446cada93ffff,n_acc,82.0,3.5681456814602424,1
89446cada93ffff,n_recent,27.0,3.4184584946198813,2
89446cada93ffff,Traffic_Signal,0.6707317073170732,0.3300925272839664,3
89446cada93ffff,nb_acc,23.0,-0.17378926431877573,4
89446cada93ffff,share_night,0.2439024390243902,0.12577076834672596,5
89446cada93ffff,mean_vis,8.535975609756099,-0.12473689654151388,6
89446caf54bffff,n_acc,103.0,3.216857092433211,1
89446caf54bffff,n_recent,21.0,3.1632552756569563,2
89446caf54bffff,Traffic_Signal,0.9029126213592232,0.3043794408099221,3
89446caf54bffff,nb_acc,120.0,0.28733193277598074,4
89446caf54bffff,Crossing,0.8932038834951457,0.15126858912481345,5
89446caf54bffff,mean_vis,9.215,0.09501474427536215,6
89446ca9d4fffff,n_acc,74.0,3.250687365379487,1
89446ca9d4fffff,n_recent,26.0,3.0683320494051034,2
89446ca9d4fffff,nb_acc,400.0,0.7712863600064397,3
89446ca9d4fffff,Traffic_Signal,0.4594594594594595,0.3313220210247938,4
89446ca9d4fffff,Amenity,0.1621621621621621,-0.28598791804317203,5
89446ca9d4fffff,Stop,0.2432432432432432,0.22893116781330658,6
89446caab27ffff,n_acc,102.0,3.326681407492869,1
89446caab27ffff,n_recent,30.0,3.181745704634383,2
89446caab27ffff,Traffic_Signal,0.5196078431372549,0.23713603643021183,3
89446caab27ffff,mean_sev,2.294117647058824,0.19627176102265947,4
89446caab27ffff,nb_acc,169.0,0.19112398620734325,5
89446caab27ffff,mean_vis,9.037373737373738,0.10994053478752974,6
89446ca19b7ffff,n_acc,208.0,3.383977343443338,1
89446ca19b7ffff,n_recent,133.0,3.1065446685212366,2
89446ca19b7ffff,nb_acc,186.0,0.39309912332391417,3
89446ca19b7ffff,Traffic_Signal,0.4567307692307692,0.19336196163375574,4
89446ca19b7ffff,share_rain,0.0961538461538461,-0.06497696731235861,5
89446ca19b7ffff,mean_sev,2.0,0.0312860288013057,6
89446c32a2bffff,n_acc,124.0,3.337564836764031,1
89446c32a2bffff,n_recent,26.0,3.2255737306154693,2
89446c32a2bffff,nb_acc,241.0,0.6973184821585275,3
89446c32a2bffff,Traffic_Signal,0.7661290322580645,0.25054119994439683,4
89446c32a2bffff,Stop,0.1935483870967742,-0.23122881312125546,5
89446c32a2bffff,share_night,0.2096774193548387,0.10731592227877178,6
89446c32697ffff,n_acc,106.0,3.2395616908518217,1
89446c32697ffff,n_recent,47.0,3.1639920815109535,2
89446c32697ffff,nb_acc,195.0,0.695277348269718,3
89446c32697ffff,Junction,0.0660377358490566,-0.12852816885997226,4
89446c32697ffff,share_rain,0.0566037735849056,0.10553516594928133,5
89446c32697ffff,mean_vis,8.860377358490567,0.037114918873959624,6
89446cb9b3bffff,n_recent,29.0,3.416784098281759,1
89446cb9b3bffff,n_acc,128.0,3.3539572047459014,2
89446cb9b3bffff,nb_acc,71.0,0.3124443743358626,3
89446cb9b3bffff,share_night,0.234375,0.11587545023346293,4
89446cb9b3bffff,Stop,0.015625,0.07657538461360444,5
89446cb9b3bffff,mean_vis,9.17741935483871,0.06315411213573847,6
89446c305c7ffff,n_recent,28.0,3.2188700553044787,1
89446c305c7ffff,n_acc,63.0,3.026708677695061,2
89446c305c7ffff,nb_acc,297.0,0.8295847058984667,3
89446c305c7ffff,mean_sev,2.4761904761904763,0.2293735758884808,4
89446c305c7ffff,Stop,0.0317460317460317,0.16131548319807393,5
89446c305c7ffff,Junction,0.4603174603174603,0.11059832951710241,6
89446cae5abffff,n_recent,116.0,3.2834923355492505,1
89446cae5abffff,n_acc,211.0,3.273950691305419,2
89446cae5abffff,nb_acc,140.0,0.438849784593491,3
89446cae5abffff,Traffic_Signal,0.5450236966824644,0.2359498120948319,4
89446cae5abffff,share_night,0.3222748815165877,0.08879992132019747,5
89446cae5abffff,mean_vis,9.637440758293838,-0.055523775061707,6
89446ca8a17ffff,n_recent,41.0,3.2639648519407225,1
89446ca8a17ffff,n_acc,70.0,3.20785250679,2
89446ca8a17ffff,Traffic_Signal,0.3285714285714285,0.38714152170044297,3
89446ca8a17ffff,nb_acc,100.0,0.23141755271279496,4
89446ca8a17ffff,mean_vis,9.611940298507465,-0.08446613948777337,5
89446ca8a17ffff,Crossing,0.5571428571428572,0.06133981154063357,6
89446ca9b5bffff,n_recent,51.0,3.147913610542955,1
89446ca9b5bffff,n_acc,107.0,2.9701512684584803,2
89446ca9b5bffff,nb_acc,256.0,0.8303345613096434,3
89446ca9b5bffff,Stop,0.0373831775700934,0.13212179227879564,4
89446ca9b5bffff,share_rain,0.0560747663551401,0.12891356199777954,5
89446ca9b5bffff,share_night,0.2990654205607476,-0.0908656759983866,6
89446ca5e33ffff,n_recent,56.0,3.2902892183718326,1
89446ca5e33ffff,n_acc,118.0,3.0254410058545482,2
89446ca5e33ffff,Traffic_Signal,0.1864406779661017,0.42211145697183844,3
89446ca5e33ffff,nb_acc,97.0,0.3544032871927566,4
89446ca5e33ffff,mean_sev,2.830508474576271,0.15891549634304308,5
89446ca5e33ffff,share_night,0.2457627118644068,-0.08787874857772801,6
89446ca9d8bffff,n_recent,83.0,3.27534974763286,1
89446ca9d8bffff,n_acc,311.0,2.8895146735860586,2
89446ca9d8bffff,nb_acc,379.0,0.7640457313423386,3
89446ca9d8bffff,Stop,0.0385852090032154,0.1578787232184179,4
89446ca9d8bffff,mean_vis,9.255280528052804,0.11549666759677804,5
89446ca9d8bffff,share_rain,0.0385852090032154,0.09398882181925813,6
89446ca1903ffff,n_acc,291.0,3.3016895852175505,1
89446ca1903ffff,n_recent,80.0,3.1834126180662246,2
89446ca1903ffff,nb_acc,132.0,0.4074537280759462,3
89446ca1903ffff,Traffic_Signal,0.570446735395189,0.2523783903200081,4
89446ca1903ffff,mean_vis,9.319655172413793,0.06492042112271805,5
89446ca1903ffff,Junction,0.0,0.033772295520275324,6
89446ca8e0fffff,n_recent,29.0,3.068204004849525,1
89446ca8e0fffff,n_acc,68.0,2.889816844860402,2
89446ca8e0fffff,nb_acc,397.0,0.6379243720769041,3
89446ca8e0fffff,Traffic_Signal,0.5441176470588235,0.2436274485790104,4
89446ca8e0fffff,mean_vis,9.315384615384616,0.1279087006481128,5
89446ca8e0fffff,Stop,0.1029411764705882,0.060230458900917494,6
89446ca1c23ffff,n_recent,21.0,3.343106296811988,1
89446ca1c23ffff,n_acc,61.0,2.804606279781248,2
89446ca1c23ffff,nb_acc,278.0,0.5968175532749047,3
89446ca1c23ffff,Traffic_Signal,0.5901639344262295,0.2888338170802838,4
89446ca1c23ffff,share_night,0.2786885245901639,0.20629363561716052,5
89446ca1c23ffff,mean_vis,8.503333333333334,0.1497826267771915,6
89446c33497ffff,n_recent,46.0,3.3430781290992653,1
89446c33497ffff,n_acc,129.0,2.9189103787609008,2
89446c33497ffff,nb_acc,234.0,0.6627047412642811,3
89446c33497ffff,mean_vis,8.824806201550388,0.13652008221782982,4
89446c33497ffff,share_rain,0.0387596899224806,0.07688255792987068,5
89446c33497ffff,share_night,0.2790697674418604,0.0642504333298244,6
89446ca8563ffff,n_acc,89.0,3.3482436006380136,1
89446ca8563ffff,n_recent,40.0,3.2421510514454464,2
89446ca8563ffff,nb_acc,69.0,0.27917871132564176,3
89446ca8563ffff,Traffic_Signal,0.7415730337078652,0.21295271867982932,4
89446ca8563ffff,Crossing,0.5393258426966292,-0.06465538272576052,5
89446ca8563ffff,share_night,0.2022471910112359,0.05039759946536172,6
89446c354b7ffff,n_recent,25.0,3.491225152006857,1
89446c354b7ffff,n_acc,92.0,3.368766900402564,2
89446c354b7ffff,nb_acc,70.0,0.4527454665836607,3
89446c354b7ffff,mean_vis,8.626086956521739,0.17116108961599463,4
89446c354b7ffff,share_rain,0.1521739130434782,0.09979191033750524,5
89446c354b7ffff,Stop,0.0108695652173913,0.06083393266992928,6
89446cac5c7ffff,n_recent,76.0,3.354465305857907,1
89446cac5c7ffff,n_acc,328.0,3.228911446315448,2
89446cac5c7ffff,nb_acc,212.0,0.726615298285619,3
89446cac5c7ffff,mean_sev,2.463414634146341,0.11915927031617908,4
89446cac5c7ffff,Give_Way,0.0396341463414634,0.08537010570105254,5
89446cac5c7ffff,share_night,0.2530487804878049,-0.05696678405098248,6
89446c324bbffff,n_acc,85.0,3.310417322640199,1
89446c324bbffff,n_recent,28.0,3.1879589794427448,2
89446c324bbffff,nb_acc,345.0,0.5792737855685518,3
89446c324bbffff,Amenity,0.0470588235294117,-0.08473310907565837,4
89446c324bbffff,share_rain,0.0470588235294117,0.07960639937038776,5
89446c324bbffff,Crossing,0.0470588235294117,0.07761273441742947,6
89446ca8423ffff,n_acc,105.0,3.2549197869044657,1
89446ca8423ffff,n_recent,34.0,3.196768250491346,2
89446ca8423ffff,nb_acc,75.0,0.29780942813414435,3
89446ca8423ffff,Traffic_Signal,0.6095238095238096,0.2977624292058739,4
89446ca8423ffff,Give_Way,0.1714285714285714,0.2774062928583654,5
89446ca8423ffff,Railway,0.3809523809523809,-0.16956135219863847,6
89446c14b23ffff,n_acc,114.0,3.5692617654547205,1
89446c14b23ffff,n_recent,25.0,3.4871004987626844,2
89446c14b23ffff,Traffic_Signal,0.7368421052631579,0.2888191627663079,3
89446c14b23ffff,share_night,0.2807017543859649,0.11670418453813215,4
89446c14b23ffff,share_rain,0.131578947368421,-0.0962691904859908,5
89446c14b23ffff,Give_Way,0.6666666666666666,-0.07037955527476508,6
89446ca038bffff,n_recent,33.0,3.330039040183435,1
89446ca038bffff,n_acc,100.0,3.238996541138648,2
89446ca038bffff,nb_acc,158.0,0.3525424089736917,3
89446ca038bffff,mean_sev,2.29,0.13991767660828408,4
89446ca038bffff,mean_vis,9.31,0.046141299635951885,5
89446ca038bffff,Stop,0.0,-0.04488365995506408,6
89446ca1c2bffff,n_recent,54.0,3.311598538133439,1
89446ca1c2bffff,n_acc,220.0,3.1259289217827027,2
89446ca1c2bffff,nb_acc,127.0,0.36527821246974923,3
89446ca1c2bffff,Traffic_Signal,0.7,0.17406704238039417,4
89446ca1c2bffff,mean_sev,2.5,0.09237991937332321,5
89446ca1c2bffff,Stop,0.0363636363636363,0.07801615458158999,6
89446c35213ffff,n_recent,68.0,3.3380979632107084,1
89446c35213ffff,n_acc,267.0,2.988124295477383,2
89446c35213ffff,nb_acc,215.0,0.6154278972042228,3
89446c35213ffff,mean_vis,9.165168539325842,0.0812219662557673,4
89446c35213ffff,Stop,0.0,-0.04705683332043956,5
89446c35213ffff,share_rain,0.0749063670411985,0.026047953536283083,6
89446ca8e77ffff,n_recent,23.0,3.2753713535772633,1
89446ca8e77ffff,n_acc,65.0,3.1309809970374793,2
89446ca8e77ffff,Traffic_Signal,0.3846153846153846,0.28154670869874016,3
89446ca8e77ffff,nb_acc,177.0,0.2794032928769431,4
89446ca8e77ffff,share_rain,0.2,0.23187333694827364,5
89446ca8e77ffff,mean_vis,8.29375,0.08024166443411608,6
89446c15c23ffff,n_acc,101.0,3.420201952027923,1
89446c15c23ffff,n_recent,27.0,3.1835706098199483,2
89446c15c23ffff,Traffic_Signal,0.2376237623762376,0.5902795771889052,3
89446c15c23ffff,nb_acc,67.0,0.295874031292773,4
89446c15c23ffff,Give_Way,0.5643564356435643,-0.10950728363353188,5
89446c15c23ffff,share_rain,0.1485148514851485,-0.10470203577960709,6
89446ca0a23ffff,n_acc,164.0,3.2489704383198816,1
89446ca0a23ffff,n_recent,95.0,3.2297098129322994,2
89446ca0a23ffff,nb_acc,126.0,0.40170623895768326,3
89446ca0a23ffff,Traffic_Signal,0.5365853658536586,0.18358084341970984,4
89446ca0a23ffff,Junction,0.0,0.03341030797773705,5
89446ca0a23ffff,Crossing,0.75,-0.032251807356045895,6
89446caf0c3ffff,n_recent,42.0,3.2587417431644385,1
89446caf0c3ffff,n_acc,95.0,3.225734367222446,2
89446caf0c3ffff,nb_acc,374.0,0.3765332638286658,3
89446caf0c3ffff,Traffic_Signal,0.4842105263157895,0.15697683196289175,4
89446caf0c3ffff,mean_vis,8.76063829787234,0.07554522260468509,5
89446caf0c3ffff,share_rain,0.0842105263157894,0.046498851637653646,6
89446c0696fffff,n_acc,72.0,3.210604526373162,1
89446c0696fffff,n_recent,24.0,3.184760694226262,2
89446c0696fffff,Traffic_Signal,0.3472222222222222,0.3497930133086141,3
89446c0696fffff,nb_acc,97.0,0.26711694809521974,4
89446c0696fffff,Stop,0.0972222222222222,0.0992186915904581,5
89446c0696fffff,share_night,0.2361111111111111,0.06094155424987354,6
89446cab52fffff,n_acc,123.0,3.4493519365277794,1
89446cab52fffff,n_recent,23.0,3.393037156755562,2
89446cab52fffff,mean_vis,8.825,0.19167468983830596,3
89446cab52fffff,share_night,0.2764227642276423,0.10347474312493367,4
89446cab52fffff,mean_sev,2.0569105691056917,0.0832133899567199,5
89446cab52fffff,nb_acc,27.0,-0.05577063538267521,6
89446c0483bffff,n_acc,90.0,3.43399408307082,1
89446c0483bffff,n_recent,62.0,3.2517166635449075,2
89446c0483bffff,Traffic_Signal,0.4333333333333333,0.24363073694575102,3
89446c0483bffff,nb_acc,55.0,0.14100636519712076,4
89446c0483bffff,mean_vis,9.308333333333334,0.0643100616196358,5
89446c0483bffff,share_night,0.1888888888888888,0.04419667622302329,6
89446ca9b1bffff,n_acc,110.0,3.3262940343580945,1
89446ca9b1bffff,n_recent,37.0,3.105035810361806,2
89446ca9b1bffff,Traffic_Signal,0.2727272727272727,0.4488912779946694,3
89446ca9b1bffff,share_night,0.2272727272727272,0.13215238467500723,4
89446ca9b1bffff,Stop,0.0181818181818181,0.10648641001420132,5
89446ca9b1bffff,share_rain,0.0818181818181818,-0.06027230890866689,6
89446caf08bffff,n_acc,73.0,3.2672674090708256,1
89446caf08bffff,n_recent,41.0,3.228399495549744,2
89446caf08bffff,nb_acc,358.0,0.3882469416524903,3
89446caf08bffff,mean_vis,8.471428571428572,0.13965947496522357,4
89446caf08bffff,Crossing,0.9726027397260274,-0.13680474947078294,5
89446caf08bffff,Traffic_Signal,0.7123287671232876,0.1355817190899034,6
89446c32237ffff,n_recent,25.0,3.053235008208853,1
89446c32237ffff,n_acc,46.0,1.99710038651149,2
89446c32237ffff,nb_acc,218.0,0.7650864110307719,3
89446c32237ffff,mean_sev,2.369565217391304,0.5244359164534075,4
89446c32237ffff,Stop,0.5434782608695652,0.15660474962394366,5
89446c32237ffff,share_rain,0.0434782608695652,0.12050064235219707,6
89446c30ba3ffff,n_acc,240.0,3.3822242157351234,1
89446c30ba3ffff,n_recent,65.0,3.1494889665471093,2
89446c30ba3ffff,nb_acc,170.0,0.30609918889176774,3
89446c30ba3ffff,Traffic_Signal,0.6166666666666667,0.29498376087095857,4
89446c30ba3ffff,Stop,0.0375,0.12313604631233105,5
89446c30ba3ffff,Junction,0.1375,0.11038349862491591,6
89446caf473ffff,n_recent,24.0,3.240960919261285,1
89446caf473ffff,n_acc,62.0,3.0001747317915806,2
89446caf473ffff,nb_acc,307.0,0.5573415169179347,3
89446caf473ffff,Traffic_Signal,0.7096774193548387,0.249632446691051,4
89446caf473ffff,mean_vis,9.203225806451613,0.2493153953933411,5
89446caf473ffff,share_rain,0.064516129032258,0.07664562695029048,6
89446ca0227ffff,n_acc,131.0,3.321622159038838,1
89446ca0227ffff,n_recent,20.0,2.592468536277515,2
89446ca0227ffff,Traffic_Signal,0.2977099236641221,0.4075033972849854,3
89446ca0227ffff,nb_acc,134.0,0.3567759804710438,4
89446ca0227ffff,Give_Way,0.1603053435114503,0.282142428969932,5
89446ca0227ffff,share_night,0.2290076335877862,0.16453677174091316,6
89446ca1e57ffff,n_acc,118.0,3.419938040851002,1
89446ca1e57ffff,n_recent,44.0,3.25856998247831,2
89446ca1e57ffff,Traffic_Signal,0.7203389830508474,0.12606840948823472,3
89446ca1e57ffff,nb_acc,59.0,0.11694613292523763,4
89446ca1e57ffff,Crossing,0.7203389830508474,0.07216756486065361,5
89446ca1e57ffff,share_night,0.135593220338983,0.0627242115366827,6
89446c32db3ffff,n_acc,93.0,3.4863821152693735,1
89446c32db3ffff,n_recent,25.0,3.196090586105823,2
89446c32db3ffff,Traffic_Signal,0.5698924731182796,0.2287531487081267,3
89446c32db3ffff,share_night,0.2258064516129032,0.21938726209847387,4
89446c32db3ffff,Stop,0.3010752688172043,0.1741372492805511,5
89446c32db3ffff,nb_acc,47.0,0.09574473472352922,6
89446c14a4fffff,n_recent,45.0,3.238682578208605,1
89446c14a4fffff,n_acc,140.0,3.2258578752763114,2
89446c14a4fffff,nb_acc,91.0,0.31973846405744555,3
89446c14a4fffff,Traffic_Signal,0.4142857142857143,0.29866458469664536,4
89446c14a4fffff,mean_sev,2.4785714285714286,0.13727090772291067,5
89446c14a4fffff,mean_vis,9.678571428571429,-0.08664974811235791,6
89446ca9d7bffff,n_acc,77.0,3.3641991607728636,1
89446ca9d7bffff,n_recent,32.0,3.22437419771958,2
89446ca9d7bffff,nb_acc,329.0,0.3601491359269173,3
89446ca9d7bffff,Stop,0.7012987012987013,0.08428098540445592,4
89446ca9d7bffff,Traffic_Signal,0.1558441558441558,0.04156567326393332,5
89446ca9d7bffff,mean_vis,9.094736842105265,-0.03978069035546546,6
89446c22417ffff,n_acc,82.0,3.347431221457064,1
89446c22417ffff,n_recent,20.0,2.8603622825432975,2
89446c22417ffff,nb_acc,260.0,0.6240895451858032,3
89446c22417ffff,Traffic_Signal,0.3902439024390244,0.24441864615212971,4
89446c22417ffff,share_night,0.2804878048780488,0.17173508436098003,5
89446c22417ffff,mean_vis,8.62439024390244,0.10388581620401094,6
89446caf0d7ffff,n_acc,304.0,3.3039002836110907,1
89446caf0d7ffff,n_recent,154.0,3.1363588972552954,2
89446caf0d7ffff,nb_acc,398.0,0.5448614674392182,3
89446caf0d7ffff,Traffic_Signal,0.6447368421052632,0.2123180780476042,4
89446caf0d7ffff,share_night,0.2105263157894736,0.08840915994486634,5
89446caf0d7ffff,Crossing,0.2171052631578947,-0.06590952520768362,6
89446c30c2fffff,n_acc,77.0,3.2529765178316516,1
89446c30c2fffff,n_recent,36.0,3.1835030714530337,2
89446c30c2fffff,nb_acc,347.0,0.6638956736081447,3
89446c30c2fffff,Junction,0.4285714285714285,0.15226726615563813,4
89446c30c2fffff,share_rain,0.1168831168831168,-0.06504150971984284,5
89446c30c2fffff,Traffic_Signal,0.0,-0.04572616576292476,6
89446caf663ffff,n_acc,174.0,3.2950028537790716,1
89446caf663ffff,n_recent,76.0,3.2055711248117675,2
89446caf663ffff,nb_acc,102.0,0.2699555956301612,3
89446caf663ffff,Traffic_Signal,0.632183908045977,0.16814702858958466,4
89446caf663ffff,Crossing,0.6264367816091954,-0.05223027956918469,5
89446caf663ffff,mean_vis,8.895882352941177,-0.04746438052328547,6
89446c3522fffff,n_recent,42.0,3.251101726207016,1
89446c3522fffff,n_acc,157.0,3.1487997338024827,2
89446c3522fffff,Traffic_Signal,0.3885350318471338,0.3449176123243742,3
89446c3522fffff,Give_Way,0.0891719745222929,0.30472774834068356,4
89446c3522fffff,mean_sev,2.78343949044586,0.21218862996258517,5
89446c3522fffff,mean_vis,9.19171974522293,0.07262233022715335,6
89446ca9543ffff,n_recent,21.0,3.2409118761519893,1
89446ca9543ffff,n_acc,85.0,3.162887266990705,2
89446ca9543ffff,Traffic_Signal,0.5411764705882353,0.24636619438916216,3
89446ca9543ffff,mean_sev,2.388235294117647,0.20181443085179138,4
89446ca9543ffff,nb_acc,117.0,0.18115743909931056,5
89446ca9543ffff,mean_vis,9.03529411764706,0.06700676097612329,6
89446ca86abffff,n_recent,37.0,3.269899509295422,1
89446ca86abffff,n_acc,234.0,3.2098190651551217,2
89446ca86abffff,nb_acc,292.0,0.5422450701783191,3
89446ca86abffff,mean_vis,8.807017543859649,0.15147106500235544,4
89446ca86abffff,share_night,0.2307692307692307,0.10852521824791053,5
89446ca86abffff,share_rain,0.0598290598290598,0.09513032125492632,6
89446cad9c3ffff,n_acc,99.0,3.456049087187822,1
89446cad9c3ffff,n_recent,33.0,3.390746249313141,2
89446cad9c3ffff,nb_acc,58.0,0.1816605934101502,3
89446cad9c3ffff,share_night,0.2828282828282828,0.11138977864676204,4
89446cad9c3ffff,Traffic_Signal,0.9393939393939394,0.10244210440389552,5
89446cad9c3ffff,mean_vis,8.585858585858587,0.0641568083028427,6
89446ca98b3ffff,n_recent,24.0,3.0556712434613598,1
89446ca98b3ffff,n_acc,65.0,2.950716718459914,2
89446ca98b3ffff,nb_acc,381.0,0.574902045669888,3
89446ca98b3ffff,Traffic_Signal,0.6153846153846154,0.37603061738540183,4
89446ca98b3ffff,Stop,0.3230769230769231,0.3233031906940231,5
89446ca98b3ffff,Railway,0.2461538461538461,-0.14903046281010063,6
89446ca0e07ffff,n_acc,92.0,3.277215440313026,1
89446ca0e07ffff,n_recent,23.0,3.1884199836332563,2
89446ca0e07ffff,nb_acc,130.0,0.404262843078917,3
89446ca0e07ffff,Traffic_Signal,0.9130434782608696,0.35717415130776026,4
89446ca0e07ffff,mean_vis,9.467391304347826,0.06578900407417217,5
89446ca0e07ffff,share_rain,0.0652173913043478,0.06063514883477467,6
89446ca9d47ffff,n_acc,95.0,3.2227841525277694,1
89446ca9d47ffff,n_recent,27.0,3.1356384945480182,2
89446ca9d47ffff,nb_acc,299.0,0.5538819801059187,3
89446ca9d47ffff,Traffic_Signal,0.7157894736842105,0.2789027016267855,4
89446ca9d47ffff,Amenity,0.4,-0.22559844277346885,5
89446ca9d47ffff,Stop,0.0736842105263157,0.11256655080112016,6
89446c321b3ffff,n_recent,42.0,3.260123281042963,1
89446c321b3ffff,n_acc,159.0,3.137920252440145,2
89446c321b3ffff,nb_acc,135.0,0.42575591112219063,3
89446c321b3ffff,Traffic_Signal,0.8301886792452831,0.11462803954768284,4
89446c321b3ffff,Give_Way,0.0566037735849056,0.09512034006240853,5
89446c321b3ffff,mean_sev,2.5660377358490565,0.09313181994416873,6
89446c334cbffff,n_recent,31.0,3.2638630015762677,1
89446c334cbffff,n_acc,105.0,2.971396385811434,2
89446c334cbffff,nb_acc,125.0,0.3952382732314109,3
89446c334cbffff,share_night,0.2285714285714285,0.14024223984045278,4
89446c334cbffff,mean_sev,2.7523809523809524,0.1338597661119735,5
89446c334cbffff,share_rain,0.0380952380952381,0.10739005249375712,6
89446caf4c3ffff,n_acc,125.0,3.2572564444739465,1
89446caf4c3ffff,n_recent,79.0,3.097300574940438,2
89446caf4c3ffff,nb_acc,314.0,0.7839955214547099,3
89446caf4c3ffff,mean_sev,2.424,0.20363012814739231,4
89446caf4c3ffff,share_rain,0.376,-0.190291389164326,5
89446caf4c3ffff,Junction,0.072,-0.09098855608532577,6
89446cad8c7ffff,n_recent,24.0,3.2519592531101966,1
89446cad8c7ffff,n_acc,74.0,3.234776773420706,2
89446cad8c7ffff,Traffic_Signal,0.7837837837837838,0.3005180470852349,3
89446cad8c7ffff,nb_acc,98.0,0.2344133467099879,4
89446cad8c7ffff,mean_vis,8.716216216216216,0.0971532534300526,5
89446cad8c7ffff,Junction,0.1351351351351351,0.09585334396709354,6
89446c31083ffff,n_acc,98.0,3.4217237740865825,1
89446c31083ffff,n_recent,22.0,3.183233012113229,2
89446c31083ffff,nb_acc,68.0,0.29527319472011787,3
89446c31083ffff,Traffic_Signal,0.9183673469387756,0.24234052179140925,4
89446c31083ffff,Stop,0.0306122448979591,0.120880290097132,5
89446c31083ffff,share_night,0.2040816326530612,0.0811616565198896,6
89446ca15cfffff,n_recent,32.0,3.3648550790795477,1
89446ca15cfffff,n_acc,69.0,3.0913454540996526,2
89446ca15cfffff,Traffic_Signal,0.391304347826087,0.2124859719990697,3
89446ca15cfffff,nb_acc,66.0,0.2015060100407286,4
89446ca15cfffff,mean_vis,8.481884057971014,0.08686742033177317,5
89446ca15cfffff,share_night,0.3333333333333333,0.06596610310225814,6
89446cab1afffff,n_acc,120.0,3.4984332348088656,1
89446cab1afffff,n_recent,22.0,3.417358589549354,2
89446cab1afffff,Traffic_Signal,0.6833333333333333,0.28258288398628,3
89446cab1afffff,nb_acc,25.0,-0.0963781798757599,4
89446cab1afffff,mean_vis,8.481355932203389,0.08118112749916147,5
89446cab1afffff,share_rain,0.1,-0.05936536606132938,6
89446c32487ffff,n_recent,28.0,3.1884378454809026,1
89446c32487ffff,n_acc,61.0,2.9187690119936023,2
89446c32487ffff,nb_acc,277.0,0.5374438228493651,3
89446c32487ffff,Stop,0.360655737704918,0.16968602191426344,4
89446c32487ffff,share_night,0.2786885245901639,0.16049088396781894,5
89446c32487ffff,Traffic_Signal,0.0,-0.07732128878315749,6
89446ca0843ffff,n_acc,74.0,3.4542423318525617,1
89446ca0843ffff,n_recent,26.0,3.2328098217435772,2
89446ca0843ffff,Traffic_Signal,0.7972972972972973,0.3041853809670484,3
89446ca0843ffff,nb_acc,51.0,0.11870364517158577,4
89446ca0843ffff,mean_vis,9.48918918918919,0.08341243880386003,5
89446ca0843ffff,share_night,0.1621621621621621,0.03270770803691916,6
89446c04cc7ffff,n_recent,63.0,3.4111254034440814,1
89446c04cc7ffff,n_acc,104.0,3.032240313462114,2
89446c04cc7ffff,nb_acc,119.0,0.4107091962619157,3
89446c04cc7ffff,mean_sev,2.9134615384615383,0.30567606909285966,4
89446c04cc7ffff,share_rain,0.173076923076923,0.20660156950456599,5
89446c04cc7ffff,Traffic_Signal,0.0,-0.05425986308014707,6
89446caf687ffff,n_recent,60.0,3.240007580222914,1
89446caf687ffff,n_acc,238.0,3.2383239614100785,2
89446caf687ffff,nb_acc,311.0,0.5309683726103035,3
89446caf687ffff,mean_sev,2.571428571428572,0.13587191855226155,4
89446caf687ffff,share_night,0.2310924369747899,0.13129340051163865,5
89446caf687ffff,mean_vis,8.51038961038961,0.08886031497893672,6
89446ca1457ffff,n_acc,107.0,3.46657124137106,1
89446ca1457ffff,n_recent,34.0,3.295775174756554,2
89446ca1457ffff,share_night,0.2242990654205607,0.19027051031429248,3
89446ca1457ffff,Traffic_Signal,0.4485981308411215,0.11062813587097954,4
89446ca1457ffff,mean_sev,2.05607476635514,0.06455498672905736,5
89446ca1457ffff,nb_acc,63.0,0.05658578170930915,6
89446cae0c3ffff,n_acc,76.0,3.37800346428285,1
89446cae0c3ffff,n_recent,20.0,2.7163393144976897,2
89446cae0c3ffff,nb_acc,253.0,0.7019402126691349,3
89446cae0c3ffff,Traffic_Signal,0.9342105263157896,0.18376538146877,4
89446cae0c3ffff,Stop,0.0263157894736842,0.11369885259495312,5
89446cae0c3ffff,Crossing,0.0,0.04656658482746622,6
89446c229d7ffff,n_recent,30.0,3.5603739340295717,1
89446c229d7ffff,n_acc,82.0,3.3331941695611564,2
89446c229d7ffff,mean_vis,8.522560975609757,0.1621074556385843,3
89446c229d7ffff,nb_acc,29.0,-0.08801823186522592,4
89446c229d7ffff,Traffic_Signal,0.1219512195121951,-0.05484501870694156,5
89446c229d7ffff,share_night,0.3780487804878049,0.034889402955958194,6
89446ca1d23ffff,n_acc,74.0,3.29155027222164,1
89446ca1d23ffff,n_recent,40.0,3.2266031376623237,2
89446ca1d23ffff,nb_acc,315.0,0.45761307914316623,3
89446ca1d23ffff,share_night,0.2297297297297297,0.16259594102975336,4
89446ca1d23ffff,Traffic_Signal,0.0,-0.09753365079150608,5
89446ca1d23ffff,mean_vis,9.304054054054054,0.08259072338573219,6
89446c33433ffff,n_recent,22.0,3.2476573270058076,1
89446c33433ffff,n_acc,68.0,2.9700793167256965,2
89446c33433ffff,nb_acc,107.0,0.33111680106185104,3
89446c33433ffff,Give_Way,0.088235294117647,0.3168137277796645,4
89446c33433ffff,Traffic_Signal,0.3823529411764705,0.2554471941361917,5
89446c33433ffff,mean_vis,8.422058823529412,0.20304451465244605,6
89446caf463ffff,n_recent,55.0,3.3541455176169928,1
89446caf463ffff,n_acc,68.0,3.0085060191685855,2
89446caf463ffff,nb_acc,339.0,0.6080111554085543,3
89446caf463ffff,mean_vis,9.485294117647058,0.1271996089430086,4
89446caf463ffff,share_night,0.5588235294117647,-0.09284842631109336,5
89446caf463ffff,Stop,0.088235294117647,0.07245928354582838,6
89446ca9873ffff,n_acc,81.0,3.227574899870967,1
89446ca9873ffff,n_recent,21.0,2.922549936067605,2
89446ca9873ffff,nb_acc,321.0,0.5719948107193328,3
89446ca9873ffff,Traffic_Signal,0.2592592592592592,0.4908659299891414,4
89446ca9873ffff,Amenity,0.1481481481481481,-0.3375118289975851,5
89446ca9873ffff,Junction,0.1481481481481481,0.2075849825655428,6
89446c346cbffff,n_acc,158.0,3.4544800675088196,1
89446c346cbffff,n_recent,49.0,3.4329309032479602,2
89446c346cbffff,Traffic_Signal,0.5253164556962026,0.26296033033686683,3
89446c346cbffff,mean_vis,8.822784810126583,0.17781745368122062,4
89446c346cbffff,share_night,0.3164556962025316,0.1026707184820258,5
89446c346cbffff,mean_sev,2.09493670886076,-0.09430272199086454,6
89446c30b63ffff,n_acc,175.0,3.4542742279731375,1
89446c30b63ffff,n_recent,53.0,3.2534995040398638,2
89446c30b63ffff,Traffic_Signal,0.7485714285714286,0.24617398496136916,3
89446c30b63ffff,nb_acc,86.0,0.19944489970335358,4
89446c30b63ffff,Junction,0.0628571428571428,-0.13662721148343068,5
89446c30b63ffff,mean_vis,8.811714285714286,0.12863738842071945,6
89446cac467ffff,n_recent,60.0,3.2786256459869394,1
89446cac467ffff,n_acc,180.0,3.190589000483187,2
89446cac467ffff,nb_acc,104.0,0.2841219048787283,3
89446cac467ffff,share_night,0.2277777777777777,0.07980538773294123,4
89446cac467ffff,mean_sev,2.561111111111111,0.061893790982710126,5
89446cac467ffff,Stop,0.0,-0.034011085057241215,6
89446ca85cbffff,n_acc,159.0,3.3833572860233003,1
89446ca85cbffff,n_recent,43.0,3.28572262436541,2
89446ca85cbffff,Give_Way,0.1761006289308176,0.29402384419184685,3
89446ca85cbffff,Traffic_Signal,0.5408805031446541,0.26729560483691006,4
89446ca85cbffff,nb_acc,59.0,0.11324127344709951,5
89446ca85cbffff,share_night,0.2641509433962264,-0.0948673240549923,6
89446c35683ffff,n_acc,88.0,3.43016328441227,1
89446c35683ffff,n_recent,28.0,3.2344707524264504,2
89446c35683ffff,Traffic_Signal,0.3295454545454545,0.3811548158190202,3
89446c35683ffff,nb_acc,56.0,0.14775884402795256,4
89446c35683ffff,share_rain,0.1136363636363636,-0.09533072078339618,5
89446c35683ffff,Give_Way,0.0568181818181818,0.06426714592381358,6
89446cad42bffff,n_acc,77.0,3.102664217460831,1
89446cad42bffff,n_recent,19.0,2.5694249669666642,2
89446cad42bffff,nb_acc,121.0,0.5307288823454599,3
89446cad42bffff,mean_sev,2.857142857142857,0.28352253045734926,4
89446cad42bffff,mean_vis,8.265789473684212,0.23796944361904077,5
89446cad42bffff,Traffic_Signal,0.5064935064935064,0.23680007660719948,6
89446ca8217ffff,n_acc,143.0,3.377646610253111,1
89446ca8217ffff,n_recent,46.0,3.2727678084387786,2
89446ca8217ffff,nb_acc,264.0,0.46152683908551145,3
89446ca8217ffff,Traffic_Signal,0.6573426573426573,0.15239534799053733,4
89446ca8217ffff,mean_vis,8.946785714285713,-0.07110592267916283,5
89446ca8217ffff,share_night,0.2167832167832167,-0.05536436439850699,6
89446cac607ffff,n_acc,83.0,3.2923272529733674,1
89446cac607ffff,n_recent,29.0,3.034062684074101,2
89446cac607ffff,Traffic_Signal,0.2771084337349397,0.4142943900744449,3
89446cac607ffff,nb_acc,167.0,0.25695171024664953,4
89446cac607ffff,share_rain,0.1204819277108433,-0.1812641075190497,5
89446cac607ffff,Junction,0.2409638554216867,0.07131189238680392,6
89446ca562bffff,n_acc,163.0,3.31097717153265,1
89446ca562bffff,n_recent,96.0,3.28336988046782,2
89446ca562bffff,Stop,0.2147239263803681,-0.37690674022128595,3
89446ca562bffff,nb_acc,106.0,0.29212906018068974,4
89446ca562bffff,Traffic_Signal,0.50920245398773,0.2461144196791298,5
89446ca562bffff,mean_vis,9.640797546012273,-0.07117552535400444,6
89446c322c7ffff,n_recent,59.0,3.500006043394346,1
89446c322c7ffff,n_acc,184.0,3.155181780175639,2
89446c322c7ffff,nb_acc,128.0,0.3817507484767743,3
89446c322c7ffff,mean_sev,2.7282608695652173,0.11839346237749206,4
89446c322c7ffff,Give_Way,0.4510869565217391,-0.10462861300099902,5
89446c322c7ffff,Stop,0.0760869565217391,0.09330122689933411,6
89446caf077ffff,n_recent,26.0,3.236305658206208,1
89446caf077ffff,n_acc,81.0,3.227495468047323,2
89446caf077ffff,nb_acc,82.0,0.27547710435582184,3
89446caf077ffff,Traffic_Signal,0.7407407407407407,0.2106687420656519,4
89446caf077ffff,share_rain,0.1234567901234567,-0.09811455491814183,5
89446caf077ffff,Crossing,0.7407407407407407,-0.08290009305938982,6
89446c04c9bffff,n_recent,28.0,3.294214152761976,1
89446c04c9bffff,n_acc,102.0,3.2568632625982206,2
89446c04c9bffff,nb_acc,87.0,0.3073721271837106,3
89446c04c9bffff,mean_sev,2.5686274509803924,0.1847597218920716,4
89446c04c9bffff,share_rain,0.0588235294117647,0.08484882662525553,5
89446c04c9bffff,Junction,0.3235294117647059,0.06768407072285075,6
89446c34403ffff,n_acc,124.0,3.517247985346369,1
89446c34403ffff,n_recent,25.0,3.4068140561283284,2
89446c34403ffff,Traffic_Signal,0.4274193548387097,0.19632237889937146,3
89446c34403ffff,nb_acc,19.0,-0.11839908372429087,4
89446c34403ffff,mean_sev,2.056451612903226,0.05945579047947347,5
89446c34403ffff,Give_Way,0.0080645161290322,0.04769053464450287,6
89446ca0347ffff,n_recent,41.0,3.450034263798451,1
89446ca0347ffff,n_acc,211.0,3.276354361051488,2
89446ca0347ffff,mean_sev,2.3838862559241707,0.3090999497694312,3
89446ca0347ffff,mean_vis,9.04780487804878,0.09890663947427837,4
89446ca0347ffff,nb_acc,41.0,0.09497390878088348,5
89446ca0347ffff,share_night,0.2985781990521327,-0.07715080571727187,6
89446ca8e23ffff,n_recent,27.0,3.175932055552728,1
89446ca8e23ffff,n_acc,67.0,2.914530622156512,2
89446ca8e23ffff,nb_acc,205.0,0.7338151127376853,3
89446ca8e23ffff,Crossing,0.582089552238806,0.19391116259974725,4
89446ca8e23ffff,Traffic_Signal,0.582089552238806,0.18721075693566439,5
89446ca8e23ffff,mean_vis,8.98030303030303,-0.04214418698549362,6
89446cae2b3ffff,n_recent,44.0,3.3305779569977387,1
89446cae2b3ffff,n_acc,205.0,3.325329971369175,2
89446cae2b3ffff,Traffic_Signal,0.5853658536585366,0.22235167417431922,3
89446cae2b3ffff,nb_acc,92.0,0.21266816927419885,4
89446cae2b3ffff,Give_Way,0.0195121951219512,0.07806481878354926,5
89446cae2b3ffff,share_rain,0.0536585365853658,0.04968190156821332,6
89446c30c9bffff,n_recent,141.0,3.3822731495838134,1
89446c30c9bffff,n_acc,349.0,2.9894744708644176,2
89446c30c9bffff,nb_acc,138.0,0.44491822574250817,3
89446c30c9bffff,mean_sev,2.759312320916905,0.17992750296786475,4
89446c30c9bffff,Stop,0.0200573065902578,0.1398968478254757,5
89446c30c9bffff,mean_vis,9.084441260744985,-0.12511265459744378,6
89446cad617ffff,n_recent,26.0,3.2308542233973925,1
89446cad617ffff,n_acc,100.0,2.962183712624112,2
89446cad617ffff,nb_acc,400.0,0.6095327800234394,3
89446cad617ffff,share_night,0.29,-0.11408682737734262,4
89446cad617ffff,share_rain,0.07,0.06908419423683151,5
89446cad617ffff,Junction,0.05,0.05822879149839405,6
89446c1423bffff,n_acc,152.0,3.4356071890088486,1
89446c1423bffff,n_recent,40.0,3.2367125758585122,2
89446c1423bffff,share_night,0.2105263157894736,0.1441173587195691,3
89446c1423bffff,Traffic_Signal,0.875,0.10629455932923289,4
89446c1423bffff,Crossing,0.0,0.041904318660164905,5
89446c1423bffff,Stop,0.0,-0.03394554843342966,6
89446c22683ffff,n_acc,129.0,3.293257413529177,1
89446c22683ffff,n_recent,27.0,3.271150746551171,2
89446c22683ffff,nb_acc,84.0,0.19601922265257396,3
89446c22683ffff,Traffic_Signal,0.8837209302325582,0.15678967370330602,4
89446c22683ffff,share_night,0.2325581395348837,0.12549222431823603,5
89446c22683ffff,mean_vis,9.040697674418604,0.08835486541467252,6
89446ca1b27ffff,n_acc,125.0,3.2891903275752203,1
89446ca1b27ffff,n_recent,42.0,3.2331090341782724,2
89446ca1b27ffff,nb_acc,253.0,0.6472245369238645,3
89446ca1b27ffff,mean_vis,8.130165289256198,-0.23484235008050003,4
89446ca1b27ffff,Stop,0.024,0.10204982152398245,5
89446ca1b27ffff,Crossing,0.84,0.09713314112984466,6
89446ca8b2bffff,n_recent,43.0,3.180997737478451,1
89446ca8b2bffff,n_acc,147.0,2.983899383949875,2
89446ca8b2bffff,nb_acc,206.0,0.5459753695480002,3
89446ca8b2bffff,Traffic_Signal,0.564625850340136,0.23707863047802075,4
89446ca8b2bffff,share_rain,0.0068027210884353,-0.10607074637853868,5
89446ca8b2bffff,mean_sev,2.8503401360544216,-0.05226229529751317,6
89446ca1aabffff,n_recent,37.0,3.347640025574773,1
89446ca1aabffff,n_acc,144.0,3.2469390978784345,2
89446ca1aabffff,Traffic_Signal,0.5069444444444444,0.22163287181403976,3
89446ca1aabffff,mean_sev,2.6319444444444446,0.13281315505345853,4
89446ca1aabffff,share_night,0.2986111111111111,-0.12012121934838893,5
89446ca1aabffff,nb_acc,54.0,0.10895018340313704,6
89446c30c07ffff,n_recent,65.0,3.157963409728183,1
89446c30c07ffff,n_acc,256.0,3.116628760446843,2
89446c30c07ffff,Give_Way,0.13671875,0.28908446627363926,3
89446c30c07ffff,Traffic_Signal,0.53125,0.2369011594777175,4
89446c30c07ffff,nb_acc,96.0,0.23243722670566452,5
89446c30c07ffff,mean_sev,2.80078125,-0.20981809840164903,6
89446cadec7ffff,n_acc,103.0,3.4603277837339013,1
89446cadec7ffff,n_recent,21.0,3.2318524621867155,2
89446cadec7ffff,nb_acc,61.0,0.10689229980691857,3
89446cadec7ffff,mean_vis,8.966494845360824,0.08280365995505866,4
89446cadec7ffff,Give_Way,0.0194174757281553,0.0796867808892258,5
89446cadec7ffff,Junction,0.2233009708737864,0.05992347690960897,6
89446c3321bffff,n_acc,77.0,3.3769180305789526,1
89446c3321bffff,n_recent,29.0,3.3202319425301208,2
89446c3321bffff,Traffic_Signal,0.7142857142857143,0.37061698430178563,3
89446c3321bffff,share_rain,0.1038961038961039,-0.09808025564821869,4
89446c3321bffff,mean_sev,2.441558441558441,0.07424367371014692,5
89446c3321bffff,share_night,0.2727272727272727,0.07181270997697721,6
89446ca9bbbffff,n_recent,23.0,3.2349978769188454,1
89446ca9bbbffff,n_acc,125.0,3.060284604281227,2
89446ca9bbbffff,nb_acc,378.0,0.4920514783775179,3
89446ca9bbbffff,share_rain,0.056,0.11278102010906792,4
89446ca9bbbffff,mean_sev,2.872,0.10823724796629261,5
89446ca9bbbffff,Junction,0.048,0.05057246767011986,6
89446c04123ffff,n_recent,53.0,3.30997696872811,1
89446c04123ffff,n_acc,130.0,3.2283615772976995,2
89446c04123ffff,Traffic_Signal,0.6538461538461539,0.30732580065806275,3
89446c04123ffff,mean_sev,2.815384615384616,-0.18578301299125127,4
89446c04123ffff,nb_acc,54.0,0.10078192345109747,5
89446c04123ffff,share_rain,0.1615384615384615,0.055125158067480355,6
89446ca1b97ffff,n_acc,132.0,3.275459987574625,1
89446ca1b97ffff,n_recent,40.0,3.2066570051171737,2
89446ca1b97ffff,nb_acc,137.0,0.3413037048514901,3
89446ca1b97ffff,Traffic_Signal,0.8560606060606061,0.27689814831229803,4
89446ca1b97ffff,share_rain,0.0606060606060606,0.06911394985203322,5
89446ca1b97ffff,mean_vis,8.72290076335878,-0.05260423328144574,6
89446c064afffff,n_recent,55.0,3.3016895226096645,1
89446c064afffff,n_acc,157.0,3.203710480858113,2
89446c064afffff,nb_acc,131.0,0.34125123606961305,3
89446c064afffff,Traffic_Signal,0.7133757961783439,0.2747840983334078,4
89446c064afffff,mean_vis,9.24968152866242,0.05921277083382345,5
89446c064afffff,mean_sev,2.515923566878981,-0.057784410654202256,6
89446cacaa3ffff,n_recent,27.0,3.3802519813390566,1
89446cacaa3ffff,n_acc,83.0,3.377731397031066,2
89446cacaa3ffff,Junction,0.2891566265060241,0.19790801871562697,3
89446cacaa3ffff,share_night,0.3734939759036144,0.19649288059032513,4
89446cacaa3ffff,mean_vis,9.334939759036144,0.09701815796653249,5
89446cacaa3ffff,nb_acc,62.0,0.09481113069420782,6
89446cac117ffff,n_acc,198.0,3.475128142926404,1
89446cac117ffff,n_recent,41.0,3.391418967811756,2
89446cac117ffff,Traffic_Signal,0.8838383838383839,0.14462391116422005,3
89446cac117ffff,nb_acc,22.0,-0.09552240742337118,4
89446cac117ffff,mean_vis,9.009635416666669,0.06264832137809176,5
89446cac117ffff,share_night,0.2575757575757575,0.052822880563381164,6
89446cad693ffff,n_recent,27.0,3.3521675630360575,1
89446cad693ffff,n_acc,116.0,3.0318013384992963,2
89446cad693ffff,nb_acc,176.0,0.3034096714918514,3
89446cad693ffff,share_night,0.25,-0.11746644161243601,4
89446cad693ffff,share_rain,0.0517241379310344,0.11250797795110634,5
89446cad693ffff,mean_sev,2.7241379310344827,0.09971302911684679,6
89446caae0bffff,n_recent,33.0,3.4276387612718686,1
89446caae0bffff,n_acc,99.0,3.3222838126278926,2
89446caae0bffff,nb_acc,69.0,0.3549380015509176,3
89446caae0bffff,Traffic_Signal,0.7676767676767676,0.22953614140912385,4
89446caae0bffff,mean_vis,8.495408163265306,0.13840694338995313,5
89446caae0bffff,mean_sev,2.505050505050505,0.11170925451519752,6
89446cb8b87ffff,n_recent,43.0,3.3736365127439716,1
89446cb8b87ffff,n_acc,69.0,3.1192770772147105,2
89446cb8b87ffff,nb_acc,165.0,0.328876829838448,3
89446cb8b87ffff,Traffic_Signal,0.7246376811594203,0.26321880963499383,4
89446cb8b87ffff,mean_vis,8.340579710144928,0.10027995698736411,5
89446cb8b87ffff,share_rain,0.0869565217391304,0.06677229420485249,6
89446ca1c4fffff,n_acc,100.0,3.406379486847531,1
89446ca1c4fffff,n_recent,37.0,3.216230571760901,2
89446ca1c4fffff,Traffic_Signal,0.75,0.2565381760097918,3
89446ca1c4fffff,nb_acc,52.0,0.18543766726461736,4
89446ca1c4fffff,mean_vis,9.0825,-0.11371987167806454,5
89446ca1c4fffff,share_rain,0.11,-0.05585078093923512,6
89446ca1d8bffff,n_acc,362.0,3.3850531777249904,1
89446ca1d8bffff,n_recent,110.0,3.2163012807305162,2
89446ca1d8bffff,nb_acc,160.0,0.3289524775500911,3
89446ca1d8bffff,share_rain,0.0994475138121546,-0.08377732904733227,4
89446ca1d8bffff,Traffic_Signal,0.0552486187845303,-0.08309181736177595,5
89446ca1d8bffff,mean_vis,9.313812154696132,0.07816865728883944,6
89446ca9c23ffff,n_acc,318.0,3.2252848279702917,1
89446ca9c23ffff,n_recent,100.0,3.1742389922192236,2
89446ca9c23ffff,nb_acc,252.0,0.7743441219251471,3
89446ca9c23ffff,Traffic_Signal,0.0,-0.11724830794745335,4
89446ca9c23ffff,share_rain,0.0880503144654088,-0.10287265956284541,5
89446ca9c23ffff,Junction,0.0660377358490566,-0.09246632475555204,6
89446c31b3bffff,n_acc,155.0,3.3781456848381683,1
89446c31b3bffff,n_recent,30.0,3.2832919862646595,2
89446c31b3bffff,Traffic_Signal,0.6838709677419355,0.2606746754978996,3
89446c31b3bffff,share_night,0.2387096774193548,0.18143788533426355,4
89446c31b3bffff,Crossing,0.6709677419354839,-0.07719669474205657,5
89446c31b3bffff,Give_Way,0.0516129032258064,0.06253145243160058,6
89446c1508fffff,n_recent,26.0,3.3056309192158633,1
89446c1508fffff,n_acc,62.0,3.183545313992143,2
89446c1508fffff,mean_sev,2.3870967741935485,0.22930102813083994,3
89446c1508fffff,Traffic_Signal,0.8870967741935484,0.17156972802679787,4
89446c1508fffff,share_night,0.2096774193548387,0.10601983990338705,5
89446c1508fffff,mean_vis,9.080645161290322,0.06061778498000919,6
89446c15d77ffff,n_recent,37.0,3.2584737655722056,1
89446c15d77ffff,n_acc,61.0,2.8580027699883392,2
89446c15d77ffff,nb_acc,214.0,0.7636030300079115,3
89446c15d77ffff,mean_sev,2.459016393442623,0.1237767097909106,4
89446c15d77ffff,Traffic_Signal,0.0,-0.08676792832200132,5
89446c15d77ffff,mean_vis,9.0327868852459,0.07651010538308933,6
89446ca93cfffff,n_acc,147.0,3.170683600014011,1
89446ca93cfffff,n_recent,30.0,3.121153549004711,2
89446ca93cfffff,Traffic_Signal,0.3673469387755102,0.307995065326974,3
89446ca93cfffff,nb_acc,122.0,0.29899803137148007,4
89446ca93cfffff,mean_sev,2.238095238095238,0.12686545161476556,5
89446ca93cfffff,share_night,0.2925170068027211,-0.1113235006081702,6
89446c224a3ffff,n_recent,28.0,3.2670066252790484,1
89446c224a3ffff,n_acc,59.0,2.8821904166510435,2
89446c224a3ffff,nb_acc,256.0,0.7733181694810031,3
89446c224a3ffff,mean_vis,9.203389830508474,0.1987857984888968,4
89446c224a3ffff,Traffic_Signal,0.0,-0.09586623272110596,5
89446c224a3ffff,share_rain,0.0847457627118644,-0.09356897947425089,6
89446cac85bffff,n_acc,97.0,3.2915433935080927,1
89446cac85bffff,n_recent,24.0,3.2676138750281734,2
89446cac85bffff,nb_acc,82.0,0.26905213742885814,3
89446cac85bffff,Traffic_Signal,0.5154639175257731,0.22209023089756674,4
89446cac85bffff,Give_Way,0.0206185567010309,0.07247154974692495,5
89446cac85bffff,Junction,0.0,0.029852978867810236,6
89446c360bbffff,n_acc,116.0,3.661426595233424,1
89446c360bbffff,n_recent,34.0,3.4027722869885606,2
89446c360bbffff,nb_acc,2.0,-0.606987428363487,3
89446c360bbffff,Traffic_Signal,0.293103448275862,0.2908444891046668,4
89446c360bbffff,mean_vis,8.904310344827588,0.12092743380162108,5
89446c360bbffff,share_night,0.2672413793103448,0.09709518319151471,6
89446c30bb3ffff,n_acc,101.0,3.2912532724504913,1
89446c30bb3ffff,n_recent,19.0,2.493084876138702,2
89446c30bb3ffff,nb_acc,313.0,0.9368016324744296,3
89446c30bb3ffff,mean_vis,9.445544554455443,0.2330542826301898,4
89446c30bb3ffff,Junction,0.2871287128712871,0.16243821832133992,5
89446c30bb3ffff,mean_sev,2.5643564356435644,0.15071510481869424,6
89446ca1adbffff,n_recent,29.0,3.236792487681617,1
89446ca1adbffff,n_acc,65.0,3.1667655583551246,2
89446ca1adbffff,Traffic_Signal,0.4923076923076923,0.30853664631395555,3
89446ca1adbffff,nb_acc,66.0,0.14349861478926268,4
89446ca1adbffff,mean_vis,9.515625,0.10863751574619634,5
89446ca1adbffff,share_night,0.1846153846153846,0.044973525030279474,6
89446c35673ffff,n_acc,80.0,3.254378387390234,1
89446c35673ffff,n_recent,37.0,3.169788873702211,2
89446c35673ffff,nb_acc,298.0,0.49553456971565535,3
89446c35673ffff,Junction,0.3,0.24211211670124155,4
89446c35673ffff,share_rain,0.1,-0.09791596256227703,5
89446c35673ffff,share_night,0.3625,0.07907476235291787,6
89446ca1b4fffff,n_acc,145.0,3.2914888940626703,1
89446ca1b4fffff,n_recent,78.0,3.1539004766021956,2
89446ca1b4fffff,nb_acc,237.0,0.6258215883636747,3
89446ca1b4fffff,Traffic_Signal,0.496551724137931,0.23179990592783012,4
89446ca1b4fffff,Crossing,0.5586206896551724,0.22052914408346236,5
89446ca1b4fffff,mean_vis,8.167142857142858,-0.12361697416561293,6
89446ca9ca3ffff,n_recent,24.0,3.0973778378928007,1
89446ca9ca3ffff,n_acc,54.0,2.4359885726942516,2
89446ca9ca3ffff,nb_acc,266.0,0.7227791915678107,3
89446ca9ca3ffff,Junction,0.3703703703703703,0.21698619655129198,4
89446ca9ca3ffff,Stop,0.2592592592592592,0.21500849365546965,5
89446ca9ca3ffff,mean_sev,2.203703703703704,0.21308402945937135,6
89446ca8587ffff,n_acc,100.0,3.3300398995571983,1
89446ca8587ffff,n_recent,27.0,3.1381395644550647,2
89446ca8587ffff,nb_acc,320.0,0.37294703491799125,3
89446ca8587ffff,Give_Way,0.07,0.2248710358910161,4
89446ca8587ffff,Traffic_Signal,0.94,0.17846916543509309,5
89446ca8587ffff,mean_vis,9.03298969072165,0.08353347667800981,6
89446c169b3ffff,n_recent,32.0,3.5255547267092147,1
89446c169b3ffff,n_acc,163.0,3.497198737996349,2
89446c169b3ffff,nb_acc,17.0,-0.18265392993662108,3
89446c169b3ffff,mean_vis,8.507911392405063,0.14393635309213057,4
89446c169b3ffff,Traffic_Signal,0.0674846625766871,-0.08145041868574412,5
89446c169b3ffff,share_night,0.2147239263803681,0.04263431592887481,6
89446ca9d83ffff,n_acc,112.0,3.2059314379694817,1
89446ca9d83ffff,n_recent,31.0,3.151197673842232,2
89446ca9d83ffff,nb_acc,431.0,0.8196553718047606,3
89446ca9d83ffff,Amenity,0.0803571428571428,-0.16675222516853377,4
89446ca9d83ffff,Junction,0.3214285714285714,0.1528418487079435,5
89446ca9d83ffff,mean_sev,2.571428571428572,0.10703089345673532,6
89446c32683ffff,n_recent,57.0,3.0770264440278927,1
89446c32683ffff,n_acc,139.0,2.9792784541424506,2
89446c32683ffff,nb_acc,319.0,0.5516752759138426,3
89446c32683ffff,mean_vis,9.41970802919708,0.3457059108499086,4
89446c32683ffff,share_night,0.2949640287769784,-0.0843144448886633,5
89446c32683ffff,Traffic_Signal,0.0,-0.07893092309244315,6
89446ca9303ffff,n_acc,149.0,3.1368167567248095,1
89446ca9303ffff,n_recent,57.0,3.101872185858921,2
89446ca9303ffff,Traffic_Signal,0.2550335570469799,0.44009175866715206,3
89446ca9303ffff,nb_acc,98.0,0.3552201382119066,4
89446ca9303ffff,Junction,0.1812080536912751,0.1876198575696404,5
89446ca9303ffff,mean_vis,8.681506849315069,0.09621559695205238,6
89446c30d13ffff,n_recent,26.0,3.4098942299587187,1
89446c30d13ffff,n_acc,62.0,3.0137037034788627,2
89446c30d13ffff,nb_acc,88.0,0.19526546255368252,3
89446c30d13ffff,Traffic_Signal,0.6935483870967742,0.1488007796525528,4
89446c30d13ffff,mean_vis,8.562096774193549,0.10241483592458084,5
89446c30d13ffff,share_rain,0.1290322580645161,0.08381280134885612,6
89446c30527ffff,n_acc,84.0,3.2491647537198385,1
89446c30527ffff,n_recent,31.0,3.235140334154754,2
89446c30527ffff,nb_acc,270.0,0.7438711922465271,3
89446c30527ffff,Junction,0.4523809523809524,0.11851484332550064,4
89446c30527ffff,share_rain,0.0357142857142857,0.0953163509340067,5
89446c30527ffff,mean_vis,9.25,0.06628641507057512,6
89446cace87ffff,n_acc,237.0,3.3608079320813715,1
89446cace87ffff,n_recent,71.0,3.335830488141459,2
89446cace87ffff,Traffic_Signal,0.5189873417721519,0.2618441710666283,3
89446cace87ffff,mean_vis,9.050210970464136,0.09388075038876555,4
89446cace87ffff,nb_acc,44.0,0.07647451363464863,5
89446cace87ffff,Stop,0.0,-0.03996436033366931,6
89446c36497ffff,n_recent,51.0,3.422102099452281,1
89446c36497ffff,n_acc,130.0,3.389457631086169,2
89446c36497ffff,share_night,0.2384615384615384,0.2279221563487998,3
89446c36497ffff,mean_sev,2.0615384615384613,0.07117081308120796,4
89446c36497ffff,Traffic_Signal,0.0538461538461538,-0.0654641504042238,5
89446c36497ffff,mean_vis,8.767441860465116,0.034630103906481934,6
89446c15107ffff,n_recent,33.0,3.2847389311494504,1
89446c15107ffff,n_acc,101.0,3.2505328909125497,2
89446c15107ffff,nb_acc,68.0,0.37942398447032444,3
89446c15107ffff,share_rain,0.1188118811881188,-0.08804146165727442,4
89446c15107ffff,share_night,0.3168316831683168,0.08383970252635249,5
89446c15107ffff,mean_sev,2.594059405940594,0.05335283733714175,6
89446c3267bffff,n_acc,184.0,3.1761347032991454,1
89446c3267bffff,n_recent,18.0,2.333409160212336,2
89446c3267bffff,nb_acc,194.0,0.8767827036923539,3
89446c3267bffff,Traffic_Signal,0.75,0.21007910487804904,4
89446c3267bffff,mean_vis,8.574301675977653,0.0906381781542811,5
89446c3267bffff,Stop,0.1195652173913043,0.062370353064637396,6
89446cad5cbffff,n_recent,32.0,3.211496624505096,1
89446cad5cbffff,n_acc,109.0,3.153325548703377,2
89446cad5cbffff,Traffic_Signal,0.3577981651376147,0.26292406556542397,3
89446cad5cbffff,nb_acc,50.0,0.12017665082620342,4
89446cad5cbffff,Stop,0.091743119266055,0.09821907481724237,5
89446cad5cbffff,mean_vis,8.742718446601941,-0.09376700043680901,6
89446c32233ffff,n_acc,139.0,3.051618576186849,1
89446c32233ffff,n_recent,34.0,2.8420914567781423,2
89446c32233ffff,mean_sev,2.5611510791366907,0.3502944657065481,3
89446c32233ffff,Traffic_Signal,0.6762589928057554,0.34379655005250465,4
89446c32233ffff,Stop,0.1510791366906475,0.327073368910054,5
89446c32233ffff,nb_acc,619.0,-0.11623339989982331,6
89446cab58fffff,n_recent,40.0,3.5460745463776453,1
89446cab58fffff,n_acc,136.0,3.3409586946296406,2
89446cab58fffff,mean_vis,8.596240601503759,0.18363254321072173,3
89446cab58fffff,nb_acc,58.0,0.18164492388345763,4
89446cab58fffff,share_night,0.2426470588235294,0.04961484514201345,5
89446cab58fffff,mean_sev,2.0661764705882355,0.03269745834237695,6
89446ca0a63ffff,n_acc,115.0,3.2903286727233505,1
89446ca0a63ffff,n_recent,31.0,3.159083009607583,2
89446ca0a63ffff,nb_acc,137.0,0.4156082168728492,3
89446ca0a63ffff,Traffic_Signal,0.9304347826086956,0.17181297970933368,4
89446ca0a63ffff,share_rain,0.0695652173913043,0.04390708380861652,5
89446ca0a63ffff,Crossing,0.9391304347826088,0.033131132183445,6
89446ca8d8bffff,n_acc,188.0,3.0827815851110887,1
89446ca8d8bffff,n_recent,73.0,3.0548262314838137,2
89446ca8d8bffff,mean_sev,2.436170212765957,0.3333798159713672,3
89446ca8d8bffff,Stop,0.2127659574468085,-0.21013929513794788,4
89446ca8d8bffff,mean_vis,9.174863387978142,0.14371603452895595,5
89446ca8d8bffff,nb_acc,974.0,0.06989669937089077,6
89446ca9b87ffff,n_acc,117.0,3.0534905182271705,1
89446ca9b87ffff,n_recent,23.0,2.9441244350082667,2
89446ca9b87ffff,Traffic_Signal,0.4700854700854701,0.2792896088225148,3
89446ca9b87ffff,mean_sev,2.5641025641025643,0.21757098261821153,4
89446ca9b87ffff,nb_acc,541.0,0.17757655773363107,5
89446ca9b87ffff,share_rain,0.0769230769230769,0.13465377016228997,6
89446cac603ffff,n_recent,41.0,3.269558925972,1
89446cac603ffff,n_acc,131.0,2.998181792303876,2
89446cac603ffff,nb_acc,144.0,0.3377901670065921,3
89446cac603ffff,Traffic_Signal,0.6564885496183206,0.27315593770008595,4
89446cac603ffff,mean_sev,2.778625954198473,0.2066025649106746,5
89446cac603ffff,share_night,0.2977099236641221,-0.1437208365557048,6
89446c3255bffff,n_acc,75.0,3.3685633191606668,1
89446c3255bffff,n_recent,22.0,3.3159362769126255,2
89446c3255bffff,Stop,0.2,-0.44082810793799154,3
89446c3255bffff,nb_acc,55.0,0.1477243351508989,4
89446c3255bffff,mean_vis,8.469594594594595,0.11126081811202197,5
89446c3255bffff,Traffic_Signal,0.7866666666666666,0.08989589367851797,6
89446ca0a97ffff,n_acc,82.0,3.362068969813593,1
89446ca0a97ffff,n_recent,27.0,3.211173054918709,2
89446ca0a97ffff,nb_acc,93.0,0.24981993353197984,3
89446ca0a97ffff,Traffic_Signal,0.8902439024390244,0.1551433109809574,4
89446ca0a97ffff,mean_vis,9.257317073170732,0.04121377395314091,5
89446ca0a97ffff,share_night,0.1829268292682926,0.03078189877625907,6
89446c34503ffff,n_acc,76.0,3.3982944345737782,1
89446c34503ffff,n_recent,20.0,2.6941682380645733,2
89446c34503ffff,Traffic_Signal,0.3552631578947368,0.2836733932977384,3
89446c34503ffff,mean_vis,8.799999999999999,0.2491382838148608,4
89446c34503ffff,Junction,0.131578947368421,0.12005744022966743,5
89446c34503ffff,nb_acc,61.0,0.11420295509935349,6
89446c3223bffff,n_recent,198.0,3.336633136432735,1
89446c3223bffff,n_acc,537.0,3.06410896984598,2
89446c3223bffff,nb_acc,347.0,0.3723780628411608,3
89446c3223bffff,share_rain,0.0614525139664804,0.12890462755329976,4
89446c3223bffff,share_night,0.2886405959031657,-0.07357374607711496,5
89446c3223bffff,Traffic_Signal,0.0,-0.04953806842265608,6
89446c324c3ffff,n_acc,110.0,3.2681061544809804,1
89446c324c3ffff,n_recent,23.0,3.135278835255869,2
89446c324c3ffff,nb_acc,140.0,0.4413103976266682,3
89446c324c3ffff,Traffic_Signal,0.9,0.2845352373414058,4
89446c324c3ffff,Stop,0.009090909090909,0.08130730577723715,5
89446c324c3ffff,share_night,0.1818181818181818,0.0317600503822279,6
89446ca0383ffff,n_recent,28.0,3.116678164922458,1
89446ca0383ffff,n_acc,55.0,2.3273784764612673,2
89446ca0383ffff,Traffic_Signal,0.2909090909090909,0.4845935307134224,3
89446ca0383ffff,mean_sev,2.363636363636364,0.2507066964956498,4
89446ca0383ffff,nb_acc,173.0,0.2108787882232945,5
89446ca0383ffff,mean_vis,9.174545454545456,0.1653548820122442,6
89446c3528fffff,n_acc,90.0,3.2382206174864088,1
89446c3528fffff,n_recent,26.0,3.0845691387137353,2
89446c3528fffff,nb_acc,403.0,0.4106721465278843,3
89446c3528fffff,Crossing,0.6777777777777778,-0.18211063904626792,4
89446c3528fffff,mean_vis,8.972222222222221,-0.10087381188392337,5
89446c3528fffff,share_night,0.1333333333333333,0.035596028078326604,6
89446ca1ea7ffff,n_acc,78.0,3.35680229484973,1
89446ca1ea7ffff,n_recent,40.0,3.249487894112091,2
89446ca1ea7ffff,Traffic_Signal,0.717948717948718,0.16815506021221663,3
89446ca1ea7ffff,share_night,0.0897435897435897,-0.14642435776811416,4
89446ca1ea7ffff,mean_vis,8.778205128205128,0.06980881876183527,5
89446ca1ea7ffff,Stop,0.0,-0.046775558540604036,6
89446caf5c3ffff,n_acc,87.0,3.2087512102071822,1
89446caf5c3ffff,n_recent,28.0,3.1958418189144706,2
89446caf5c3ffff,nb_acc,141.0,0.3989592269089938,3
89446caf5c3ffff,Traffic_Signal,0.8160919540229885,0.15106096653733436,4
89446caf5c3ffff,share_night,0.2758620689655172,0.08895897015160854,5
89446caf5c3ffff,Crossing,0.9885057471264368,-0.08478951816041118,6
89446c3a5a3ffff,n_acc,119.0,3.4484687783914176,1
89446c3a5a3ffff,n_recent,26.0,3.2483758395646434,2
89446c3a5a3ffff,Traffic_Signal,0.8571428571428571,0.283432163574649,3
89446c3a5a3ffff,share_night,0.2016806722689075,0.06901196482180194,4
89446c3a5a3ffff,Crossing,0.0504201680672268,0.038815036056905936,5
89446c3a5a3ffff,mean_sev,2.0,0.029660306538664905,6
89446c3010bffff,n_acc,110.0,3.4027689654610906,1
89446c3010bffff,n_recent,32.0,3.3564356311309935,2
89446c3010bffff,mean_vis,9.204545454545457,0.136802708626084,3
89446c3010bffff,Traffic_Signal,0.8272727272727273,0.1292294207278109,4
89446c3010bffff,nb_acc,23.0,-0.12135349560685817,5
89446c3010bffff,share_night,0.2181818181818181,0.10725828311638083,6
89446ca9d33ffff,n_acc,69.0,3.0080889626858007,1
89446ca9d33ffff,n_recent,21.0,2.9833099523378075,2
89446ca9d33ffff,nb_acc,209.0,0.7931114140020886,3
89446ca9d33ffff,Amenity,0.1304347826086956,-0.4535593207194165,4
89446ca9d33ffff,Traffic_Signal,0.3478260869565217,0.41904474310870865,5
89446ca9d33ffff,Stop,0.6086956521739131,0.2241705888115435,6
89446ca8d63ffff,n_recent,25.0,3.2448060997935886,1
89446ca8d63ffff,n_acc,45.0,2.174570778806435,2
89446ca8d63ffff,nb_acc,333.0,0.5066201946065704,3
89446ca8d63ffff,Traffic_Signal,0.4888888888888889,0.2555505073886571,4
89446ca8d63ffff,mean_vis,9.244444444444444,0.20481052707016287,5
89446ca8d63ffff,Stop,0.0222222222222222,0.10145921763479464,6
89446caa45bffff,n_recent,36.0,3.336389657952949,1
89446caa45bffff,n_acc,92.0,3.2786715591167224,2
89446caa45bffff,Traffic_Signal,0.6739130434782609,0.2600623026704874,3
89446caa45bffff,Railway,0.6739130434782609,0.10506152718690512,4
89446caa45bffff,Crossing,0.6739130434782609,-0.08475644298503245,5
89446caa45bffff,share_rain,0.0543478260869565,0.05793993501416299,6
89446c15c53ffff,n_acc,1.0,-1.2795144314605484,1
89446c15c53ffff,nb_acc,101.0,1.0182778752929937,2
89446c15c53ffff,mean_vis,2.0,0.6102489281815133,3
89446c15c53ffff,n_recent,1.0,-0.5141487694774781,4
89446c15c53ffff,share_rain,1.0,-0.04762344358847093,5
89446c15c53ffff,share_night,0.0,-0.03292355861692005,6
89446ca125bffff,n_acc,2.0,-0.887419879082566,1
89446ca125bffff,nb_acc,126.0,0.7821976772159992,2
89446ca125bffff,n_recent,2.0,-0.4476835074703554,3
89446ca125bffff,share_rain,0.5,0.25827100648625984,4
89446ca125bffff,share_night,1.0,0.20996512765545172,5
89446ca125bffff,Traffic_Signal,0.0,-0.04558363758103572,6
89446c3067bffff,nb_acc,119.0,1.4212415938288112,1
89446c3067bffff,n_acc,1.0,-1.014916270711253,2
89446c3067bffff,n_recent,0.0,-0.8613408794551574,3
89446c3067bffff,mean_vis,0.5,0.6057193140430569,4
89446c3067bffff,share_night,0.0,0.06454395799046873,5
89446c3067bffff,share_rain,0.0,-0.04342323966366951,6
89446ca89d7ffff,n_acc,1.0,-1.1052660801190424,1
89446ca89d7ffff,nb_acc,211.0,0.9386589502851043,2
89446ca89d7ffff,n_recent,1.0,-0.6882062606589576,3
89446ca89d7ffff,Crossing,1.0,0.3267272455185459,4
89446ca89d7ffff,share_night,1.0,0.18589874898151468,5
89446ca89d7ffff,mean_vis,10.0,0.10592338731146216,6
89446c3015bffff,n_acc,2.0,-0.8990695475856489,1
89446c3015bffff,n_recent,1.0,-0.6166605755057395,2
89446c3015bffff,nb_acc,44.0,0.3824094221910321,3
89446c3015bffff,Stop,1.0,0.3464557801590337,4
89446c3015bffff,share_rain,0.5,0.34597890457707065,5
89446c3015bffff,share_night,0.5,0.31587243264567083,6
89446c32397ffff,nb_acc,223.0,1.4880578970342835,1
89446c32397ffff,n_acc,1.0,-1.1662001597137417,2
89446c32397ffff,n_recent,0.0,-0.7674545766395736,3
89446c32397ffff,mean_vis,1.8,0.6223402491933913,4
89446c32397ffff,Stop,1.0,-0.17266503364004188,5
89446c32397ffff,share_night,0.0,0.06878055269854816,6
89446ca033bffff,n_acc,2.0,-1.029839572095411,1
89446ca033bffff,nb_acc,71.0,0.6813723787098545,2
89446ca033bffff,n_recent,2.0,-0.4755528613205568,3
89446ca033bffff,share_night,1.0,0.29393435063646883,4
89446ca033bffff,Crossing,1.0,0.21535864674355243,5
89446ca033bffff,mean_sev,2.0,-0.039261925409507334,6
89446c06977ffff,n_acc,1.0,-1.1803234702374648,1
89446c06977ffff,nb_acc,168.0,0.9851307333247228,2
89446c06977ffff,n_recent,1.0,-0.6471607394866055,3
89446c06977ffff,share_rain,1.0,0.3151343460087924,4
89446c06977ffff,share_night,1.0,0.2179068360506487,5
89446c06977ffff,mean_vis,4.0,-0.0719541691168326,6
89446c3069bffff,n_acc,2.0,-1.1376203403862057,1
89446c3069bffff,n_recent,2.0,-0.4650995499214215,2
89446c3069bffff,share_night,1.0,0.4493884259545711,3
89446c3069bffff,nb_acc,41.0,0.3644146328297433,4
89446c3069bffff,mean_vis,8.0,0.18091774449888576,5
89446c3069bffff,Traffic_Signal,0.0,-0.026411507720970756,6
89446c33427ffff,n_acc,2.0,-0.9119358237484084,1
89446c33427ffff,nb_acc,86.0,0.8801315164600206,2
89446c33427ffff,n_recent,2.0,-0.5093038864054032,3
89446c33427ffff,mean_vis,4.5,0.27413675542644955,4
89446c33427ffff,share_rain,0.5,0.1280565888038859,5
89446c33427ffff,share_night,0.0,-0.051981130260026515,6
89446c333abffff,nb_acc,131.0,1.1617241154013624,1
89446c333abffff,n_acc,1.0,-1.0689777213368077,2
89446c333abffff,n_recent,1.0,-0.6895311773308981,3
89446c333abffff,share_rain,1.0,0.2231044777283061,4
89446c333abffff,mean_vis,7.0,-0.16889654846834123,5
89446c333abffff,share_night,1.0,0.15067414368482898,6
89446c3254fffff,n_acc,2.0,-0.9291506625168218,1
89446c3254fffff,nb_acc,68.0,0.6384199435816661,2
89446c3254fffff,n_recent,2.0,-0.48772614542582843,3
89446c3254fffff,share_night,0.5,0.3583214130892071,4
89446c3254fffff,Stop,1.0,0.15004181641279318,5
89446c3254fffff,Traffic_Signal,0.0,-0.06395894110070915,6
89446c32247ffff,nb_acc,149.0,0.8217084840389928,1
89446c32247ffff,n_acc,2.0,-0.7687887711915842,2
89446c32247ffff,n_recent,1.0,-0.6872570133904113,3
89446c32247ffff,share_night,0.5,0.34351972105614936,4
89446c32247ffff,Stop,1.0,0.3273007814749349,5
89446c32247ffff,Railway,1.0,-0.10645984646523417,6
89446ca8643ffff,nb_acc,268.0,1.1415877531018097,1
89446ca8643ffff,n_acc,2.0,-0.8885205081662215,2
89446ca8643ffff,n_recent,1.0,-0.6659768736036841,3
89446ca8643ffff,share_rain,0.5,0.17850380530969218,4
89446ca8643ffff,mean_vis,5.5,-0.12891872896287754,5
89446ca8643ffff,mean_sev,2.0,-0.04756111464863187,6
89446c321c3ffff,nb_acc,118.0,1.3175013130178173,1
89446c321c3ffff,n_acc,1.0,-0.9863216981449376,2
89446c321c3ffff,n_recent,0.0,-0.811141102519097,3
89446c321c3ffff,mean_vis,0.8,0.521600235276548,4
89446c321c3ffff,Stop,1.0,-0.15828320919719288,5
89446c321c3ffff,share_night,0.0,0.06690807052754089,6
89446ca8603ffff,nb_acc,113.0,1.1358042718756942,1
89446ca8603ffff,n_acc,2.0,-0.9694847916083923,2
89446ca8603ffff,n_recent,2.0,-0.4730792806810379,3
89446ca8603ffff,mean_vis,5.5,-0.21154978989022166,4
89446ca8603ffff,share_night,0.0,-0.11271614998641954,5
89446ca8603ffff,Traffic_Signal,0.0,-0.01929567463043882,6
89446c3737bffff,nb_acc,133.0,1.4024803953965916,1
89446c3737bffff,n_acc,1.0,-1.0418531396171766,2
89446c3737bffff,n_recent,0.0,-0.9081570098874392,3
89446c3737bffff,mean_vis,0.8,0.17381206009357317,4
89446c3737bffff,share_rain,0.0,-0.08396874146779532,5
89446c3737bffff,mean_sev,3.0,0.06930910559927368,6
89446c3637bffff,n_acc,2.0,-0.9790960684627341,1
89446c3637bffff,nb_acc,127.0,0.855727514052209,2
89446c3637bffff,n_recent,1.0,-0.6600300512261252,3
89446c3637bffff,share_rain,0.5,0.19161579198686535,4
89446c3637bffff,share_night,1.0,0.11925314670934713,5
89446c3637bffff,mean_vis,10.0,-0.0582598364578024,6
89446cae51bffff,nb_acc,217.0,1.1555159973876854,1
89446cae51bffff,n_acc,2.0,-0.9641351982946159,2
89446cae51bffff,n_recent,1.0,-0.6658160864936696,3
89446cae51bffff,share_night,0.0,-0.07393962011701333,4
89446cae51bffff,Crossing,0.0,-0.02761810211814831,5
89446cae51bffff,share_rain,0.5,0.024400557288276458,6
89446c22427ffff,n_acc,2.0,-1.0414660411372112,1
89446c22427ffff,n_recent,2.0,-0.5162355753019586,2
89446c22427ffff,mean_vis,7.0,0.2819530168902344,3
89446c22427ffff,nb_acc,53.0,0.27620045148325384,4
89446c22427ffff,Stop,1.0,0.23027010540629142,5
89446c22427ffff,share_rain,1.0,-0.1003881229048274,6
89446cab03bffff,nb_acc,111.0,0.991636730807311,1
89446cab03bffff,n_acc,2.0,-0.9702548387177503,2
89446cab03bffff,n_recent,1.0,-0.580425384435724,3
89446cab03bffff,share_rain,0.5,0.04378662483884612,4
89446cab03bffff,mean_sev,2.0,-0.024433490422816614,5
89446cab03bffff,share_night,0.0,-0.02005596045827546,6
89446ca1e6bffff,nb_acc,130.0,1.244647464216915,1
89446ca1e6bffff,n_acc,1.0,-0.9698016343481822,2
89446ca1e6bffff,n_recent,0.0,-0.7333718852304636,3
89446ca1e6bffff,share_night,0.0,-0.1435980897639964,4
89446ca1e6bffff,Crossing,1.0,0.11342395706829377,5
89446ca1e6bffff,Stop,1.0,-0.07379265974572326,6
89446ca90c7ffff,nb_acc,138.0,0.9612195040787002,1
89446ca90c7ffff,n_acc,2.0,-0.9508199202612265,2
89446ca90c7ffff,n_recent,1.0,-0.6365223913323367,3
89446ca90c7ffff,share_night,0.0,-0.12635262667403147,4
89446ca90c7ffff,mean_vis,8.5,0.0925669160159674,5
89446ca90c7ffff,share_rain,1.0,0.024154947296813296,6
89446ca8aabffff,n_acc,2.0,-1.005009856541375,1
89446ca8aabffff,nb_acc,108.0,0.8180962867593358,2
89446ca8aabffff,n_recent,1.0,-0.5763135935552863,3
89446ca8aabffff,share_rain,0.5,0.13335694352669417,4
89446ca8aabffff,mean_vis,8.5,0.08548492266391403,5
89446ca8aabffff,Traffic_Signal,0.0,-0.04566280194663777,6
89446ca1c37ffff,n_acc,1.0,-1.2748102942434807,1
89446ca1c37ffff,nb_acc,209.0,1.2472469819582968,2
89446ca1c37ffff,n_recent,1.0,-0.6734958688903923,3
89446ca1c37ffff,mean_sev,3.0,-0.2611090444316159,4
89446ca1c37ffff,share_rain,1.0,0.17001904207431529,5
89446ca1c37ffff,mean_vis,3.0,0.15642119845427624,6
89446c329b3ffff,nb_acc,119.0,1.115823238518668,1
89446c329b3ffff,n_acc,1.0,-1.0394237908085842,2
89446c329b3ffff,n_recent,1.0,-0.6220647048513795,3
89446c329b3ffff,share_night,0.0,-0.12977714713110666,4
89446c329b3ffff,mean_vis,10.0,-0.05033835265845579,5
89446c329b3ffff,share_rain,1.0,0.04598397202451452,6
89446c3140fffff,n_acc,2.0,-0.8737983188620888,1
89446c3140fffff,n_recent,1.0,-0.6301122378039276,2
89446c3140fffff,nb_acc,42.0,0.3882438966920248,3
89446c3140fffff,share_night,0.5,0.34208829751568176,4
89446c3140fffff,Stop,1.0,0.31578610367825566,5
89446c3140fffff,mean_vis,7.5,-0.2273157643644044,6
89446ca91c7ffff,n_acc,2.0,-0.9610175162645944,1
89446ca91c7ffff,n_recent,1.0,-0.7290307207214559,2
89446ca91c7ffff,nb_acc,43.0,0.5214933352294409,3
89446ca91c7ffff,Stop,1.0,0.30031655773663035,4
89446ca91c7ffff,share_night,0.5,0.22400501455893504,5
89446ca91c7ffff,Traffic_Signal,0.0,-0.05011234890607036,6
89446caa527ffff,n_acc,2.0,-1.1701147251191237,1
89446caa527ffff,n_recent,2.0,-0.479242071758273,2
89446caa527ffff,share_night,1.0,0.41373829558914127,3
89446caa527ffff,nb_acc,65.0,0.3791168429453382,4
89446caa527ffff,mean_vis,8.0,0.2860495189213079,5
89446caa527ffff,Traffic_Signal,0.0,-0.03260317976625853,6
89446caac73ffff,n_acc,2.0,-1.0592350785505842,1
89446caac73ffff,nb_acc,113.0,0.8799180732493534,2
89446caac73ffff,n_recent,1.0,-0.7001749329677551,3
89446caac73ffff,Crossing,1.0,0.16190228985829277,4
89446caac73ffff,share_night,0.5,0.13636934717821764,5
89446caac73ffff,mean_vis,10.0,0.054799495741520314,6
89446c3304fffff,nb_acc,151.0,1.0860539058102392,1
89446c3304fffff,n_acc,2.0,-0.9613780710823064,2
89446c3304fffff,n_recent,0.0,-0.8312386245539185,3
89446c3304fffff,Stop,0.0,-0.03512449309490261,4
89446c3304fffff,Traffic_Signal,0.0,-0.0338650819922222,5
89446c3304fffff,share_night,0.5,0.02867563860886529,6
89446c04cc3ffff,n_acc,2.0,-1.09937696300336,1
89446c04cc3ffff,nb_acc,127.0,0.8163899918362374,2
89446c04cc3ffff,n_recent,0.0,-0.7236411704757396,3
89446c04cc3ffff,mean_sev,2.5,0.1789215287170423,4
89446c04cc3ffff,Traffic_Signal,0.0,-0.039911069717295466,5
89446c04cc3ffff,share_night,0.0,0.03569411828859144,6
89446c34653ffff,n_acc,1.0,-1.2277828858459412,1
89446c34653ffff,nb_acc,158.0,1.0672178321229082,2
89446c34653ffff,n_recent,0.0,-0.8454200055976178,3
89446c34653ffff,mean_vis,2.5,0.5358629104080844,4
89446c34653ffff,Traffic_Signal,1.0,-0.06728423260833344,5
89446c34653ffff,share_night,0.0,0.061212219460749784,6
89446cac18fffff,nb_acc,231.0,1.0447251739049457,1
89446cac18fffff,n_acc,2.0,-0.9879553608683665,2
89446cac18fffff,n_recent,2.0,-0.5424575592949361,3
89446cac18fffff,mean_vis,7.5,-0.065149197496301,4
89446cac18fffff,share_night,0.0,-0.04430019850659948,5
89446cac18fffff,share_rain,0.5,-0.02643807770270892,6
89446c3138fffff,n_acc,2.0,-1.0456111495429445,1
89446c3138fffff,n_recent,2.0,-0.4735144838902087,2
89446c3138fffff,share_night,1.0,0.3032401368803414,3
89446c3138fffff,nb_acc,34.0,0.1778134748748206,4
89446c3138fffff,mean_vis,1.0,0.17276436613715015,5
89446c3138fffff,share_rain,1.0,0.14954666639496764,6
89446ca8d5bffff,n_acc,2.0,-1.0753273685063491,1
89446ca8d5bffff,nb_acc,111.0,0.8614994916603445,2
89446ca8d5bffff,n_recent,2.0,-0.4974837886013724,3
89446ca8d5bffff,share_night,0.5,0.0733998374381214,4
89446ca8d5bffff,Traffic_Signal,0.0,-0.03398911509834412,5
89446ca8d5bffff,mean_sev,2.0,-0.03152126664381568,6
89446caad23ffff,nb_acc,132.0,1.0072831807811085,1
89446caad23ffff,n_acc,2.0,-0.9696794536631221,2
89446caad23ffff,n_recent,0.0,-0.823474166254654,3
89446caad23ffff,share_night,0.5,0.03805426449030635,4
89446caad23ffff,Traffic_Signal,0.0,-0.03424992536175392,5
89446caad23ffff,Stop,0.0,-0.027565476212866872,6
89446cae677ffff,n_acc,2.0,-0.9616282812410704,1
89446cae677ffff,nb_acc,103.0,0.7920842552341244,2
89446cae677ffff,n_recent,1.0,-0.6343585580170351,3
89446cae677ffff,share_rain,0.5,0.12056552422356304,4
89446cae677ffff,Stop,0.0,-0.03611053909573401,5
89446cae677ffff,mean_vis,9.0,-0.031013745609389343,6
89446ca9db3ffff,n_acc,1.0,-1.215897790130975,1
89446ca9db3ffff,n_recent,1.0,-0.6873095481434583,2
89446ca9db3ffff,nb_acc,87.0,0.6754738210695655,3
89446ca9db3ffff,Crossing,1.0,0.37360988487741376,4
89446ca9db3ffff,share_night,1.0,0.28646728022777634,5
89446ca9db3ffff,mean_vis,10.0,0.04136331667302876,6
89446cada97ffff,n_acc,2.0,-0.9686719801653487,1
89446cada97ffff,nb_acc,105.0,0.8997658097784741,2
89446cada97ffff,n_recent,1.0,-0.581012274838572,3
89446cada97ffff,share_rain,0.5,0.15044674478765385,4
89446cada97ffff,mean_vis,10.0,-0.05219842414139615,5
89446cada97ffff,Traffic_Signal,0.0,-0.05188639566877592,6
89446c315cbffff,n_acc,2.0,-0.9367065343570149,1
89446c315cbffff,n_recent,1.0,-0.6082670194209672,2
89446c315cbffff,mean_vis,1.6,0.5444758238393806,3
89446c315cbffff,nb_acc,33.0,0.18302491245488023,4
89446c315cbffff,share_rain,0.5,0.16668317800814306,5
89446c315cbffff,share_night,0.5,0.09768355709635827,6
89446ca164fffff,n_acc,2.0,-1.012474469987645,1
89446ca164fffff,nb_acc,114.0,1.0072446761189888,2
89446ca164fffff,n_recent,1.0,-0.7350685580352069,3
89446ca164fffff,share_night,0.5,-0.16721798103544608,4
89446ca164fffff,share_rain,0.0,-0.10199967632913719,5
89446ca164fffff,Traffic_Signal,0.5,0.09739230147721104,6
89446cac673ffff,n_acc,2.0,-0.9865103052567181,1
89446cac673ffff,nb_acc,107.0,0.8411452266250552,2
89446cac673ffff,n_recent,1.0,-0.5856333458391649,3
89446cac673ffff,share_rain,0.5,0.048820104916162406,4
89446cac673ffff,mean_vis,8.0,-0.04561051496089173,5
89446cac673ffff,mean_sev,2.0,-0.024607691586414345,6
89446c06d6fffff,n_acc,2.0,-1.1352262857152247,1
89446c06d6fffff,n_recent,2.0,-0.5563380404295154,2
89446c06d6fffff,share_night,1.0,0.34515277172002506,3
89446c06d6fffff,mean_vis,8.0,0.31397636292570624,4
89446c06d6fffff,Crossing,0.5,0.20887772913117378,5
89446c06d6fffff,Railway,0.5,0.20072349696383715,6
89446c04c07ffff,n_acc,2.0,-1.025682870034403,1
89446c04c07ffff,nb_acc,110.0,0.9492384256638162,2
89446c04c07ffff,n_recent,1.0,-0.7365015775944954,3
89446c04c07ffff,mean_sev,2.5,0.10427693245170902,4
89446c04c07ffff,mean_vis,10.0,0.0408744168901014,5
89446c04c07ffff,share_rain,0.0,-0.03067192784047526,6
89446ca9227ffff,n_acc,2.0,-1.1438654449502677,1
89446ca9227ffff,n_recent,2.0,-0.4906304705404725,2
89446ca9227ffff,mean_sev,3.0,0.2969716932554216,3
89446ca9227ffff,nb_acc,49.0,0.23991469217016181,4
89446ca9227ffff,share_night,1.0,0.20185512926626342,5
89446ca9227ffff,mean_vis,10.0,0.048584136498259704,6
89446ca18b3ffff,n_acc,2.0,-1.0347784355680372,1
89446ca18b3ffff,nb_acc,80.0,0.8626500189341684,2
89446ca18b3ffff,n_recent,2.0,-0.5087309993789549,3
89446ca18b3ffff,share_night,1.0,0.11008661875809646,4
89446ca18b3ffff,mean_vis,10.0,-0.0593207094193791,5
89446ca18b3ffff,mean_sev,2.0,-0.04014685644589436,6
89446c33073ffff,n_acc,2.0,-1.0062745385366845,1
89446c33073ffff,nb_acc,110.0,0.8961955905827832,2
89446c33073ffff,n_recent,1.0,-0.7266860345819167,3
89446c33073ffff,share_night,0.5,0.08915678274407583,4
89446c33073ffff,mean_vis,8.0,0.08573808356056457,5
89446c33073ffff,share_rain,0.0,-0.035166932555996226,6
89446c330a7ffff,n_acc,2.0,-1.1258919541583403,1
89446c330a7ffff,nb_acc,147.0,0.6911488950178137,2
89446c330a7ffff,n_recent,2.0,-0.5464239601095577,3
89446c330a7ffff,Railway,1.0,-0.1979643079871863,4
89446c330a7ffff,share_night,1.0,0.16595061325519328,5
89446c330a7ffff,Crossing,1.0,0.1440250475157336,6
89446caae1bffff,nb_acc,142.0,1.323167415595098,1
89446caae1bffff,n_acc,1.0,-1.1251717984428806,2
89446caae1bffff,n_recent,0.0,-0.7415344701758684,3
89446caae1bffff,share_rain,0.0,-0.052530570188106564,4
89446caae1bffff,Traffic_Signal,0.0,-0.03036901774487045,5
89446caae1bffff,mean_vis,5.0,-0.02883100455602545,6
89446ca094bffff,n_acc,2.0,-1.0926195793681905,1
89446ca094bffff,nb_acc,115.0,0.8998707395291006,2
89446ca094bffff,n_recent,2.0,-0.510595558779761,3
89446ca094bffff,mean_vis,7.0,0.09280844983569864,4
89446ca094bffff,Traffic_Signal,0.0,-0.039608534729635374,5
89446ca094bffff,Stop,0.0,-0.03947657696735359,6
89446cac4b7ffff,n_acc,1.0,-1.2601373952892263,1
89446cac4b7ffff,nb_acc,209.0,1.1358005699452225,2
89446cac4b7ffff,n_recent,1.0,-0.677997625961711,3
89446cac4b7ffff,share_night,0.0,-0.1439692329863621,4
89446cac4b7ffff,Crossing,0.0,-0.03211605620687031,5
89446cac4b7ffff,mean_vis,10.0,0.029870898132395827,6
89446c301c3ffff,n_acc,2.0,-0.8384674501865146,1
89446c301c3ffff,n_recent,1.0,-0.6960343756286151,2
89446c301c3ffff,nb_acc,89.0,0.4291756107513487,3
89446c301c3ffff,share_night,0.5,0.27170281499397597,4
89446c301c3ffff,Stop,1.0,0.1121221838685178,5
89446c301c3ffff,Traffic_Signal,0.0,-0.05247952987330044,6
89446cad353ffff,nb_acc,108.0,0.92816799367982,1
89446cad353ffff,n_acc,2.0,-0.9248472561790698,2
89446cad353ffff,n_recent,0.0,-0.8135142554880008,3
89446cad353ffff,share_rain,0.0,-0.08345542254397363,4
89446cad353ffff,share_night,0.0,0.07655966667089549,5
89446cad353ffff,mean_vis,4.5,0.062176572115558396,6
89446ca0a07ffff,n_acc,2.0,-1.0201369488175676,1
89446ca0a07ffff,nb_acc,99.0,0.750804536043813,2
89446ca0a07ffff,n_recent,2.0,-0.5286842544729791,3
89446ca0a07ffff,Traffic_Signal,0.0,-0.03527949681404533,4
89446ca0a07ffff,mean_sev,2.0,-0.03441222423545602,5
89446ca0a07ffff,share_rain,0.0,-0.033220917025800725,6
89446c06437ffff,n_acc,2.0,-1.0829803569049585,1
89446c06437ffff,nb_acc,218.0,0.977198422601865,2
89446c06437ffff,n_recent,2.0,-0.6233860330456567,3
89446c06437ffff,share_night,0.0,-0.11191634168605591,4
89446c06437ffff,Traffic_Signal,0.0,-0.03810544238084918,5
89446c06437ffff,Crossing,0.0,-0.02605442281386065,6
89446c3568fffff,n_acc,2.0,-0.8780711104958211,1
89446c3568fffff,nb_acc,132.0,0.8697135915022959,2
89446c3568fffff,n_recent,0.0,-0.6710334671969936,3
89446c3568fffff,share_night,0.0,-0.0845998339394847,4
89446c3568fffff,mean_vis,10.0,-0.08361818528314181,5
89446c3568fffff,Traffic_Signal,0.0,-0.07373507530833376,6
89446caf4d3ffff,n_acc,2.0,-0.9667696753277129,1
89446caf4d3ffff,nb_acc,183.0,0.7152645697983754,2
89446caf4d3ffff,n_recent,2.0,-0.5612925594124376,3
89446caf4d3ffff,share_night,0.0,0.06775885509143068,4
89446caf4d3ffff,share_rain,0.0,-0.05910889817188328,5
89446caf4d3ffff,Traffic_Signal,0.0,-0.02962827056797122,6
89446c05137ffff,n_acc,2.0,-1.042594085961144,1
89446c05137ffff,nb_acc,84.0,0.6781675166526783,2
89446c05137ffff,n_recent,2.0,-0.5162067182680546,3
89446c05137ffff,share_night,0.5,0.06097228705970853,4
89446c05137ffff,Traffic_Signal,0.0,-0.03552961272679945,5
89446c05137ffff,mean_sev,2.0,-0.029651940568755326,6
89446c0652bffff,nb_acc,131.0,1.1608774094305392,1
89446c0652bffff,n_acc,1.0,-1.0747557101319543,2
89446c0652bffff,n_recent,0.0,-0.7506973395968679,3
89446c0652bffff,share_night,0.0,-0.04768717779929545,4
89446c0652bffff,Traffic_Signal,0.0,-0.04560431426153363,5
89446c0652bffff,mean_vis,10.0,-0.04170992018537272,6
89446c14b67ffff,nb_acc,131.0,1.1608774094305392,1
89446c14b67ffff,n_acc,1.0,-1.0747557101319543,2
89446c14b67ffff,n_recent,0.0,-0.7506973395968679,3
89446c14b67ffff,share_night,0.0,-0.04768717779929545,4
89446c14b67ffff,Traffic_Signal,0.0,-0.04560431426153363,5
89446c14b67ffff,mean_vis,10.0,-0.04170992018537272,6
89446c04d77ffff,n_acc,1.0,-1.2143131556653293,1
89446c04d77ffff,n_recent,1.0,-0.7261338392567929,2
89446c04d77ffff,nb_acc,193.0,0.43050089446079165,3
89446c04d77ffff,share_night,1.0,0.37338022192084974,4
89446c04d77ffff,share_rain,1.0,0.34349847966215674,5
89446c04d77ffff,Crossing,0.0,-0.03273388964137309,6
89446cad597ffff,n_acc,2.0,-1.0701682515958435,1
89446cad597ffff,nb_acc,106.0,0.7629495902781581,2
89446cad597ffff,n_recent,1.0,-0.6998155780138322,3
89446cad597ffff,mean_sev,2.5,0.19728501974385546,4
89446cad597ffff,share_night,0.0,0.046071768002078295,5
89446cad597ffff,Traffic_Signal,0.0,-0.03998388260825823,6
89446c3614bffff,n_acc,2.0,-1.0718209844834325,1
89446c3614bffff,nb_acc,107.0,0.6992549621066613,2
89446c3614bffff,n_recent,2.0,-0.5026917500048138,3
89446c3614bffff,mean_sev,2.0,-0.03473781653535959,4
89446c3614bffff,Traffic_Signal,0.0,-0.03398911509834412,5
89446c3614bffff,share_rain,0.0,-0.03351054111173538,6
89446caa4a3ffff,n_acc,2.0,-1.0789581863751485,1
89446caa4a3ffff,nb_acc,85.0,0.7390665643802934,2
89446caa4a3ffff,n_recent,2.0,-0.507255158353747,3
89446caa4a3ffff,share_night,1.0,0.1154932577548955,4
89446caa4a3ffff,mean_vis,10.0,-0.05925493283396445,5
89446caa4a3ffff,mean_sev,2.0,-0.03978129778662611,6
89446caa443ffff,n_acc,1.0,-1.0853287306655988,1
89446caa443ffff,nb_acc,130.0,1.0820787082963625,2
89446caa443ffff,n_recent,1.0,-0.709836057444174,3
89446caa443ffff,share_night,0.0,-0.0506892257741393,4
89446caa443ffff,Traffic_Signal,0.0,-0.045477025486728884,5
89446caa443ffff,mean_vis,10.0,-0.040245860487944894,6
89446ca18a7ffff,n_acc,2.0,-0.9625231727961613,1
89446ca18a7ffff,nb_acc,136.0,0.9295576186202978,2
89446ca18a7ffff,n_recent,1.0,-0.7657663435316634,3
89446ca18a7ffff,share_night,0.5,0.0639074453171867,4
89446ca18a7ffff,Stop,0.0,-0.0365251138184022,5
89446ca18a7ffff,Traffic_Signal,0.0,-0.034903452882376895,6
89446c32063ffff,nb_acc,128.0,1.215696651257112,1
89446c32063ffff,n_acc,1.0,-1.0029480172492722,2
89446c32063ffff,n_recent,0.0,-0.8555705200805888,3
89446c32063ffff,share_night,1.0,-0.20431366316314023,4
89446c32063ffff,Stop,1.0,-0.19438310964570904,5
89446c32063ffff,mean_vis,0.2,0.16222568748038185,6
89446cb8b8fffff,nb_acc,134.0,1.1380105799535958,1
89446cb8b8fffff,n_acc,1.0,-1.0747557101319543,2
89446cb8b8fffff,n_recent,0.0,-0.7598981098710064,3
89446cb8b8fffff,share_night,0.0,-0.04768717779929545,4
89446cb8b8fffff,Traffic_Signal,0.0,-0.04560431426153363,5
89446cb8b8fffff,mean_vis,10.0,-0.04162471125704649,6
89446cab1c3ffff,n_acc,2.0,-1.0020726179511492,1
89446cab1c3ffff,nb_acc,78.0,0.7392932881508865,2
89446cab1c3ffff,n_recent,2.0,-0.5263297859241445,3
89446cab1c3ffff,share_night,0.0,-0.10615723781396748,4
89446cab1c3ffff,Traffic_Signal,0.0,-0.054398647490738056,5
89446cab1c3ffff,mean_vis,10.0,-0.040496013787333224,6
89446c04c1bffff,n_acc,2.0,-1.0152323224192557,1
89446c04c1bffff,nb_acc,244.0,0.7929610194313205,2
89446c04c1bffff,n_recent,2.0,-0.6035363683042284,3
89446c04c1bffff,share_night,0.0,-0.073035943687081,4
89446c04c1bffff,mean_sev,3.0,-0.053351886589759076,5
89446c04c1bffff,share_rain,0.5,0.04363672644623894,6
89446c143d7ffff,nb_acc,97.0,1.0273965647456373,1
89446c143d7ffff,n_acc,2.0,-0.8655777695666333,2
89446c143d7ffff,n_recent,0.0,-0.7318456152372519,3
89446c143d7ffff,mean_vis,5.5,-0.26404685215610524,4
89446c143d7ffff,share_rain,0.5,0.13073819661871344,5
89446c143d7ffff,Traffic_Signal,0.0,-0.016365299827244256,6
89446cb8bb3ffff,n_acc,1.0,-1.1013969772278047,1
89446cb8bb3ffff,nb_acc,136.0,1.100497863402615,2
89446cb8bb3ffff,n_recent,0.0,-0.7667168476490015,3
89446cb8bb3ffff,share_night,0.0,-0.05436838235241902,4
89446cb8bb3ffff,Traffic_Signal,0.0,-0.04560431426153363,5
89446cb8bb3ffff,mean_vis,10.0,-0.04162471125704649,6
89446c14b73ffff,n_acc,2.0,-0.9655693832718698,1
89446c14b73ffff,nb_acc,148.0,0.9178914004302832,2
89446c14b73ffff,n_recent,1.0,-0.770669658928591,3
89446c14b73ffff,share_night,0.5,0.05520205193651897,4
89446c14b73ffff,Stop,0.0,-0.04131524160291047,5
89446c14b73ffff,Traffic_Signal,0.0,-0.034518609512845196,6
89446caee0bffff,nb_acc,211.0,1.0479885456819655,1
89446caee0bffff,n_acc,2.0,-1.0462798392548074,2
89446caee0bffff,n_recent,0.0,-0.8016543157041666,3
89446caee0bffff,Traffic_Signal,0.0,-0.0675764061930875,4
89446caee0bffff,share_night,0.0,-0.039696688698429544,5
89446caee0bffff,mean_sev,2.0,-0.02608482155891761,6
89446ca92cfffff,n_acc,2.0,-1.0880376512304848,1
89446ca92cfffff,nb_acc,394.0,0.9673483939690749,2
89446ca92cfffff,n_recent,2.0,-0.5836102660535849,3
89446ca92cfffff,share_rain,0.0,-0.08838928220492315,4
89446ca92cfffff,mean_sev,2.0,-0.028936273436557792,5
89446ca92cfffff,Traffic_Signal,0.0,-0.027441044855035995,6
89446cade6bffff,n_acc,2.0,-1.0348566124627618,1
89446cade6bffff,nb_acc,86.0,0.5652653607097864,2
89446cade6bffff,n_recent,2.0,-0.5430648450098166,3
89446cade6bffff,share_night,0.0,-0.10771201497377354,4
89446cade6bffff,mean_vis,8.5,0.060969165923539376,5
89446cade6bffff,Traffic_Signal,0.0,-0.03393239633490407,6
89446ca8abbffff,n_acc,2.0,-0.958098685706156,1
89446ca8abbffff,nb_acc,103.0,0.838159841391278,2
89446ca8abbffff,n_recent,0.0,-0.7708589030900496,3
89446ca8abbffff,share_rain,0.5,0.0717791051208871,4
89446ca8abbffff,mean_sev,2.0,-0.027117236795774873,5
89446ca8abbffff,Traffic_Signal,0.0,-0.025942227019085485,6
89446ca1c53ffff,n_acc,2.0,-0.9341157777244937,1
89446ca1c53ffff,n_recent,1.0,-0.7162607096546049,2
89446ca1c53ffff,nb_acc,78.0,0.6794856729245201,3
89446ca1c53ffff,mean_vis,9.5,0.0675692350123238,4
89446ca1c53ffff,Traffic_Signal,0.0,-0.06027067893057041,5
89446ca1c53ffff,share_night,0.0,-0.03553877162931511,6
89446c229c7ffff,n_acc,2.0,-1.0893614900215067,1
89446c229c7ffff,n_recent,0.0,-0.7812588776634676,2
89446c229c7ffff,nb_acc,161.0,0.6236774167515493,3
89446c229c7ffff,mean_sev,2.5,0.1664759324692021,4
89446c229c7ffff,Traffic_Signal,0.0,-0.03890091180003497,5
89446c229c7ffff,share_night,0.0,0.03206846283367243,6
89446cadaafffff,n_acc,2.0,-1.0301967785403834,1
89446cadaafffff,nb_acc,124.0,0.7746249369632763,2
89446cadaafffff,n_recent,1.0,-0.6900257456577301,3
89446cadaafffff,mean_vis,9.5,0.064074157896411,4
89446cadaafffff,Traffic_Signal,0.0,-0.05553151719687511,5
89446cadaafffff,mean_sev,2.0,-0.024258512019917588,6
89446caee73ffff,n_acc,2.0,-1.095530621426936,1
89446caee73ffff,nb_acc,212.0,0.739473623998583,2
89446caee73ffff,n_recent,2.0,-0.5978386805461459,3
89446caee73ffff,mean_sev,4.0,-0.08316698393052448,4
89446caee73ffff,share_night,0.0,-0.07145758506607092,5
89446caee73ffff,mean_vis,10.0,0.04544617550683913,6
89446ca0c6bffff,n_acc,2.0,-0.9885303188200055,1
89446ca0c6bffff,nb_acc,112.0,0.8416645615487929,2
89446ca0c6bffff,n_recent,1.0,-0.730452742691076,3
89446ca0c6bffff,share_night,0.5,0.07700540899933167,4
89446ca0c6bffff,Traffic_Signal,0.0,-0.0351035545481444,5
89446ca0c6bffff,Stop,0.0,-0.031638503413980244,6
89446ca9923ffff,n_acc,2.0,-0.9189664422514736,1
89446ca9923ffff,n_recent,0.0,-0.7387738905118343,2
89446ca9923ffff,nb_acc,87.0,0.4668944633726842,3
89446ca9923ffff,mean_vis,8.5,0.11000874211904145,4
89446ca9923ffff,share_rain,0.5,0.08475634509317281,5
89446ca9923ffff,Traffic_Signal,0.0,-0.046632537996864086,6
89446ca1a47ffff,n_acc,2.0,-1.1662840871533715,1
89446ca1a47ffff,n_recent,2.0,-0.5034511410569876,2
89446ca1a47ffff,nb_acc,50.0,0.21586623293087662,3
89446ca1a47ffff,share_night,1.0,0.18737872317658158,4
89446ca1a47ffff,mean_vis,8.5,0.13806657694045685,5
89446ca1a47ffff,share_rain,0.5,0.06968901628341603,6
89446c06a2bffff,n_acc,2.0,-0.8965514292105735,1
89446c06a2bffff,nb_acc,86.0,0.777782666983897,2
89446c06a2bffff,n_recent,1.0,-0.6695302443978797,3
89446c06a2bffff,mean_vis,5.5,-0.18948213989399826,4
89446c06a2bffff,share_night,0.0,-0.08895258162848785,5
89446c06a2bffff,share_rain,0.5,0.08074315812257762,6
89446ca1033ffff,n_acc,2.0,-1.0120357748862572,1
89446ca1033ffff,nb_acc,140.0,0.9109113177639978,2
89446ca1033ffff,n_recent,0.0,-0.7436815069628957,3
89446ca1033ffff,share_night,0.0,-0.08902839921732533,4
89446ca1033ffff,mean_vis,8.0,-0.04925403465772861,5
89446ca1033ffff,Traffic_Signal,0.0,-0.030801171755515853,6
89446ca0ab3ffff,n_acc,2.0,-0.9146591332089847,1
89446ca0ab3ffff,nb_acc,78.0,0.7913905081441537,2
89446ca0ab3ffff,n_recent,1.0,-0.7729696119959619,3
89446ca0ab3ffff,share_night,0.5,0.04264126580399098,4
89446ca0ab3ffff,Traffic_Signal,0.0,-0.037381826317707596,5
89446ca0ab3ffff,mean_sev,2.0,-0.027072892127533044,6
89446c06b47ffff,n_acc,2.0,-1.070569615026653,1
89446c06b47ffff,nb_acc,112.0,0.7448129720737139,2
89446c06b47ffff,n_recent,2.0,-0.5091856336184786,3
89446c06b47ffff,share_night,0.0,-0.09310615574306702,4
89446c06b47ffff,mean_vis,10.0,-0.05420811243855482,5
89446c06b47ffff,Traffic_Signal,0.0,-0.04605767136100844,6
89446cae0a7ffff,n_acc,2.0,-0.9146591332089847,1
89446cae0a7ffff,nb_acc,78.0,0.7913905081441537,2
89446cae0a7ffff,n_recent,1.0,-0.7729696119959619,3
89446cae0a7ffff,share_night,0.5,0.04264126580399098,4
89446cae0a7ffff,Traffic_Signal,0.0,-0.037381826317707596,5
89446cae0a7ffff,mean_sev,2.0,-0.027072892127533044,6
89446cae4b3ffff,n_acc,2.0,-1.1264024664724372,1
89446cae4b3ffff,nb_acc,98.0,0.6797860524130958,2
89446cae4b3ffff,n_recent,2.0,-0.5260506285879595,3
89446cae4b3ffff,mean_vis,10.0,-0.19278348258490735,4
89446cae4b3ffff,share_night,0.5,0.11912970957766257,5
89446cae4b3ffff,share_rain,0.0,-0.03225710431575145,6
89446c06e43ffff,n_acc,2.0,-1.0151834778970628,1
89446c06e43ffff,nb_acc,154.0,0.9517843562385828,2
89446c06e43ffff,n_recent,1.0,-0.7160464460350727,3
89446c06e43ffff,share_night,0.0,-0.05338822924092528,4
89446c06e43ffff,Traffic_Signal,0.0,-0.04532208024145808,5
89446c06e43ffff,mean_vis,10.0,-0.04015217898496855,6
89446c14067ffff,n_acc,2.0,-1.066860941979152,1
89446c14067ffff,nb_acc,103.0,0.7195956346075698,2
89446c14067ffff,n_recent,2.0,-0.5133527252358331,3
89446c14067ffff,share_night,0.0,-0.05855099727939542,4
89446c14067ffff,Traffic_Signal,0.0,-0.04737774025197077,5
89446c14067ffff,mean_sev,2.0,-0.030645826639486878,6
89446c15ddbffff,n_acc,1.0,-1.1036315074013587,1
89446c15ddbffff,nb_acc,137.0,1.102330477974519,2
89446c15ddbffff,n_recent,0.0,-0.7667168476490015,3
89446c15ddbffff,share_night,0.0,-0.05436838235241902,4
89446c15ddbffff,Traffic_Signal,0.0,-0.04521947089200193,5
89446c15ddbffff,mean_vis,10.0,-0.04162471125704649,6
89446ca19cfffff,n_acc,1.0,-1.1036315074013587,1
89446ca19cfffff,nb_acc,137.0,1.102330477974519,2
89446ca19cfffff,n_recent,0.0,-0.7667168476490015,3
89446ca19cfffff,share_night,0.0,-0.05436838235241902,4
89446ca19cfffff,Traffic_Signal,0.0,-0.04521947089200193,5
89446ca19cfffff,mean_vis,10.0,-0.04162471125704649,6
89446cacabbffff,n_acc,1.0,-1.1036315074013587,1
89446cacabbffff,nb_acc,137.0,1.102330477974519,2
89446cacabbffff,n_recent,0.0,-0.7667168476490015,3
89446cacabbffff,share_night,0.0,-0.05436838235241902,4
89446cacabbffff,Traffic_Signal,0.0,-0.04521947089200193,5
89446cacabbffff,mean_vis,10.0,-0.04162471125704649,6
89446c32c53ffff,n_acc,2.0,-0.9201067491100663,1
89446c32c53ffff,n_recent,0.0,-0.9068203424665205,2
89446c32c53ffff,nb_acc,80.0,0.751719439310181,3
89446c32c53ffff,Crossing,0.5,0.04145016553593673,4
89446c32c53ffff,share_night,0.5,0.03891019990444202,5
89446c32c53ffff,share_rain,0.0,-0.03313704052107701,6
89446c141c3ffff,n_acc,2.0,-1.0843191212591776,1
89446c141c3ffff,nb_acc,124.0,0.7978734130319529,2
89446c141c3ffff,n_recent,2.0,-0.5330612648605467,3
89446c141c3ffff,share_night,0.0,-0.09219317085909953,4
89446c141c3ffff,mean_vis,10.0,-0.05495248300449286,5
89446c141c3ffff,Traffic_Signal,0.0,-0.045857569695240935,6
89446c15c3bffff,n_acc,1.0,-1.1314679668242653,1
89446c15c3bffff,nb_acc,120.0,1.0305089687670546,2
89446c15c3bffff,n_recent,0.0,-0.8836663148914911,3
89446c15c3bffff,mean_sev,3.0,0.147694619882122,4
89446c15c3bffff,mean_vis,10.0,-0.04827499822439566,5
89446c15c3bffff,share_night,0.0,-0.03941709431314072,6
89446ca529bffff,n_acc,2.0,-1.0258151450074664,1
89446ca529bffff,nb_acc,111.0,0.8511316560789469,2
89446ca529bffff,n_recent,1.0,-0.6783120204326456,3
89446ca529bffff,mean_vis,10.0,-0.052454883378423314,4
89446ca529bffff,Traffic_Signal,0.0,-0.0459070252767573,5
89446ca529bffff,mean_sev,2.0,-0.030488054427620242,6
89446ca9cdbffff,n_acc,2.0,-1.0623337335169583,1
89446ca9cdbffff,n_recent,0.0,-0.9826406318641205,2
89446ca9cdbffff,nb_acc,70.0,0.5942974279197052,3
89446ca9cdbffff,mean_vis,8.5,0.10245178265367436,4
89446ca9cdbffff,share_night,1.0,0.08282473086709996,5
89446ca9cdbffff,share_rain,0.0,-0.03171929696864951,6
89446c32da3ffff,n_acc,2.0,-1.040034016467443,1
89446c32da3ffff,nb_acc,206.0,0.9636038300311051,2
89446c32da3ffff,n_recent,1.0,-0.7457115380272294,3
89446c32da3ffff,share_night,0.0,-0.06271847016080884,4
89446c32da3ffff,Traffic_Signal,0.0,-0.04016425052525694,5
89446c32da3ffff,Crossing,0.0,-0.027033781718767986,6
89446c30cafffff,n_acc,2.0,-1.1548432482491848,1
89446c30cafffff,n_recent,0.0,-0.8536732175668098,2
89446c30cafffff,nb_acc,68.0,0.4808050191239808,3
89446c30cafffff,Traffic_Signal,0.5,0.2858635240928065,4
89446c30cafffff,Stop,0.5,0.10241732836077697,5
89446c30cafffff,mean_vis,10.0,-0.04469785288197376,6
89446caaea3ffff,n_acc,2.0,-1.002276064388837,1
89446caaea3ffff,nb_acc,137.0,0.86731729783705,2
89446caaea3ffff,n_recent,1.0,-0.7146453064940829,3
89446caaea3ffff,share_night,0.0,-0.050614285045828086,4
89446caaea3ffff,Traffic_Signal,0.0,-0.04532208024145808,5
89446caaea3ffff,mean_vis,10.0,-0.03868657338334949,6
89446caf553ffff,n_acc,2.0,-1.039721369172285,1
89446caf553ffff,nb_acc,304.0,0.7274290523316908,2
89446caf553ffff,n_recent,2.0,-0.6010683479213461,3
89446caf553ffff,share_rain,0.0,-0.044882419867354396,4
89446caf553ffff,Traffic_Signal,0.0,-0.026211275997336997,5
89446caf553ffff,mean_sev,2.0,-0.025109348188022313,6
89446ca1653ffff,n_acc,2.0,-0.9568631430698773,1
89446ca1653ffff,n_recent,1.0,-0.7244547346514717,2
89446ca1653ffff,nb_acc,79.0,0.6990001001801411,3
89446ca1653ffff,mean_vis,8.5,0.07146850894431718,4
89446ca1653ffff,share_night,0.0,-0.05176633214142731,5
89446ca1653ffff,Traffic_Signal,0.0,-0.031343293457508865,6
89446ca90bbffff,n_acc,2.0,-1.002276064388837,1
89446ca90bbffff,nb_acc,137.0,0.86731729783705,2
89446ca90bbffff,n_recent,1.0,-0.7146453064940829,3
89446ca90bbffff,share_night,0.0,-0.050614285045828086,4
89446ca90bbffff,Traffic_Signal,0.0,-0.04532208024145808,5
89446ca90bbffff,mean_vis,10.0,-0.03868657338334949,6
89446c14a33ffff,n_acc,2.0,-1.1236053843383635,1
89446c14a33ffff,nb_acc,126.0,0.7483161469847316,2
89446c14a33ffff,n_recent,2.0,-0.5218682128749536,3
89446c14a33ffff,mean_vis,10.0,-0.06537214176640761,4
89446c14a33ffff,share_night,1.0,-0.041712596656452765,5
89446c14a33ffff,Traffic_Signal,0.0,-0.03307277513256875,6
89446c3630fffff,n_acc,2.0,-1.0495531396174762,1
89446c3630fffff,nb_acc,128.0,0.8050069321681804,2
89446c3630fffff,n_recent,1.0,-0.7088841936760464,3
89446c3630fffff,share_night,0.0,-0.04999645322693709,4
89446c3630fffff,Traffic_Signal,0.0,-0.04570692361098979,5
89446c3630fffff,mean_vis,10.0,-0.038771782311675725,6
89446cab443ffff,n_acc,2.0,-1.1396344417313358,1
89446cab443ffff,nb_acc,69.0,0.575699570326488,2
89446cab443ffff,n_recent,2.0,-0.5121695833601965,3
89446cab443ffff,Traffic_Signal,0.0,-0.048255998197087896,4
89446cab443ffff,mean_vis,9.5,-0.03189470219647261,5
89446cab443ffff,Stop,0.0,-0.030336958613032778,6
89446ca960fffff,n_acc,2.0,-1.1396344417313358,1
89446ca960fffff,nb_acc,69.0,0.575699570326488,2
89446ca960fffff,n_recent,2.0,-0.5121695833601965,3
89446ca960fffff,Traffic_Signal,0.0,-0.048255998197087896,4
89446ca960fffff,mean_vis,9.5,-0.03189470219647261,5
89446ca960fffff,Stop,0.0,-0.030336958613032778,6
89446c3284bffff,n_acc,2.0,-0.8207499038377127,1
89446c3284bffff,n_recent,1.0,-0.7255614881419091,2
89446c3284bffff,Stop,1.0,0.3988082248156047,3
89446c3284bffff,nb_acc,26.0,0.15447986562087018,4
89446c3284bffff,mean_vis,9.5,0.11114087590481164,5
89446c3284bffff,Traffic_Signal,0.0,-0.06828014968305528,6
89446cb9b2bffff,n_acc,2.0,-1.0353781668505353,1
89446cb9b2bffff,nb_acc,165.0,0.5659487594646465,2
89446cb9b2bffff,n_recent,2.0,-0.5479242006158113,3
89446cb9b2bffff,mean_vis,7.0,-0.08234670857868145,4
89446cb9b2bffff,Stop,0.0,-0.05684211921664791,5
89446cb9b2bffff,share_night,0.0,-0.03893388552103902,6
89446caa1b7ffff,n_acc,2.0,-1.006173518504821,1
89446caa1b7ffff,nb_acc,96.0,0.6058396325194061,2
89446caa1b7ffff,n_recent,2.0,-0.5410289954410665,3
89446caa1b7ffff,share_night,0.0,-0.07347933681738836,4
89446caa1b7ffff,mean_vis,9.5,0.06494853536412815,5
89446caa1b7ffff,Traffic_Signal,0.0,-0.06262377988545083,6
89446ca5477ffff,n_acc,2.0,-1.0235388083490167,1
89446ca5477ffff,nb_acc,96.0,0.6742214799370198,2
89446ca5477ffff,n_recent,2.0,-0.5357519254647178,3
89446ca5477ffff,share_night,0.0,-0.09316866654478363,4
89446ca5477ffff,Traffic_Signal,0.0,-0.049775359442709305,5
89446ca5477ffff,mean_vis,10.0,-0.03765041033478741,6
89446ca830fffff,n_acc,2.0,-1.0030877446909918,1
89446ca830fffff,nb_acc,149.0,0.8544602896060702,2
89446ca830fffff,n_recent,1.0,-0.720848727992144,3
89446ca830fffff,share_night,0.0,-0.05867785389555643,4
89446ca830fffff,Traffic_Signal,0.0,-0.04532208024145808,5
89446ca830fffff,mean_vis,10.0,-0.03895213288137628,6
89446cadd43ffff,n_acc,2.0,-1.1034674962053383,1
89446cadd43ffff,nb_acc,67.0,0.5928409652312124,2
89446cadd43ffff,n_recent,2.0,-0.5036169410736128,3
89446cadd43ffff,share_night,0.0,-0.10510037214092355,4
89446cadd43ffff,Traffic_Signal,0.0,-0.05372300267696541,5
89446cadd43ffff,mean_sev,2.0,-0.029535890200634476,6
89446c0658bffff,n_acc,2.0,-0.9925199048425756,1
89446c0658bffff,nb_acc,109.0,0.8054665675496376,2
89446c0658bffff,n_recent,1.0,-0.6800882636122942,3
89446c0658bffff,Traffic_Signal,0.0,-0.0459070252767573,4
89446c0658bffff,mean_vis,10.0,-0.04194337188013547,5
89446c0658bffff,mean_sev,2.0,-0.030488054427620242,6
89446c3306bffff,n_acc,2.0,-1.1741131626758659,1
89446c3306bffff,n_recent,2.0,-0.5542779517126425,2
89446c3306bffff,nb_acc,185.0,0.5411036404389775,3
89446c3306bffff,mean_vis,9.5,0.09722705265723892,4
89446c3306bffff,share_night,0.0,-0.06909205254913844,5
89446c3306bffff,Traffic_Signal,0.0,-0.052968791291913876,6
89446c3260bffff,n_acc,2.0,-1.02292444515594,1
89446c3260bffff,n_recent,0.0,-0.8025271523730749,2
89446c3260bffff,nb_acc,182.0,0.6113662113146197,3
89446c3260bffff,mean_vis,9.5,0.14590940376314174,4
89446c3260bffff,Traffic_Signal,0.0,-0.05348684788438507,5
89446c3260bffff,mean_sev,2.0,-0.0288977642650823,6
89446ca9ec3ffff,n_acc,2.0,-1.02292444515594,1
89446ca9ec3ffff,n_recent,0.0,-0.8025271523730749,2
89446ca9ec3ffff,nb_acc,181.0,0.6113662113146197,3
89446ca9ec3ffff,mean_vis,9.5,0.14590940376314174,4
89446ca9ec3ffff,Traffic_Signal,0.0,-0.05348684788438507,5
89446ca9ec3ffff,mean_sev,2.0,-0.0288977642650823,6
89446c3027bffff,n_acc,2.0,-1.204680313658948,1
89446c3027bffff,n_recent,2.0,-0.5673502952316175,2
89446c3027bffff,nb_acc,172.0,0.3652197626584153,3
89446c3027bffff,Crossing,0.5,0.17847565503745055,4
89446c3027bffff,Traffic_Signal,0.5,0.12354535557933527,5
89446c3027bffff,mean_vis,8.0,-0.0888160669608082,6
89446ca5243ffff,n_acc,1.0,-1.2778719828237646,1
89446ca5243ffff,nb_acc,75.0,0.7695065011115292,2
89446ca5243ffff,n_recent,1.0,-0.6775264996831529,3
89446ca5243ffff,mean_vis,0.5,0.3909663594775902,4
89446ca5243ffff,share_night,1.0,-0.10388487155198536,5
89446ca5243ffff,share_rain,0.0,-0.06602333289332854,6
89446c3311bffff,nb_acc,241.0,1.0419209025218479,1
89446c3311bffff,n_acc,2.0,-1.0004381664660456,2
89446c3311bffff,n_recent,1.0,-0.7644316955382477,3
89446c3311bffff,share_night,0.0,-0.04144158820280401,4
89446c3311bffff,Traffic_Signal,0.0,-0.034148280364651125,5
89446c3311bffff,mean_vis,10.0,-0.03176716260997992,6
89446cac547ffff,n_acc,2.0,-1.1445642428370573,1
89446cac547ffff,n_recent,2.0,-0.6323199750690093,2
89446cac547ffff,nb_acc,160.0,0.5492825712407433,3
89446cac547ffff,Traffic_Signal,0.5,0.17327333142135828,4
89446cac547ffff,share_night,0.0,-0.08422139433729117,5
89446cac547ffff,Stop,0.0,-0.03180879035277382,6
89446ca9017ffff,n_acc,2.0,-1.0194868401771728,1
89446ca9017ffff,n_recent,0.0,-0.8572209429705273,2
89446ca9017ffff,nb_acc,143.0,0.7582796202112739,3
89446ca9017ffff,Railway,1.0,-0.19701209216575458,4
89446ca9017ffff,Crossing,1.0,0.101113840588847,5
89446ca9017ffff,share_night,0.5,0.09574564409354815,6
89446ca934fffff,n_acc,2.0,-0.9977522608422015,1
89446ca934fffff,n_recent,1.0,-0.7139455153632479,2
89446ca934fffff,nb_acc,72.0,0.5162241645708137,3
89446ca934fffff,Stop,1.0,0.16177359844254738,4
89446ca934fffff,share_night,0.5,0.10162117625879759,5
89446ca934fffff,Traffic_Signal,0.0,-0.0527625693784265,6
89446c31087ffff,nb_acc,138.0,1.3098848250783532,1
89446c31087ffff,n_acc,1.0,-1.1063271622320088,2
89446c31087ffff,n_recent,0.0,-0.724942382123179,3
89446c31087ffff,mean_vis,6.0,-0.48443637107652066,4
89446c31087ffff,share_night,0.0,-0.11317038869621165,5
89446c31087ffff,Traffic_Signal,0.0,-0.015980906899787893,6
89446caac8fffff,n_acc,2.0,-1.0733125270801727,1
89446caac8fffff,n_recent,1.0,-0.7399385316173842,2
89446caac8fffff,nb_acc,76.0,0.641842708329905,3
89446caac8fffff,mean_vis,6.5,0.1303928048789022,4
89446caac8fffff,Crossing,0.5,0.06407142391500747,5
89446caac8fffff,Traffic_Signal,0.0,-0.037265114819661604,6
89446ca93abffff,n_acc,2.0,-0.939724959391519,1
89446ca93abffff,n_recent,1.0,-0.7859809118762615,2
89446ca93abffff,nb_acc,81.0,0.7248661943434661,3
89446ca93abffff,mean_vis,9.0,-0.02998408061036746,4
89446ca93abffff,Traffic_Signal,0.0,-0.029722039981524256,5
89446ca93abffff,share_rain,0.0,-0.027759073820031212,6
89446c061c3ffff,n_acc,2.0,-0.995440926754555,1
89446c061c3ffff,nb_acc,142.0,0.8105966174142442,2
89446c061c3ffff,n_recent,1.0,-0.7084926215606575,3
89446c061c3ffff,share_night,0.0,-0.04838371386518605,4
89446c061c3ffff,Traffic_Signal,0.0,-0.03964573455775088,5
89446c061c3ffff,Stop,0.0,-0.019185654172898248,6
89446c15c2fffff,n_acc,1.0,-1.1119699977614492,1
89446c15c2fffff,nb_acc,136.0,1.0318560698118175,2
89446c15c2fffff,n_recent,1.0,-0.7156986579529273,3
89446c15c2fffff,share_night,0.0,-0.05737043032726287,4
89446c15c2fffff,Traffic_Signal,0.0,-0.045477025486728884,5
89446c15c2fffff,mean_vis,10.0,-0.04016065155961866,6
89446caf4dbffff,nb_acc,386.0,0.9720476800946466,1
89446caf4dbffff,n_acc,2.0,-0.8955850836068932,2
89446caf4dbffff,n_recent,0.0,-0.771852366920711,3
89446caf4dbffff,Stop,1.0,-0.1297542175418651,4
89446caf4dbffff,Traffic_Signal,0.0,-0.0714492218193589,5
89446caf4dbffff,mean_vis,10.0,-0.06922157011122666,6
89446cac12fffff,n_acc,1.0,-1.1112904530226988,1
89446cac12fffff,nb_acc,127.0,1.0223842476756204,2
89446cac12fffff,n_recent,1.0,-0.7098786211319312,3
89446cac12fffff,share_night,0.0,-0.0506892257741393,4
89446cac12fffff,Traffic_Signal,0.0,-0.045477025486728884,5
89446cac12fffff,mean_vis,10.0,-0.040245860487944894,6
89446c06d57ffff,n_acc,2.0,-0.9129715043840874,1
89446c06d57ffff,n_recent,0.0,-0.9092215211761343,2
89446c06d57ffff,nb_acc,78.0,0.6674825913276747,3
89446c06d57ffff,mean_vis,10.0,-0.05995310069329671,4
89446c06d57ffff,share_rain,0.0,-0.05562527968197235,5
89446c06d57ffff,Stop,0.0,-0.03602502240023353,6
89446c32d03ffff,n_acc,2.0,-1.0819666593023247,1
89446c32d03ffff,n_recent,2.0,-0.47607914484182456,2
89446c32d03ffff,nb_acc,64.0,0.34748449493362177,3
89446c32d03ffff,share_night,0.5,0.17578719368912524,4
89446c32d03ffff,Stop,0.0,-0.04004856138840263,5
89446c32d03ffff,Traffic_Signal,0.0,-0.0296246090426719,6
89446c32dbbffff,n_acc,2.0,-1.1056473551678123,1
89446c32dbbffff,nb_acc,115.0,0.8023096147489718,2
89446c32dbbffff,n_recent,2.0,-0.5141994116108395,3
89446c32dbbffff,Stop,0.5,-0.1385987811850856,4
89446c32dbbffff,Traffic_Signal,0.0,-0.05838196498091294,5
89446c32dbbffff,share_night,0.5,0.05133921003748128,6
89446ddb4dbffff,n_acc,2.0,-1.0361960790946247,1
89446ddb4dbffff,nb_acc,106.0,0.6999669879769198,2
89446ddb4dbffff,n_recent,1.0,-0.6557109608284876,3
89446ddb4dbffff,mean_vis,6.0,-0.486545427392288,4
89446ddb4dbffff,share_rain,0.5,0.29115755145283034,5
89446ddb4dbffff,share_night,1.0,0.05499805698751814,6
89446ca1bcfffff,n_acc,2.0,-1.1149758434851733,1
89446ca1bcfffff,nb_acc,121.0,0.7064608662393173,2
89446ca1bcfffff,n_recent,2.0,-0.5096484005100796,3
89446ca1bcfffff,mean_vis,10.0,-0.07790947845739461,4
89446ca1bcfffff,share_rain,0.0,-0.03604276909466464,5
89446ca1bcfffff,Traffic_Signal,0.0,-0.033272876798336244,6
89446c14b3bffff,n_acc,2.0,-1.0803562994285174,1
89446c14b3bffff,nb_acc,168.0,0.5762749461512946,2
89446c14b3bffff,n_recent,2.0,-0.5685817657198203,3
89446c14b3bffff,Stop,0.0,-0.031405036917109254,4
89446c14b3bffff,Traffic_Signal,0.0,-0.030829599497752835,5
89446c14b3bffff,Crossing,0.0,-0.02486890945769318,6
89446c15d13ffff,n_acc,2.0,-1.1119074497491477,1
89446c15d13ffff,n_recent,2.0,-0.46659633988126753,2
89446c15d13ffff,nb_acc,54.0,0.2618139146565122,3
89446c15d13ffff,share_night,0.5,0.11369487759773668,4
89446c15d13ffff,share_rain,0.5,-0.061531572395752535,5
89446c15d13ffff,Stop,0.0,-0.03586053415271365,6
89446cac333ffff,n_acc,1.0,-1.3099760778006944,1
89446cac333ffff,n_recent,0.0,-0.9924893362674042,2
89446cac333ffff,nb_acc,74.0,0.4953080508758124,3
89446cac333ffff,share_night,1.0,0.2675106770493448,4
89446cac333ffff,mean_vis,8.0,0.26599945841080724,5
89446cac333ffff,Traffic_Signal,0.0,-0.027784798401277188,6
89446ca182fffff,n_acc,2.0,-0.9958649900612978,1
89446ca182fffff,n_recent,0.0,-0.9374029822732823,2
89446ca182fffff,nb_acc,239.0,0.8651633528461663,3
89446ca182fffff,share_night,0.5,-0.09728785541397182,4
89446ca182fffff,mean_vis,10.0,0.044322989899915205,5
89446ca182fffff,Traffic_Signal,0.0,-0.029380299276968554,6
89446caac2fffff,n_acc,1.0,-1.1094420058510588,1
89446caac2fffff,nb_acc,125.0,1.0290083283819849,2
89446caac2fffff,n_recent,1.0,-0.7051476909706429,3
89446caac2fffff,share_night,0.0,-0.05050581988912984,4
89446caac2fffff,mean_vis,10.0,-0.049494868503074926,5
89446caac2fffff,Traffic_Signal,0.0,-0.045477025486728884,6
89446caac1bffff,n_acc,1.0,-1.2172000093671005,1
89446caac1bffff,nb_acc,150.0,1.0248925521792382,2
89446caac1bffff,n_recent,0.0,-0.7842104856566021,3
89446caac1bffff,share_night,0.0,-0.12201342927163511,4
89446caac1bffff,mean_vis,9.0,0.04777489332962626,5
89446caac1bffff,Traffic_Signal,0.0,-0.02920400435335895,6
89446cad1a7ffff,n_acc,2.0,-0.869700719654036,1
89446cad1a7ffff,n_recent,0.0,-0.8016947976278478,2
89446cad1a7ffff,Stop,1.0,0.2933691477139421,3
89446cad1a7ffff,nb_acc,27.0,0.21090155348378717,4
89446cad1a7ffff,mean_vis,9.5,0.1960005451742009,5
89446cad1a7ffff,Traffic_Signal,0.0,-0.09310218212474727,6
89446caf5bbffff,n_acc,2.0,-0.9102888211292889,1
89446caf5bbffff,nb_acc,255.0,0.8940221860715307,2
89446caf5bbffff,n_recent,0.0,-0.7561555900045611,3
89446caf5bbffff,Stop,1.0,-0.09448425942686461,4
89446caf5bbffff,share_night,0.0,-0.08631087890018861,5
89446caf5bbffff,Traffic_Signal,0.0,-0.06923110383167197,6
89446c35607ffff,n_recent,0.0,-0.9307837765233041,1
89446c35607ffff,n_acc,2.0,-0.9041079071496148,2
89446c35607ffff,nb_acc,82.0,0.7613278369211847,3
89446c35607ffff,Traffic_Signal,0.0,-0.03610994483277434,4
89446c35607ffff,share_rain,0.0,-0.025580939734712135,5
89446c35607ffff,mean_sev,2.0,-0.024819997903452577,6
89446caacb3ffff,n_acc,2.0,-0.9086146187097746,1
89446caacb3ffff,n_recent,1.0,-0.6884284826755649,2
89446caacb3ffff,share_rain,0.5,0.20357247431086353,3
89446caacb3ffff,share_night,0.5,0.15548847830646143,4
89446caacb3ffff,nb_acc,39.0,0.14867845420134948,5
89446caacb3ffff,Crossing,0.5,0.09982002337118862,6
89446ca023bffff,n_acc,2.0,-1.0260486802391287,1
89446ca023bffff,nb_acc,112.0,0.7651426293306648,2
89446ca023bffff,n_recent,1.0,-0.6794891433075287,3
89446ca023bffff,mean_vis,10.0,-0.060305074822764995,4
89446ca023bffff,share_night,0.0,-0.04996531822665842,5
89446ca023bffff,Traffic_Signal,0.0,-0.0459070252767573,6
89446ca88b7ffff,n_acc,2.0,-1.021035467432632,1
89446ca88b7ffff,nb_acc,150.0,0.881956064108866,2
89446ca88b7ffff,n_recent,1.0,-0.7115643057836418,3
89446ca88b7ffff,Traffic_Signal,0.0,-0.07211181635020208,4
89446ca88b7ffff,mean_vis,10.0,-0.07149516071373406,5
89446ca88b7ffff,Stop,0.5,-0.042355929701948083,6
89446ca086fffff,n_acc,2.0,-1.0384472856363478,1
89446ca086fffff,nb_acc,126.0,0.8085728995516861,2
89446ca086fffff,n_recent,1.0,-0.761193162858119,3
89446ca086fffff,Traffic_Signal,0.0,-0.038813533034559006,4
89446ca086fffff,Stop,0.0,-0.035674811137885946,5
89446ca086fffff,share_night,0.5,-0.022871271789151285,6
89446caca4fffff,n_acc,2.0,-1.0234478680787231,1
89446caca4fffff,nb_acc,144.0,0.7958217505602758,2
89446caca4fffff,n_recent,1.0,-0.7173719448454455,3
89446caca4fffff,share_night,0.0,-0.05844752804390265,4
89446caca4fffff,Traffic_Signal,0.0,-0.04532208024145808,5
89446caca4fffff,mean_vis,10.0,-0.038715501492653334,6
89446c30b07ffff,n_acc,2.0,-0.9847903995654267,1
89446c30b07ffff,n_recent,1.0,-0.7352431089422037,2
89446c30b07ffff,nb_acc,106.0,0.7058343485916064,3
89446c30b07ffff,share_rain,0.0,-0.03881686274979713,4
89446c30b07ffff,Traffic_Signal,0.0,-0.0351035545481444,5
89446c30b07ffff,mean_sev,2.0,-0.033450318280009016,6
89446c15807ffff,n_acc,2.0,-0.9908543196151556,1
89446c15807ffff,n_recent,1.0,-0.7471031756803959,2
89446c15807ffff,nb_acc,86.0,0.6515439540371498,3
89446c15807ffff,Stop,0.0,-0.046843233239660886,4
89446c15807ffff,Traffic_Signal,0.0,-0.040113372809127086,5
89446c15807ffff,share_night,0.0,-0.022639249621875412,6
89446ca1a5bffff,n_acc,2.0,-0.9888308933963443,1
89446ca1a5bffff,n_recent,0.0,-0.9318729779978685,2
89446ca1a5bffff,nb_acc,90.0,0.5785903427537019,3
89446ca1a5bffff,mean_sev,2.5,0.10145471370852815,4
89446ca1a5bffff,mean_vis,10.0,0.052516457521448935,5
89446ca1a5bffff,share_night,0.5,-0.04501664615038697,6
89446c3142fffff,n_acc,2.0,-1.072293021466263,1
89446c3142fffff,n_recent,2.0,-0.4787935336769572,2
89446c3142fffff,nb_acc,51.0,0.26976794479264005,3
89446c3142fffff,share_night,0.5,0.09798758344950033,4
89446c3142fffff,share_rain,0.5,0.03913741939041873,5
89446c3142fffff,Traffic_Signal,0.0,-0.03612577336709615,6
89446ca116bffff,n_acc,2.0,-1.0145193252147378,1
89446ca116bffff,n_recent,1.0,-0.7631878692463576,2
89446ca116bffff,nb_acc,68.0,0.6703212933151874,3
89446ca116bffff,share_night,0.5,0.07337127854104024,4
89446ca116bffff,Traffic_Signal,0.0,-0.038634614576048,5
89446ca116bffff,Stop,0.0,-0.02884679241328967,6
89446c0611bffff,n_acc,2.0,-0.9791831148410922,1
89446c0611bffff,n_recent,1.0,-0.8141472597286459,2
89446c0611bffff,nb_acc,280.0,0.7666150442107658,3
89446c0611bffff,share_night,0.5,-0.05676369064041497,4
89446c0611bffff,share_rain,0.0,-0.04353378072134591,5
89446c0611bffff,Traffic_Signal,0.0,-0.029274971464700584,6
89446ca808fffff,n_acc,2.0,-0.9456985542193815,1
89446ca808fffff,nb_acc,78.0,0.7351348478155239,2
89446ca808fffff,n_recent,1.0,-0.7211213932055072,3
89446ca808fffff,share_night,0.0,-0.06406318953250048,4
89446ca808fffff,Traffic_Signal,0.0,-0.050446085344685074,5
89446ca808fffff,mean_vis,10.0,-0.044753761745212554,6
89446cadcafffff,n_acc,2.0,-0.9099814712547453,1
89446cadcafffff,n_recent,1.0,-0.7161181416102735,2
89446cadcafffff,share_night,0.5,0.2870104516001068,3
89446cadcafffff,Stop,1.0,0.19260744408203723,4
89446cadcafffff,nb_acc,62.0,0.13823085867536242,5
89446cadcafffff,Traffic_Signal,0.0,-0.054484783307005125,6
89446cad52bffff,n_acc,2.0,-1.1020644969074136,1
89446cad52bffff,n_recent,1.0,-0.6953838957956027,2
89446cad52bffff,nb_acc,69.0,0.5943031690990851,3
89446cad52bffff,share_night,0.0,-0.13192303225504728,4
89446cad52bffff,mean_vis,10.0,0.05386390760952598,5
89446cad52bffff,Traffic_Signal,0.0,-0.03412290586367733,6
89446ca58b3ffff,n_acc,2.0,-0.9712250340151047,1
89446ca58b3ffff,n_recent,0.0,-0.952542897429958,2
89446ca58b3ffff,nb_acc,84.0,0.6239181583800903,3
89446ca58b3ffff,share_night,0.5,0.049763039676040594,4
89446ca58b3ffff,Traffic_Signal,0.0,-0.024532496596387034,5
89446ca58b3ffff,share_rain,0.0,-0.023911081199576932,6
89446c301b3ffff,n_recent,0.0,-0.9610872279616801,1
89446c301b3ffff,n_acc,2.0,-0.9365268863607886,2
89446c301b3ffff,nb_acc,81.0,0.8024098803539488,3
89446c301b3ffff,Crossing,0.5,0.10402662112247253,4
89446c301b3ffff,share_night,1.0,0.09833483624877876,5
89446c301b3ffff,mean_vis,10.0,-0.05422763538115491,6
89446c06633ffff,n_acc,2.0,-0.9666304953522097,1
89446c06633ffff,n_recent,2.0,-0.5039539088144496,2
89446c06633ffff,nb_acc,31.0,0.15999556629876804,3
89446c06633ffff,share_night,0.5,0.10640021886171624,4
89446c06633ffff,Traffic_Signal,0.0,-0.045398183930974195,5
89446c06633ffff,Stop,0.0,-0.03976977023046432,6
89446c1406fffff,n_acc,2.0,-1.0828239036709177,1
89446c1406fffff,nb_acc,97.0,0.6704196845912592,2
89446c1406fffff,n_recent,2.0,-0.5755379992967871,3
89446c1406fffff,Traffic_Signal,1.0,-0.08645693772422938,4
89446c1406fffff,share_night,0.5,-0.048484304676551904,5
89446c1406fffff,Stop,0.0,-0.0338735064619919,6
89446ca569bffff,n_acc,2.0,-0.968992184909968,1
89446ca569bffff,n_recent,1.0,-0.6972226733393316,2
89446ca569bffff,nb_acc,83.0,0.6472800714436899,3
89446ca569bffff,share_night,0.0,-0.07468696665019195,4
89446ca569bffff,Traffic_Signal,0.0,-0.03560108005533576,5
89446ca569bffff,mean_vis,8.0,-0.030699984048902545,6
89446cae00bffff,n_acc,2.0,-1.0223400071916298,1
89446cae00bffff,nb_acc,105.0,0.7392477362446327,2
89446cae00bffff,n_recent,1.0,-0.6835199818360865,3
89446cae00bffff,Traffic_Signal,0.0,-0.0459070252767573,4
89446cae00bffff,mean_vis,10.0,-0.035085332869331395,5
89446cae00bffff,share_rain,0.0,-0.03173059368798116,6
89446c2358bffff,n_acc,2.0,-0.9828021900872249,1
89446c2358bffff,n_recent,1.0,-0.6697892581592513,2
89446c2358bffff,nb_acc,77.0,0.4336988698037601,3
89446c2358bffff,mean_vis,8.5,0.13770803840258392,4
89446c2358bffff,Traffic_Signal,0.0,-0.06287384641058433,5
89446c2358bffff,mean_sev,2.0,-0.02945399553397333,6
89446cade23ffff,n_acc,2.0,-0.890382598727677,1
89446cade23ffff,nb_acc,199.0,0.8083439895508727,2
89446cade23ffff,n_recent,1.0,-0.676179919974152,3
89446cade23ffff,share_night,0.0,-0.12817919714155723,4
89446cade23ffff,Stop,1.0,-0.09040830653998345,5
89446cade23ffff,Traffic_Signal,0.0,-0.069611739470861,6
89446ca8c4fffff,n_acc,2.0,-1.0133479651604607,1
89446ca8c4fffff,nb_acc,261.0,0.8972992200582959,2
89446ca8c4fffff,n_recent,0.0,-0.860353825006737,3
89446ca8c4fffff,share_night,0.0,-0.053289922692656214,4
89446ca8c4fffff,Traffic_Signal,0.0,-0.041328328884100284,5
89446ca8c4fffff,mean_sev,2.0,-0.027720905800447594,6
89446ca1813ffff,n_acc,1.0,-1.2353123222013276,1
89446ca1813ffff,nb_acc,171.0,0.6699130346961508,2
89446ca1813ffff,n_recent,1.0,-0.6434229021135053,3
89446ca1813ffff,share_night,0.0,-0.07735308886132557,4
89446ca1813ffff,share_rain,1.0,-0.0709965012581914,5
89446ca1813ffff,mean_vis,9.0,0.06637843484185196,6
89446ca1cdbffff,n_acc,1.0,-1.090962479343231,1
89446ca1cdbffff,nb_acc,124.0,1.0674090113787422,2
89446ca1cdbffff,n_recent,0.0,-0.791434704893088,3
89446ca1cdbffff,mean_vis,10.0,-0.06398758326240006,4
89446ca1cdbffff,Traffic_Signal,0.0,-0.04560431426153363,5
89446ca1cdbffff,share_night,0.0,-0.045259538645159365,6
89446c06dbbffff,n_acc,2.0,-0.8984308377447087,1
89446c06dbbffff,n_recent,2.0,-0.5045040275279997,2
89446c06dbbffff,share_night,0.5,0.24947785644811277,3
89446c06dbbffff,nb_acc,46.0,0.21099980272305288,4
89446c06dbbffff,Stop,1.0,0.1905120043278783,5
89446c06dbbffff,Traffic_Signal,0.0,-0.0802804995266598,6
89446c064d3ffff,n_acc,2.0,-1.0468752015731886,1
89446c064d3ffff,n_recent,1.0,-0.7072313787552776,2
89446c064d3ffff,nb_acc,70.0,0.6608193162526754,3
89446c064d3ffff,share_night,0.0,-0.05934976093185947,4
89446c064d3ffff,Traffic_Signal,0.0,-0.04977044053091243,5
89446c064d3ffff,mean_sev,2.0,-0.026052681966086358,6
89446c0434bffff,n_acc,1.0,-1.0988689853174138,1
89446c0434bffff,nb_acc,125.0,1.0623812977464107,2
89446c0434bffff,n_recent,0.0,-0.791434704893088,3
89446c0434bffff,mean_vis,10.0,-0.050958928200502754,4
89446c0434bffff,share_night,0.0,-0.04750377191428599,5
89446c0434bffff,Traffic_Signal,0.0,-0.04560431426153363,6
89446c3109bffff,n_acc,1.0,-1.2349924768421157,1
89446c3109bffff,nb_acc,150.0,0.9892283387697417,2
89446c3109bffff,n_recent,1.0,-0.7832829527053026,3
89446c3109bffff,share_night,1.0,0.08572494322838643,4
89446c3109bffff,mean_vis,10.0,-0.06502718330466341,5
89446c3109bffff,Crossing,0.0,-0.034205052047516935,6
89446c0492bffff,n_acc,1.0,-1.2572217779093406,1
89446c0492bffff,n_recent,1.0,-0.7839136273611557,2
89446c0492bffff,share_night,1.0,0.3256573711482312,3
89446c0492bffff,mean_vis,8.0,0.2720714359826682,4
89446c0492bffff,nb_acc,35.0,0.18635984113600565,5
89446c0492bffff,Traffic_Signal,0.0,-0.035096853525135245,6
89446c06397ffff,n_acc,2.0,-1.1861037961408791,1
89446c06397ffff,n_recent,2.0,-0.5308298060428107,2
89446c06397ffff,nb_acc,45.0,0.17840682088008591,3
89446c06397ffff,mean_vis,8.5,0.1574605642754583,4
89446c06397ffff,share_night,1.0,0.07177761379489209,5
89446c06397ffff,Traffic_Signal,0.0,-0.03823463646386728,6
89446ca13a3ffff,n_acc,2.0,-1.042970798998956,1
89446ca13a3ffff,n_recent,1.0,-0.7076109579507363,2
89446ca13a3ffff,nb_acc,68.0,0.499065671506603,3
89446ca13a3ffff,mean_vis,9.5,0.06003308558981404,4
89446ca13a3ffff,Traffic_Signal,0.0,-0.059595034116797764,5
89446ca13a3ffff,share_night,0.0,-0.034635170478413406,6
89446cad9cbffff,n_acc,1.0,-1.1684918002341331,1
89446cad9cbffff,nb_acc,142.0,1.0211641405812857,2
89446cad9cbffff,n_recent,0.0,-0.768120179159713,3
89446cad9cbffff,share_night,0.0,-0.06422927137026466,4
89446cad9cbffff,Traffic_Signal,0.0,-0.04521947089200193,5
89446cad9cbffff,mean_vis,10.0,-0.04165222975804704,6
89446c15d73ffff,n_acc,2.0,-1.041785102672738,1
89446c15d73ffff,nb_acc,123.0,0.7346725768634934,2
89446c15d73ffff,n_recent,1.0,-0.6918745271469241,3
89446c15d73ffff,mean_vis,10.0,-0.07187227922476307,4
89446c15d73ffff,share_night,0.0,-0.05421337031915132,5
89446c15d73ffff,Traffic_Signal,0.0,-0.04570692361098979,6
89446ca082fffff,n_acc,2.0,-1.041785102672738,1
89446ca082fffff,nb_acc,123.0,0.7346725768634934,2
89446ca082fffff,n_recent,1.0,-0.6918745271469241,3
89446ca082fffff,mean_vis,10.0,-0.07187227922476307,4
89446ca082fffff,share_night,0.0,-0.05421337031915132,5
89446ca082fffff,Traffic_Signal,0.0,-0.04570692361098979,6
89446caca73ffff,n_acc,2.0,-0.96907499021942,1
89446caca73ffff,n_recent,1.0,-0.7189046018696593,2
89446caca73ffff,nb_acc,73.0,0.4237347208101833,3
89446caca73ffff,Stop,1.0,0.10765384186951257,4
89446caca73ffff,mean_vis,9.5,0.08991216757558937,5
89446caca73ffff,Traffic_Signal,0.0,-0.05878875890522545,6
89446c06407ffff,n_acc,2.0,-1.041785102672738,1
89446c06407ffff,nb_acc,122.0,0.7352049575405517,2
89446c06407ffff,n_recent,1.0,-0.6918745271469241,3
89446c06407ffff,mean_vis,10.0,-0.07183896663673105,4
89446c06407ffff,share_night,0.0,-0.05421337031915132,5
89446c06407ffff,Traffic_Signal,0.0,-0.04570692361098979,6
89446c30667ffff,n_acc,2.0,-0.9762198429893979,1
89446c30667ffff,n_recent,0.0,-0.8147795050890044,2
89446c30667ffff,nb_acc,83.0,0.5427695871264214,3
89446c30667ffff,mean_vis,8.5,0.1430312406524543,4
89446c30667ffff,Crossing,1.0,-0.052858486278497895,5
89446c30667ffff,share_night,0.0,-0.043566806920139325,6
89446ca022bffff,n_acc,1.0,-1.1035224160779609,1
89446ca022bffff,nb_acc,122.0,0.9517674942281679,2
89446ca022bffff,n_recent,1.0,-0.6929278786057685,3
89446ca022bffff,mean_vis,10.0,-0.07331304481300037,4
89446ca022bffff,share_night,0.0,-0.05490614286635353,5
89446ca022bffff,Traffic_Signal,0.0,-0.045477025486728884,6
89446c32033ffff,n_acc,2.0,-0.9762198429893979,1
89446c32033ffff,n_recent,0.0,-0.8147795050890044,2
89446c32033ffff,nb_acc,83.0,0.5427695871264214,3
89446c32033ffff,mean_vis,8.5,0.1430312406524543,4
89446c32033ffff,Crossing,1.0,-0.052858486278497895,5
89446c32033ffff,share_night,0.0,-0.043566806920139325,6
89446caca63ffff,n_acc,1.0,-1.2957404601435547,1
89446caca63ffff,n_recent,0.0,-1.0619783217286745,2
89446caca63ffff,nb_acc,82.0,0.9082735239394469,3
89446caca63ffff,mean_sev,3.0,0.36326709507665894,4
89446caca63ffff,share_night,1.0,0.2567679868924197,5
89446caca63ffff,Stop,1.0,-0.2552569058036863,6
89446c064a7ffff,n_acc,2.0,-1.0092203279727292,1
89446c064a7ffff,n_recent,0.0,-0.8565010205390137,2
89446c064a7ffff,nb_acc,269.0,0.8474550307075279,3
89446c064a7ffff,share_night,0.0,-0.05310308508899812,4
89446c064a7ffff,mean_sev,2.0,-0.04516437257156623,5
89446c064a7ffff,Traffic_Signal,0.0,-0.041328328884100284,6
89446c3440bffff,n_acc,1.0,-1.2244806339406324,1
89446c3440bffff,nb_acc,148.0,1.0255963221875066,2
89446c3440bffff,n_recent,0.0,-0.8490507438114654,3
89446c3440bffff,share_night,1.0,0.07020646629515892,4
89446c3440bffff,mean_vis,10.0,-0.06315642194924567,5
89446c3440bffff,Traffic_Signal,0.0,-0.034170651701400774,6
89446caad53ffff,n_acc,2.0,-1.0115639145386908,1
89446caad53ffff,n_recent,1.0,-0.7411255243500622,2
89446caad53ffff,nb_acc,102.0,0.6424516581917801,3
89446caad53ffff,share_night,0.5,-0.0854744601667037,4
89446caad53ffff,Traffic_Signal,0.0,-0.04066188214844693,5
89446caad53ffff,mean_sev,2.0,-0.03470340483871333,6
89446ca821bffff,n_acc,1.0,-1.1008124649978686,1
89446ca821bffff,nb_acc,120.0,0.9504238621399762,2
89446ca821bffff,n_recent,1.0,-0.6929278786057685,3
89446ca821bffff,mean_vis,10.0,-0.07424802101970161,4
89446ca821bffff,share_night,0.0,-0.05490614286635353,5
89446ca821bffff,Traffic_Signal,0.0,-0.04567712715249639,6
89446cab1a7ffff,n_acc,1.0,-1.1008124649978686,1
89446cab1a7ffff,nb_acc,120.0,0.9504238621399762,2
89446cab1a7ffff,n_recent,1.0,-0.6929278786057685,3
89446cab1a7ffff,mean_vis,10.0,-0.07424802101970161,4
89446cab1a7ffff,share_night,0.0,-0.05490614286635353,5
89446cab1a7ffff,Traffic_Signal,0.0,-0.04567712715249639,6
89446ca95b3ffff,n_acc,1.0,-1.3246937887866699,1
89446ca95b3ffff,nb_acc,215.0,1.0416675438365777,2
89446ca95b3ffff,n_recent,0.0,-0.8395667195719847,3
89446ca95b3ffff,share_night,0.0,-0.0660441447051022,4
89446ca95b3ffff,Traffic_Signal,0.0,-0.04196922960113648,5
89446ca95b3ffff,Crossing,0.0,-0.02478716998690796,6
89446cae55bffff,n_acc,1.0,-1.3246937887866699,1
89446cae55bffff,nb_acc,214.0,1.0416675438365777,2
89446cae55bffff,n_recent,0.0,-0.8395667195719847,3
89446cae55bffff,share_night,0.0,-0.0660441447051022,4
89446cae55bffff,Traffic_Signal,0.0,-0.04196922960113648,5
89446cae55bffff,Crossing,0.0,-0.02478716998690796,6
89446c334b3ffff,n_acc,2.0,-0.9578697613412099,1
89446c334b3ffff,nb_acc,97.0,0.8200311370204156,2
89446c334b3ffff,n_recent,0.0,-0.7718799830751627,3
89446c334b3ffff,Traffic_Signal,0.0,-0.047065677320517314,4
89446c334b3ffff,mean_vis,10.0,-0.039282188332574554,5
89446c334b3ffff,share_rain,0.0,-0.02796842258897768,6
89446c0482bffff,n_acc,1.0,-1.099882523472409,1
89446c0482bffff,nb_acc,116.0,0.9857418263001194,2
89446c0482bffff,n_recent,1.0,-0.6808701736356497,3
89446c0482bffff,mean_vis,10.0,-0.07038476709457957,4
89446c0482bffff,share_night,0.0,-0.050554082638098144,5
89446c0482bffff,Traffic_Signal,0.0,-0.04567712715249639,6
89446c32023ffff,n_acc,2.0,-0.9898195883141201,1
89446c32023ffff,n_recent,2.0,-0.5421337091021051,2
89446c32023ffff,nb_acc,69.0,0.49920777292034657,3
89446c32023ffff,share_night,0.0,-0.1640163368747471,4
89446c32023ffff,Stop,1.0,-0.13211553320614408,5
89446c32023ffff,Traffic_Signal,0.0,-0.08349973204142931,6
89446cad21bffff,n_acc,1.0,-1.3019377074506686,1
89446cad21bffff,nb_acc,230.0,1.03900466680793,2
89446cad21bffff,n_recent,0.0,-0.8461646416325858,3
89446cad21bffff,share_night,0.0,-0.05795351839513421,4
89446cad21bffff,Traffic_Signal,0.0,-0.04196922960113648,5
89446cad21bffff,Crossing,0.0,-0.02478716998690796,6
89446cae30bffff,n_acc,2.0,-0.9456985542193815,1
89446cae30bffff,nb_acc,79.0,0.7353362871223992,2
89446cae30bffff,n_recent,1.0,-0.7211213932055072,3
89446cae30bffff,share_night,0.0,-0.06406318953250048,4
89446cae30bffff,Traffic_Signal,0.0,-0.050446085344685074,5
89446cae30bffff,mean_vis,10.0,-0.044753761745212554,6
89446ca85cfffff,n_acc,1.0,-1.3019377074506686,1
89446ca85cfffff,nb_acc,229.0,1.03900466680793,2
89446ca85cfffff,n_recent,0.0,-0.8461646416325858,3
89446ca85cfffff,share_night,0.0,-0.05795351839513421,4
89446ca85cfffff,Traffic_Signal,0.0,-0.04196922960113648,5
89446ca85cfffff,Crossing,0.0,-0.02478716998690796,6
89446cac04bffff,n_acc,2.0,-1.0500906008841833,1
89446cac04bffff,n_recent,1.0,-0.6980697776767374,2
89446cac04bffff,nb_acc,71.0,0.5642155003871168,3
89446cac04bffff,Traffic_Signal,0.0,-0.0441760141309724,4
89446cac04bffff,share_night,0.0,-0.04197337308191835,5
89446cac04bffff,share_rain,0.0,-0.020306667686337584,6
89446c043c7ffff,n_acc,1.0,-1.3105280888420447,1
89446c043c7ffff,nb_acc,224.0,1.139812326195704,2
89446c043c7ffff,n_recent,1.0,-0.755558641849987,3
89446c043c7ffff,share_night,0.0,-0.06106922608943568,4
89446c043c7ffff,Traffic_Signal,0.0,-0.04092665678035077,5
89446c043c7ffff,Crossing,0.0,-0.03218424125043384,6
89446cace1bffff,n_acc,2.0,-1.1166594080612895,1
89446cace1bffff,n_recent,2.0,-0.4804305607644055,2
89446cace1bffff,mean_vis,1.875,0.26393640046921907,3
89446cace1bffff,nb_acc,50.0,0.19816440221934442,4
89446cace1bffff,share_night,0.5,-0.12353314127502281,5
89446cace1bffff,share_rain,0.0,-0.05328239379030121,6
89446ca1d07ffff,n_acc,1.0,-1.3124238422644525,1
89446ca1d07ffff,nb_acc,198.0,0.9416808505720401,2
89446ca1d07ffff,n_recent,0.0,-0.8430433000840721,3
89446ca1d07ffff,share_night,0.0,-0.06838655376771338,4
89446ca1d07ffff,Traffic_Signal,0.0,-0.04222942781223205,5
89446ca1d07ffff,Crossing,0.0,-0.0252441454168973,6
89446cae89bffff,n_acc,1.0,-1.3124238422644525,1
89446cae89bffff,nb_acc,198.0,0.9416808505720401,2
89446cae89bffff,n_recent,0.0,-0.8430433000840721,3
89446cae89bffff,share_night,0.0,-0.06838655376771338,4
89446cae89bffff,Traffic_Signal,0.0,-0.04222942781223205,5
89446cae89bffff,Crossing,0.0,-0.0252441454168973,6
89446caddafffff,n_acc,2.0,-1.016916080558171,1
89446caddafffff,n_recent,0.0,-0.9124843715117109,2
89446caddafffff,nb_acc,70.0,0.6842860228633468,3
89446caddafffff,Traffic_Signal,0.0,-0.03810050723222261,4
89446caddafffff,share_rain,0.0,-0.02357716726015644,5
89446caddafffff,Stop,0.0,-0.02289082988168204,6
89446ca8b03ffff,n_recent,0.0,-0.9283011167974313,1
89446ca8b03ffff,n_acc,2.0,-0.9210934669273267,2
89446ca8b03ffff,Stop,1.0,0.2063298561799065,3
89446ca8b03ffff,mean_vis,9.5,0.1638300084787168,4
89446ca8b03ffff,share_night,0.5,0.15974514358876643,5
89446ca8b03ffff,Traffic_Signal,0.0,-0.0425292845025679,6
89446ca0953ffff,n_acc,2.0,-0.9607807630498939,1
89446ca0953ffff,nb_acc,110.0,0.8589658377670775,2
89446ca0953ffff,n_recent,1.0,-0.728368060913299,3
89446ca0953ffff,mean_vis,5.5,-0.3713413825817764,4
89446ca0953ffff,share_rain,0.0,-0.0637381154690611,5
89446ca0953ffff,Traffic_Signal,0.0,-0.0245607438329635,6
89446c3100fffff,n_acc,2.0,-1.101033067387794,1
89446c3100fffff,n_recent,2.0,-0.5056337675369598,2
89446c3100fffff,nb_acc,66.0,0.44670694175728837,3
89446c3100fffff,share_night,0.5,0.07324709118824678,4
89446c3100fffff,Traffic_Signal,0.0,-0.03968551505570997,5
89446c3100fffff,Stop,0.0,-0.02536064587178847,6
89446c0638fffff,n_acc,1.0,-1.1428446718360254,1
89446c0638fffff,n_recent,1.0,-0.6640942750086085,2
89446c0638fffff,Crossing,1.0,0.38336139475886877,3
89446c0638fffff,Railway,1.0,0.2296604749924591,4
89446c0638fffff,nb_acc,11.0,0.20979750239444672,5
89446c0638fffff,share_night,1.0,0.1447680036804823,6
89446ca0b03ffff,n_acc,1.0,-1.2848618400998055,1
89446ca0b03ffff,nb_acc,154.0,1.0149243027532342,2
89446ca0b03ffff,n_recent,0.0,-0.7840226596260746,3
89446ca0b03ffff,share_night,0.0,-0.05905631284782973,4
89446ca0b03ffff,Traffic_Signal,0.0,-0.04521947089200193,5
89446ca0b03ffff,mean_vis,10.0,-0.04297284368041954,6
89446c15c33ffff,n_acc,2.0,-1.142388454462724,1
89446c15c33ffff,nb_acc,148.0,0.8382557169797726,2
89446c15c33ffff,n_recent,0.0,-0.8190501249677986,3
89446c15c33ffff,Junction,0.5,-0.20201076129987466,4
89446c15c33ffff,mean_vis,10.0,-0.12983593833786938,5
89446c15c33ffff,Stop,0.0,-0.03880389568890922,6
89446cad07bffff,nb_acc,96.0,0.8569405505987956,1
89446cad07bffff,n_acc,2.0,-0.8394571080053074,2
89446cad07bffff,n_recent,0.0,-0.7081920116030873,3
89446cad07bffff,Stop,1.0,-0.15646904611579207,4
89446cad07bffff,share_night,0.0,0.08140068714895594,5
89446cad07bffff,Traffic_Signal,0.0,-0.06194266717985988,6
89446c158abffff,n_acc,2.0,-0.9755192718584186,1
89446c158abffff,n_recent,0.0,-0.8666256684284792,2
89446c158abffff,nb_acc,41.0,0.39107552056774697,3
89446c158abffff,share_night,0.5,0.15182761019112548,4
89446c158abffff,share_rain,0.5,0.10833553217256624,5
89446c158abffff,Stop,0.0,-0.04398937089335509,6
89446cad40fffff,n_acc,2.0,-1.00804697877478,1
89446cad40fffff,n_recent,1.0,-0.7448968042726841,2
89446cad40fffff,nb_acc,106.0,0.6270079774108464,3
89446cad40fffff,share_night,0.5,-0.05420461521025725,4
89446cad40fffff,share_rain,0.0,-0.0384400415900663,5
89446cad40fffff,Traffic_Signal,0.0,-0.028181542353068953,6
89446cad887ffff,n_acc,2.0,-1.0607404729058274,1
89446cad887ffff,n_recent,1.0,-0.7097031811515975,2
89446cad887ffff,nb_acc,67.0,0.4838512469341388,3
89446cad887ffff,share_night,0.0,-0.051313801126171114,4
89446cad887ffff,Traffic_Signal,0.0,-0.04393220519372587,5
89446cad887ffff,share_rain,0.0,-0.020306667686337584,6
89446cac617ffff,nb_acc,242.0,1.3245792898480255,1
89446cac617ffff,n_acc,1.0,-1.2944484555393525,2
89446cac617ffff,n_recent,0.0,-0.8657320947493725,3
89446cac617ffff,share_night,1.0,-0.14205559394209283,4
89446cac617ffff,Traffic_Signal,1.0,-0.10048020112297504,5
89446cac617ffff,share_rain,0.0,-0.07158730963648313,6
89446ca8817ffff,n_acc,1.0,-1.202484463967416,1
89446ca8817ffff,nb_acc,78.0,0.9982200559734002,2
89446ca8817ffff,n_recent,0.0,-0.846414350795977,3
89446ca8817ffff,share_rain,0.0,-0.06807345347295363,4
89446ca8817ffff,share_night,0.0,0.040340100884331764,5
89446ca8817ffff,mean_vis,4.0,0.033060528385367466,6
89446caa4a7ffff,n_acc,2.0,-1.0479339250271258,1
89446caa4a7ffff,n_recent,1.0,-0.7124716415016386,2
89446caa4a7ffff,nb_acc,68.0,0.5842392214004101,3
89446caa4a7ffff,share_night,0.0,-0.06315958838159882,4
89446caa4a7ffff,Traffic_Signal,0.0,-0.04977044053091243,5
89446caa4a7ffff,mean_sev,2.0,-0.02641823416753271,6
89446cae5cbffff,n_acc,2.0,-1.1137233536709334,1
89446cae5cbffff,nb_acc,95.0,0.5933717638939119,2
89446cae5cbffff,n_recent,2.0,-0.5496214037936343,3
89446cae5cbffff,Traffic_Signal,1.0,-0.07296847947323033,4
89446cae5cbffff,mean_vis,10.0,-0.062424735762346244,5
89446cae5cbffff,share_night,1.0,-0.05608971262341873,6
89446c32243ffff,n_acc,2.0,-0.979942424196368,1
89446c32243ffff,n_recent,2.0,-0.4883804732630404,2
89446c32243ffff,nb_acc,44.0,0.2963246968227062,3
89446c32243ffff,share_night,0.0,-0.16173287283804122,4
89446c32243ffff,Stop,1.0,0.11995683044203297,5
89446c32243ffff,share_rain,1.0,-0.09098628870981043,6
89446c308a3ffff,n_acc,1.0,-1.1009859827085,1
89446c308a3ffff,n_recent,1.0,-0.615682493852672,2
89446c308a3ffff,nb_acc,80.0,0.6017299631529199,3
89446c308a3ffff,Stop,1.0,-0.21206708342054514,4
89446c308a3ffff,share_night,0.0,-0.1877915684785572,5
89446c308a3ffff,Crossing,1.0,0.18112871487355853,6
89446c3003bffff,n_acc,2.0,-0.8456342254844471,1
89446c3003bffff,n_recent,1.0,-0.7085230048586514,2
89446c3003bffff,Stop,1.0,0.2536573200534603,3
89446c3003bffff,share_night,0.5,0.23830554257451947,4
89446c3003bffff,nb_acc,46.0,0.1960897159070602,5
89446c3003bffff,Traffic_Signal,0.0,-0.0700128403038868,6
89446cad27bffff,n_acc,1.0,-1.0281949048878918,1
89446cad27bffff,nb_acc,112.0,0.8028254632083105,2
89446cad27bffff,n_recent,1.0,-0.6613562029814292,3
89446cad27bffff,mean_vis,10.0,-0.0607248971259432,4
89446cad27bffff,Traffic_Signal,0.0,-0.047520822968384085,5
89446cad27bffff,Stop,1.0,-0.04211941978565782,6
89446cae037ffff,n_acc,2.0,-1.0393619022312568,1
89446cae037ffff,nb_acc,70.0,0.7562934190551694,2
89446cae037ffff,n_recent,1.0,-0.749627212400452,3
89446cae037ffff,share_night,1.0,0.07944706811375586,4
89446cae037ffff,Traffic_Signal,0.0,-0.037918376276040125,5
89446cae037ffff,mean_sev,2.0,-0.034464139248239635,6
89446c352bbffff,n_acc,2.0,-1.20521348434334,1
89446c352bbffff,n_recent,2.0,-0.6454668032225305,2
89446c352bbffff,nb_acc,187.0,0.4315366121503808,3
89446c352bbffff,Traffic_Signal,1.0,-0.21375122705029279,4
89446c352bbffff,mean_vis,10.0,0.0883470390891405,5
89446c352bbffff,Crossing,1.0,0.07147253796273222,6
89446c3240fffff,n_acc,2.0,-1.1128357681265233,1
89446c3240fffff,n_recent,2.0,-0.4593763968429703,2
89446c3240fffff,nb_acc,46.0,0.25622583435963003,3
89446c3240fffff,Stop,0.5,0.0826966671227508,4
89446c3240fffff,mean_vis,9.0,0.08133182543679181,5
89446c3240fffff,Traffic_Signal,0.0,-0.07178406394040993,6
89446cad197ffff,n_acc,2.0,-0.9577229779816108,1
89446cad197ffff,n_recent,0.0,-0.8389880306820642,2
89446cad197ffff,nb_acc,83.0,0.6404517010044191,3
89446cad197ffff,share_night,0.0,-0.06291412102081015,4
89446cad197ffff,mean_vis,8.0,-0.050220624209579,5
89446cad197ffff,Traffic_Signal,0.0,-0.0328827816540425,6
89446cad913ffff,n_acc,2.0,-0.9208127686972631,1
89446cad913ffff,n_recent,0.0,-0.8445572336380607,2
89446cad913ffff,nb_acc,82.0,0.7172686400273772,3
89446cad913ffff,share_night,0.0,-0.05625588031721154,4
89446cad913ffff,Traffic_Signal,0.0,-0.04753097891478952,5
89446cad913ffff,mean_vis,10.0,-0.042653704071974746,6
89446cada4bffff,n_acc,2.0,-0.9208127686972631,1
89446cada4bffff,n_recent,0.0,-0.8445572336380607,2
89446cada4bffff,nb_acc,82.0,0.7172686400273772,3
89446cada4bffff,share_night,0.0,-0.05625588031721154,4
89446cada4bffff,Traffic_Signal,0.0,-0.04753097891478952,5
89446cada4bffff,mean_vis,10.0,-0.042653704071974746,6
89446cae01bffff,n_acc,2.0,-1.0479339250271258,1
89446cae01bffff,n_recent,1.0,-0.7186882547239417,2
89446cae01bffff,nb_acc,67.0,0.5684028185268835,3
89446cae01bffff,share_night,0.0,-0.06315958838159882,4
89446cae01bffff,Traffic_Signal,0.0,-0.04977044053091243,5
89446cae01bffff,mean_sev,2.0,-0.02641823416753271,6
89446ca1ac7ffff,n_acc,2.0,-1.0408148953203578,1
89446ca1ac7ffff,n_recent,1.0,-0.7703350465091807,2
89446ca1ac7ffff,nb_acc,67.0,0.6533909866698115,3
89446ca1ac7ffff,Traffic_Signal,0.5,0.1230892255898378,4
89446ca1ac7ffff,Crossing,0.5,0.12161426824671524,5
89446ca1ac7ffff,mean_vis,5.125,-0.07471066944386281,6
89446c14b27ffff,n_acc,1.0,-1.2808834871638937,1
89446c14b27ffff,nb_acc,194.0,0.9014865650187343,2
89446c14b27ffff,n_recent,1.0,-0.8262513529043971,3
89446c14b27ffff,Crossing,0.0,-0.03232899463518026,4
89446c14b27ffff,Traffic_Signal,0.0,-0.03097917648470699,5
89446c14b27ffff,share_rain,0.0,-0.029986832995049846,6
89446cad2afffff,n_acc,2.0,-1.0368003293652397,1
89446cad2afffff,n_recent,0.0,-0.8216308210608217,2
89446cad2afffff,nb_acc,122.0,0.714662080826486,3
89446cad2afffff,mean_vis,10.0,-0.07297901092654643,4
89446cad2afffff,share_night,0.0,-0.05121132234430744,5
89446cad2afffff,Traffic_Signal,0.0,-0.045834212385794534,6
89446c324b3ffff,n_acc,2.0,-0.9648678013215927,1
89446c324b3ffff,nb_acc,334.0,0.8699503314929347,2
89446c324b3ffff,n_recent,0.0,-0.8267348623253403,3
89446c324b3ffff,mean_sev,2.0,-0.0720282465715836,4
89446c324b3ffff,share_rain,0.0,-0.04272566352286819,5
89446c324b3ffff,Traffic_Signal,0.0,-0.035370132158290504,6
89446c303bbffff,n_acc,2.0,-1.0369604874765084,1
89446c303bbffff,n_recent,1.0,-0.7500943465603385,2
89446c303bbffff,nb_acc,35.0,0.12987905351294352,3
89446c303bbffff,Crossing,1.0,0.0345086366734388,4
89446c303bbffff,mean_vis,8.5,0.013600689788371421,5
89446c303bbffff,share_rain,0.0,-0.013477019443758684,6
89446cae3dbffff,n_acc,1.0,-1.3341394028076057,1
89446cae3dbffff,nb_acc,209.0,1.0065616201056669,2
89446cae3dbffff,n_recent,1.0,-0.7550126600160245,3
89446cae3dbffff,share_night,0.0,-0.06915985239940362,4
89446cae3dbffff,Traffic_Signal,0.0,-0.04092665678035077,5
89446cae3dbffff,Crossing,0.0,-0.03218424125043384,6
89446cac3a3ffff,n_acc,2.0,-0.9726727113203805,1
89446cac3a3ffff,n_recent,1.0,-0.7073777935425117,2
89446cac3a3ffff,nb_acc,92.0,0.6414302816270572,3
89446cac3a3ffff,share_night,0.0,-0.05002782902837499,4
89446cac3a3ffff,Traffic_Signal,0.0,-0.049624713358458174,5
89446cac3a3ffff,mean_vis,10.0,-0.04459683504361543,6
89446c14b93ffff,n_acc,1.0,-1.2960732463019846,1
89446c14b93ffff,nb_acc,82.0,0.8741771881552166,2
89446c14b93ffff,n_recent,1.0,-0.715817128472106,3
89446c14b93ffff,share_rain,0.0,-0.0676035414560846,4
89446c14b93ffff,mean_vis,3.0,0.03839675382754575,5
89446c14b93ffff,Traffic_Signal,0.0,-0.03426882288261103,6
89446c32527ffff,n_acc,2.0,-1.1599977152939052,1
89446c32527ffff,n_recent,2.0,-0.4999913274893371,2
89446c32527ffff,nb_acc,47.0,0.24371064583975718,3
89446c32527ffff,mean_vis,8.0,0.07230775663729358,4
89446c32527ffff,share_night,0.5,0.05352243097827195,5
89446c32527ffff,Traffic_Signal,0.0,-0.042430912746642596,6
